MDR_REPORT_KEY,MDR_TEXT_KEY,TEXT_TYPE_CODE,PATIENT_SEQUENCE_NUMBER,DATE_REPORT,FOI_TEXT,device_group
23992925,389477804,N,0,,THE DEVICE HAS NOT BEEN RETURNED TO THE MANUFACTURER. FOLLOW-UP ATTEMPTS ARE CURRENTLY IN PROGRESS TO OBTAIN THE DEVICE FROM THE USER FOR EVALUATION.,TENS (over-the-counter)
23992925,389477805,D,0,,"USER REPORTED THEY USED THEIR ENSO M3 DEVICE TO ALLEVIATE THEIR LOWER BACK, SCIATICA PAIN. ON (B)(6) 2025, USER USED THEIR DEVICE FOR TWO CONSECUTIVE SESSIONS. USER REPORTED BURN ON (B)(6) 2025 AND THAT THEY DID NOT IMMEDIATELY FEEL THE BURN UNTIL THEY LAID DOWN. USER SOUGHT OUT MEDICAL ATTENTION AND RECEIVED A PRESCRIPTION MEDICATION FOR THEIR BURN. USER ALSO REPORTED THE GEL PADS USED WERE LOSING ADHESION. DEVICE AND GEL PAD WERE REQUESTED TO BE RETURNED TO CONDUCT FURTHER INVESTIGATION. MANUFACTURER NARRATIVE: A PRE-PAID LABEL HAS BEEN SENT TO THE REPORTER TO INITIATE A RETURN OF THE SUSPECTED DEVICE FOR FURTHER INVESTIGATION. SINCE THE DEVICE HAS NOT BEEN RETURNED, A FINAL ROOT CAUSE FOR THE REPORTED INCIDENT HAS NOT YET BEEN DETERMINED. REVIEW OF MANUFACTURING RECORDS AND USER'S SESSION ACTIVITY DOES NOT SHOW INDICATION OF A DEVICE MALFUNCTION. BASED ON AN INITIAL ASSESSMENT OF THE INCIDENT AND CONFIRMED BURNS BY THE USER, THIS REPORT IS BEING FILED. THE ENSO M3 USER MANUAL STATES, ""IN RARE CASES, YOU MAY EXPERIENCE SKIN IRRITATION OR BURNS BENEATH A GEL PAD APPLIED TO YOUR SKIN. IF YOU EXPERIENCE AN ADVERSE REACTION, PLEASE STOP USING THE DEVICE AND CONSULT YOUR PHYSICIAN."" THIS PROCESS WAS FOLLOWED APPROPRIATELY AND THE USER REPORTED THE ISSUE TO HINGE HEALTH. HINGE HEALTH HAS FOLLOWED UP WITH THE MEMBER FOR UPDATES ON THE USER'S CONDITION.",TENS (over-the-counter)
24009149,389848249,D,0,,"I USED THE PULSETTO VARGAS NERVE STIMULATOR. IT WAS AT A LOW LEVEL (3-4), AND I DEVELOPED A HEADACHE, AND ALSO CAUSED MY TINNITUS TO FLARE-UP. IT HASN'T GONE AWAY. I HAVE LIVED WITH TINNITUS FOR ~8 YEARS AND HAVEN'T HAD THIS LONG OR INTENSITY OF FLARE-UP EVER.",Powered muscle stimulator
24176487,391203873,D,0,,"I AM REPORTING AN ADVERSE EVENT RELATED TO USE OF A WELLNESS/NEUROMODULATION DEVICE CALLED PULSETTO. WHILE USING THE DEVICE AS DIRECTED, I SUSTAINED THREE BURNS TO MY NECK. TWO BURNS (ONE ON THE LEFT SIDE OF THE NECK AND ONE ON THE RIGHT SUPERIOR NECK) APPEARED CONSISTENT WITH HEAT-RELATED INJURY. A THIRD BURN ON THE RIGHT INFERIOR PORTION OF MY NECK WAS MORE SEVERE AND DEMONSTRATED A CHANGE IN COLOR, INCREASED INFLAMMATION, AND SIGNIFICANTLY GREATER PAIN COMPARED TO THE OTHER TWO BURNS. DUE TO THESE FEATURES, THERE WAS MEDICAL CONCERN THAT THIS INJURY COULD HAVE AN ELECTRICAL COMPONENT. I SOUGHT MEDICAL EVALUATION AT A (B)(6) CLINIC. THE PROVIDER EXPRESSED CONCERN REGARDING THE THIRD BURN AND RECOMMENDED FOLLOW-UP WITH A BURN UNIT. THE INJURY THEREFORE REQUIRED MEDICAL CARE BEYOND ROUTINE SELF-TREATMENT. IN ADDITION TO PHYSICAL INJURY, THE EVENT CAUSED SIGNIFICANT PAIN, INCREASED ANXIETY, AND EMOTIONAL DISTRESS. THE DEVICE WAS MARKETED AND UNDERSTOOD TO BE THERAPEUTIC AND BENEFICIAL; INSTEAD, IT RESULTED IN INJURY, INCREASED PAIN, STRESS, AND THE NEED FOR ADDITIONAL MEDICAL EVALUATION. THE SITUATION ALSO CREATED LOGISTICAL AND EMOTIONAL STRAIN RELATED TO TRANSPORTATION, CHILDCARE, AND PROLONGED MEDICAL VISITS. I HAVE RAYNAUD'S PHENOMENON, WHICH CAN AFFECT TEMPERATURE REGULATION, BUT I DO PERCEIVE HEAT SENSATION. WHILE THE INTENSITY OF HEAT MAY AT TIMES BE MORE DIFFICULT TO DISTINGUISH FROM EXPECTED DEVICE STIMULATION, I AM ABLE TO FEEL HEAT, AND THE INJURY WAS UNEXPECTED. I AM SUBMITTING THIS REPORT TO DOCUMENT THIS ADVERSE EVENT AND TO SUPPORT POST-MARKET SAFETY MONITORING IN CASE SIMILAR INJURIES ARE OCCURRING IN OTHER USERS. PHOTOS OF BURNS AVAILABLE IF REQUESTED. MEDICAL VISIT DOCUMENTED.",Powered muscle stimulator
24307725,392762600,D,0,,"ATTENDED CHIROPRACTOR APPOINTMENT (B)(6) 2025. I HANDWROTE ON THE PATIENT PAPERWORK I FILLED OUT PRIOR TO THE APPOINTMENT EXPRESSING THAT I DID NOT CONSENT TO XRAYS DUE TO POSSIBILITY OF POTENTIAL PREGNANCY. VERBALIZED TO CHIROPRACTOR THAT I THOUGHT I WAS PREGNANT DURING CONVERSATION IN HIS OFFICE. CHIROPRACTOR APPLIED TENS UNIT VIA ELECTRODES TO MY LOWER BACK AND BILATERAL HIPS AND ELECTRICAL CURRENTS WERE DELIVERED AS PART OF HIS RECOMMENDED THERAPY. SUSTAINED MISCARRIAGE (B)(6) 2025 - THE EXACT CAUSE IS UNKNOWN. BEST PRACTICES ADVISE AGAINST USE OF TENS UNIT DURING FIRST TRIMESTER PREGNANCIES - SPECIFICALLY, YOU ARE NOT TO PLACE ELECTRODES ON LOWER BACK OR HIPS DUE TO POTENTIAL SAFETY RISK. I HANDWROTE ON MY PATIENT PAPERWORK AND VERBALIZED THE POSSIBILITY OF A POTENTIAL PREGNANCY FOR THIS CHIROPRACTOR PRIOR TO RECEIVING ANY TREATMENTS. HAD I KNOWN THAT I WAS ACTUALLY PREGNANT, I WOULD HAVE NEVER AGREED TO THIS TREATMENT BEING USED.",TENS (prescription)
24413972,393769144,D,0,,"I HAVE BEEN USING THE ENSO DEVICE THROUGH HINGE HEALTH FOR ALMOST A YEAR. WHEN I WAS USING IT TODAY, ABOUT 10 MINUTES INTO USE, IT ELECTROCUTED ME.",TENS (over-the-counter)
24468313,394159320,N,0,,THIS EVENT WAS ALSO REPORTED TO FDA BY THE IMPORTER UNDER IMPORTER REPORT NO. 3012316249-2024-00016. WE CHECKED THE OTHER BATCH OF DHR (DEVICE HISTORY RECORDS) SINCE NO SERIAL NUMBER WAS PROVIDED AND THERE WERE NO ABNORMAL TEST RESULTS IN THE DHR DURING PRODUCTION OR TESTING. THE CAUSE OF THE CUSTOMER COMPLAINT COULD NOT BE DETERMINED BECAUSE THE DEVICE WAS NOT RETURNED FOR ANALYSIS. ADDITIONAL REPORTING ON THIS EVENT WILL BE PROVIDED AS A SUPPLEMENTAL REPORT TO THIS DOCUMENT IF MORE INFORMATION BECOMES AVAILABLE.,TENS (over-the-counter)
24468313,394159321,D,0,,"AFFECTED PRODUCTS: B00NCRE4GO - TENS 7000 DIGITAL TENS UNIT WITH ACCESSORIES - TENS UNIT MUSCLE STIMULATOR FOR BACK PAIN. RELIEF, SHOULDER PAIN RELIEF, NECK PAIN, SCIATICA PAIN RELIEF, NERVE PAIN RELIEF ASIN VARIATIONS: NA. CUSTOMER FEEDBACK: (B)(6) 2024: ""DOES NOT STIMULATE. SHOCKS. CAUSED ME TO GO INTO CARDIAC ARREST.""",TENS (over-the-counter)
24467905,394160214,D,0,,"THE END USER RECEIVED TREATMENT THAT CAUSED TEMPORARY IMMOBILITY WHERE THE TREATMENT WAS PERFORMED. THE END USER HAS HAD SEVERAL DOCTOR VISITS WHERE SHE WAS PRESCRIBED ANTI-INFLAMMATORY MEDICATION. AS REPORTED BY THE END USER THE ELECTRODES WERE PLACED LESS THAN 1"" APART. THE ELECTRODES THAT WERE BEING USED WERE NOT CHB ELECTRODES.",TENS (prescription)
24467905,394160215,N,0,,"THIS EVENT WAS ALSO REPORTED TO FDA BY THE IMPORTER UNDER IMPORTER REPORT NO. 3012316249-2025-00009. (1) INVESTIGATION METHODOLOGY: A COMPLAINT INVESTIGATION WAS INITIATED. THE MANUFACTURER REVIEWED THE DEVICE HISTORY RECORDS (DHR) FOR OTHER BATCH SINCE NO SERIAL NUMBER WAS PROVIDED AND DID NOT IDENTIFY OUTPUT ABNORMALITIES RECORDED DURING PRODUCTION OR TESTING. (2) FAILURE MODE/MECHANISM CONSIDERATIONS: A DEFINITIVE DEVICE FAILURE MODE COULD NOT BE CONFIRMED BASED ON CURRENTLY AVAILABLE INFORMATION. THE REPORTED USE CONDITIONS[?]VERY CLOSE ELECTRODE SPACING (<1"") AND USE OF NON-CHB ELECTRODES[?]MAY AFFECT ELECTRODE-SKIN INTERFACE CHARACTERISTICS (EFFECTIVE CONTACT AREA, CURRENT DENSITY, IMPEDANCE/CONTACT QUALITY) AND COULD PLAUSIBLY CONTRIBUTE TO LOCALIZED ADVERSE EFFECTS.THE DHR REVIEW DID NOT IDENTIFY MANUFACTURING/TEST-RECORDED OUTPUT ABNORMALITIES. (3) CONCLUSIONS: BASED ON THE INFORMATION AVAILABLE, ROOT CAUSE CANNOT BE DEFINITIVELY DETERMINED. ELECTRODE SPACING THAT IS TOO CLOSE (<1 INCH) AND THE USE OF NON-CHB ELECTRODES MAY BE POTENTIAL CAUSES OF THE PROBLEM. THE DHR REVIEW DID NOT REVEAL OUTPUT ABNORMALITIES RECORDED DURING PRODUCTION OR TESTING. ADDITIONAL REPORTING ON THIS EVENT WILL BE PROVIDED AS A SUPPLEMENTAL REPORT TO THIS DOCUMENT IF MORE INFORMATION BECOMES AVAILABLE.",TENS (prescription)
24545375,395099023,D,0,,PATIENT REPORTED THEIR H-WAVE WAS NO LONGER WORKING. AGENT ADVISED PATIENT TO CALL THE COMPANY FOR H-WAVE. THIS REPORT REFLECTS INFORMATION RECEIVED BY FDA IN THE FORM OF A NOTIFICATION PER 803.22 (B)(2).,Powered muscle stimulator
24673205,396376538,D,0,,"IT WAS REPORTED THAT THE PATIENT CAN USE A TENS UNIT TO GET RELIEF, BUT CAN'T WEAR IT FOR ANY SIGNIFICANT AMOUNT OF TIME AS THE PATIENT'S SKIN BREAKS OUT. THIS REPORT REFLECTS INFORMATION RECEIVED BY FDA IN THE FORM OF A NOTIFICATION PER 803.22 (B)(2).",TENS (prescription)
24760721,397241883,N,0,,"FOLLOW-UP #1 FROM REPORT MW5184202: INVESTIGATION OF THIS REPORTED ADVERSE EVENT SHOWS THE DEVICE DID NOT MALFUNCTION. REVIEW OF SESSION DATA DEMONSTRATED NO ABNORMAL DEVICE ACTIVITY. MANUFACTURING RECORD REVIEW CONFIRMED NO FAILURES OR DEVIATIONS RELATED TO THE UNIT IN QUESTION. THE USER REPORTED A SINGLE OCCURRENCE OF A ""SHOCK"" SENSATION DURING ENSO USE. THE USER CONFIRMED CORRECT USE AND PLACEMENT OF THE DEVICE AND GEL PAD. HINGE HEALTH INITIATED A FOLLOW-UP TO OBTAIN CLARIFICATION ON THE SEVERITY OF THE SENSATION AND TO DETERMINE IF MEDICAL ATTENTION WAS REQUIRED. THE USER DID NOT RESPOND TO THIS FOLLOW-UP INQUIRY. THE HARM RELATED TO ELECTRICAL SENSATION/SHOCK IS CLASSIFIED AS MINOR. THIS CLASSIFICATION IS BASED ON THE ASSESSMENT THAT THE POTENTIAL ADVERSE EVENT RESULTS IN TEMPORARY DISCOMFORT ONLY AND IS NOT EXPECTED TO CAUSE OR CONTRIBUTE TO A SERIOUS INJURY OR NECESSITATE MEDICAL INTERVENTION. BASED ON THE FINDINGS OF THIS INVESTIGATION THAT THE DEVICE FUNCTIONED AS INTENDED AND THE RESULTING HARM IS CLASSIFIED AS MINOR, THIS REPORTED ADVERSE EVENT WAS DETERMINED TO NOT BE REPORTABLE.",TENS (over-the-counter)
24760721,397241884,D,0,,"I HAVE BEEN USING THE ENSO DEVICE THROUGH HINGE HEALTH FOR ALMOST A YEAR. WHEN I WAS USING IT TODAY, ABOUT 10 MINUTES INTO USE, IT ELECTROCUTED ME.",TENS (over-the-counter)
25103196,400668083,D,0,,"MY DAUGHTER, WHO IS 10 YEARS OLD WAS USING THE KNEE CONTINUOUS PASSIVE MOTION DEVICE (OPTIFLEX 3 KNEE CONTINUOUS PASSIVE MOTION, RENTED FROM NEW ENGLAND SURGICAL INC.) SHE WAS SITTING WHILE USING IT WITH HER GOOD LEG CROSSED AND HER FOOT INSIDE THE MACHINE. THIS WAS COMFORTABLE UNTIL THE MACHINE REACHED THE EXTREME OF EXTENSION, WHEN THE SPACE FOR HER CONTRALATERAL FOOT UNDER THE MACHINE BECAME SMALLER UNTIL IT WAS TRAPPED AS THE MACHINE CONTINUED TO EXTEND THE POSTOPERATIVE LEG. THIS BECAME PAINFUL AND MIGHT HAVE BROKEN HER ANKLE IF SHE HAD NOT STOPPED THE MACHINE PROMPTLY. THERE ARE NO GUARDS OR WARNINGS AT THE SIDE OF THE MACHINE TO PREVENT SOMEONE WITH SMALLISH FEET AND ANKLES LIKE MY DAUGHTER FROM INSERTING THEIR FOOT OR ANKLE UNDER THE MACHINE AND BECOMING TRAPPED IN THIS WAY. A YOUNGER CHILD, OR A MORE PANICKY CHILD MIGHT NOT HAVE STOPPED THE MACHINE IN TIME AND HAD A MUCH MORE SEVERE OUTCOME.",Powered exercise equipment (incl. CPM)
25209516,401752415,D,0,,"I AM A (B)(6) FEMALE AND HOPEFULLY THIS INFORMATION WILL HELP ANOTHER SENIOR. INCLUDING PAYMENT RECEIPTS OF PROCEDURES. THANK YOU FOR CHECKING INTO THIS - (B)(6), TEL. (B)(6). TO (B)(6), (B)(6) 2026 - PROGRAM PURCHASE, $4500, $500 ADVANCED PAYMENT $4000 TOTAL. TREATMENT FOR RIGHT KNEE 2 X DAY FOR 30-MINUTES. USED STRAPS 2 TIMES A DAY FOR 30 MINUTES FOR TWO MONTHS. PAIN ALSO ON RIGHT HEEL (APPLIED PADS). NEXT MORNING MANY READ SPOTS AND BLOTCHES ON LEFT KNEE (OPPOSITE LET) (SEE PICTURE). FREQUENT SMALL ELECTRICAL SENSATIONS ""ZITS"" ON DIFFERENT AREAS OF BODY (B)(6) 2026 - NEW SPOTS EVERY DAY. (B)(6) 2026 - ULTRASOUND DENTAL CLEANING, NEXT DAY RASH ALL OVER MY BACK ""BREAKOUTS"" DIFFERENT AREAS EVERY DAY. (B)(6) 2026 - DISCONTINUED (FEARFUL); SPOTS, RASHES AND ELECTRICAL SENSATIONS CONTINUING TO PRESENT! (EVERY DAY). 1. CONSTANT PAIN IN RIGHT LEG - (IN BEGINNING, MINIMAL). 2. HAVE TO USE A CANE WALKER (NEVER BEFORE). 3. CONSTANT FEELING OF FALLING WHEN USING LEG. 4. INCONTINENCE (FREQUENT!!). WILL THIS IMPROVE? WHAT IS MY PROGNOSIS? STILL HAVE ELECTRICAL SENSATIONS.",TENS (prescription)
25318307,402598820,N,0,,LOOSING A SHOE IS HARDLY POSSIBLE WHEN USER STICKS TO THE BEST PRACTICE FOR THIS DEVICE. IT LEADS US TO THE CONCLUSION THAT THE FOOTLIFTERS OF THE DEVICE WERE NOT USED DESPITE BEING RECOMMENDED BEST PRACTICE BY THE MANUFACTURER.,Powered exercise equipment (incl. CPM)
25318307,402598822,D,0,,PATIENT LOOSES SHOE AND DRAGS TOES ON TREADMILL OF ROBOTIC REHABILITATION DEVICE. LOKOMAT WAS STOPPED BY THERAPIST AND TRAINING CONTINUED. X-RAY ON (B)(6) 26. REVEALED DISTAL FRACTURES OF TIBIA AND FIBULA.,Powered exercise equipment (incl. CPM)
25318969,402605473,D,0,,"THE DEVICE WAS BEING USED ON THE PATIENT  FOR MAYBE 20-30 SECONDS, THE SETTING WAS AT 12. THE END USER PASSED OUT AND STARTED TO SPASM.",TENS (prescription)
25347121,402924549,D,0,,"PATIENT MENTIONED BEFORE THEY HAD THE STIMULATOR IMPLANTED, THEY WOULD USE AN EXTERNAL TENS UNIT THAT SOMETIMES/EVENTUALLY STOPPED WORKING. IF YOU HAVE ANY QUESTIONS REGARDING THIS LETTER FOR MANUFACTURER NOTIFICATION, PLEASE DO NOT HESITATE TO CONTACT US. THIS REPORT REFLECTS INFORMATION RECEIVED BY FDA IN THE FORM OF A NOTIFICATION PER 803.22 (B)(2).",TENS (over-the-counter)
23992925,403140294,N,0,,"FOLLOW-UP #1: DEVICE WAS RETURNED FOR FURTHER INVESTIGATION. GEL PAD WEAR DOES NOT HAVE EXPOSED ELECTRICAL TRACES OR WEAR THAT WOULD POTENTIALLY CAUSE A BURN. ADDITIONALLY, REVIEWED BURN IMAGES SHOWS BURN SURFACE AREA LARGER THAN DEVICE GEL PADS. DEVICE INVESTIGATION SHOWS DEVICE DID NOT MALFUNCTION.",TENS (over-the-counter)
23992925,403140295,D,0,,"USER REPORTED THEY USED THEIR ENSO M3 DEVICE TO ALLEVIATE THEIR LOWER BACK, SCIATICA PAIN. ON (B)(6) 2025, USER USED THEIR DEVICE FOR TWO CONSECUTIVE SESSIONS. USER REPORTED BURN ON (B)(6) 2025 AND THAT THEY DID NOT IMMEDIATELY FEEL THE BURN UNTIL THEY LAID DOWN. USER SOUGHT OUT MEDICAL ATTENTION AND RECEIVED A PRESCRIPTION MEDICATION FOR THEIR BURN. USER ALSO REPORTED THE GEL PADS USED WERE LOSING ADHESION. DEVICE AND GEL PAD WERE REQUESTED TO BE RETURNED TO CONDUCT FURTHER INVESTIGATION. MANUFACTURER NARRATIVE: A PRE-PAID LABEL HAS BEEN SENT TO THE REPORTER TO INITIATE A RETURN OF THE SUSPECTED DEVICE FOR FURTHER INVESTIGATION. SINCE THE DEVICE HAS NOT BEEN RETURNED, A FINAL ROOT CAUSE FOR THE REPORTED INCIDENT HAS NOT YET BEEN DETERMINED. REVIEW OF MANUFACTURING RECORDS AND USER'S SESSION ACTIVITY DOES NOT SHOW INDICATION OF A DEVICE MALFUNCTION. BASED ON AN INITIAL ASSESSMENT OF THE INCIDENT AND CONFIRMED BURNS BY THE USER, THIS REPORT IS BEING FILED. THE ENSO M3 USER MANUAL STATES, ""IN RARE CASES, YOU MAY EXPERIENCE SKIN IRRITATION OR BURNS BENEATH A GEL PAD APPLIED TO YOUR SKIN. IF YOU EXPERIENCE AN ADVERSE REACTION, PLEASE STOP USING THE DEVICE AND CONSULT YOUR PHYSICIAN."" THIS PROCESS WAS FOLLOWED APPROPRIATELY AND THE USER REPORTED THE ISSUE TO HINGE HEALTH. HINGE HEALTH HAS FOLLOWED-UP WITH THE MEMBER FOR UPDATES ON THE USER'S CONDITION.",TENS (over-the-counter)
25351110,403167580,D,0,,"REPORTER SAYS THAT HE WAS PLAYING VIDEO GAMES WHEN HE SAW AN AD FOR A DEVICE CLAIMING TO CURE INSOMNIA, PAIN, AND ANXIETY, AND TO MAKE PEOPLE CALM. HE PURCHASED IT AND DOWNLOADED THE ACCOMPANYING APP TO CONTROL IT. THE DEVICE HAS DIFFERENT MODES, INCLUDING AN INSOMNIA MODE FOR BEFORE BED, A HEADACHE MODE, A PAIN MODE, AND AN ANXIETY MODE THAT PLAYS MEDITATIVE MUSIC. HOWEVER, ALL THE DEVICE ACTUALLY DOES IS CREATE A TINGLING SENSATION ON THE NECK. INSTEAD OF HELPING, IT MADE HIS SYMPTOMS WORSE; THE SENSATION WAS IRRITATING AND PAINFUL, LEAVING HIM MORE STRESSED OUT AND ANXIOUS, AND HIS INSOMNIA HAS WORSENED. THERE IS NO EASY WAY TO CONTACT TECH SUPPORT, AND WHEN HE DID REACH THEM, THEY MERELY TOLD HIM TO KEEP TRYING IT. ADDITIONALLY, HE NOTICED A MONTHLY FEE ASSOCIATED WITH THE APP. ONLINE RESEARCH SHOWS THAT PEOPLE HAVE DEBUNKED THE DEVICE, REVEALING THAT ALL THE DIFFERENT MODES ARE TOTAL NONSENSE. THE PATIENT BELIEVES THIS IS FALSE ADVERTISING FOR A BAD DEVICE THAT DOES NOTHING BENEFICIAL. HE SUSPECTS HIS SYMPTOMS HAVE WORSENED, PARTICULARLY HIS CHRONIC NECK PAIN, POSSIBLY DUE TO THE ELECTRODES. FINALLY, WHILE THE ADVERTISEMENT CLAIMS THE PRODUCT IS ""CLINICALLY FOUND"" TO WORK, THE WEBSITE PROVIDES ABSOLUTELY NO CLINICAL PROOF TO BACK UP THIS CLAIM.",Powered muscle stimulator
25531873,404860982,D,0,,"NO HARM ACTUALLY OCCURRED, BUT THE PRODUCT BUSTED. I AM FILING THIS COMPLAINT BECAUSE PULSETTO IS CONDITIONING MY 2-YEAR MANUFACTURING WARRANTY REPLACEMENT ON A DEMAND THAT I VIOLATE FEDERAL TRANSIT SAFETY LAWS. MY PULSETTO DEVICE SUFFERED A THERMAL FAILURE WHILE CHARGING, WHICH PHYSICALLY MELTED AND DEFORMED THE PLASTIC HOUSING. I PROVIDED PHOTOGRAPHIC PROOF TO CUSTOMER SUPPORT. UNDER DEPARTMENT OF TRANSPORTATION REGULATIONS (49 CFR § 173.185(F)) AND USPS PUBLICATION 52, SECTION 349.21(G), A THERMALLY COMPROMISED, MELTED LITHIUM-ION BATTERY IS STRICTLY PROHIBITED FROM STANDARD MAIL STREAMS WITHOUT A CUSTOM HAZARD WAIVER OR A CERTIFIED DOT SPECIAL PERMIT BOX. PULSETTO ISSUED A STANDARD USPS GROUND ADVANTAGE LABEL AND EXPLICITLY STATED IN WRITING THAT THE DEVICE 'IS NOT CLASSIFIED AS HAZARDOUS WASTE' AND REFUSED TO HONOR THE WARRANTY UNLESS I MAILED THIS BACK TO THEM. I REFUSED TO ENDANGER POSTAL WORKERS. BECAUSE THE COMPANY REFUSED TO ALLOW SAFE LOCAL E-WASTE DISPOSAL WITH PROOF OF RECEIPT, I HAVE FILED FORMAL SAFETY REPORTS WITH THE U.S. DEPARTMENT OF TRANSPORTATION (DOT) PHMSA ENFORCEMENT DIVISION AND THE CONSUMER PRODUCT SAFETY COMMISSION (CPSC), BUT THEY TOLD ME YOU HAVE JURISDICTION INSTEAD. I RECEIVED A REFUND FOR MY INITIAL PURCHASE, BUT AM WAITING ON A REFUND FOR THE APP SUBSCRIPTION THAT OCCURRED THE DAY IT WENT DEFECTIVE. I REQUIRE PULSETTO TO COMPLETELY CANCEL THE RETURN REQUIREMENT AND ACCEPT THE CHARGEBACK WITHOUT CONTESTING IT.",Powered muscle stimulator
25573080,405279354,N,0,,"THIS EVENT WAS ALSO REPORTED TO FDA BY THE IMPORTER UNDER IMPORTER REPORT NO. (B)(4). 1) INVESTIGATION METHOD: THE DEVICE WAS NOT RETURNED, AND THE IMPORTER WAS UNABLE TO PERFORM TESTING. THEREFORE, THE ROOT CAUSE COULD NOT BE DETERMINED. MEANWHILE, THE MANUFACTURER REQUESTED ADDITIONAL INFORMATION FROM THE IMPORTER AND REVIEWED THE DHR OF THE SAME BATCH. NO ABNORMALITIES WERE FOUND IN PRODUCTS FROM THE SAME BATCH. 2) FAILURE MODE/MECHANISM CONSIDERATION: THE USER REPORTED LOSS OF CONSCIOUSNESS AND CONVULSIONS AFTER USING THE DEVICE, BUT NO SPECIFIC DESCRIPTION OF THE DEVICE USE PROCESS WAS PROVIDED. THE CUSTOMER HAS BEEN REQUESTED TO PROVIDE ADDITIONAL INFORMATION. AT THE SAME TIME, OUTPUT TESTING WAS PERFORMED ON DEVICES OF THE SAME MODEL FROM DIFFERENT BATCHES. BASED ON OSCILLOSCOPE OBSERVATION, THE OUTPUT WAVEFORM AND OUTPUT VOLTAGE/CURRENT WERE WITHIN THE ALLOWABLE DEVIATION RANGE. NO DC COMPONENT WAS OBSERVED DURING POWER ON/OFF OR DURING OUTPUT. NO ABNORMAL INFORMATION WAS FOUND DURING THE REVIEW OF THE DHR OF THE COMPLAINT DEVICE. SPECIFIC TEST RESULTS CAN BE REFERENCED IN THE TEST REPORT. THERE HAVE BEEN NO SIMILAR PREVIOUS RECORDS OF THE ISSUE REPORTED BY THE CUSTOMER. THE CUSTOMER NEEDS TO PROVIDE DETAILED INFORMATION SUCH AS THE DEVICE USE PROCESS, WAVEFORM PARAMETERS, AND THE PATIENT'S MEDICAL TREATMENT STATUS. BASED ON THE CURRENTLY AVAILABLE INFORMATION, NO CAUSAL CONCLUSION CAN BE ESTABLISHED. 3) CONCLUSION: AT PRESENT, THERE IS NO EVIDENCE INDICATING THAT ABNORMAL DEVICE OUTPUT COULD HAVE CAUSED THE USER'S LOSS OF CONSCIOUSNESS AND CONVULSIONS. TEST RESULTS OF THE SAME MODEL DEVICES FROM DIFFERENT BATCHES WERE COMPLIANT. THE CUSTOMER FEEDBACK DID NOT MENTION BURNS, SUDDEN STRONG STIMULATION, FRIGHT, OR OTHER SIMILAR SITUATIONS. THEREFORE, BASED ON THE AVAILABLE INFORMATION, A CAUSAL RELATIONSHIP BETWEEN THE EVENT AND DEVICE FAILURE CANNOT BE ESTABLISHED. THE POSSIBILITY OF THE USER'S UNDERLYING CONDITION OR INDIVIDUAL FACTORS IS MORE LIKELY, BUT FURTHER INFORMATION SUCH AS THE USE PROCESS, TREATMENT PARAMETERS, AND MEDICAL TREATMENT STATUS IS STILL REQUIRED FROM THE CUSTOMER.",TENS (prescription)
25573080,405279355,D,0,,"THE DEVICE WAS BEING USED ON THE PATIENT FOR MAYBE 20-30 SECONDS, THE SETTING WAS AT 12. THE END USER PASSED OUT AND STARTED TO SPASM.",TENS (prescription)
25600033,405349518,N,0,,"DEVICE RETRIEVAL HAS BEEN INITIATED. ROOT CAUSE INVESTIGATION IS PENDING PHYSICAL INSPECTION OF THE RETURNED UNIT. PRELIMINARY ENGINEERING ASSESSMENT IDENTIFIES POSSIBLE SOLDER JOINT FAILURE IN THE OUTPUT AMPLIFIER SECTION AS A POTENTIAL HARDWARE FAILURE MECHANISM. THIS HYPOTHESIS REMAINS UNCONFIRMED PENDING DEVICE INSPECTION. THIS REPORT IS SUBMITTED BASED ON MALFUNCTION INDICATORS PRESENT IN THE COMPLAINT RECORD INDEPENDENT OF CONFIRMED ROOT CAUSE DETERMINATION, CONSISTENT WITH 21 CFR 803.16. BIOWAVE CORPORATION WILL SUBMIT A FOLLOW-UP MDR REPORT UPON COMPLETION OF DEVICE INSPECTION AND ROOT CAUSE INVESTIGATION, OR WITHIN THE TIMEFRAME REQUIRED BY 21 CFR 803.50, WHICHEVER OCCURS FIRST.",TENS (prescription)
25600033,405349519,D,0,,"A VETERAN PATIENT WAS USING THE BIOWAVEHOME FOR TREATMENT AT THE BILATERAL LATERAL CERVICAL MUSCLES (C6/C7) AT HER USUAL INTENSITY OF 12-16%. THE PATIENT WAS LYING DOWN AND NOT MOVING DURING TREATMENT. SKIN PREPARATION WAS PERFORMED USING A BABY WIPE PRIOR TO ELECTRODE PLACEMENT. UPON TURNING THE DEVICE ON, THE DISPLAY SHOWED AN ABNORMAL READOUT OF ""7 MINUTES."" THE DEVICE THEN DELIVERED AN UNINTENDED ELECTRICAL OUTPUT OF SUFFICIENT MAGNITUDE TO PHYSICALLY DISPLACE THE PATIENT FROM A LYING POSITION. THE PATIENT'S HUSBAND WAS PRESENT AND WAS REQUIRED TO PHYSICALLY DISCONNECT THE LEAD WIRE FROM THE UNIT TO TERMINATE THERAPY, AS THE POWER BUTTON WAS NON-FUNCTIONAL. FOLLOWING THE EVENT, THE DEVICE DISPLAY SHOWED A BLUE SCREEN AND THE UNIT COULD NOT BE POWERED OFF VIA THE POWER BUTTON. THE PATIENT REPORTED BEING VERY SORE THE FOLLOWING DAY. NO MEDICAL ATTENTION WAS SOUGHT. NO VISIBLE INJURY OR SKIN MARKS WERE OBSERVED.",TENS (prescription)
25668009,406174814,D,0,,"THE REPORTER BOUGHT TWO DEVICES THAT CLAIMS TO HELP WITH DEGENERATIVE DISC DISEASE AND BACK PAIN; HOWEVER, THE DEVICE WAS NOT EFFECTIVE IN IMPROVING HER PAIN. SHE USED IT FOR A COUPLE OF MONTHS, BUT IT DID NOT WORK. INSTEAD, SHE DEVELOPED SEVERE NECK SPASMS. THE REPORTER HAS COMPLEX REGIONAL PAIN SYNDROME (CRPS) DUE TO A CAR ACCIDENT AND HAD HOPED THAT THIS DEVICE WOULD HELP WITH HER NECK PAIN. THE DEVICE DOES NOT PROVIDE CLEAR INSTRUCTIONS FOR USE, NOR DOES IT SPECIFY THE STRENGTH SETTING SHE SHOULD USE. ADDITIONALLY, IT DOES NOT STICK ERGONOMICALLY TO HER NECK. SHE WANTS A REFUND FOR THE DEVICE, AS THE MARKETING CLAIMED A MONEY-BACK GUARANTEE IF IT DID NOT HELP WITH PAIN. HOWEVER, THE COMPANY HAS REFUSED TO PAY HER BACK DESPITE CONTINUOUS COMPLAINTS. REF: MW5190106. PT: 4521, 2433. DEVICE: 3023, 4001, 2956. THIS REPORT CAPTURES: NEUROMD FOR BACK PAIN.",TENS (prescription)
25667984,406175112,D,0,,"THE REPORTER BOUGHT TWO DEVICES THAT CLAIMS TO HELP WITH DEGENERATIVE DISC DISEASE AND BACK PAIN; HOWEVER, THE DEVICE WAS NOT EFFECTIVE IN IMPROVING HER PAIN. SHE USED IT FOR A COUPLE OF MONTHS, BUT IT DID NOT WORK. INSTEAD, SHE DEVELOPED SEVERE NECK SPASMS. THE REPORTER HAS COMPLEX REGIONAL PAIN SYNDROME (CRPS) DUE TO A CAR ACCIDENT AND HAD HOPED THAT THIS DEVICE WOULD HELP WITH HER NECK PAIN. THE DEVICE DOES NOT PROVIDE CLEAR INSTRUCTIONS FOR USE, NOR DOES IT SPECIFY THE STRENGTH SETTING SHE SHOULD USE. ADDITIONALLY, IT DOES NOT STICK ERGONOMICALLY TO HER NECK. SHE WANTS A REFUND FOR THE DEVICE, AS THE MARKETING CLAIMED A MONEY-BACK GUARANTEE IF IT DID NOT HELP WITH PAIN. HOWEVER, THE COMPANY HAS REFUSED TO PAY HER BACK DESPITE CONTINUOUS COMPLAINTS. REF: MW5190107. PT: 4521, 2433. DEVICE: 3023, 4001, 2956. THIS REPORT CAPTURES: NEUROMD WHOLE BODY CORRECTIVE THERAPY DEVICE.",TENS (prescription)
25871488,408245481,D,0,,"(B)(6). SOMEONE ILLEGALLY ENTERED MY HOME AND PLACED DEVICE IN MY FOOD, I STARTED FEELING NOTICING STRANGE THINGS HAPPENING TO MY BODY VIBRATION AND ELECTRIC CURRENT SOUNDS AND PAIN W/ SWELLING RIGHT SHOULDER NECK AREA. THEN SMALL BURNS/BLISTERS IN SHAPE IF TRIANGLE W/DOTS AND WELTS OVER ENTIRE BODY AND SCALP VAGINA ANUS SWEATING AND WEIGHT LOSS TEETH DETERIORATION W SAME TYPE OF BLISTERS LESIONS ON MY (B)(6) HOSPITAL DOCUMENTATION WITH MULTIPLE HOSPITALS AND PHYSICIANS. THIS IS A CRIME BEING COMMITTED BY MULTIPLE KNOWN PEOPLE WITH OF YEARS CONFLICT THEY MONITOR MY EVERY MOVEMENT AND ACT. BADLY TORTURED EVERY TIME I TRY TO GET HELP. FAMILY LIVES ARE THREATENED AS WELL (B)(6) 2021 I FOUND MY HUSBAND ATTACKED AND LEFT FOR DEAD IN PARKING LOT WHERE WE ARE RESIDED. ""THE DEVICE IS STILL INSIDE OF ME"" I NEED IT SAFELY SURGICALLY REMOVED AS SOON AS POSSIBLE, ITS BEEN NEARLY 6 YEARS PERSON WHOM DOING THIS IS (B)(6). PHONE NUMBER (B)(6). FAMILY MEMBERS WITH HISTORY OF ANIMOSITY AND PHYSICAL CONFLICT (B)(6). I LIVED AT DURING TIME OF POISONING. PRODUCT DETAILS: 1 IMPLANT SIZE OF RICE GRAIN, INSIDE OF MY RIGHT SHOULDER/NECK AREA POSTERIOR, ALL SENSES ARE BEING MANIPULATED .POSSIBLY A NEUROLOGY MEDICAL EQUIPMENT (NEUROLINK?) 1 MONITOR LAST KNOWN TO BE AT (B)(6). USED FOR GPS + TORTURE.",Powered muscle stimulator
50060133,15424981570,D,0,,"I'm reporting a correlation for possible investigation/concern of causation. My dadreceived Manduu exercise therapy regularly for weeks. He was recently diagnosed withSezary lymphoma via biopsy with skin involvement at 69 years of age. I want to raisethe question if repeated skin irritation/stimulation via Manduu may have triggeredabnormal development of lymphocytes and/or abnormal focus of lymphocytes on theskin, patrolling/policing the shocked areas. While the shocks from Manduu are onlyintended to target muscles, I would think it's rather obvious that other tissues en routeto the muscles also receive the shock stimulation. Of course, the are other possibletriggers, but I am not aware of any other possible triggers at this time. No family historyof lymphoma.",Powered muscle stimulator
50476553,15590317006,D,0,,"Drive Medical was notified of an incident involving an electrostimulation device by the device provider who reported that during use, the end user felt stinging or shocking and this resulted in a burn on the inside of his leg. The end user received wound care treatment by a podiatrist. As part of its complaint review and evaluation process, Drive Medical will also notify the manufacturer of the product about this complaint.",TENS (prescription)
50515584,15619269368,D,0,,"Drive Medical was notified of an incident involving an electrotherapy device by an attorney letter who reported that during a physical therapy session, a malfunction of the device caused a third-degree burn to the end user's skin on her right leg and permanent disfigurement to her body. As part of its complaint review and evaluation process, Drive Medical will also notify the manufacturer of the product about this complaint.",TENS (prescription)
50519866,15623137336,D,0,,"(b)(6) was notified of an incident involving an electrotherapy device by the device provider who reported that during use, the end user received two burns requiring wound care treatment. As part of its complaint review and evaluation process, (b)(6) will also notify the manufacturer of the product about this complaint.",TENS (prescription)
5344910,35091681,D,1,,"THE PATIENT HAD SHOULDER SURGERY ON (B)(6) 2015 - 1.5"" WERE REMOVED FROM HER CLAVICLE, AND HER BICEP TENDON WAS REMOVED. SHE HAD BEEN USING THE DI1010 INTENSITY 10 TENS DEVICE POST-SURGERY, AS HER DOCTOR INSISTS ON THIS FOR ALL OF HIS SHOULDER SURGERY PATIENTS. SHE HAS A POST-OP INFLAMED CLAVICLE. THE PATIENT RECEIVED ""TWINGES"" FROM THE DEVICE A WEEK BEFORE EXPERIENCING SHOCKING FROM THE DEVICE. SHE STATED THE CURRENT FELT UNCOMFORTABLE AND THE POWER WAS ""TWITCHING."" SHE PURCHASED NEW ELECTRODES - THE NEXT TIME SHE USED THE DEVICE, SHE POWERED IT ON AND IT SHUT OFF ON ITS OWN. SHE REPLACED THE BATTERY WITH A (B)(6) - WHEN SHE RE-POWERED THE DEVICE ON AND BEGAN TO TURN UP THE INTENSITY, SHE DID NOT FEEL ANY CURRENT. SHE INCREASED THE INTENSITY TO #4 AND THEN INCREASED THE INTENSITY TO #5, AND THAT IS WHEN THE SHOCK OCCURRED. SHE STATES THE SHOCK WAS SO INTENSE THAT IT PUSHED HER BACK INTO THE WALL AND SHE FELL TO THE FLOOR. SHE COMPARED THE FEELING TO THAT OF BEING TASED. SHE THREW THE DEVICE SO HARD, THE LEAD WIRES CAME OUT OF THE DEVICE, AND THE SHOCKING STOPPED. SHE SAID SHE WAS SCREAMING AND CRYING. HER HUSBAND HAD TO CONSOLE HER FOR 40 MINUTES. WHEN SHE WENT TO BED THAT EVENING, SHE SAID SHE COULD SMELL BURNING FLESH, ALTHOUGH NO BURNS HAD OCCURED. THE NEXT DAY, SHE WENT TO THE THERAPIST'S OFFICE AND DESCRIBED THE INCIDENT. WHEN THEY MEASURED HER PROGRESS, THEY STATED THAT SHE HAD LOST 30 DEGREES OF HER SHOULDER FLEXIBILITY/RANGE OF MOTION. SHE THINKS THIS MAY HAVE OCCURED WHEN SHE THREW THE DEVICE. SHE ALSO MENTIONED SHE WAS READY TO RETURN TO WORK, HOWEVER, AFTER THIS INCIDENT OCCURRED, SHE DID NOT FEEL READY OR CAPABLE ENOUGH TO DO A GOOD JOB, HAVING TO TURN DOWN THE JOB AND LOSE EMPLOYMENT. SHE HAS SINCE RECEIVED A CORTISONE SHOT. IT WAS CONFIRMED THAT THE ELECTRODES WERE NOT PLACED OVER ANY OPEN WOUNDS, RASHES, OR SWOLLEN, RED, INFECTED OR INFLAMED AREAS OR SKIN ERUPTIONS. THE USER ALSO CLAIMS THAT SHE DID NOT SEE IN THE INSTRUCTIONS MANUAL ANYTHING REGARDING ELECTRODE PLACEMENT, HOWEVER, DID NOT HAVE THE ELECTRODES TOUCHING AT THE TIME THE EVENT OCCURRED, AND HAD THE 4 ELECTRODES BEING USED 1/4"" APART. THE DEVICE HAS SINCE BEEN RETURNED TO COMPASS HEALTH BRANDS 12/16/2015 AND WAS EVALUATED TO FIND THAT THE CUSTOMER'S COMPLAINT COULD NOT BE DUPLICATED. THE UNIT TESTED WITHIN SPEC RANGE ON BOTH CHANNELS. THE ELECTRODES THAT WERE SENT BACK WITH THE UNIT DID APPEAR TO HAVE POOR ADHESIVE QUALITY AND SOME DEBRIS AND HAIR ON THEIR GEL. IT HAS, HOWEVER, BEEN REPORTED THAT THE USER WAS USING ELECTRODES FOR THE FIRST TIME, BRAND NEW OUT OF THE PACKAGING AT THE TIME THE EVENT OCCURRED.",TENS (prescription)
5359627,35623232,D,1,,"INITIAL INFORMATION REGARDING THIS UNSOLICITED DEVICE CASE FROM UNITED STATES WAS RECEIVED FROM THE PATIENT ON (B)(6) 2016. THIS CASE INVOLVES A MALE PATIENT OF UNKNOWN AGE, WHO FELT A LITTLE FLUTTER IN HIS HEART, BLOOD PRESSURE WHICH WAS 98/53, BROKE OUT IN A SWEAT AND LITTLE WOOZY, SAME DAY AFTER HE STARTED USING SMART RELIEF TENS THERAPY (ICY HOT SMART RELIEF TENS THERAPY). THE PATIENT HAS A MEDICAL HISTORY OF HIGH BLOOD PRESSURE, HIGH CHOLESTEROL AND HAD A RECENT BACK SURGERY. PAST DRUGS AND CONCOMITANT MEDICATIONS WERE NOT REPORTED. ON (B)(6) 2016 (COUPLE OF HOURS AGO), THE PATIENT STARTED THERAPY WITH SMART RELIEF TENS THERAPY AT AN UNSPECIFIED FREQUENCY (LOT/BATCH NUMBER AND EXPIRY DATE: UNKNOWN) FOR UNKNOWN INDICATION. HE STATED IT WAS WORKING WELL BUT HE THEN FELT A LITTLE FLUTTER IN HIS HEART, BROKE OUT IN A SWEAT AND TOOK HIS BLOOD PRESSURE WHICH WAS 98/53 ON SAME DAY (ONSET DATE: (B)(6) 2016). REPORTEDLY, ON SAME DAY HE STILL FELT A LITTLE WOOZY. HE STATED HE WAS SUPPOSED TO GET A SPINAL STIMULATION BUT WANTED TO TRY THIS PRODUCT FIRST. PATIENT WAS TOLD TO NOT USE THE PRODUCT ANYMORE UNTIL HE SPEAK WITH A PHYSICIAN AND DISCUSSED THE SYMPTOMS WERE CONCERNING AND THESE SHOULD BE MEDICALLY EVALUATED AND DO NOT DRIVE YOURSELF. ACTION TAKEN: UNKNOWN. CORRECTIVE TREATMENT: NOT REPORTED. OUTCOME: UNKNOWN. SERIOUSNESS CRITERIA: IMPORTANT MEDICAL EVENT OF FELT A LITTLE FLUTTER IN HIS HEART AND BP WHICH WAS 98/53. PHARMACOVIGILANCE COMMENT: SANOFI COMPANY COMMENT DATED (B)(6) 2016: THIS CASE CONCERNS A MALE PATIENT WHO EXPERIENCED PALPITATION AND BLOOD PRESSURE DECREASED WHILE USING THE DEVICE SMART RELIEF TENS. THE CAUSAL ROLE OF SUSPECT DEVICE CANNOT BE FORMALLY EXCLUDED, HOWEVER THE MEDICAL HISTORY OF PATIENT MAY BE A PLAUSIBLE FACTOR FOR THE OCCURRENCE OF THE EVENTS.",TENS (over-the-counter)
5365805,35922162,D,1,,"UPON INTERNAL REVIEW ON 18-DEC-2015, MEDICAL REASSESSMENT WAS MADE TO UPGRADE THE CASE FROM 'NONSERIOUS' TO 'SERIOUS', SINCE THE PREVIOUSLY REPORTED EVENT ""SKIN ACTUALLY BURNT"" WAS REASSESSED AS SERIOUS- IMPORTANT MEDICAL EVENT. INITIAL INFORMATION REGARDING THIS UNSOLICITED DEVICE CASE FROM THE UNITED STATES WAS RECEIVED FROM A PATIENT ON (B)(6) 2015. THIS CASE INVOLVES A FEMALE PATIENT OF UNKNOWN AGE WHOSE SKIN ACTUALLY BURNT AN UNSPECIFIED TIME FRAME AFTER USING SMART RELIEF TENS THERAPY (ICY HOT SMART RELIEF TENS THERAPY). NO RELEVANT PAST MEDICATIONS, MEDICAL HISTORY, CONCURRENT CONDITIONS OR CONCOMITANT MEDICATIONS WERE REPORTED. ON AN UNSPECIFIED DATE THE PATIENT STARTED USING SMART RELIEF TENS THERAPY FOR AN UNREPORTED INDICATION (LOT/ BATCH NUMBER AND EXPIRATION DATE: NOT PROVIDED). IT WAS REPORTED THAT THE PATIENT USED THE PRODUCT ON THE HIP AREA ON LOW AND DID NOT USE FOR THE FULL AMOUNT OF 30 MINUTES. HOWEVER HER SKIN ACTUALLY BURNT (ONSET DATE AND LATENCY: UNKNOWN) AND SHE NEEDED TO SEEK MEDICAL HELP. THE PATIENT SUGGESTED PUTTING SOME KIND OF WARNING LABEL MENTIONING ""TO BE VERY CAUTIOUS WHEN USING THIS DEVICE IF YOUR SKIN IS SENSITIVE"". SHE ALSO WONDERED IF THE DEVICE WAS FAULTY. ACTION TAKEN: UNKNOWN. OUTCOME: UNKNOWN. UPON INTERNAL REVIEW ON 18-DEC-2015, MEDICAL RE-ASSESSMENT WAS MADE TO UPGRADE THE CASE FROM 'NON-SERIOUS' TO 'SERIOUS', SINCE THE PREVIOUSLY REPORTED EVENT ""SKIN ACTUALLY BURNT"" WAS REASSESSED AS SERIOUS- IMPORTANT MEDICAL EVENT.",TENS (over-the-counter)
5366369,36026601,N,1,,UNIT WAS EVALUATED AND NO PROBLEMS WAS FOUND. MDR WASN'T REPORTED INITIALLY DUE TO FURTHER INVESTIGATION AND PHOTOS NOT BEING RECEIVED. PHOTOS ARE INCLUDED.,Powered muscle stimulator
5366369,36026602,D,1,,PATIENT REPORTED BURN MARKS ON HER UPPER ARM. SHE SAID SHE TOOK PICTURES AND WILL SEND TO US.,Powered muscle stimulator
5366365,36027988,N,1,,"PATIENT HAS BEEN CALLED, AND UNIT HAS NOT BEEN RECEIVED AS OF (B)(6) 2013. WAITING FOR UNIT. ZYNEX BELIEVED A MDR WAS SENT IN (B)(6) 2015, BUT IT WAS DISCOVERED IT WAS NOT.",Powered muscle stimulator
5366365,36027989,D,1,,"PATIENT RECEIVED BURNS TO NECK IN (B)(6) 2015, BUT WASN'T REPORT UNTIL (B)(6) 2015. UNIT HAS NOT BEEN RECEIVED FOR EVALUATION.",Powered muscle stimulator
5366363,36027994,N,1,,"PATIENT HAS BEEN CALLED, AND UNIT HAS NOT BEEN RECEIVED AS OF (B)(6) 2013.",Powered muscle stimulator
5366363,36027995,D,1,,PATIENT REPORTED UNIT SHOCKS AND BURNS PATIENT WHEN USING IT. SALES REP BELIEVES IT IS SHORTING OUT. HE SAYS THE UNIT MELT SOME OF THE ELECTRODES. THE PATIENT CLAIMS THE LOWER BACK GARMENT GAVE BLISTERS.,Powered muscle stimulator
5376486,36345851,N,1,,UNIT WAS EVALUATED AND NO PROBLEM WAS FOUND. FOUND DURING 2015 AND SHOULD HAVE BEEN REPORTED.,Powered muscle stimulator
5376486,36345852,D,1,,PT BURNED BY UNIT.,Powered muscle stimulator
5395593,36948766,D,1,,"INITIAL INFORMATION REGARDING THIS UNSOLICITED DEVICE CASE FROM UNITED STATES WAS RECEIVED FROM THE PATIENT ON (B)(6) 2016, PROCESSED TOGETHER WITH CSD OF (B)(6) 2016. THIS CASE INVOLVES A (B)(6) FEMALE PATIENT, WHO HAD A HUGE GRAND MAL SEIZURE, UNSPECIFIED TIME AFTER SHE STARTED USING SMART RELIEF TENS THERAPY (SMART RELIEF TENS THERAPY KNEE AND SHOULDER). MEDICAL HISTORY AND CONCOMITANT MEDICATIONS WERE NOT REPORTED. ON AN UNKNOWN DATE, THE PATIENT STARTED THERAPY WITH SMART RELIEF TENS THERAPY AT AN UNSPECIFIED FREQUENCY (LOT/BATCH NUMBER: 14H133 AND EXPIRY DATE: UNKNOWN) FOR UNKNOWN INDICATION. THE PATIENT STATED SHE USED TO USE THE PRODUCT YEARS AGO (PAST DEVICE) AND WHEN THE BATTERY QUIT SHE QUIT USING IT. REPORTEDLY, SHE WAS THRILLED TO SEE IT WAS AVAILABLE OVER THE COUNTER. REPORTEDLY, SHE USED IT TWICE ON (B)(6) 2016 AND THIS MORNING (ON (B)(6) 2016) AT CHURCH SHE HAD A HUGE GRAND MAL SEIZURE (LATENCY: UNKNOWN). LOOKING ON LINE SHE SAW WHERE THIS CAN HAPPEN. ACTION TAKEN: DRUG WITHDRAWN NOS. CORRECTIVE TREATMENT: NOT REPORTED. OUTCOME: UNKNOWN. SERIOUSNESS CRITERIA: IMPORTANT MEDICAL EVENT QA REVIEW WAS PERFORMED AND INVESTIGATION FINDINGS WERE REPORTED AS ""THE DEVICE HISTORY FILES WERE REVIEWED AT THE TIME OF THE COMPLAINT FOR ANY ANOMALY, DEVIATION OR INVESTIGATION, DOCUMENTED OR OTHERWISE THAT MIGHT RESULT IN ANY TYPE OF COMPLAINT AGAINST THE LOT. NO EVIDENCE OF ROOT CAUSE WAS FOUND IN THE DEVICE HISTORY FILES."" PHARMACOVIGILANCE COMMENT: SANOFI COMPANY COMMENT DATED 22-01-2016: THIS CASE CONCERNS A (B)(6) FEMALE PATIENT WHO EXPERIENCED GRAND MAL SEIZURE AFTER APPLYING THE DEVICE SMART RELIEF TENS. ALTHOUGH THE CAUSAL ROLE OF SUSPECT DEVICE CANNOT BE FORMALLY EXCLUDED. HOWEVER LACK OF INFORMATION ABOUT THE USAGE OF DEVICE, ASSOCIATED CIRCUMSTANCES LEADING TO THE EVENT ALONG WITH THE CONCOMITANTS/PAST MEDICATION AND DETAILS OF MEDICAL HISTORY OF THE PENITENT PRECLUDES COMPREHENSIVE ASSESSMENT OF THE CASE.",TENS (over-the-counter)
5365805,37045522,D,1,,"UPON INTERNAL REVIEW ON 18-DEC-2015, MEDICAL REASSESSMENT WAS MADE TO UPGRADE THE CASE FROM 'NONSERIOUS' TO 'SERIOUS', SINCE THE PREVIOUSLY REPORTED EVENT ""SKIN ACTUALLY BURNT"" WAS REASSESSED AS SERIOUS- IMPORTANT MEDICAL EVENT. INITIAL INFORMATION REGARDING THIS UNSOLICITED DEVICE CASE FROM THE UNITED STATES WAS RECEIVED FROM A PATIENT ON 28-OCT-2015. THIS CASE INVOLVES A FEMALE PATIENT OF UNKNOWN AGE WHOSE SKIN ACTUALLY BURNT AN UNSPECIFIED TIME FRAME AFTER USING SMART RELIEF TENS THERAPY (ICY HOT SMART RELIEF TENS THERAPY). NO RELEVANT PAST MEDICATIONS, MEDICAL HISTORY, CONCURRENT CONDITIONS OR CONCOMITANT MEDICATIONS WERE REPORTED. ON AN UNSPECIFIED DATE THE PATIENT STARTED USING SMART RELIEF TENS THERAPY FOR AN UNREPORTED INDICATION (LOT/BATCH NUMBER: 15D108 AND EXPIRATION DATE: 28-FEB-2017). IT WAS REPORTED THAT THE PATIENT USED THE PRODUCT ON THE HIP AREA ON LOW AND DID NOT USE FOR THE FULL AMOUNT OF 30 MINUTES. HOWEVER HER SKIN ACTUALLY BURNT (ONSET DATE AND LATENCY: UNKNOWN) AND SHE NEEDED TO SEEK MEDICAL HELP. THE PATIENT SUGGESTED PUTTING SOME KIND OF WARNING LABEL MENTIONING ""TO BE VERY CAUTIOUS WHEN USING THIS DEVICE IF YOUR SKIN IS SENSITIVE"". SHE ALSO WONDERED IF THE DEVICE WAS FAULTY. ACTION TAKEN: UNKNOWN. OUTCOME: UNKNOWN. UPON INTERNAL REVIEW ON 18-DEC-2015, MEDICAL RE-ASSESSMENT WAS MADE TO UPGRADE THE CASE FROM 'NON-SERIOUS' TO 'SERIOUS', SINCE THE PREVIOUSLY REPORTED EVENT ""SKIN ACTUALLY BURNT"" WAS REASSESSED AS SERIOUS- IMPORTANT MEDICAL EVENT. QA REVIEW: DESCRIPTION OF INVESTIGATION: RECEIVED ONE TENS UNIT SERIAL NUMBER 1409161379597, ONE PANASONIC BATTERY, AND ONE ELECTRODE FROM LOT 14082001 FOR EVALUATION. UPON VISUAL INSPECTION, THE TENS UNIT WAS IN GOOD CONDITION. THE UNIT WAS FULLY FUNCTIONAL WITH BOTH THE RECEIVED AND A NEW BATTERY; COMPLETE AND CONSISTENT STIMULATION WAS PRESENT. NO ERRATIC OPERATION FROM THE CONTROL UNIT WAS NOTED. THE ELECTRODE WAS IN GOOD CONDITION AND STORED ON A CLEAR, PROTECTIVE SHEET; IT WAS CLEAN, NOT MISSING GEL, AND STICKY. THE LEFT IMPEDANCE READINGS WERE 600 OHM AND 600 OHM, AND THE RIGHT IMPEDANCE READINGS WERE 630 OHM AND 600 OHM. BECAUSE OF THE SEVERITY OF THE BURN CLAIM, THE PAD WAS HEAVILY INVESTIGATED FOR HOTSPOTS; HOWEVER, THERE WERE UNIFORM IMPEDANCE READINGS ACROSS VARIOUS LOCATIONS OF THE PAD. THEREFORE, THE ELECTRODE PAD IS NOT THE REASON THAT THE CONSUMER WAS EXPERIENCING ISSUES. ALL DEVICE COMPONENTS WERE INVESTIGATED AND IT CAN BE CONFIRMED THAT THE ADVERSE EVENT THAT THE CONSUMER WAS EXPERIENCING WAS NOT DUE TO ANY DEVICE MALFUNCTION. THEREFORE, NO FAULTS WERE FOUND WITH THIS DEVICE. FINAL CONCLUSION: NO FAULTS FOUND WITH THIS DEVICE ROOT CAUSE: NO FAULTS FOUND WITH THIS DEVICE ADDITIONAL INFORMATION WAS RECEIVED ON 19-JAN-2016: LOT/BATCH NUMBER, EXPIRY DATE ADDED, QA REVIEW WAS ALSO ADDED.",TENS (over-the-counter)
5395593,37082964,D,1,,"INITIAL INFORMATION REGARDING THIS UNSOLICITED DEVICE CASE FROM UNITED STATES WAS RECEIVED FROM THE PATIENT ON (B)(6) 2016, PROCESSED TOGETHER WITH CSD OF (B)(6) 2016. THIS CASE INVOLVES A (B)(6) FEMALE PATIENT, WHO HAD A HUGE GRAND MAL SEIZURE, UNSPECIFIED TIME AFTER SHE STARTED USING SMART RELIEF TENS THERAPY (SMART RELIEF TENS THERAPY KNEE AND SHOULDER). THE PATIENT HAD MEDICAL HISTORY OF SEIZURES IN HER SLEEP, CONCUSSIONS, SHE UNDERWENT KNEE SURGERY ON (B)(6) 2015 AND HAD NOT BEEN TAKING THE PAIN MEDICATION BECAUSE THE PAIN DID NOT REQUIRE THEM. CONCOMITANT MEDICATION INCLUDED OXCARBAZEPINE. ON (B)(6) 2016, THE PATIENT STARTED THERAPY WITH SMART RELIEF TENS THERAPY (LOT/BATCH NUMBER AND EXPIRY DATE: UNKNOWN). THE SMART RELIEF TENS THERAPY DEVICE WAS PURCHASED (B)(6) 2016 FOR A SHOULDER INJURY. THE PATIENT STATED SHE USED TO USE THE PRODUCT YEARS AGO (PAST DEVICE) AND WHEN THE BATTERY QUIT SHE QUIT USING IT. SHE WAS THRILLED TO SEE IT WAS AVAILABLE OVER THE COUNTER. REPORTEDLY, SHE USED IT TWICE ON (B)(6) 2016 (ONCE IN THE MORNING AND ONCE IN THE EVENING) AND THIS MORNING (ON (B)(6) 2016) AT AROUND 09:30 AM AT CHURCH SHE HAD A HUGE GRAND MAL SEIZURE (LATENCY: UNKNOWN) AND FELL ON THE GROUND. REPORTEDLY HER EYES ROLLED BACK, SHE WAS BITING HER TONGUE AND HER ARMS WERE STIFF. THE PATIENT WAS NOT STRESSED AT THE TIME OF EVENT. SHE DID NOT SEEK ANY MEDICAL TREATMENT AFTER THE EVENT, WENT HOME AND SHE WENT TO BED. THE PATIENT THEN HAD 02 MORE GRAND MAL SEIZURES WITHIN A 50 HOUR TIME PERIOD. SHE INFORMED THAT SHE HAD NOT USED THE PRODUCT ON SUNDAY ((B)(6) 2016) AND DID NOT HAVE IT ON WHEN THE SEIZURE OCCURRED. THE PATIENT DID NOT HAVE A FEVER, ILLNESS, WAS NOT SLEEP DEPRIVED OR DEHYDRATED. THERE WAS NO TRIGGER OR WARNING BEFORE THE SEIZURE, AND THAT THIS SEIZURE WAS THE WORST THE PATIENT HAS EVER HAD. THE PATIENT THOUGHT THAT SOMETHING WAS WRONG WITH THIS PRODUCT BECAUSE SHE ONLY FELT STIMULATION AFTER HOLDING THE DEVICE DOWN AND TURNING IT WAY UP. SHE DID NOT KNOW WHAT INTENSITY LEVEL IT WAS ON BECAUSE IT DIDN'T SEEM TO BE WORKING PROPERLY. THE DEVICE WAS BEING USED ON HER RIGHT SHOULDER. SHE ALSO HAD A HISTORY OF CONCUSSIONS AND THOUGHT THAT TO BE REASON FOR OCCURRENCE OF HER SEIZURES. HOWEVER THEY HAD ONLY EVER OCCURRED DURING HER SLEEP, AND NEVER LIKE THIS BEFORE. LATER ON SHE MENTIONED THAT THE DOCTOR THOUGHT THEY WERE CAUSED BY STRESS. THE LAST SEIZURE WAS MORE THAN A YEAR AGO, SHE HAS LITTLE ""ABSENT SEIZURES"" BUT THIS WAS THE MOST VIOLENT SEIZURE SHE HAS EVER HAD. THE PATIENT WAS RECOMMENDED TO SEEK MEDICAL ATTENTION. ACTION TAKEN: DRUG WITHDRAWN NOS. OUTCOME: UNKNOWN. SERIOUSNESS CRITERIA: IMPORTANT MEDICAL EVENT QA REVIEW WAS PERFORMED AND INVESTIGATION FINDINGS WERE REPORTED AS ""THE DEVICE HISTORY FILES WERE REVIEWED AT THE TIME OF THE COMPLAINT FOR ANY ANOMALY, DEVIATION OR INVESTIGATION, DOCUMENTED OR OTHERWISE THAT MIGHT RESULT IN ANY TYPE OF COMPLAINT AGAINST THE LOT. NO EVIDENCE OF ROOT CAUSE WAS FOUND IN THE DEVICE HISTORY FILES."" ADDITIONAL INFORMATION WAS RECEIVED ON (B)(6) 2016 FROM THE PATIENT: MEDICAL HISTORY AND CONCOMITANT MEDICATION ADDED, THERAPY START DATE FOR SMART RELIEF TENS THERAPY WAS ADDED AS (B)(6) 2016' AND INDICATION WAS ADDED AS 'SHOULDER INJURY', INFORMATION ON CORRECTIVE TREATMENT ADDED, DETAILS REGARDING EVENT (SYMPTOMS ADDED, IT WAS INFORMED THAT THE PRODUCT WAS NOT IN USE AT THE TIME OF EVENT, INFORMATION ON TRIGGER FACTORS AND LAST EPISODE OF SEIZURE PRIOR TO EVENT) ADDED, CLINICAL COURSE UPDATED AND NARRATIVE WAS UPDATED ACCORDINGLY. PHARMACOVIGILANCE COMMENT: SANOFI COMPANY COMMENT DATED 22-01-2016: THIS CASE CONCERNS A (B)(6) FEMALE PATIENT WHO EXPERIENCED GRAND MAL SEIZURE AFTER APPLYING THE DEVICE SMART RELIEF TENS. ALTHOUGH THE CAUSAL ROLE OF SUSPECT DEVICE CANNOT BE FORMALLY EXCLUDED. HOWEVER THE PATIENT'S MEDICAL HISTORY OF CONVULSIONS IS A CONFOUNDING FACTOR FOR THIS EVENT.",TENS (over-the-counter)
5395593,37566586,D,1,,"INITIAL INFORMATION REGARDING THIS UNSOLICITED DEVICE CASE FROM UNITED STATES WAS RECEIVED FROM THE PATIENT ON 17-JAN-2016 AND 18-JAN-2016, PROCESSED TOGETHER WITH CSD OF 17-JAN-2016. THIS CASE INVOLVES A (B)(6) FEMALE PATIENT, WHO HAD A HUGE GRAND MAL SEIZURE, ONE DAY AFTER SHE STARTED USING SMART RELIEF TENS THERAPY (SMART RELIEF TENS THERAPY KNEE AND SHOULDER). THE PATIENT HAD MEDICAL HISTORY OF SEIZURES IN HER SLEEP, CONCUSSIONS, SHE UNDERWENT KNEE SURGERY ON (B)(6) 2015 AND HAD NOT BEEN TAKING THE PAIN MEDICATION BECAUSE THE PAIN DID NOT REQUIRE THEM. CONCOMITANT MEDICATION INCLUDED OXCARBAZEPINE. ON (B)(6) 2016, THE PATIENT STARTED THERAPY WITH SMART RELIEF TENS THERAPY (LOT/BATCH NUMBER AND EXPIRY DATE: UNKNOWN). THE SMART RELIEF TENS THERAPY DEVICE WAS PURCHASED (B)(6) 2016 FOR A SHOULDER INJURY. THE PATIENT STATED SHE USED TO USE THE PRODUCT YEARS AGO (PAST DEVICE) AND WHEN THE BATTERY QUIT SHE QUIT USING IT. SHE WAS THRILLED TO SEE IT WAS AVAILABLE OVER THE COUNTER. REPORTEDLY, SHE USED IT TWICE ON (B)(6) 2016 (ONCE IN THE MORNING AND ONCE IN THE EVENING) AND THIS MORNING (ON (B)(6) 2016) AT AROUND 09:30 AM AT CHURCH SHE HAD A HUGE GRAND MAL SEIZURE (LATENCY: UNKNOWN) AND FELL ON THE GROUND. REPORTEDLY HER EYES ROLLED BACK, SHE WAS BITING HER TONGUE AND HER ARMS WERE STIFF. THE PATIENT WAS NOT STRESSED AT THE TIME OF EVENT. SHE DID NOT SEEK ANY MEDICAL TREATMENT AFTER THE EVENT, WENT HOME AND SHE WENT TO BED. THE PATIENT THEN HAD 02 MORE GRAND MAL SEIZURES WITHIN A 50 HOUR TIME PERIOD. SHE INFORMED THAT SHE HAD NOT USED THE PRODUCT ON ((B)(6) 2016) AND DID NOT HAVE IT ON WHEN THE SEIZURE OCCURRED. THE PATIENT DID NOT HAVE A FEVER, ILLNESS, WAS NOT SLEEP DEPRIVED OR DEHYDRATED. THERE WAS NO TRIGGER OR WARNING BEFORE THE SEIZURE, AND THAT THIS SEIZURE WAS THE WORST THE PATIENT HAS EVER HAD. THE PATIENT THOUGHT THAT SOMETHING WAS WRONG WITH THIS PRODUCT BECAUSE SHE ONLY FELT STIMULATION AFTER HOLDING THE DEVICE DOWN AND TURNING IT WAY UP. SHE DID NOT KNOW WHAT INTENSITY LEVEL IT WAS ON BECAUSE IT DIDN'T SEEM TO BE WORKING PROPERLY. THE DEVICE WAS BEING USED ON HER RIGHT SHOULDER. SHE ALSO HAD A HISTORY OF CONCUSSIONS AND THOUGHT THAT TO BE REASON FOR OCCURRENCE OF HER SEIZURES. HOWEVER THEY HAD ONLY EVER OCCURRED DURING HER SLEEP, AND NEVER LIKE THIS BEFORE. LATER ON SHE MENTIONED THAT THE DOCTOR THOUGHT THEY WERE CAUSED BY STRESS. THE LAST SEIZURE WAS MORE THAN A YEAR AGO, SHE HAS LITTLE ""ABSENT SEIZURES"" BUT THIS WAS THE MOST VIOLENT SEIZURE SHE HAS EVER HAD. THE PATIENT WAS RECOMMENDED TO SEEK MEDICAL ATTENTION. ACTION TAKEN: DRUG WITHDRAWN NOS. OUTCOME: UNKNOWN. SERIOUSNESS CRITERIA: IMPORTANT MEDICAL EVENT. QA REVIEW WAS PERFORMED AND INVESTIGATION FINDINGS WERE REPORTED AS ""THE DEVICE HISTORY FILES WERE REVIEWED AT THE TIME OF THE COMPLAINT FOR ANY ANOMALY, DEVIATION OR INVESTIGATION, DOCUMENTED OR OTHERWISE THAT MIGHT RESULT IN ANY TYPE OF COMPLAINT AGAINST THE LOT. NO EVIDENCE OF ROOT CAUSE WAS FOUND IN THE DEVICE HISTORY FILES."" THE CONSUMER WAS NOT WEARING THE TENS DEVICE AT THE TIME OF THE GRAND MAL SEIZURE; THEY HAD USED IT TWICE THE NIGHT BEFORE. ADDITIONALLY, WHEN THE CONSUMER WAS USING THE DEVICE, THEY STATED THAT ADDITIONAL PRESSURE WAS REQUIRED TO FEEL STIMULATION. THEREFORE, ERRATIC OR OVERSTIMULATION OUTPUT WAS LIKELY NOT OCCURRING. THE CONSUMER STATES THAT THEY HAVE HAD SEIZURES IN THE PAST. THE OCCURRENCE OF THIS ADVERSE EVENT IS NOT LINKED TO ANY DEVICE MALFUNCTION. THE CONSUMER RETURNED THE DEVICE TO THE RETAILER, SO RETURN IS NOT EXPECTED. THEREFORE, NO INVESTIGATION CAN BE PERFORMED AT THIS TIME. ADDITIONAL INFORMATION WAS RECEIVED ON 25-JAN-2016 FROM THE PATIENT: MEDICAL HISTORY AND CONCOMITANT MEDICATION ADDED, THERAPY START DATE FOR SMART RELIEF TENS THERAPY WAS ADDED AS (B)(6) 2016' AND INDICATION WAS ADDED AS 'SHOULDER INJURY', INFORMATION ON CORRECTIVE TREATMENT ADDED, DETAILS REGARDING EVENT (SYMPTOMS ADDED, IT WAS INFORMED THAT THE PRODUCT WAS NOT IN USE AT THE TIME OF EVENT, INFORMATION ON TRIGGER FACTORS AND LAST EPISODE OF SEIZURE PRIOR TO EVENT) ADDED, CLINICAL COURSE UPDATED AND NARRATIVE WAS UPDATED ACCORDINGLY. ADDITIONAL INFORMATION WAS RECEIVED ON 25-JAN-2016, QA REVIEW FINDING WAS UPDATED. TEXT AMENDED ACCORDINGLY. PHARMACOVIGILANCE COMMENT: SANOFI COMPANY COMMENT DATED 25-01-2016: FOLLOW UP INFORMATION DOES NOT CHANGE THE PREVIOUS ASSESSMENT OF THIS CASE. SANOFI COMPANY COMMENT DATED 22-01-2016: THIS CASE CONCERNS A (B)(6) FEMALE PATIENT WHO EXPERIENCED GRAND MAL SEIZURE AFTER APPLYING THE DEVICE SMART RELIEF TENS. ALTHOUGH THE CAUSAL ROLE OF SUSPECT DEVICE CANNOT BE FORMALLY EXCLUDED. HOWEVER THE PATIENT'S MEDICAL HISTORY OF CONVULSIONS AND CONCUSSION IS A CONFOUNDING FACTOR FOR THIS EVENT.",TENS (over-the-counter)
5415676,37611555,D,1,,"INITIAL INFORMATION REGARDING THIS SERIOUS UNSOLICITED DEVICE CASE FROM THE UNITED STATES WAS RECEIVED FROM A HEALTHCARE PROFESSIONAL REPORTER (PHARMACIST) ON (B)(4) 2016. THIS CASE INVOLVES A PATIENT OF UNKNOWN DEMOGRAPHICS WHO HAD A SERIOUS SKIN REACTION, UNKNOWN DURATION AFTER STARTING SMART RELIEF TENS THERAPY (ICY HOT SMART RELIEF TENS THERAPY). RELEVANT PAST MEDICATIONS, MEDICAL HISTORY OR CONCOMITANT MEDICATIONS WERE NOT REPORTED. ON AN UNSPECIFIED DATE, THE PATIENT STARTED USING SMART RELIEF TENS THERAPY FOR AN UNREPORTED INDICATION (LOT/ BATCH NUMBER AND EXPIRATION DATE: NOT PROVIDED). THE PATIENT HAD A SERIOUS SKIN REACTION, UNKNOWN TIME AFTER STARTING THE USE OF SMART RELIEF TENS THERAPY (ONSET DATE: UNKNOWN) AND THE REPORTER WAS TRYING TO DETERMINE THE INGREDIENT IN THE PRODUCT THAT CAUSED THE EVENT. ACTION TAKEN: UNKNOWN. INFORMATION ON CORRECTIVE TREATMENT WAS NOT PROVIDED. OUTCOME: UNKNOWN. THIS CASE WAS ASSESSED AS SERIOUS DUE TO MEDICALLY SIGNIFICANT EVENT OF ""HAD A SERIOUS SKIN REACTION"".",TENS (over-the-counter)
5416286,37735388,D,1,,"THERAPIST PLACED PT ON CYCLE, CALF PAD WAS NOT ON THE CALF SUPPORT. UPPER EXTREMITY EXERCISE WAS PLANNED, BUT WAS NOT SELECTED. CYCLE STARTED IN LOWER EXERCISE CAUSING A LACERATION TO PT'S SHIN. THE PT WAS SENT TO THE EMERGENCY ROOM AND REQUIRED STITCHES.",Powered exercise equipment (incl. CPM)
5415676,38444490,D,1,,"INITIAL INFORMATION REGARDING THIS SERIOUS UNSOLICITED DEVICE CASE FROM THE UNITED STATES WAS RECEIVED FROM A HEALTHCARE PROFESSIONAL REPORTER (PHARMACIST) ON (B)(6) 2016. THIS CASE INVOLVES A PATIENT OF UNKNOWN DEMOGRAPHICS WHO HAD A SERIOUS SKIN REACTION, UNKNOWN DURATION AFTER STARTING SMART RELIEF TENS THERAPY (ICY HOT SMART RELIEF TENS THERAPY). RELEVANT PAST MEDICATIONS, MEDICAL HISTORY OR CONCOMITANT MEDICATIONS WERE NOT REPORTED. ON AN UNSPECIFIED DATE THE PATIENT STARTED USING SMART RELIEF TENS THERAPY FOR AN UNREPORTED INDICATION (LOT/ BATCH NUMBER AND EXPIRATION DATE: NOT PROVIDED). THE PATIENT HAD A SERIOUS SKIN REACTION, UNKNOWN TIME AFTER STARTING THE USE OF SMART RELIEF TENS THERAPY (ONSET DATE: UNKNOWN) AND THE REPORTER WAS TRYING TO DETERMINE THE INGREDIENT IN THE PRODUCT THAT CAUSED THE EVENT. ACTION TAKEN: UNKNOWN. INFORMATION ON CORRECTIVE TREATMENT WAS NOT PROVIDED. OUTCOME: UNKNOWN. QA REVIEW WAS PERFORMED AND INVESTIGATION FINDINGS WERE REPORTED AS ""THE DEVICE HISTORY FILES WERE REVIEWED AT THE TIME OF THE COMPLAINT FOR ANY ANOMALY, DEVIATION OR INVESTIGATION, DOCUMENTED OR OTHERWISE THAT MIGHT RESULT IN ANY TYPE OF COMPLAINT AGAINST THE LOT. NO EVIDENCE OF ROOT CAUSE WAS FOUND IN THE DEVICE HISTORY FILES."" THIS CASE WAS ASSESSED AS SERIOUS DUE TO MEDICALLY SIGNIFICANT FOR THE EVENT OF ""HAD A SERIOUS SKIN REACTION"". ADDITIONAL INFORMATION WAS RECEIVED ON 29-JAN-2016: QA REVIEW WAS ADDED. TEXT AMENDED ACCORDINGLY.",TENS (over-the-counter)
5470466,39367410,D,1,,"SERVICE OF SUMMONS WAS MANUFACTURERS FIRST NOTIFICATION OF THIS EVENT. PLAINTIFFS COUNSEL CLAIMS IN THE COMPLAINT THAT ""PLAINTIFF SUFFERED A RUPTURED PATELLAR TENDON AFTER FOLLOWING INSTRUCTIONS WHICH CAUSED KNEE INJURY, MULTIPLE SURGERIES, MULTIPLE HOSPITALIZATIONS, PAIN, SUFFERING, PERMANENT DISFIGUREMENT, MEDICAL SPECIALS, LOST EARNINGS, LOSS OF EARNINGS CAPACITY, COSTS, FUTURE MEDICAL SPECIALS AND BILLING"". QUESTIONNAIRE NOT RECEIVED FROM CLINICIAN AND/OR PATIENT. DEVICE NOT RETURNED TO MANUFACTURER FOR EVALUATION.",Powered exercise equipment (incl. CPM)
5487068,39939264,N,1,,"HAVE ATTEMPTED MULTIPLE TIMES SINCE (B)(6) 2016 TO SUBMIT THIS MDR, WITHOUT SUCCESS.",TENS (prescription)
5487068,39939325,D,1,,"THE END-USER RECEIVED SECOND DEGREE BURNS FROM A TENS UNIT. PER THE DOCTOR AT A CHIROPRACTIC OFFICE, AFTER 3-4 MINUTES OF TENS UNIT TREATMENT, THE END-USER STARTED THAT HE FELT LIKE THE ELECTRODES WERE STINGING, SO HE BACKED DOWN THE NUMBER. AGAIN, THE PATIENT STATED THAT IT WAS STINGING AT THE END OF THE 10-MINUTE SESSION. THE PATIENT IS REPORTED AS HAVING A HIGH TOLERANCE FOR PAIN. WITHIN 15-20 MINUTES AFTER LEAVING THE DOCTOR'S OFFICE AFTER TREATMENT, THE PATIENT CALLED BACK TO SAY THAT HE WAS BURNED. THE DOCTOR ADVISED THE PATIENT GO TO A CLINIC AND HAVE THE BURNS CHECKED OUT - THE PATIENT WAS THEN DIAGNOSED WITH 2ND DEGREE BURNS, GIVEN AN ORAL ANTIBIOTIC AND CREAM TO USE FOR 2-4 WEEKS UNTIL THE BURN HEALS. THE DEVICE WAS RETURNED TO COMPASS HEALTH BRANDS AND TESTED ON ALL FOUR CHANNELS IN BIPHASIC MODE (SYMMETRICAL), AND WAS FOUND TO BE WITHIN SPEC RANGE (+/- 20% MA) - THE PARAMETERS WERE SET TO 50PPS, PHASE DURATION 300US AND THE CYCLE TIME CONTINUOUS WITH AN OUTPUT OF 100MA'S. THE UNIT WAS TESTED WITH THE LEAD WIRES SENT BACK WITH THE DEVICE AS WELL AS THE QUALITY DEPARTMENT'S WIRES - RESULTS WERE THE SAME FOR BOTH SETS OF WIRES. OVERALL, THE CUSTOMER'S COMPLAINT WAS UNABLE TO BE DUPLICATED BASED ON A REVIEW OF THE RETURNED DEVICE. HAVE ATTEMPTED MULTIPLE TIMES SINCE (B)(6) 2016 TO SUBMIT THIS MDR.",TENS (prescription)
5498956,40279180,D,1,,"WHEN USING THE MICROCURRENT SETTINGS FOR TRANSCRANIAL THERAPY OF A TENS UNIT, THE PATIENT FOUND THE UNIT UNCOMFORTABLE - THE UNIT HAD BURNED HIS EARS WHEN SET AT .35MA. THE DOCTOR THOUGHT THIS COULD NOT BE POSSIBLE BECAUSE, BASED ON HIS KNOWLEDGE, THE THRESHOLD FOR A HUMAN FEELING CURRENT IS .5MA TO 1MA. (UPDATE RECEIVED 3/3/2016) THE PATIENT RECEIVED SECOND DEGREE BURNS - THE BLISTERS ITCHED AND THEN SCABBED OVER. THEY APPLIED ANTIBIOTIC OINTMENT FROM THAT POINT UNTIL THE BURNS WERE HEALED. THERE ARE STILL SOME SMALL RESIDUAL BUMPS ON THE BACK OF HIS EARLOBES - THESE ARE NOT ITCHY NOR SCABBING. THE UNIT WAS RETURNED TO COMPASS HEALTH BRANDS ON 3/7/2016 AND TESTED ON CHANNELS 1 AND 2 WITH BOTH THE RETURNED END-USER'S LEAD WIRES AND IN-HOUSE TESTING SAMPLE LEAD WIRES - THE DEVICE APPEARED TO BE WITHIN SPEC RANGE OVERALL. THE CUSTOMER'S COMPLAINT WAS UNABLE TO BE DUPLICATED UPON A REVIEW OF THE RETURNED DEVICE.",TENS (prescription)
5501616,40363067,N,1,,NOT YET RETURNED.,Powered muscle stimulator
5501616,40363068,D,1,,"COMPLAINT RECEIVED THAT ALLEGES ""ONCE TECHNICIAN BELIEVED THE THERAPY SESSION WAS COMPLETED SHE ATTEMPTED TO REMOVE THE ELECTRODES FROM THE PATIENT. AS SHE WAS REMOVING THE ELECTRODES SHE SUSTAINED AN ELECTRICAL SHOCK THAT GRIPPED HER HANDS, WRISTS AND ELBOWS SUSTAINED IT IN A FLEXED POSITION. SHE WAS UNABLE TO RELEASE THE ELECTRODES UNTIL THE MACHINE WAS SHUT OFF BY OTHERS IN THE ROOM"". DEVICE NOT YET RETURNED TO MANUFACTURER FOR EVALUATION. NO INDICATION EVENT CAUSED OR CONTRIBUTED TO PERMANENT IMPAIRMENT OR DEATH.",Powered muscle stimulator
5520203,41007315,D,1,,"AN END-USER RECEIVED SECOND DEGREE BURNS FROM TREATMENT WITH USE OF A QUATTRO 2.5 TENS UNIT. THE USER WAS DIAGNOSED BY A DOCTOR AT URGENT CARE. THE CHIROPRACTOR'S TECHNICIAN USED THE DOCTOR'S (CHIROPRACTOR'S) TRAVEL CARD (INSTRUCTIONS ON WHERE TO PLACE THE ELECTRODES PER PATIENT) TO APPLY 4 ELECTRODES TO THE PATIENT'S (END-USER'S) UPPER BACK. THIS PATIENT ADVISED THE TECHNICIAN (THIS IS A REPEAT PATIENT WHO HAD NOT SEEN THIS PARTICULAR TECHNICIAN BEFORE) HER SKIN DOESN'T ALWAYS TAKE WELL TO THE ELECTRODES; I.E., OTHER TECHNICIANS HAD PREVIOUSLY - AT TIMES - HAD A PROBLEM GETTING THE ELECTRODES TO STICK WELL. THE TECHNICIAN REMOVED THE ELECTRODES FROM THE BAG AND FELT THEY WERE STICKY. THIS SET OF ELECTRODES WAS OPENED IN (B)(6) 2016, AND THIS IS THE THIRD USE OF THIS SET OF ELECTRODES FOR THE PATIENT. THE OFFICE DOES NOT SHARE ELECTRODES AMONGST PATIENTS. THE ELECTRODES WERE PLACED ON THE PATIENT'S UPPER BACK WITH A 2-FINGER WIDTH DISTANCE APART FROM ONE ANOTHER. THE INTENSITY WAS SLOWLY INCREASED TO 26, AND THE PATIENT ACKNOWLEDGED THAT THIS WAS A GOOD INTENSITY. THE PATIENT WAS THEN SEATED IN A TRACTION MASSAGE CHAIR WITH HEAT APPLIED TO HER NECK AREA, BUT NOT OVER THE ELECTRODES. THE TECHNICIAN LEFT THE PATIENT TO HELP WITH ANOTHER. WHEN SHE LOOKED BACK AT THE PATIENT, SHE NOTICED A LOOK OF DISCOMFORT ON HER FACE. THE TECHNICIAN QUESTIONED IF SHE WAS OK AND THE PATIENT SAID SHE WAS FEELING THE INTENSITY VERY STRONG AND ASKED THE TECHNICIAN TO TURN DOWN THE INTENSITY. THE OUTPUT INTENSITY WAS DECREASED TO A POINT WHERE THE PATIENT WAS MORE COMFORTABLE (WE DO NOT KNOW THE LEVEL TO WHICH IT WAS DECREASED). THE TREATMENT WAS THEN COMPLETED. AS THE TECHNICIAN REMOVED, THE ELECTRODES, SHE NOTED A LARGER WHITE SPOT AND TWO SMALLER WHITE SPOTS. SHE WALKED THE PATIENT TO THE FRONT OF THE OFFICE AND ASKED A MORE-EXPERIENCED TECHNICIAN TO REVIEW THE MARKINGS. THE TECHNICIAN BELIEVED THESE MARKINGS WERE BURNS. WHEN THE PATIENT LEFT THE OFFICE, SHE WAS OK, BUT LATER FOLLOWED UP AT AN URGENT CARE CENTER. SHE WAS DIAGNOSED WITH SECOND DEGREE BURNS. THE DOCTOR FROM URGENT CASE ADVISED THE BURNS WOULD PROBABLY TAKE 4 WEEKS TO HEAL AND PROVIDED THE PATIENT WITH AN OINTMENT FOR THE BURNS. SHE WAS ADVISED TO KEEP THE AREA CLEAN AND DRY. ADDITIONAL USE INFORMATION SUBSEQUENT TO THE INITIAL COMPLAINT INCLUDE THE FOLLOWING: CONFIRMATION THAT, AGAIN, NO HEAT WAS APPLIED OVER THE ELECTRODES; THE ELECTRODES USED WERE 4 2""X2"" DURASTICK PLUS, 1/5"" APART, THEIR THIRD USE ON THIS PATIENT; THE DEVICE IS CONFIRMED AS HAVING BEEN TURNED OFF WHEN THE PADS WERE REMOVED OR ADJUSTED; IT IS CONFIRMED THAT THE ELECTRODES WERE NOT PLACED ON OPEN WOUNDS, RASHES OR SWOLLEN, RED, INFECTED OR INFLAMED AREAS OR SKIN ERUPTIONS; THERE IS CONFIRMED EXPERIENCE WITH THE USED WAVEFORM PRIOR TO USING THIS DEVICE (CHIROPRACTOR TECHNICIAN); THE ELECTRODES WERE STORED IN THE BAG THEY CAME IN, SEALED AND STORED IN A DRAWER IN A CABINET; THE USER MANUAL IS CONFIRMED AS HAVING BEEN READ IN REGARDS TO ELECTRODE PLACEMENT; THE DEVICE WAS LESS THAN 6 MONTHS IN USE, AND NEW LEAD WIRES WERE NOT TRIED; THE LEAD WIRES ARE ALSO CONFIRMED AS HAVING NO EXPOSED WIRES OR DAMAGE. THE CUSTOMER HAD STATED THAT THE ""WAVEFORM ON THE DEVICE WAS A LITTLE DIRTY."" THE DEVICE WAS RETURNED TO COMPASS HEALTH BRANDS ON (B)(6) 2016. SOME OBSERVATIONS OF THE RETURNED DEVICE INCLUDE THE FOLLOWING: THE HOUSING ON THE UNIT DID NOT HAVE ANY VISIBLE DAMAGE, NO LEADS OR CABLES WERE SENT BACK WITH THE DEVICE, THE LCD SCREEN FUNCTIONED PROPERLY, THE CHANNEL AND AC PORT METAL PIN(S) WERE IN PLACE WITHOUT ANY VISIBLE CORROSION, ITS WARRANTY SEAL WAS NOT BROKEN AND THE SERIAL NUMBER OF THE RETURNED DEVICE MATCHED THE ONE LISTED IN THE CASE ((B)(4)). ALL FOUR CHANNELS WERE TESTED AND FELL WITHIN SPEC RANGE. THE UNIT WAS TESTED WITH COMPASS HEALTH QUALITY LEAD WIRES, AS NO LEADS OR CABLES WERE SENT BACK FROM THE CUSTOMER. OVERALL, COMPASS HEALTH BRANDS WAS UNABLE TO DUPLICATE THE CUSTOMER'S COMPLAINT, AND COULD NOT FIND A PRODUCT DEFECT PRESENT.",TENS (prescription)
5529887,41304712,D,1,,"COMPLAINT RECEIVED THAT ALLEGES ""DURING TREATMENT PATIENT'S 4TH DIGIT ON THEIR LEFT HAND WAS ENTRAPPED BETWEEN THE JOINT OF THE OPTIFLEX K1 EXTENSION ARM. THE MACHINE STOPPED BUT DID NOT RELEASE THE PATIENT'S FINGER. THE STAFF HAD TO USE TOOLS TO MANUALLY RELEASE THE PATIENT'S FINGER. WARRANTY. INJURIES SUSTAINED: REDNESS, SWELLING, BRUISING"". QUESTIONNAIRE NOT RECEIVED FROM CLINICIAN AND/OR PATIENT. DEVICE NOT RETURNED TO MANUFACTURER FOR EVALUATION. NO INDICATION EVENT CAUSED OR CONTRIBUTED TO PERMANENT IMPAIRMENT OR DEATH.",Powered exercise equipment (incl. CPM)
5540589,41611896,D,1,,"INITIAL INFORMATION REGARDING UNSOLICITED DEVICE CASE WAS RECEIVED FROM A PATIENT ON 23-MAR-2016. THIS CASE INVOLVES A (B)(6) YEARS OLD FEMALE PATIENT WHO WAS GETTING BLISTERS, UNKNOWN DURATION AFTER STARTING SMART RELIEF TENS THERAPY (SMART RELIEF TENS THERAPY BACK). CONCOMITANT MEDICATION AND RELEVANT MEDICAL HISTORY WAS NOT PROVIDED. ON AN UNKNOWN DATE (FROM OVER A YEAR), THE PATIENT STARTED SMART RELIEF TENS THERAPY (LOT/BATCH NUMBER, EXPIRATION DATE AND OTHER DOSING DETAILS WERE UNKNOWN). REPORTEDLY, FROM THE PAST COUPLE OF MONTHS, PATIENT WAS GETTING BLISTERS WHENEVER SHE TOOK THE PAD OFF, AND THIS HAD NEVER HAPPENED BEFORE. PATIENT MENTIONED THAT THE DEVICE GAVE HER VERY ITCHY BLISTERS. ACTION TAKEN: UNKNOWN. INFORMATION ON CORRECTIVE TREATMENT WAS NOT PROVIDED. OUTCOME WAS UNKNOWN. SERIOUSNESS CRITERIA: IME. PHARMACOVIGILANCE COMMENT: SANOFI COMPANY COMMENT DATED 23-MAR-2016: THIS CASE CONCERNS A (B)(6) YEARS OLD FEMALE PATIENT WHO IS EXPERIENCING BLISTERS. THIS CASE CANNOT BE ASSESSED DUE TO LACK OF INFORMATION. MOREOVER, INFORMATION REGARDING RELEVANT MEDICAL HISTORY, CONCURRENT CONDITIONS, CONDITION OF THE SKIN AT THE CONTACT AREA PRIOR TO APPLYING THE DEVICE, HISTORY OF ALLERGIES, CONCOMITANT MEDICATIONS AND EVENT DETAILS WILL PRECLUDE FURTHER ASSESSMENT OF THIS CASE.",TENS (over-the-counter)
5549382,41939622,N,1,,"A PRE-PAID POSTAGE PACKAGE HAS BEEN PROVIDED TO THE COMPLAINANT TO RETURN THE DEVICE FOR EVALUATION. AFTER RECEIPT OF THE PRE-PAID RETURN PACKAGE, THE COMPLAINANT DECIDED NOT TO RETURN THE DEVICE. THE QMS REPRESENTATIVE REVIEWED THE ASSEMBLY PROCESS INCLUDING THE DEVICE HISTORY RECORD AND NO ABNORMALITIES WERE FOUND.",TENS (over-the-counter)
5549382,41939623,D,1,,"I BOUGHT THE PRODUCT AND USED IT WITH THE ORIGINAL GEL-PADS WITH NO PROBLEMS. WHEN THE ORIGINAL GEL-PADS WERE USED UP, I PURCHASED REPLACEMENT GEL-PADS ONLINE. APPROXIMATELY FOUR MONTHS AGO WHEN I BEGAN USING THE REPLACEMENT GEL-PADS, I NOTICED A RASH BEGINNING IN THE AREA OF MY LOWER BACK WHERE THE PRODUCT AND REPLACEMENT GEL-PADS WERE USED. OVER TIME THE RASH BEGAN SPREADING ACROSS MY BACK AND HAS NOW SPREAD UP TO MY NECK, AND SPREAD DOWN TO THE BUTT AREA. MY PHYSICIAN DIAGNOSED THE RASH TO BE STAPH INFECTION BY COMPARING THE RASH TO PHOTOS OF RASHES IN A BOOK. I HAVE NEVER HAD STAPH INFECTION BEFORE IN MY LIFE. FOUR DAYS AGO, MY PHYSICIAN PRESCRIBED ANTIBIOTICS FOR ME TO TAKE.",TENS (over-the-counter)
5540589,41944279,D,1,,"INITIAL INFORMATION REGARDING UNSOLICITED DEVICE CASE WAS RECEIVED FROM A PATIENT ON (B)(6) 2016. THIS CASE INVOLVES A (B)(6) FEMALE PATIENT WHO WAS GETTING BLISTERS, UNKNOWN DURATION AFTER STARTING SMART RELIEF TENS THERAPY (SMART RELIEF TENS THERAPY BACK). CONCOMITANT MEDICATION AND RELEVANT MEDICAL HISTORY WAS NOT PROVIDED. ON AN UNKNOWN DATE (FROM OVER A YEAR), THE PATIENT STARTED SMART RELIEF TENS THERAPY (LOT/BATCH NUMBER, EXPIRATION DATE AND OTHER DOSING DETAILS WERE UNKNOWN). REPORTEDLY, FROM THE PAST COUPLE OF MONTHS, PATIENT WAS GETTING BLISTERS WHENEVER SHE TOOK THE PAD OFF, AND THIS HAD NEVER HAPPENED BEFORE. PATIENT MENTIONED THAT THE DEVICE GAVE HER VERY ITCHY BLISTERS. ACTION TAKEN: UNKNOWN. INFORMATION ON CORRECTIVE TREATMENT WAS NOT PROVIDED. OUTCOME WAS UNKNOWN. SERIOUSNESS CRITERIA: IME. QA REVIEW: THE DEVICE HISTORY FILES WERE REVIEWED AT THE TIME OF THE COMPLAINT FOR ANY ANOMALY, DEVIATION OR INVESTIGATION, DOCUMENTED OR OTHERWISE THAT MIGHT RESULT IN ANY TYPE OF COMPLAINT AGAINST THE LOT. NO EVIDENCE OF ROOT CAUSE WAS FOUND IN THE DEVICE HISTORY FILES. ALL RETAINS HAVE BEEN EXAMINED FOR CORRECT PACKAGING, SEAL, MISSING COMPONENTS, WORKING CONTROL UNIT, LEGIBILITY OF LOT NUMBERS /EXPIRATION DATE, CORRECT LABEL AND FOREIGN MATTER. NO ANOMALIES WERE FOUND THAT COULD CONTRIBUTE TO THIS COMPLAINT. ADDITIONAL INFORMATION WAS RECEIVED ON 28-MAR-2016: QA REVIEW WAS ADDED. PHARMACOVIGILANCE COMMENT: SANOFI COMPANY COMMENT DATED 23-03-2016: THIS CASE CONCERNS A (B)(6)-FEMALE PATIENT WHO DEVELOPED BLISTERS WHILE ON THERAPY WITH SMART RELIEF TENS THERAPY. THIS CASE CANNOT BE ASSESSED DUE TO LACK OF INFORMATION. MOREOVER, INFORMATION REGARDING RELEVANT MEDICAL HISTORY, CONCURRENT CONDITIONS, CONDITION OF THE SKIN AT THE CONTACT AREA PRIOR TO APPLYING THE DEVICE, HISTORY OF ALLERGIES, CONCOMITANT MEDICATIONS AND EVENT DETAILS WILL PRECLUDE FURTHER ASSESSMENT OF THIS CASE.",TENS (over-the-counter)
5567858,42372912,D,1,,"THE END-USER EXPERIENCED A SHOCK WHEN USING A TENS UNIT (DI1010 INTENSITY 10 DIGITAL TENS). THE END-USER HAS USED TENS DEVICES FOR 6 YEARS. HE HAS PARKINSON'S DISEASE AND TOURETTES, ALONG WITH MULTIPLE OTHER CONDITIONS - HE STATES HE IS A BRAIN INJURY SURVIVOR AND HAS MENTAL AND PHYSICAL DISABILITIES. HE ALSO MENTIONED HE HAS A SKIN CONDITION, AS WELL AS NECK AND BACK PROBLEMS. HE RECEIVES GUIDED SHOTS IN ALLEVIATING PAIN. WHILE USING THE TENS UNIT FOR THE THIRD TIME, HE NOTICED A ""TICKLING FEELING"" (ANOTHER TIME, HE CALLED IT A ""SURGING"") FROM ONE OF THE ELECTRODES. HE SHUT THE DEVICE OFF, RE-POSITIONED THE ELECTRODE, AND TURNED THE DEVICE ON AGAIN. HE WAS LAYING ON HIS COUCH WHEN HE RECEIVED AN ""EXCRUCIATING"" SHOCK, WHICH LIFTED HIM OFF THE COUCH, AND LEFT HIS ENTIRE BODY IN SHOCK. HE SAID HIS MEDICAL AID SAW THIS HAPPEN, AND WAS HORRIFIED. HIS ENTIRE BODY WAS ""VIBRATING."" HE STATES THE ELECTRODES WERE STICKING WELL. THIS WAS ALSO THE THIRD TIME USING THE ELECTRODES. HE STATES HE HAS NO HAIR IN THESE AREAS DUE TO A SKIN CONDITION. WHEN THE SHOCK OCCURRED, HE PULLED THE LEAD WIRES OUT OF THE ELECTRODES. HE DOES NOT PLAN TO EVER USE THE DEVICE AGAIN, AND REFUSED A REPLACEMENT DEVICE. HE SAID HE HAS BEEN LEFT WITH A ""MAJOR TWITCH"" DUE TO THIS INCIDENT. THE USER WAS LAST ON HIS WAY TO ONE OF HIS DOCTORS, A FOUR-HOUR JOURNEY. HE STATED HE WOULD BE SPEAKING WITH HIS DOCTORS REGARDING THIS INCIDENT (OF WHICH HE HAS MANY), AND TO HIS INSURANCE COMPANY.",TENS (prescription)
5567858,42418876,D,1,,FORGOT TO INCLUDE INITIAL DATE OF AWARENESS.,TENS (prescription)
5624499,44239283,D,1,,"THE CUSTOMER SAID HE CUT HIS THUMB ON THE METAL BELT CLIP OF THE TENS UNIT. THE BELT CLIP HAS A RAZOR SHARP EDGE. THE BELT CLIP OF THIS TENS 7000 UNIT HAS VERY SHARP EDGES. THE USER SLICED HIS THUMB WHILE CLIPPING THE UNIT TO THE BELT/WAIST BAND. THE SHARP EDGE IS NOT OF PERIMETER, BUT ON THE PUNCHED-OUT OPENING OF THE BELT CLIP. THE EDGE WAS NOT FILED OR GROUND DOWN. THE CUT WAS BAD ENOUGH TO REQUIRE A STITCH, HOWEVER, THE USER DECLINED. THE USER STATED THAT THE OUTCOME OF THE CUT COULD HAVE BEEN WORSE HAD HE BEEN OLDER.",TENS (prescription)
5631082,44392272,D,1,,"THE PATIENT ADVISED THE FDA THAT AFTER TREATMENT WITH THE INTENSITY 10, THE PHYSICAL THERAPIST WAS TURNING OFF THE TENS UNIT WHEN IT MALFUNCTIONED AND ""ELECTROCUTED"" HIM. THE PT HAD TO REMOVE THE BATTERIES FROM THE DEVICE TO GET IT TO STOP. THIS RESULTED IN BURNS AND INCREASED PARALYSIS AND NERVE DAMAGE, PER THE PATIENT. PHYSICAL THERAPIST DID NOT BELIEVE THE PATIENT HAD ANY RESIDUAL DISABILITY FROM THIS INCIDENT, BUT SHE DID SAY THEY HAD TO START ALL OVER AGAIN WITH THERAPY. HIS FUNCTIONALITY AND RANGE OF MOTION HAS LESSENED AND HE SEEMS MORE SUBJECTIVE TO PAIN. OFFICE MANAGER NOTED THAT IMMEDIATELY AFTER THE INCIDENT THERE WERE NO BURNS. LATER THAT DAY THE PATIENT PHONED BACK TO CLINIC STATING THAT HE HAD BRUISING. WHEN THE PATIENT RETURNED ON (B)(6) THERE WAS NOT ANY EVIDENCE OF BRUISING OR BURNS. AT THE TIME THIS COMPLAINT WAS ORIGINALLY EVALUATED, IT WAS DETERMINED THAT THERE WAS NO EVIDENCE THAT THE END USER HAD SUFFERED A ""SERIOUS INJURY"" AS DEFINED IN 21 CFR 803. HOWEVER, IT WAS DETERMINED THAT IF THE EVENT TO WERE RECUR, IT COULD RESULT IN A SERIOUS INJURY, SO COMPASS HEALTH DETERMINED THAT WE, AS THE IMPORTER, WERE REQUIRED TO NOTIFY THE MANUFACTURER OF THIS EVENT. THE DEVICE HAS BEEN RETURNED AND INSPECTED. THE DEVICE WAS TESTED AND BOTH CHANNELS WERE IN SPEC RANGE HOWEVER THE WAVEFORM WAS UNSTEADY. COMPASS HEALTH SUBSEQUENTLY RECEIVED NOTIFICATION VIA 4/18/16 LETTER FROM ATTORNEY THAT END USER SUSTAINED 2ND DEGREE BURNS, NERVE DAMAGE, ARM NUMBNESS UP TO HIS ELBOW, AGGRAVATION OF EXISTING ARM INJURY. AS SUCH, THE REPORTING CLASSIFICATION WILL BE CHANGED TO FDA REPORTABLE (FROM MANUFACTURER-ONLY REPORTABLE), SO THIS MDR IS BEING FILED WITH FDA.",TENS (prescription)
5641908,44777316,D,1,,"PER THE CUSTOMER, A PATIENT HAS BEEN BURNED WITH THE TENS UNIT. NOW THEY ARE AFRAID TO USE THE DEVICE. IT APPEARS THE END-USER HD THE ELECTRODES MORE THAN 6"" APART FROM ONE ANOTHER. HE WAS USING IF-2P WITH THE ELECTRODES 8"" APART. END-USER STATES THE PATIENT RECEIVED 2ND DEGREE BURNS AND HAS FILED A LAWSUIT AGAINST HIM. THE BURN OCCURRED ON THE NECK, AND APPEARED RIGHT AWAY.",TENS (prescription)
5636698,44790683,D,1,,"THE CONSUMER INDICATES THAT THE HAND-HELD MASSAGER HAS A (B)(6) WARNING LABEL ON IT THAT SHE DID NOT NOTICE UNTIL SHE BOUGHT AND OPENED THE PRODUCT. THE CONSUMER BELIEVE IF A PRODUCT IS KNOWN TO CAUSE REPRODUCTIVE TOXICITY AND / OR HARM THAT IT SHOULD NOT BE SOLD TO CONSUMERS. THE CONSUMERS ALSO BELIEVES THAT IF THE STATE OF (B)(6) REQUIRES THE (B)(6) WARNING LABEL ON PRODUCTS, THAT ALL STATES SHOULD REQUIRE IT TOO. THE CONSUMER PLANS ON RETURNING THE PRODUCT TO THE RETAILER. US. RETAILER: (B)(6). RETAILER STATE: (B)(6). THE PRODUCT WAS NOT DAMAGED BEFORE THE INCIDENT. THE PRODUCT WAS NOT MODIFIED BEFORE THE INCIDENT. IF NOT, DO YOU PLAN TO CONTACT THEM: YES. PURCHASE DATE: (B)(6) 2016. (B)(6). (B)(4).",Powered muscle stimulator
5669214,45569686,D,1,,"INITIAL INFORMATION REGARDING THIS UNSOLICITED DEVICE CASE FROM UNITED STATES WAS RECEIVED FROM A PATIENT ON 11-MAY-2016. THIS CASE CONCERNS A FEMALE PATIENT OF UNSPECIFIED AGE WHO HAD BLOOD CLOTS IN HER RIGHT LEG, UNSPECIFIED TIME AFTER SHE STARTED USING SMART RELIEF TENS THERAPY (SMART RELIEF TENS THERAPY KNEE AND SHOULDER) AS A DEVICE. NO PAST DRUGS, RELEVANT MEDICAL HISTORY OR CONCURRENT CONDITIONS AND CONCOMITANT MEDICATIONS WERE REPORTED. ON AN UNKNOWN DATE, THE PATIENT COMMENCED THERAPY WITH SMART RELIEF TENS THERAPY AT AN UNSPECIFIED FREQUENCY (LOT/BATCH NUMBER: 14061001 AND EXPIRY DATE: 30-DEC-2016; INDICATION NOT REPORTED). AFTER AN UNSPECIFIED TIME, IN (B)(6) (YEAR NOT REPORTED), SHE DEVELOPED BLOOD CLOTS IN HER RIGHT LEG AND HAD TO STOP USING THE DEVICE. REPORTEDLY, HE WAS USING PADS FROM THE REFILL KIT. THE PATIENT WAS RELEASED BY HER DOCTOR RECENTLY BECAUSE THE BLOOD CLOTS WERE GONE. FURTHER, IT WAS ALSO REPORTED THAT SHE HAD A HELL OF A TIME PULLING IT OFF HER SKIN AS IT WAS REALLY STICKY, DIFFICULT TO REMOVE FROM THE SKIN AND ALSO TORE WHEN ATTEMPTING TO REMOVE. REPORTEDLY, IT TORE OFF HER SKIN AND THIS HAPPENED LAST WEEK. SHE THOUGHT SHE WAS TAKING HER SKIN OFF HER BONES. SHE WAS PULLING THE TAB THAT WAS WHEN IT TORE. ALSO, SHE HAD THROWN THE TORN PAD AWAY BUT STILL HAD THE OTHER PAD. ACTION TAKEN: STOPPED TEMPORARILY. CORRECTIVE TREATMENT: NOT REPORTED. OUTCOME: RECOVERED ON UNKNOWN DATE. QA REVIEW WAS PERFORMED AND INVESTIGATION FINDINGS WERE REPORTED AS ""ALL RETAINS HAVE BEEN EXAMINED FOR CORRECT PACKAGING, SEAL, MISSING COMPONENTS, WORKING CONTROL UNIT, LEGIBILITY OF LOT NUMBERS /EXPIRATION DATE, CORRECT LABEL AND FOREIGN MATTER. NO ANOMALIES WERE FOUND THAT COULD CONTRIBUTE TO THIS COMPLAINT."" SERIOUSNESS CRITERIA: IMPORTANT MEDICAL EVENT. ADDITIONAL INFORMATION WAS RECEIVED IN 12-MAY-2016 FROM THE QUALITY DEPARTMENT: QA REVIEW ADDED. TEXT AMENDED ACCORDINGLY. PHARMACOVIGILANCE COMMENT: SANOFI COMPANY COMMENT FOR FOLLOW-UP DATED 12-05-2016: THE FOLLOW UP INFORMATION RECEIVED DOES NOT CHANGE THE PREVIOUS ASSESSMENT OF THIS CASE. SANOFI COMPANY COMMENT DATED 16-05-2016: THIS CASE INVOLVES A FEMALE PATIENT WHO EXPERIENCED CLOT BLOOD WHILE ON TREATMENT WITH. THE CAUSAL ROLE OF THE SUSPECT DRUG CANNOT BE FORMALLY EXCLUDED. HOWEVER, LACK OF DETAILED INFORMATION REGARDING EVENT DETAILS, THERAPY DETAILS, LATENCY, RELEVANT UNDERLYING CONDITIONS, PAST DRUGS ETC PRECLUDE A COMPREHENSIVE ASSESSMENT IN THIS CASE.",TENS (over-the-counter)
5674065,45729235,D,1,,"A DOCTOR CALLED IN TO SAY HE HAD A PATIENT THAT HAD BEEN BURNED WHILE BEING TREATED WITH A QUATTRO 2.5 TENS UNIT. THE DOCTOR WAS NOT WITH THE DEVICE WHEN HE CALLED IN TO REPORT THE INJURY. THE DOCTOR NEEDED FURTHER EXPLANATION AND CLARIFICATION REGARDING PROPER USE OF AND TERMINOLOGY INVOLVED WITH TENS UNIT USE. THE DOCTOR DENIES USE OF ICE OR HEAT WITH THE TREATMENT. A FOLLOW-UP WITH THE DOCTOR ON 5/23/2016 CONCLUDED THAT THE USER HAD RECEIVED 3RD DEGREE BURNS, AND IS CURRENTLY RECEIVING TREATMENT FROM A DERMATOLOGIST.",TENS (prescription)
5674142,45756757,D,1,,"CUSTOMER'S ORIGINAL COMPLAINT TO THE DISTRIBUTOR WAS THAT THIS DEVICE WOULD NOT GO ABOVE 10 MA. THE CUSTOMER LEFT A VOICEMAIL, STATING THAT SHE WAS USING A ZIMMER ELECTRODES, AND THAT SHE CANNOT INCREASE THE INTENSITY OF 10 MA WITHOUT RECEIVING A BAD CONNECTION ERROR. THE LOAD DETECTION FUNCTION OF THIS DEVICE IS TOO SENSITIVE FOR THE USE OF THIS TYPE OF ELECTRODE. COMPASS HEALTH BRANDS LET THE CUSTOMER KNOW OF THE ABOVE INFORMATION. THE CUSTOMER STATED THAT THE DEVICE WORKS FINE WITH THE AXELGAARD ELECTRODES THAT CAME WITH THE UNIT, BUT THE PATIENT HAD BEEN BURNED WHILE USING ZIMMER ELECTRODES. ON (B)(6), THE DOCTOR HAD CALLED BACK, AND ESTIMATED THAT THE PATIENT RECEIVED 2ND DEGREE BURNS.",TENS (prescription)
5695008,46417419,D,1,,"A PATIENT WAS BURNED WHILE IN THERAPY USING THE EX4 DEVICE (TENS UNIT). A FAIRLY HIGH AMPLITUDE IS REPORTED AS BEING USED AT THE TIME THE EVENT OCCURRED, HOWEVER, IT IS UNKNOWN WHAT AMPLITUDE WAS BEING USED EXACTLY. THE EX4 WAS BEING USED IN ACUTE PAIN, 4 ELECTRODES MODE, WITH NO CHANGES. THE ELECTRODES WERE PLACED ON THE PATIENT'S BODY 2-3"" APART FROM EACH OTHER IN A CRISS-CROSSED PATTERN - THE USER WAS USING UNIPATCH R SERIES ELECTRODES. IN HINDSIGHT, THE PATIENT MENTIONED THE SENSATION DURING THERAPY WAS MORE TINGLY THAN NORMAL, BUT EXPRESSED NO COMPLAINT DURING TREATMENT. WHEN HE ARRIVED HOME, APPROXIMATELY 5-10 MINUTES AFTER THERAPY, HE FELT AN ITCH. WHEN HE LOOKED, HE HAD BURN MARKS. THE DOCTOR ESTIMATES THE USER RECEIVED A 2ND DEGREE BURN. THE BURNS ARE REPORTED AS HAVING OCCURRED ON (B)(6) 2016, AND WERE STILL EVIDENT AT THE TIME COMPASS HEALTH BRANDS WAS NOTIFIED ((B)(4) 2016).",TENS (prescription)
5700465,46583438,D,1,,"THE END-USER RECEIVED A (BURN) BLISTER FROM A TENS UNIT. THE END-USER ADVISED THAT SHE HAS BEEN USING TENS DEVICES FOR 12-14 YEARS - THIS IS HER FIRST USE OF A ROSCOE TENS UNIT, AND THIS IS THE FIRST TIME SHE HAS EVER RECEIVED A BLISTER. THE END-USER STATES THAT SHE USES THE DEVICE ALMOST EVERY DAY, ALL DAY, INCLUDING AT NIGHT WHEN SHE SLEEPS. SHE STATES SHE OFTEN CANNOT SLEEP WITHOUT IT DUE TO HER LOW BACK PAIN. SHE RECEIVED THIS DEVICE THE SECOND WEEK OF (B)(6), BUT HAS ONLY USED IT ABOUT THREE WEEKS. SHE DID NOT LIKE THE ELECTRODES SUPPLIED WITH THE DEVICE, CLAIMING THEY ARE UNCOMFORTABLE. SHE SWITCHED TO UNIPATCH COVIDIEN ELECTRODES, WHICH SHE HAS BEEN USING SUCCESSFULLY FOR TWO YEARS WITH ANOTHER TENS DEVICE. SHE WAS USING CHANNEL 2 ON THE DEVICE WHEN THIS OCCURRED. SHE DID NOT HAVE ANY DISCOMFORT DURING THE TREATMENT, BUT NOTICED A WELT IN THE MORNING WHEN SHE REMOVED THE ELECTRODE PADS. SHE SAID THE BLISTER LASTED 3 DAYS. SHE USED A CREAM SHE HAD AT HOME ON THE BLISTER - SOMETHING YOU WOULD USE FOR PIMPLES, BUT SHE DID NOT KNOW THE NAME. SHE OTHERWISE DID NOT SEE A DOCTOR FOR THE BLISTER, NOR DID SHE TAKE A PICTURE.",TENS (prescription)
5669214,46873979,D,1,,"INITIAL INFORMATION REGARDING THIS UNSOLICITED DEVICE CASE FROM UNITED STATES WAS RECEIVED FROM A PATIENT ON 11-MAY-2016. THIS CASE CONCERNS A FEMALE PATIENT OF UNSPECIFIED AGE WHO HAD BLOOD CLOTS IN HER RIGHT LEG, UNSPECIFIED TIME AFTER SHE STARTED USING SMART RELIEF TENS THERAPY (SMART RELIEF TENS THERAPY KNEE AND SHOULDER) AS A DEVICE. NO PAST DRUGS, RELEVANT MEDICAL HISTORY OR CONCURRENT CONDITIONS AND CONCOMITANT MEDICATIONS WERE REPORTED. ON AN UNKNOWN DATE, THE PATIENT COMMENCED THERAPY WITH SMART RELIEF TENS THERAPY AT AN UNSPECIFIED FREQUENCY (LOT/BATCH NUMBER: 14061001 AND EXPIRY DATE: 30-DEC-2016; INDICATION NOT REPORTED). AFTER AN UNSPECIFIED TIME, IN (B)(6) (YEAR NOT REPORTED), SHE DEVELOPED BLOOD CLOTS IN HER RIGHT LEG AND HAD TO STOP USING THE DEVICE. REPORTEDLY, HE WAS USING PADS FROM THE REFILL KIT. THE PATIENT WAS RELEASED BY HER DOCTOR RECENTLY BECAUSE THE BLOOD CLOTS WERE GONE. FURTHER, IT WAS ALSO REPORTED THAT SHE HAD A HELL OF A TIME PULLING IT OFF HER SKIN AS IT WAS REALLY STICKY, DIFFICULT TO REMOVE FROM THE SKIN AND ALSO TORE WHEN ATTEMPTING TO REMOVE. REPORTEDLY, IT TORE OFF HER SKIN AND THIS HAPPENED LAST WEEK. SHE THOUGHT SHE WAS TAKING HER SKIN OFF HER BONES. SHE WAS PULLING THE TAB THAT WAS WHEN IT TORE. ALSO, SHE HAD THROWN THE TORN PAD AWAY BUT STILL HAD THE OTHER PAD. ACTION TAKEN: STOPPED TEMPORARILY. CORRECTIVE TREATMENT: NOT REPORTED. OUTCOME: RECOVERED ON UNKNOWN DATE. QA REVIEW WAS PERFORMED AND INVESTIGATION FINDINGS WERE REPORTED AS ""RECEIVED ONE ELECTRODE FROM LOT NO. 14061001 FOR INVESTIGATION. HOWEVER, THE RETURNED PAD WAS UNOPENED AND UNUSED. THE CONSUMER DID NOT RETURN THE TORN PAD DESCRIBED IN THE COMPLAINT. THEREFORE, NO INVESTIGATION IS POSSIBLE AT THIS TIME. FINAL CONCLUSION: NO INVESTIGATION POSSIBLE. ALL RETAINS HAVE BEEN EXAMINED FOR CORRECT PACKAGING, SEAL, MISSING COMPONENTS, WORKING CONTROL UNIT, LEGIBILITY OF LOT NUMBERS /EXPIRATION DATE, CORRECT LABEL AND FOREIGN MATTER. NO ANOMALIES WERE FOUND THAT COULD CONTRIBUTE TO THIS COMPLAINT."" SERIOUSNESS CRITERIA: IMPORTANT MEDICAL EVENT ADDITIONAL INFORMATION WAS RECEIVED IN 12-MAY-2016 FROM THE QUALITY DEPARTMENT: QA REVIEW ADDED. TEXT AMENDED ACCORDINGLY. ADDITIONAL INFORMATION WAS RECEIVED IN 01-JUN-2016 FROM THE QUALITY DEPARTMENT: QA REVIEW FOR ""UNOPENED AND UNUSED"" RECEIVED SAMPLE ADDED (NO INVESTIGATION POSSIBLE). TEXT AMENDED ACCORDINGLY. PHARMACOVIGILANCE COMMENT: SANOFI COMPANY COMMENT FOR FOLLOW-UP DATED 01-06-2016: THE FOLLOW UP INFORMATION RECEIVED DOES NOT CHANGE THE PREVIOUS ASSESSMENT OF THIS CASE SANOFI COMPANY COMMENT DATED 16-05-2016: THIS CASE INVOLVES A FEMALE PATIENT WHO EXPERIENCED CLOT BLOOD WHILE ON TREATMENT WITH . THE CAUSAL ROLE OF THE SUSPECT DRUG CANNOT BE FORMALLY EXCLUDED. HOWEVER, LACK OF DETAILED INFORMATION REGARDING EVENT DETAILS, THERAPY DETAILS, LATENCY, RELEVANT UNDERLYING CONDITIONS, PAST DRUGS ETC PRECLUDE A COMPREHENSIVE ASSESSMENT IN THIS CASE.",TENS (over-the-counter)
5741230,48019057,D,1,,"I WAS AT PHYSICAL THERAPY ON (B)(6) FOR MUSCLE STRENGTHENING OF MY LEFT LEG TO HELP WITH A MENISCUS TEAR IN THE ATTAIN KNEE. I WAS USING A MACHINE KNOWN AS THE SHUTTLE. THE MACHINE IS BASICALLY A HORIZONTAL LEG PRESS. THERE IS A PLACE FOR YOUR BUTT WITH HANDLES A LITTLE LOWER THAN THE BUTT REST AND A HEAD REST. THERE IS A STATIONARY FOOT PLATFORM THAT IS ABOUT 3 FEET BY 3 FEET. YOU LAY DOWN ON THE MACHINE AND YOUR KNEES ARE AT ABOUT A 90 DEGREE ANGLE. YOU PUSH YOUR FEET AGAINST THE PLATFORM AND THAT MAKES THE SEAT AND HEAD REST SLIDE AWAY FROM THE FOOT REST. YOU KEEP PUSHING UNTIL RIGHT BEFORE YOUR KNEES LOCK AND THEN SLOWLY BEND YOUR KNEES TO SLIDE BACK TOWARD THE PLATFORM AND RETURN YOUR KNEES TO THE 90 DEGREE ANGLE. THERE IS NO MECHANISM TO IMMOBILIZE THE BUTT REST AND NO STATIONARY HANDLES TO USE TO GET ON AND OFF THE PIECE OF EQUIPMENT. IN ORDER TO GET OFF THE MACHINE, I HOOKED MY LEFT FOOT UNDER THE PLATFORM AND PULLED MYSELF UP TOWARD THE PLATFORM AND GRABBED IT AND THEN HELD ONTO IT AND PUSHED MYSELF OVER THE HORIZONTAL BAR WITH THE SEAT AND HEADREST. I DON'T THINK A PIECE OF PHYSICAL THERAPY EQUIPMENT SHOULD HAVE A SEAT THAT YOU CANNOT STOP FROM MOVING OR NO STATIONARY HANDLES TO HELP YOU GET ON AND OFF THE MACHINE. I SEVERELY BRUISED THE TOP OF MY LEFT FOOT, AROUND AND UP, MOST OF THE TOES WERE PURPLE FOR OVER 2 WEEKS AND THERE WAS A LUMP (WHICH HAS MOSTLY RECEDED) ON THE TOP OF THE FOOT. I DON'T KNOW IF THE SEVERITY OF PULLING MYSELF UP WITH THE BAD LEG OR PUSHING OFF IT TO GET MY LEG OVER THE MACHINE CAUSED MY LEFT KNEE TO HAVE SEVERE PAIN, BUT I NOW HAVE TREMENDOUS PAIN WHEN I TRY TO WALK. I AM USING A KNEE WRAP AND CANE TO HOBBLE AROUND. THE PHYSICAL THERAPIST TOLD ME I SHOULD HAVE ASKED HER TO HELP ME OFF. I DIDN'T THINK IT WAS SAFE TO HAVE A (B)(6) PERSON TRY TO HELP A (B)(6) PERSON TO GET OFF A MACHINE WITH ALL MOVING PARTS AND NOTHING STATIONARY FOR HER OR I TO HOLD ONTO. PLUS MY LEGS WOULD BE AT A 90 DEGREE ANGLE WHILE DOING SO. THE NEXT TIME I WAS AT PHYSICAL THERAPY, A DIFFERENT THERAPIST TOLD ME THE MACHINE WAS VERY OLD AND HAD HANDLES BUT THE HANDLES KEPT FALLING OFF SO THEY LEAVE THEM OFF. I DON'T KNOW WHAT KIND OF HANDLES SHE WAS TALKING ABOUT.",Powered exercise equipment (incl. CPM)
5793129,49495780,N,1,,"TWO ENGINEERS WENT ON-SITE TO PERFORM A PRELIMINARY INVESTIGATION ON THE REX PRIOR TO SHIPPING BACK TO THE MANUFACTURING FACILITY ON 3RD MAY 2016. NO ABNORMALITIES NOTED. DETAILED ANALYSIS OF THE REX AT THE MANUFACTURING FACILITY FOUND NO ABNORMALITIES. THE REX WAS OPERATING NORMALLY AND WITHIN SPECIFICATION. NO DEFECTS WERE FOUND WITH THE DEVICE. THE PATIENT WAS MEDICALLY CLEARED PRIOR TO THE SESSION BY MR. (B)(6). SHE HAD A SPINAL CORD INJURY (SCI) AND WAS 5 YEARS POST INJURY. THE PATIENT WAS REPORTED TO STAND REGULARLY USING A STANDING FRAME AND WAS FOUND TO HAVE NO CONTRAINDICATION TO STANDING AND WALKING ALTHOUGH, AS IS TYPICAL FOR THE SCI PATIENT GROUP, SHE WAS FOUND TO HAVE OSTEOPOROSIS. THE PHYSIOTHERAPISTS (PTS) REPORTED ONLY TWO NOTICEABLE DIFFERENT CIRCUMSTANCES MANIFESTED DURING THE SESSION, THE FIRST WAS THAT A SIT-TO-STAND MOVEMENT WAS ABORTED DUE TO THE ""PATIENT'S PELVIS SAGGING UPON RISING"". THE STANDING MOVEMENT WAS CANCELLED AND THE PATIENT WAS RETURNED TO A SITTING POSITON AND TRANSFERRED OUT FROM THE REX. THE SECOND CIRCUMSTANCE WAS THAT THE SESSION WAS ""STOPPED DUE TO THERAPIST'S AGAIN OBSERVING ANOMALIES IN HER FOOT POSITION AND AN INCREASE IN THE VALGUS AT HER RIGHT KNEE"" AT WHICH TIME ANKLE FOOT ORTHOSES (AFOS) WERE APPLIED TO THE PATIENT'S ANKLE. THE PATIENT THEN CONTINUED WITH THE SESSION. WHEN THE SESSION WAS FINISHED, THE PATIENT TRANSFERRED OUT OF THE REX INTO HER WHEELCHAIR, AND DEPARTED SHORTLY AFTERWARDS. UPON REVIEWING AN OBSERVER'S VIDEO OF THE FIRST SIT-TO-STAND MOVEMENT, THE FOLLOWING WERE NOTED: THE HEEL STOPS WERE NOT SECURED, AND WHEN THE PATIENT HAD A SPASM, SHE INADVERTENTLY KICKED THE HEEL STOPS BACK, AND WAS NOT NOTICED BY THE SUPERVISING PTS. THIS RESULTED IN MISALIGNED ANKLES AND KNEES AND IS A LIKELY CONTRIBUTING FACTOR. TWO ANKLE BRACES WERE USED TO SUPPORT THE USER'S ANKLES. THESE WERE FOUND TO RESTRICT THE RANGE OF MOTION SUCH THAT THE USER NO LONGER MET THE REQUIRED RANGE OF MOTION SPECIFIED IN THE INSTRUCTIONS FOR USE. THIS IS A LIKELY CONTRIBUTING FACTOR. THE FAILURE INVESTIGATION CONCLUDED THAT THE MOST LIKELY CONTRIBUTORS TO THE INJURIES ARE AS FOLLOWS: ON THE FIRST SIT TO STAND MOVEMENT, THE PATIENT HAD A SPASM THAT CAUSED HER LEGS TO KICK BACK AGAINST THE HEEL STOPS. FAILURE TO SECURELY TIGHTEN THE HEEL STOPS ALLOWED HER ANKLES TO MOVE OUT OF ALIGNMENT, WHICH PULLED THE KNEE AND HIP JOINTS OUT OF ALIGNMENT AS WELL. THE FINAL POSITION OF THE KNEES AND ANKLES IN STAND SHOWS COMPRESSION ADEQUATE TO CAUSE THE BILATERAL SYMMETRICAL FRACTURES AS IDENTIFIED IN THE PATIENT'S X-RAYS. THIS IS LIKELY THE MOST SIGNIFICANT CONTRIBUTOR TO THE INJURIES OBSERVED. THE PATIENT'S OSTEOPOROSIS WAS A MAJOR CONTRIBUTING FACTOR TO THE INJURIES SUSTAINED. THE APPLICATION OF AFOS OF THE TYPE USED THAT RESTRICT THE USER'S RANGE OF MOTION TO LESS THAN THAT REQUIRED BY A REX WOULD HAVE CAUSED A MISALIGNMENT OF THE FORCES NORMALLY EXPERIENCED IN A WALKING PATTERN. THIS MISALIGNMENT WOULD MOST LIKELY HAVE CAUSED STRESS ON THE USER'S JOINTS AND LONG BONES, THIS COUPLED WITH THE OSTEOPOROTIC NATURE OF THE USER'S BONE STRUCTURES IS A LIKELY CONTRIBUTING FACTOR TO THE INJURIES OBSERVED. THE INCORRECT HARNESS FITMENT ON THE FIRST SIT TO STAND MOVEMENT IS A POSSIBLE CONTRIBUTING FACTOR, BUT IS UNLIKELY TO BE SIGNIFICANT IN TERMS OF THE INJURY AS THE CUFFS AND STRAPS APPEARED TO BE CORRECTLY FITTED. PROPOSED RECALL ACTION IS TO SEND A FIELD SAFETY NOTIFICATION TO ALL CUSTOMERS. THE GOAL IS TO REINFORCE INSTRUCTIONS ALREADY IN THE IFU FOR SECURING HEEL STOPS, AND FOR THE SUPERVISING CLINICIAN TO TAKE ADDITIONAL CARE WHEN USING AFOS THAT MAY RESTRICT THE USER'S RANGE OF MOTION TO LESS THAN THAT REQUIRED BY REX. THE PROPOSED FIELD SAFETY NOTIFICATION IS ATTACHED.",Powered exercise equipment (incl. CPM)
5793129,49495781,D,1,,"USER WAS PUT INTO THE REX AT APPROX 2.30PM, STRAPPED IN TO THE DEVICE AND PERFORMED A STAND ACTION. THE SUPERVISING PHYSIOTHERAPISTS NOTICED THE HARNESS WAS NOT SUPPORTING HER, SO THE PATIENT WAS BROUGHT BACK TO A SIT POSITION. THE HARNESS WAS ADJUSTED AND THE PATIENT CONTINUED WITH THE SESSION. THE SUPERVISING PHYSIOTHERAPISTS THEN NOTED HER KNEES AND ANKLES DID NOT ""LOOK GOOD"". THE PATIENT WAS RETURNED TO A SIT POSITION, AND ADAPTATIONS MADE AND ADDITIONAL SUPPORTS WERE USED FOR THE ANKLES. PATIENT THEN CONTINUED WITH THE SESSION. WHEN TAKEN OUT OF REX, NO SWELLING WAS NOTED BY THE SUPERVISING PHYSIOTHERAPISTS. THE PATIENT SENT A TEXT MESSAGE AT 8:00PM ON THE SAME DAY TO SAY ANKLES AND KNEES WERE SWOLLEN. AN APPOINTMENT WITH DR (B)(6) WAS ORGANISED FOR THE FOLLOWING DAY. THE PATIENT WENT INTO BSU OUTPATIENT CLINIC TO SEE DR RAJ AND AFTER X-RAYS WERE TAKEN, FRACTURES WERE IDENTIFIED. THE PATIENT WAS ADMITTED TO THE WARD.",Powered exercise equipment (incl. CPM)
5800266,49742882,D,1,,"THE DISTRIBUTOR ADVISED THEIR SALES REP ((B)(4)) THAT SHE HAD A PATIENT WHO RECEIVED BLISTERS. THIS INFORMATION WAS MISPLACED WHEN OUR SALES REP ((B)(4)) LEFT THE COMPANY - IT RESURFACED WHEN A NEW SALES REP WAS HIRED. AFTER TRYING TO REACH THE END-USER, SHE CALLED BACK - A LOT OF THE INFORMATION PROVIDED IS OLD, AND THE USER HAD A VERY DIFFICULT TIME REMEMBERING ALL THE EXACT CIRCUMSTANCES. THE INITIAL COMPLAINT IS THAT THE PATIENT RECEIVED BLISTERS WHILE USING OUR INTENSITY 10 DEVICE. THE ORIGINAL DATE OF THE COMPLAINT WAS 4/15/2016 (TO (B)(4) CUSTOMER SERVICE DEPARTMENT) - THE INCIDENT HAPPENED ON (B)(6) 2016. AGAIN, THE END-USER RECEIVED A BURN WHILE USING OUR INTENSITY 10 DEVICE. DURING TREATMENT, SHE FELT A LOW JABBING, AS IF THE ELECTRODES WERE NOT POWERFUL (HER WORDS). IT WAS A LOW INTENSITY, BUT WOULD THEN HEIGHTEN AND FEEL LIKE A ZAP OR A PRICKLE. THE ELECTRODES WERE PLACED ON HER SHOULDER AND WERE APPROXIMATELY 3"" APART FROM ONE ANOTHER. SHE HAD THE INTENSITY 10 DEVICE SET ON THE SHOULDER SELECTION WITH FREQUENCY OF 80-100. SHE HAD THE DEVICE APPROXIMATELY ONE WEEK, AND THIS WAS THE FIRST TIME SHE HAD USED IT. SHE WAS USING 2X2 ELECTRODES THAT THE DISTRIBUTOR HAD PROVIDED WITH THE DEVICE. SHE HAD NOT YET USED THE ELECTRODES THAT CAME WITH THE DEVICE. SHE FELT PAIN, BUT DID NOT REALIZE SHE ACTUALLY HAD A BURN UNTIL SHE WENT TO THE DOCTOR FOR ANOTHER REASON AND HE NOTICED THE BURNS. THE BURNS LASTED APPROXIMATELY 2 WEEKS. SHE DID NOT SEEK MEDICAL TREATMENT FOR THE INJURY. THE RETURNED DEVICE TESTED WITHIN SPECIFICATIONS, AND THE CUSTOMER'S COMPLAINT WAS UNABLE TO BE DUPLICATED.",TENS (prescription)
5808283,49969679,D,1,,"A DOCTOR CALLED TO SAY SHE HAS A PATIENT CLAIMING HE RECEIVED A THIRD DEGREE BURN WHILE RECEIVING TREATMENT FROM OUR COMBOCARE. THE DOCTOR SAID SHE WAS USING IF-4P ON HER (B)(6) PATIENT. THIS PATIENT HAS RECEIVED THIS TREATMENT 8 TIMES PREVIOUSLY WITH HER. THE ELECTRODES HAD BEEN USED 8 TIMES BEFORE, SO THIS WAS THE 9TH USE OF THIS SET OF ELECTRODES. THE PATIENT HAD NO HAIR IN THE AREA WHERE THE ELECTRODES WERE PLACED, WHICH WAS TWO ON HIS UPPER THORACIC AND TWO ON HIS MID TO LOWER BACK. THE DOCTOR STATES THE ELECTRODES WERE 6"" TO 8"" APART FROM ONE ANOTHER. THE DOCTOR WAS ONE MINUTE INTO A 15 MINUTE THERAPY WHEN THE PATIENT STATED HE FELT PAIN (HE CALLED IT A JOLT). SHE TURNED THE INTENSITY DOWN TO A LEVEL WHERE HE COULD BARELY FEEL THE TREATMENT, AND THEY COMPLETED THE BALANCE OF THE THERAPY. SHE REMOVED THE ELECTRODES AND NOTICED THERE WERE NO RED MARKS OR ANY TYPE OF IRRITATION ON THE SKIN. HOWEVER, 2 HOURS LATER, THE PATIENT RETURNED WITH WHAT HE SAID WAS A BURN. A THAT TIME, SHE NOTICED A SMALL BLACK MARK IN THE CENTER OF A RING OF BLISTERS. SHE RECOMMENDED THE PATIENT SEE HIS PRIMARY CARE PHYSICIAN OR VISIT AN URGICARE. HIS PRIMARY CARE DOCTOR WAS NOT AVAILABLE, SO THE PATIENT WENT TO THE URGICARE. THERE, THEY TOLD HIM IT WAS A THIRD DEGREE BURN (ACCORDING TO THE PATIENT) WITH POSSIBLY A STAPH INFECTION. THE DOCTOR REQUESTED THE MEDICAL RECORDS FROM THE URGICARE, BUT TO DATE, HE HAS NOT RECEIVED THEM. ACCORDING TO THE PATIENT, HE WAS TOLD HE WOULD HAVE PERMANENT SCARRING. THE RETURNED DEVICE TESTED WITHIN SPEC RANGE, AND THE CUSTOMER'S COMPLAINT OF IMPROPER CURRENT OUTPUT COULD NOT BE DUPLICATED.",TENS (prescription)
5841376,50999777,D,1,,"THE CUSTOMER RECEIVED AN EXTREME SHOCK ACROSS HER SHOULDERS FROM A TENS UNIT. THE USER APPLIED THE ELECTRODES TO HER SHOULDERS AND LOWER BACK - CHANNEL 1 ON HER SHOULDER, AND CHANNEL 2 ON HER LOWER BACK. DURING TREATMENT, SHE TURNED UP THE INTENSITY ON HER SHOULDERS TO ABOUT 13 (LAST SHE RECALLS). ALL AT ONCE, THE UNIT WENT CRAZY AND SHOCKED HER SHOULDERS, NECK, JAW AND ARMS. SHE REPORTS THAT SHE WAS ELECTROCUTED AND COULD HARDLY MOVE HER SHOULDERS. HER SHOULDERS WERE HUNCHED TO HER EARS, AND HER ARMS WERE CONTRACTED AND CONVULSING/SHAKING, PULLED CLOSE TO HER BODY. SHE REPORTS THE EVENT AS TERRIFYING, AND AS THOUGH SHE WAS GOING TO HAVE A HEART ATTACK. SHE WAS ABLE, WITH GREAT DIFFICULTY, TO MOVE HER ARM AND HAND DOWN TO THE UNIT TO PULL OUT THE ELECTRODE, WHICH CAUSED IT TO STOP ELECTROCUTING HER. SHE COULDN'T EVEN SCREAM AS THIS EVENT WAS OCCURRING. THE UNIT CONTINUED ON FOR 28 MINUTES. SHE COULDN'T GET THE UNIT TO STOP, SO SHE PULLED OUT THE BATTERY. SHE PLANS TO VISIT HER DOCTOR'S OFFICE, AS HER COLLEAGUES AT WORK TOLD HER THAT IT LOOKS LIKE SHE HAD BEEN BURNT ACROSS HER SHOULDERS.",TENS (prescription)
5854562,51402785,N,1,,"THE DEVICE EVALUATION OF THE OUTPUT WAVEFORMS: STAGE 1, STAGE 2 AND STAGE 3 (ALL STAGES) FUNCTION AS INTENDED TO DESIGN SPECIFICATION. DEVICE PERFORMED AND FUNCTIONED TO SPECIFICATION.",TENS (over-the-counter)
5854562,51402786,D,1,,"ON TWO SEPARATE OCCASIONS I EXPERIENCED HIVES/WELTS PREDOMINATELY ON THE RIGHT SIDE OF MY LOWER BACK, BUT WASN'T A BIG ISSUE. THE FIRST OCCASION WAS WORSE THAN THE SECOND WITH MORE HIVES/WELTS. I CLEANSED MY SKIN WITH ALCOHOL BEFORE EACH USE. I INTERMITTENTLY FELT A HIGHER INTENSITY OUTPUT ON THE RIGHT SIDE, IT ALMOST ALWAYS SEEMED TO OCCUR AFTER I POWERED IT OFF AND THEN ON AGAIN, OR A 2ND OR 3RD USE CONCURRENTLY. I USED MY LITHIUM BATTERIES FROM THE BEGINNING AND THROUGHOUT THE ENTIRE FIRST MONTH WITHOUT ANY ISSUES IN THE ORIGINAL UNIT I PURCHASED. I REFRAINED FROM USING THE PRODUCT FOR ABOUT SIX DAYS, AND APPLIED CALAMINE LOTION TO HELP STOP THE ITCHING. I CAN'T FIND A PICTURE I THOUGHT I TOOK OF THE FIRST RASH. I INCLUDED A PICTURE OF THE SECOND RASH AND THE LITHIUM BATTERIES I USED. I WILL FOLLOW UP WITH ANOTHER PICTURE OF MY BACK SINCE IT IS FINE AND ALL HEALED NOW.",TENS (over-the-counter)
5885336,52409988,D,1,,"PATIENT ARRIVED FOR HER 4:00PM PHYSICAL THERAPY TREATMENT APPOINTMENT. WHILE ON THE SCI-FIT SEATED STEPPER, PATIENT INFORMED PHYSICAL THERAPIST OF SUPERFICIAL WOUND ON HER L LOWER BACK/FLANK AREA THAT SHE AND HER SON NOTICED LATE THAT EVENING A FEW DAYS EARLIER. PATIENT AND SON REPORTED THAT AFTER PHYSICAL THERAPY THAT DAY (~6PM), THEY WENT DO SOME ERRANDS AND WENT HOME AND NOTICED THE LOCALIZED DISCOLORED AREA ON L LOWER BACK/FLANK. THE PATIENT'S SON STATES THEY PUT NEOSPORIN ON IT AND IT SEEMS TO HAVE SCABBED OVER ON THE WEEKEND; PT DENIED PAIN ON OR AROUND THE SAME AREA THROUGHOUT THE WEEKEND. UPON INSPECTION, THE PHYSICAL THERAPIST NOTED A 1.0 INCH BY 0.5 INCH OVAL SHAPED WOUND WITH CLEAN EDGES AND BLACK SLOUGH, (-) DRAINAGE, (-) ERYTHEMA ON LEFT LOWER BACK/FLANK REGION. PT DENIED PAIN ON WOUND OR PERIPHERY UPON OCULAR INSPECTION AND PALPATION AROUND THE LOWER BACK REGION. REVIEW SHOWED IT IS APPROXIMATELY AROUND THE AREA WHERE THE ELECTRODE PADS FOR THE INTERFERENTIAL CURRENT MODALITY WAS PLACED ON PT'S LAST TREATMENT. PHYSICAL THERAPIST CALLED REHAB MANAGER TO INFORM HER OF INCIDENT. REHAB MANAGER ARRIVED AND INSPECTED THE AREA AS WELL AS INTERVIEWED THE PATIENT AND SON ABOUT THE INCIDENT. MANUFACTURER RESPONSE FOR ELECTRICAL STIMULATOR MACHINE, VECTRA GENISYS (PER SITE REPORTER): REPORTED BY MGR OF REHAB. MANUFACTURER ESCALATED THE EVENT TO THE REGIONAL MGR. CURRENTLY AWAITING RESPONSE.",Powered muscle stimulator
5918547,53628988,D,1,,"PT CALLED TO REPORT ADVERSE EVENTS SHE EXPERIENCED WHILE USING HER MEDTRONIC NEUROSTIMULATORS. PT STATED SHE HAD BEEN RECEIVING RADIO FREQUENCY ABLATION PROCEDURES SINCE APPROX THE END OF 2009. PT REPORTED THAT LAST YEAR, IN (B)(6) 2015, SHE RECEIVED FIRST AND SECOND DEGREE BURNS AFTER A RADIO FREQUENCY ABLATION PROCEDURE. PT STATED SHE RECEIVED BURNS MULTIPLE TIMES AFTER THIS. ALL TOGETHER PTS RECEIVED FIRST, SECOND AND THIRD DEGREE BURNS ON HER UPPER BACK, LOWER BACK, SHOULDER AND BUTTOCKS. PT DESCRIBED HER BURNS AS DEEP WOUNDS, THROBBING PAIN, AND MISSING SKIN AT SITE. PT SAID SHE SAW A WOUND CARE SPECIALIST FOR MONTHS TO TREAT HER BURNS AND SHE WAS TOLD SHE TESTED POSITIVE FOR AN INFECTION. PT SAID HER NEUROSTIMULATORS WERE ""OUT OF WHACK"" AND THE VIBRATION EFFECTS WERE NOT WORKING PROPERLY AND THE DEVICE WOULD SHUT DOWN. PT STATED SHE MET WITH A MEDTRONIC REP, (B)(6), WHO SAID NOTHING WAS WRONG WITH THE DEVICE, YET HE REPROGRAMMED IT. PT REPORTED THAT ON (B)(6) 2016, SHE WAS BURNED AGAIN, THIS TIME IT WAS A FIRST DEGREE BURN ON HER SHOULDER. SHE SAID SHE CAN STILL FEEL THE BURNING PAIN, AND HAS SEVERE BURNING SENSATION IN HER HEAD WHICH CAUSES HER TO FEEL NAUSEOUS. PT SOUGHT TREATMENT AT ER AND WAS GIVEN MEDICATION FOR BURNS AND A CT SCAN TO MAKE SURE HER HEAD WAS OKAY. PT STATED SHE THEN SAW HER PCP AND WAS TOLD THE SEVERE BURNING IN HER HEAD WAS LIKELY NERVE PAIN AND GIVEN MEDICATION TO HELP TREAT IT. PT IS CONCERNED AND SCARED AS NOBODY IS HELPING HER, INSTEAD SHE FEELS THE TREATING PHYSICIAN AND MEDTRONIC ARE BEING DEFENSIVE AND DON'T WANT TO BE AT BLAME FOR HER BURNS AND PAIN. PT SAID SHE WAS INFORMED BY A MEDTRONIC REP LAST WEEK OVER THE PHONE THAT SHE NEVER SHOULD HAVE RECEIVED RADIO FREQUENCY ABLATION WHILE HAVING NEUROSTIMULATORS IMPLANTED BECAUSE IT COULD CAUSE TISSUE DAMAGE, BURNS AND EVEN DEATH. PT IS EXTREMELY CONCERNED THAT MORE DAMAGE, THAT IS NOT VISIBLE, HAS TAKEN PLACE. PT ALSO REPORTED THAT SHE WAS MADE AWARE THAT NEITHER MEDTRONIC NOR THE TREATMENT PHYSICIAN OF THE ABLATION PROCEDURES EVER REPORTED HER ADVERSE EVENTS TO THE FDA. PT DESPERATELY WANTS HELP AND TESTING TO DETERMINE IF MORE, PERMANENT DAMAGE HAS BEEN DONE TO HER.",TENS (prescription)
5913389,53667214,D,1,,"I PURCHASED THE ICY HOT TENS UNIT TO USE FOR ARTHRITIC KNEE PAIN. I CAREFULLY READ AND FOLLOWED THE INSTRUCTION AS DIRECTED. THE SKIN ON MY KNEE WAS PERFORMED AS STATED IN THE PACKAGE. RIGHT KNEE. THE FIRST DATE I USED IT WAS (B)(6) 2016. I THEN PLACED THE BATTERY POWERED UNIT ON THE ELECTRODE AS DIRECTED. THE CONTROLS WERE ADJUSTED BY PRESSING THE BUTTONS AND FOR INCREASE AND DECREASE IN INTENSITY. AFTER FEELING THE TINGLING IN MY KNEE I LOWERED IT FOR 20-30 MINUTES. I THEN REMOVED THE DEVICE AND THE ELECTRODE IS DIRECTED. MY KNEE WAS OF NORMAL COLOR. THE FOLLOWING MORNING (B)(6) 2016 UPON ARISING I NOTICED A LARGE PURPLISH AREA. THE AREA WAS EXACTLY WHERE THE ELECTRODE HAD BEEN THE PREVIOUS DAY. THE TINY BLOOD VESSELS IN THIS AREA HAD BURST, CAUSING THE LARGE BRUISED LIKE AREA. THE AREA WAS TENDER TO TOUCH. I AM ON COUMADIN FOR A FIB. THERE WAS NOTHING ON PACKAGE ABOUT MAL USING. THERE WAS NO BURNS, REDNESS AND RASH ON THE AREA. I TOOK PHOTOS OVER A PERIOD OF TIME TO DOCUMENT THIS. I DID NOT USE THE DEVICE AGAIN. I STILL HAVE IT IN MY POSSESSION. THE CONDITION OF MY SKIN PRIOR TO USING WAS PINK, WARM, DRY WITHOUT BRUISING. MY SKIN (ILLEGIBLE) WAS NORMAL. THE BRUISING AND DISCOLORATION LASTER OVER ONE WEEK.",TENS (over-the-counter)
5940958,54397573,D,1,,"THE END-USER RECEIVED THE UNIT ON MONDAY, 8/15/2016 - BY (B)(6) 2016, THE END-USER HAD RECEIVED 3 QUITE SEVERE BLISTERING BURNS ON HIS LEG WHEN IFC MODE WAS USED FOR AN EXTENDED PERIOD. ACCORDING TO THE END-USER, BESIDES A LOUD-PITCHED FREQUENCY, THE UNIT ITSELF WAS QUITE HOT, AS WELL AS ITS BELT CLIP TOO. THE END-USER SUSTAINED A BURN ON HIS UPPER THIGH, NEARER TO HIS TORSO THAN HIS KNEE - AS WELL AS ON THE TOP OF HIS THIGH TOWARDS THE INSIDE AND ON HIS OUTER THIGH. SOME BURNS HAD BLISTERED AND SCABBED OVER, OTHERS WERE LESS SEVERE - NONE OF THE BURNS WERE TERRIBLY SEVERE, AND AT THEY'RE LARGEST, THE BIGGEST WAS ABOUT 2/3 THE SIZE OF A DIME. THE DEVICE WAS RETURNED FOR TESTING, AND ALL CHANNELS FELL BELOW SPEC RANGE.",TENS (prescription)
5947823,54627061,D,1,,"THE END-USER HAD REPORTED A COMPLAINT REGARDING HER TENS UNIT DEVICE AS HAVING STIMULATION THAT FADED IN AND OUT.  SHE COULD NOT TELL IF THIS WAS A LEAD WIRE OR IF IT WAS THE DEVICE. OUR DISTRIBUTOR INSTRUCTED HER TO HOOK UP FOUR PADS AND SWITCH THE GOOD, WORKING LEAD FROM ONE CHANNEL TO THE OTHER TO SEE IF SHE NOTICED ANY DIFFERENCE. THE DISTRIBUTOR STATED THAT SHE SEEMED A BIT CONFUSED ON THE PHONE, SO SENT INFORMATION TO THE COMPASS HEALTH BRANDS TECHNICAL CSR, ASKING HER TO TROUBLESHOOT WITH THE CUSTOMER. THE END-USER WAS FORWARDED TO A COMPASS HEALTH BRANDS CSR, AND WAS ADVISED ON EVERY STEP REGARDING HOW TO HANDLE THE CONFUSION - THE END-USER WAS FIRST INSTRUCTED TO TRY A NEW BATTERY TO SEE IF THIS WOULD CORRECT THE PROBLEM, AS TENS UNITS DO STRANGE THINGS WHEN THE BATTERY IS RUNNING LOW. SHE CALLED BACK TWO DAYS LATER, AFTER SHE HAD CHANGED THE BATTERY, AND STATED THAT SHE HAD BEEN BURNED. SHE HAD THE DEVICE 1.5 WEEKS. SHE STATED SHE WAS USING TWO ELECTRODES ACROSS HER LOWER BACK 4""-6"" APART. SHE STATED THIS WAS THE THIRD USE OF THE ELECTRODES. THE PICTURES SHE HAD PROVIDED OF THE BURNS APPEAR TO SHOW THAT SHE HAD USED 4 ELECTRODES, AND THAT THEY WERE FAIRLY CLOSE TOGETHER. THE END-USER'S BURNS WERE REPORTED AS HAVING BLISTERED.",TENS (prescription)
5947554,54636686,D,1,,"CUSTOMER STATES 2 PATIENTS HAVE BEEN SHOCKED WHILE BEING TREATED ON THIS DEVICE, AND 1 PATIENT BURNED SINCE (B)(6) 2015. A COMPASS HEALTH BRANDS CSR HAD SPOKEN WITH THE CUSTOMER'S TECHNICAL REPRESENTATIVE AND WITH ONE OF THE PHYSICAL THERAPISTS - HOWEVER, THEY COULD NOT REMEMBER THE EXACT DETAILS BASED ON THE LENGTH OF TIME SINCE THE OCCURRENCE. ONE OCCURRENCE WAS RECENT, WHICH IS WHY THEY REACHED OUT TO US. THE INCIDENTS OCCURRED ON BOTH PREMOD AND (B)(6) THERAPIES. THE PHYSICAL THERAPIST STATED THAT THE PATIENT THAT WAS BURNED DID SEE A DOCTOR FOR THE BURN, BUT WAS DISCHARGED. SHE WAS NOT AWARE OF ANY THERAPY PROVIDED BY THE DOCTOR FOR THE BURN. THERE ARE REPORTS THAT THE PATIENT(S) HAD EXPERIENCED STRONG SENSATIONS DURING THE TREATMENT, ALMOST LIKE HE/SHE/THEY WERE BEING BURNT. THE PHYSICAL THERAPIST ALSO MENTIONED THAT WHILE USING THE ULTRASOUND, ONCE THE W/CM2 ARE TURNED UP, THE CLOCK DOWN NOT COUNT DOWN. THE DEVICE WAS RETURNED, AND IT WAS FOUND THAT THE CHANNELS WOULD RANDOMLY SPIKE IN INTENSITY AND HAVE AN ABNORMAL WAVEFORM - THIS WAS AN INTERMITTENT PROBLEM.",TENS (prescription)
5949508,54680972,D,1,,"(B)(4) RECEIVED NOTICE REGARDING THE INCIDENT FROM THE PROVIDER, INVOLVING A TENS UNIT, A PRODUCT IMPORTED AND DISTRIBUTED BY (B)(4). AFTER USING THE TENS UNIT ON HIS BACK FOR ABOUT 3 HOURS, THE ENDUSER'S WIFE ALLEGEDLY NOTICED BURNS ON THE ENDUSER'S BACK. THIS REPORT IS BASED ON THE INFORMATION THAT WAS PROVIDED BY THE ENDUSER.",TENS (prescription)
5841376,54900316,D,1,,"UPDATED INFORMATION RECEIVED 8/2/2016 (AFTER ORIGINAL MDR WAS ALREADY SUBMITTED) REGARDING END-USER'S VISIT TO DOCTOR. THE END-USER REPORTED THAT SHE HAD SOME RED MARKS ON HER SHOULDERS FROM THE PADS (ELECTRODES), AND HER DOCTOR DID AN EKG TO ENSURE THAT HER HEART WAS NOT AFFECTED. THE DIAGNOSIS WAS THAT THE ELECTRICAL CURRENT MUST HAVE GONE THROUGH HER BRACHIAL PLEXIS ON BOTH SIDES. THIS FOLLOW-UP MDR WILL BE SUBMITTED TO FDA. NEW INFORMATION WILL ALSO BE PROVIDED TO THE DEVICE'S MANUFACTURER.",TENS (prescription)
5997905,56444348,D,1,,"THE END-USER STATES SHE WAS SHOCKED WHILE USING THE TENS UNIT. THE END-USER HAD PLACED THE ELECTRODES ON BOTH OF HER HANDS FOR NEUROPATHY FOR 30 MINUTES. SHE HAD THE DEVICE INCREASED TO ONLY 3 MA. IT WAS 3 MINUTES BEFORE THE END OF THE TREATMENT, WHEN SHE DECIDED TO TURN THE DEVICE TO 0 AMPS. AS SOON AS SHE HIT THE ARROW DOWN, THE DEVICE RAMPED UP IN INTENSITY AND SHOCKED HER. SHE STATED THE DEVICE ""PARALYZED HER HAND,"" AND WAS THE ""MOST HORRENDOUS PAIN"" SHE HAD EVER FELT. SHE CRIED OUT, AND HER BROTHER-IN-LAW CAME DOWN FROM UPSTAIRS TO SHUT THE DEVICE OFF FOR HER. SHE STATES IT TOOK HIM ABOUT ONE MINUTE TO GET TO HER WHILE SHE WAS REPEATEDLY BEING SHOCKED. THE ELECTRODES HAD BEEN PLACED BETWEEN THE BASE OF HER PINKY AND HER WRIST, WITH THE OTHER ONE AT THE MEATY PART OF HER HAND BETWEEN HER POINTER FINGER AND HER THUMB. THIS PLACEMENT WAS DUPLICATED ON HER OPPOSITE HAND. SHE DID NOT RECEIVE A BURN, AND SHE DID NOT SEE HER DOCTOR. HOWEVER, SHE HAS A FULL NEUROLOGICAL EVALUATION ON (B)(6), AND SEES HER CARDIOLOGIST ON (B)(6). THE ELECTRODES SHE WAS USING WERE USED APPROXIMATELY 25 TIMES PRIOR. SHE STATED SHE BEGAN USING THIS DEVICE ON (B)(6), WHEN SHE VISITED THE THERAPIST WHO PROVIDED INSTRUCTIONS FOR USE ON THE DEVICE - THEY WERE USED ONCE PER DAY UNTIL THE INCIDENT. A (B)(4) BRANDS CUSTOMER SERVICE REPRESENTATIVE EXPLAINED THAT THE ELECTRODES WERE TO HAVE BEEN REPLACED AFTER 8-10 USES. THE RETURNED DEVICE WAS TESTED WITHIN SPEC RANGE- NO DEFECTS WERE FOUND.",TENS (prescription)
6002826,56788032,D,1,,"I WAS USING FDA APPROVED FISCHER WALLACE STIMULATOR FOR INSOMNIA AFER TWO HOURS I GOT TREMOR, SEVERE MUSCLE SPASMS, AND DIZZINESS, WENT TO URGENT CARE TWO TIMES THEN TO ER AND NEUROLOGIST AND SHE TOLD ME THIS DEVICE TRIGGER DISEASE MS, WHICH I NEVER KNEW BEFORE I HAD IT.",TENS (prescription)
6002767,56797531,D,1,,PT REPORTED A BURN CAUSED BY A TENS UNIT FOR USE BY THE PT WITH THE HELP OF PRIVATE CARE GIVER. THIS EVENT WAS NOT REPORTED TO THE (B)(4) UNTIL 09/28/2016 DUE TO F/U BY CONTACT CARE PROVIDER. BURNS WERE NOT NOTICEABLE BY THE TIME THEY WERE REPORTED TO THE (B)(4). ITEM WAS REMOVED FROM USE. THERAPY START DATE: (B)(6) 2016. THERAPY END DATE: (B)(6) 2016. DIAGNOSIS OR REASON FOR USE: BACK PAIN.,TENS (over-the-counter)
6026815,57332605,N,1,,"THE DHR REVIEW SHOWS THE DEVICE PERFORMED AS INTENDED WHEN IT WAS MANUFACTURED. DURING EVALUATION THE DEVICE AND DEVICE REMOTE WERE FOUND IN POOR CONDITION. THE DEVICE AND DEVICE REMOTE CONTROL WERE ABLE TO POWER ON. THE DEVICE TREATMENT WAS ABLE TO FUNCTION TO SPECIFICATION, FREQUENCIES WERE TO SPECIFICATION. THE DEVICE LABELING WAS REVIEWED AND FOUND TO BE SUITABLE AND ADEQUATE FOR THE DEVICE TO PERFORM ITS INTENDED USE. THE DEVICE PERFORMED TO SPECIFICATION.",TENS (over-the-counter)
6026815,57332606,D,1,,"CUSTOMER HAS SPINAL STENOSIS AND HAS BEEN WEARING THE DEVICE FOR TWO WEEKS. THERE WERE NO PROBLEMS UNTIL (B)(6) 2016. SHE WAS WEARING THE UNIT ALL DAY AND IT HAD TURNED ITSELF OFF. CUSTOMER SAID SHE ""GOT IN THE CAR TO GO SOMEWHERE AND ALL OF A SUDDEN IT LET OUT A CHARGE THAT TIGHTENED EVERY MUSCLE IN MY BODY AND CAUSED ME TO YELL OUT LOUD."" SHE HAD HER REMOTE CONTROL AROUND HER NECK AND WAS ABLE TO DECREASE THE INTENSITY.",TENS (over-the-counter)
6034809,57682241,D,1,,"THE END-USER WAS USING THE TENS UNIT WITH A CONDUCTIVE BACK BRACE (GB3070 BACK BRACE SILVER MESH LG/XL). THE END-USER HAD BEEN EXPERIENCING SHOCKS AND HAS MULTIPLE BURNS ON HIS BACK. THE END-USER'S WIFE CONTACTED THEIR DISTRIBUTOR, STATING HER HUSBAND WAS BEING SHOCKED FROM THE COMPASS HEALTH BRANDS PREMIUM CONDUCTIVE BACK BRACE THAT HE WAS USING WITH OUR TENS DEVICE. OUR DISTRIBUTOR SPENT A LOT OF TIME TROUBLESHOOTING OVER THE PHONE WITH THE WIFE, AND DERTERMINED THERE IS SOMETHING WRONG WITH THE LEFT ELECTRODE IN THE BELT. THE HUSBAND HAD USED THE BELT FOUR TIMES. HE WAS USING THE LOW BACK BUTTON ON THE TENS UNIT AT AN OUTPUT OF APPROXIMATELY 25 MA. IT HAD BEEN SHOCKING HIM SINCE HE STARTED USING IT, YET HE CONTINUED TO USE IT THREE MORE TIMES. PHOTOS PROVIDED SHOW THAT THE END-USER HAS MULTIPLE SMALL BURN MARKS ON HIS BACK - THE END-USER'S WIFE NEVER CALLED THEM BURNS, BUT WHAT IS SHOWN ARE BLISTERY, SECOND-DEGREE BURN MARKS. THESE MARKS ARE REPORTED AS HAVING LASTED AT LEAST THREE DAYS. NO MEDICAL ATTENTION WAS SOUGHT AFTER/RECEIVED FOR THIS INJURY. THE WIFE OF THE END-USER IS AN X-RAY TECHNICIAN, AND SHE PUTS THE BELT ON HER HUSBAND AND OPERATES THE TENS UNIT. THE ORIGINAL TENS UNIT AND GARMENT (BACK BRACE) WERE RETURNED TO COMPASS HEALTH BRANDS ON 9/29/2016, AND INSPECTED, TO FIND THAT THE DEVICE TESTED WITHIN SPECIFICATION RANGE WITHOUT ANY DEFECTS FOUND - THERE WAS EXPOSED METAL FOUND ON THE RIGHT SIDE OF THE GARMENT, WHICH MAY HAVE CONTRIBUTED TO THIS EVENT OCCURRING, BUT THIS DEFINITIVE UNDERLYING ROOT CAUSE COULD NOT BE DOUBLE CONFIRMED.",TENS (prescription)
6034680,57867266,D,1,,"ON (B)(6) 2016 A STUDENT THERAPIST WAS WORKING WITH A PATIENT USING THE SAFEGAIT 360 DEGREE SYSTEM. THE PATIENT WAS SEATED AND THE THERAPIST WAS HOLDING THE SPREADER BAR IN HER HAND AFTER HAVING LOWERED THE STRAP VIA THE POSITIONING CONTROL WITH THE INTENT TO DETACH THE HARNESS STRAPS FROM THE SPREADER BAR. SHE NOTICED THAT THE SPREADER BAR APPEARED ""LOOSE"" AND THEN THE SPREADER BAR DETACHED FROM CLIP THAT CONNECTS IT TO THE STRAP. THE SPREADER BAR REMAINED IN THE THERAPIST'S HAND AND THE PATIENT WAS UNAFFECTED. PRIOR TO THE INCIDENT, THERE WAS NOTHING NOTED AS BEING OUT OF THE ORDINARY BY THE CUSTOMER AND THERE WAS NO VISUAL INDICATION THAT THERE WAS A POTENTIAL ISSUE.",Powered exercise equipment (incl. CPM)
6042756,57918167,D,1,,"THE DISTRIBUTOR STATES THAT THEIR PATIENT WAS BURNED DURING USE OF THE TENS UNIT. ACCORDING TO THE COMPASS HEALTH BRANDS CUSTOMER SERVICE REPRESENTATIVE, THIS CALL WAS VERY CONFUSING - THERE WAS LITTLE INFORMATION TO PROVIDE, AND THE PERSON THE REPRESENTATIVE HAD SPOKEN TO'S STORY CHANGED A COUPLE OF TIMES; HE SEEMED UNSURE OF HIMSELF. THE REPRESENTATIVE DID NOT BELIEVE THAT THE PERSON (HE) KNEW THE ANSWERS TO THE QUESTIONS THE REP WAS ASKING, AND FELT HE WAS GUESSING IN RESPONSE TO SOME QUESTIONS ASKED. THE PERSON THE REPRESENTATIVE HAD SPOKEN TO WHILE OBTAINING SOME ANSWERS TO SOME QUESTIONS STATES HE WAS A PHYSICAL THERAPIST - HOWEVER, HE WAS NOT THE PT IN THE ROOM WHEN THE PATIENT WAS BURNED - HE STATED THAT THIS THERAPIST IS NO LONGER WITH THE CLINIC. THE REPRESENTATIVE ASKED WHAT WAVEFORM HAD BEEN USED ON THE END-USER, BUT THE PERSON ASKING THE QUESTIONS IS REPORTED AS NOT HAVING UNDERSTOOD THE WORD WAVEFORM - THE REPRESENTATIVE REVIEWED ALL THE WAVEFORMS, AND CHOSE EMS - HE LATER STATED THAT THEY USE THE WAVEFORM THAT COMES UP WHEN THEY POWER THE DEVICE ON, HE THOUGHT IF-4P. HE WAS UNCLEAR OF THE END-USER'S AGE, AND GUESSED (B)(6). THE BURN HAPPENED AT THE THERAPIST'S OFFICE WHILE THE PT WAS IN THE ROOM WITH THE END-USER. HE STATED IMMEDIATELY THE END-USER FELT SHOCKING, AND WHEN THE ELECTRODES WERE REMOVED, A BURN MARK WAS EVIDENT. HE STATES THE ELECTRODES WERE PLACED 1"" TO 6"" APART ON THE USER'S LOWER BACK. THEY WERE USING 2X2 ELECTRODES. THE END-USER DID SEEK MEDICAL TREATMENT, BUT THE PT DOES NOT HAVE ANY RECORDS FROM THAT TREATMENT.",TENS (prescription)
6059933,58504337,D,1,,"INITIAL INFORMATION REGARDING THIS UNSOLICITED DEVICE CASE FROM UNITED STATES WAS RECEIVED FROM A HEALTHCARE PROFESSIONAL (A PATIENT ITSELF) ON 17-OCT-2016. THIS CASE INVOLVES A FEMALE PATIENT OF UNKNOWN AGE, WHOSE BACK WAS BURNED AND BLISTERED (BURN WAS RIGHT NEAR THE LEFT SIDE OF THE SPINE), UNSPECIFIED TIME AFTER SHE STARTED USING SMART RELIEF TENS THERAPY (SMART RELIEF TENS THERAPY KNEE AND SHOULDER). NO INFORMATION ABOUT PAST DRUGS WERE REPORTED. ON UNKNOWN DATE IN (B)(6) 2016, THE PATIENT STARTED THERAPY WITH SMART RELIEF TENS THERAPY AT AN UNSPECIFIED FREQUENCY (LOT/BATCH NUMBER WITH EXPIRY DATE: UNKNOWN; CONTROL UNIT SERIAL NUMBER: 1503232691511) FOR SPINE RUPTURED PAIN. PATIENT STATED HER SPINE RUPTURED A WHILE AGO AND THIS WAS THE MOST PAIN SHE HAD IN 6 YEARS. SHE STATED SHE BOUGHT DEVICE ON 16-OCT-2016 ALONG WITH REFILL KIT. PATIENT STATED SHE NEVER USED THIS DEVICE BEFORE. SHE STATED SHE JUST USES THE REGULAR ICY HOT FOR PAIN (CONCOMITANTLY USE). PATIENT STATED HER BACK WAS BURNED AND BLISTERED (ONSET DATE: (B)(6) 2016; LATENCY: UNKNOWN). REPORTEDLY, WHEN SHE USED THE DEVICE (SMART RELIEF TENS THERAPY) MADE HER BACK SO MUCH MORE WORSE. SHE STATED SHE COULD NOT USE THE HEATING PAID OR THE REGULAR ICY HOT SHE USED BEFORE BUYING SMART RELIEF TENS THERAPY. PATIENT STATED SHE REALLY HAS TO GET TO THE EMERGENCY ROOM (ER). SHE STATED THE BURN WAS RIGHT NEAR THE LEFT SIDE OF THE SPINE ON HER BACK. PATIENT STATED SHE MADE SURE AREA WAS CLEAN BEFORE PUTTING ON DEVICE. SHE STATED SHE COULD NOT SLEEP BECAUSE HER BACK HURTS; ALSO HURTS WHEN SHE TAKES A SHOWERS. PATIENT STATED SHE SAID TO HER HUSBAND IT FELT LIKE A REALLY BAD SUN BURN. SHE STATED THIS WAS HINDERING HER RECOVERY. ACTION TAKEN: DRUG WITHDRAWN IN (B)(6) 2016. CORRECTIVE TREATMENT: NOT REPORTED. OUTCOME: NOT REPORTED. SERIOUSNESS CRITERIA: IMPORTANT MEDICAL EVENT FOR BOTH THE EVENTS.",TENS (over-the-counter)
6059933,58619957,D,1,,"INITIAL INFORMATION REGARDING THIS UNSOLICITED DEVICE CASE FROM UNITED STATES WAS RECEIVED FROM A HEALTHCARE PROFESSIONAL (A PATIENT ITSELF) ON (B)(6) 2016. THIS CASE INVOLVES A FEMALE PATIENT OF UNKNOWN AGE, WHOSE BACK WAS BURNED AND BLISTERED (BURN WAS RIGHT NEAR THE LEFT SIDE OF THE SPINE), HAD APPLICATION SITE PARESTHESIA (TINGLING) AND APPLICATION SITE SCAB (WOUND WAS STARTING TO SCAB), UNSPECIFIED TIME AFTER SHE STARTED USING SMART RELIEF TENS THERAPY (SMART RELIEF TENS THERAPY KNEE AND SHOULDER). NO INFORMATION ABOUT PAST DRUGS WERE REPORTED. ON UNKNOWN DATE IN (B)(6) 2016, THE PATIENT STARTED THERAPY WITH SMART RELIEF TENS THERAPY AT AN UNSPECIFIED FREQUENCY (LOT/BATCH NUMBER WITH EXPIRY DATE: UNKNOWN; CONTROL UNIT SERIAL NUMBER: (B)(4)) FOR SPINE RUPTURED PAIN. PATIENT STATED HER SPINE RUPTURED A WHILE AGO AND THIS WAS THE MOST PAIN SHE HAD IN 6 YEARS. SHE STATED SHE BOUGHT DEVICE AROUND NOON ON (B)(6) 2016 ALONG WITH REFILL KIT AS SHE HAD STRAINED A MUSCLE IN MY LOWER BACK AND INTO THE LEFT HIP. SHE NEVER USED THIS DEVICE BEFORE. SHE HAD JUST USED THE REGULAR ICY HOT FOR PAIN (CONCOMITANTLY USE). REPORTEDLY, THE UNIT WAS ON THE LOWEST SETTING/ FIRST INTENSITY LEVEL FOR 30 MINUTES. SHE DID NOT HAVE ANY ICY HOT PRODUCT ON HER SKIN WHEN SHE APPLIED THE PAD AS SHE HAD TAKEN A SHOWER AND WAS PUTTING ON CLEAN SKIN. IN THE MIDDLE OF THE FIRST CYCLE WHICH WAS ON LOWEST SETTING, SHE FELT AS THOUGH HER SKIN WAS TINGLING (ONSET DATE: (B)(6) 2016; LATENCY UNKNOWN) AND BURNING. SHE ADJUSTED THE PAD SLIGHTLY TO THE LEFT WHILE STILL ON THE FIRST CYCLE AND COULD NO LONGER TAKE THE STINGING. SHE REMOVED THE PAD AND WAS IN SERIOUS PAIN FROM THE BURNS. AS THE NIGHT WENT ON THE APPEARANCE OF THE BURNS AND THE PAIN WORSENED. HER BACK WAS BURNED AND BLISTERED (ONSET DATE: (B)(6) 2016; LATENCY: UNKNOWN). SHE HAD NEVER USED ANY PRODUCT SUCH AS ICY HOT OR A HEATING PAD AFTER APPLYING THE PAD TO HER SKIN. SHE COULD NOT SLEEP BECAUSE HER BACK HURTS; ALSO HURTS WHEN SHE TAKES A SHOWERS AND SLEEPING AND SITTING WAS PAINFUL. REPORTEDLY, WHEN SHE USED THE DEVICE (SMART RELIEF TENS THERAPY) MADE HER BACK SO MUCH MORE WORSE. SHE STATED SHE COULD NOT USE THE HEATING PAID OR THE REGULAR ICY HOT SHE USED BEFORE BUYING SMART RELIEF TENS THERAPY. SHE WAS STILL IN ALOT OF PAIN WITH THE MUSCLE PULL AND BURNS AND WENT TO THE EMERGENCY ROOM (ER) ON (B)(6) 2016. SHE WENT TO ER FOR PAIN IN HER BACK NOT FOR THE BURN. THE BURN WAS RIGHT NEAR THE LEFT SIDE OF THE SPINE ON HER BACK. THE DOCTOR TREATED HER AND SHE WAS RECOMMEND TO USE COLD SOAKS ON HER BACK AND VASELINE AS SHE HAD THE BURN AND THE WOUND STARTED TO SCAB (ONSET DATE AND LATENCY UNKNOWN) AND WAS ITCHING WHICH MEANT IT WAS HEALING AND WOULD TAKE TIME TO GO AWAY. SHE RECOMMENDED COOL COMPRESSES INSTEAD OF HOT DUE TO THE BURNS. PATIENT STATED SHE SAID TO HER HUSBAND IT FELT LIKE A REALLY BAD SUN BURN. SHE STATED THIS WAS HINDERING HER RECOVERY AND RECOVERY WAS TAKING A LITTLE LONGER. ACTION TAKEN: PERMANENTLY DISCONTINUED IN (B)(6) 2016. CORRECTIVE TREATMENT: NOT REPORTED FOR APPLICATION SITE SCAB AND APPLICATION SITE PARESTHESIA. OUTCOME: NOT REPORTED. SERIOUSNESS CRITERIA: IMPORTANT MEDICAL EVENT FOR BOTH THE EVENTS. QA REVIEW FINDINGS: ALL RETAINS ARE EXAMINED FOR CORRECT PACKAGING, SEAL, MISSING COMPONENTS, WORKING CONTROL UNIT, LEGIBILITY OF LOT NUMBERS /EXPIRATION DATE, CORRECT LABEL AND FOREIGN MATTER. NO ANOMALIES WERE FOUND THAT COULD CONTRIBUTE TO THIS COMPLAINT. AWAITING DEVICE RETURN FOR ADDITIONAL INVESTIGATION. ADDITIONAL INFORMATION WAS RECEIVED FROM THE QUALITY DEPARTMENT ON 17-OCT-2016, 18-OCT-2016, 19-OCT-2016, 20-OCT-2016 AND 21-OCT-2016 (ALL INFORMATION PROCESSED TOGETHER WITH CSD OF 17-OCT-2016): EVENTS ADDED APPLICATION SITE SCAB AND APPLICATION SITE PARESTHESIA ADDED, SYMPTOM OF STINGING, ITCHING AND REDNESS ADDED, CORRECTIVE TREATMENT ADDED AND ACTION TAKEN UPDATED FROM DRUG WITHDRAWN NOS TO PERMANENTLY DISCONTINUED. TEXT UPDATED ACCORDINGLY.",TENS (over-the-counter)
6077718,59116703,D,1,,"THE CUSTOMER HAS A WIRELESS TENS UNIT, AND IS STATING THAT IT BURNED HIS SKIN. HE IS STATING THAT HE HAD IT ON FOR ONLY 10 MINUTES . HE ALSO STATED THAT HE WAS NOT LEANING ON ANYTHING. THE END-USER REPORTS THAT HE HAD EXPERIENCED DISCOMFORT ONLY AFTER TAKING THE PADS (SELF-ADHESIVE ELECTRODES) OFF. THE BURNS ARE REPORTED AS HAVING SHOWN UP IMMEDIATELY ON HIS SKIN, AND AS STILL HAVING THE BURNS UPON REPORTING THE EVENT. THE END-USER REPORTS THAT HE DID GET SOME MEDICAL SERVICE FOR HEALING (RECEIVED TREATMENT).",TENS (prescription)
6084069,59330453,D,1,,"THE CUSTOMER CALLED REGARDING HER ORDER, AND MENTIONED THAT SHE HAD PURCHASED THE HYPOALLERGENIC ELECTRODES TO TRY. SHE STATED THAT SHE NOTICED BLISTERS, AND WASN'T SURE IF THEY WERE CAUSED BY HER ELECTRODES OR USING HER DEVICE ALL THE TIME. PER THE COMPASS HEALTH BRANDS CUSTOMER SERVICE REPRESENTATIVE THAT TOOK CARE OF THIS CUSTOMER, IT IS UNCLEAR WHETHER THE CUSTOMER/END-USER IS UNDER CARE, BUT IS COMPLAINING ALL THE TIME ABOUT NOT FEELING WELL. CUSTOMER/END-USER MENTIONED THAT THE DEVICE/ELECTRODES WERE USED IN PASSING.",TENS (prescription)
6059933,59375100,D,1,,"INITIAL INFORMATION REGARDING THIS UNSOLICITED DEVICE CASE FROM UNITED STATES WAS RECEIVED FROM A HEALTHCARE PROFESSIONAL (A PATIENT ITSELF) ON 17-OCT-2016. THIS CASE INVOLVES A FEMALE PATIENT OF UNKNOWN AGE, WHOSE BACK WAS BURNED AND BLISTERED (BURN WAS RIGHT NEAR THE LEFT SIDE OF THE SPINE), HAD APPLICATION SITE PARESTHESIA (TINGLING) AND APPLICATION SITE SCAB (WOUND WAS STARTING TO SCAB), UNSPECIFIED TIME AFTER SHE STARTED USING SMART RELIEF TENS THERAPY (SMART RELIEF TENS THERAPY KNEE AND SHOULDER). NO INFORMATION ABOUT PAST DRUGS WAS REPORTED. ON UNKNOWN DATE IN (B)(6) 2016, THE PATIENT STARTED THERAPY WITH SMART RELIEF TENS THERAPY AT AN UNSPECIFIED FREQUENCY (LOT/BATCH NUMBER WITH EXPIRY DATE: UNKNOWN; CONTROL UNIT SERIAL NUMBER: (B)(4)) FOR SPINE RUPTURED PAIN. PATIENT STATED HER SPINE RUPTURED A WHILE AGO AND THIS WAS THE MOST PAIN SHE HAD IN 6 YEARS. SHE STATED SHE BOUGHT DEVICE AROUND NOON ON (B)(6) 2016 ALONG WITH REFILL KIT AS SHE HAD STRAINED A MUSCLE IN MY LOWER BACK AND INTO THE LEFT HIP. SHE NEVER USED THIS DEVICE BEFORE. SHE HAD JUST USED THE REGULAR ICY HOT FOR PAIN (CONCOMITANTLY USE). REPORTEDLY, THE UNIT WAS ON THE LOWEST SETTING/FIRST INTENSITY LEVEL FOR 30 MINUTES. SHE DID NOT HAVE ANY ICY HOT PRODUCT ON HER SKIN WHEN SHE APPLIED THE PAD AS SHE HAD TAKEN A SHOWER AND WAS PUTTING ON CLEAN SKIN. IN THE MIDDLE OF THE FIRST CYCLE WHICH WAS ON LOWEST SETTING, SHE FELT AS THOUGH HER SKIN WAS TINGLING (ONSET DATE: (B)(6) 2016; LATENCY UNKNOWN) AND BURNING. SHE ADJUSTED THE PAD SLIGHTLY TO THE LEFT WHILE STILL ON THE FIRST CYCLE AND COULD NO LONGER TAKE THE STINGING. SHE REMOVED THE PAD AND WAS IN SERIOUS PAIN FROM THE BURNS. AS THE NIGHT WENT ON THE APPEARANCE OF THE BURNS AND THE PAIN WORSENED. HER BACK WAS BURNED AND BLISTERED (ONSET DATE: (B)(6) 2016; LATENCY: UNKNOWN). SHE HAD NEVER USED ANY PRODUCT SUCH AS ICY HOT OR A HEATING PAD AFTER APPLYING THE PAD TO HER SKIN. SHE COULD NOT SLEEP BECAUSE HER BACK HURTS; ALSO HURTS WHEN SHE TAKES A SHOWERS AND SLEEPING AND SITTING WAS PAINFUL. REPORTEDLY, WHEN SHE USED THE DEVICE (SMART RELIEF TENS THERAPY) MADE HER BACK SO MUCH MORE WORSE. SHE STATED SHE COULD NOT USE THE HEATING PAID OR THE REGULAR ICY HOT SHE USED BEFORE BUYING SMART RELIEF TENS THERAPY. SHE WAS STILL IN A LOT OF PAIN WITH THE MUSCLE PULL AND BURNS AND WENT TO THE EMERGENCY ROOM (ER) ON (B)(6) 2016. SHE WENT TO ER FOR PAIN IN HER BACK NOT FOR THE BURN. THE BURN WAS RIGHT NEAR THE LEFT SIDE OF THE SPINE ON HER BACK. THE DOCTOR TREATED HER AND SHE WAS RECOMMEND TO USE COLD SOAKS ON HER BACK AND VASELINE AS SHE HAD THE BURN AND THE WOUND STARTED TO SCAB (ONSET DATE AND LATENCY UNKNOWN) AND WAS ITCHING WHICH MEANT IT WAS HEALING AND WOULD TAKE TIME TO GO AWAY. SHE RECOMMENDED COOL COMPRESSES INSTEAD OF HOT DUE TO THE BURNS. PATIENT STATED SHE SAID TO HER HUSBAND IT FELT LIKE A REALLY BAD SUN BURN. SHE STATED THIS WAS HINDERING HER RECOVERY AND RECOVERY WAS TAKING A LITTLE LONGER. SHE HAD TO GO BACK TO THE DOCTOR TO GET A PRESCRIPTION CREAM FOR THE BURN. THE BURN WAS ON HER BACK AREA WHERE SHE BUTTONS HER PANTS. IT WAS A REALLY BAD BURN AND HAD HINDERED HER RECOVERY. WHEN SHE SITS DOWN THE WOMBS REOPEN, NO HOT WATER COULD TOUCH THE WOMB. THE BURN WAS ALMOST GONE. ALSO SHE REPORTED THAT THE BURN WAS IN THE SCALY AND ITCHY STAGE AND IT FELT LIKE SAND PAPER. ALSO, THE DOCTOR GAVE HER A PRESCRIPTION FOR 1 MINT SILVER SULFADIAZINE TWICE A DAY. SHE ALSO STATED THAT THE AREA FOR BURN WAS SO BIG THAT THE DOCTOR HAD TO DO A REFILL WHICH THEY NORMALLY DID NOT DO. ACTION TAKEN: PERMANENTLY DISCONTINUED IN (B)(6) 2016 CORRECTIVE TREATMENT: NOT REPORTED FOR APPLICATION SITE SCAB AND APPLICATION SITE PARESTHESIA. OUTCOME: RECOVERING FOR APPLICATION SITE BURN. UNKNOWN FOR OTHER EVENTS SERIOUSNESS CRITERIA: IMPORTANT MEDICAL EVENT FOR APPLICATION SITE BURN AND APPLICATION SITE BLISTER QA REVIEW FINDINGS: ALL RETAINS ARE EXAMINED FOR CORRECT PACKAGING, SEAL, MISSING COMPONENTS, WORKING CONTROL UNIT, LEGIBILITY OF LOT NUMBERS /EXPIRATION DATE, CORRECT LABEL AND FOREIGN MATTER. NO ANOMALIES WERE FOUND THAT COULD CONTRIBUTE TO THIS COMPLAINT. AWAITING DEVICE RETURN FOR ADDITIONAL INVESTIGATION. ADDITIONAL INFORMATION WAS RECEIVED FROM THE QUALITY DEPARTMENT ON 17-OCT-2016, 18-OCT-2016, 19-OCT-2016, 20-OCT-2016 AND 21-OCT-2016 (ALL INFORMATION PROCESSED TOGETHER WITH CSD OF 17-OCT-2016): EVENTS ADDED APPLICATION SITE SCAB AND APPLICATION SITE PARESTHESIA ADDED, SYMPTOM OF STINGING, ITCHING AND REDNESS ADDED, CORRECTIVE TREATMENT ADDED AND ACTION TAKEN UPDATED FROM DRUG WITHDRAWN NOS TO PERMANENTLY DISCONTINUED. TEXT UPDATED ACCORDINGLY. FOLLOW-UP INFORMATION WAS RECEIVED ON 24-OCT-2016: NO NEW INFORMATION WAS RECEIVED. ADDITIONAL INFORMATION WAS RECEIVED ON 24-OCT-2016, 27-OCT-2016 AND 28-OCT-2016 (ALL INFORMATION PROCESSED TOGETHER WITH CSD OF 27-OCT-2016): THE OUTCOME FOR APPLICATION SITE BURN AND CORRECTIVE UPDATED. INFORMATION REGARDING EVENT WAS ADDED AND TEXT UPDATED ACCORDINGLY. PHARMACOVIGILANCE COMMENT: SANOFI COMPANY COMMENT DATED 03-11-2016: THIS CASE INVOLVES AN ADULT FEMALE PATIENT WHO REPORTED APPLICATION SITE BLISTERED WHILE ON TREATMENT WITH SMART RELIEF TENS THERAPY. ALTHOUGH THE CAUSAL ROLE OF THE DRUG CANNOT BE DENIED FOR THE REPORTED EVENTS, HOWEVER LACK OF INFORMATION OF LATENCY, ANY PREEXISTING INJURY OVER THE APPLICATION SITE, CONCURRENT MEDICAL CONDITION AND PERSONAL HISTORY PRECLUDE A COMPREHENSIVE ASSESSMENT IN THIS CASE.",TENS (over-the-counter)
6120699,60678443,D,1,,"PATIENT WAS PLACED ON ELECTRICAL STIMULATION FOR 10 MIN. AFTERWARDS, THE PATIENT COMPLAINED OF PAIN IN HIS BACK AREA. THE PATIENT WAS NOTED TO HAVE 4 SKIN LESIONS, 2 CERVICAL AREA AND 2 LUMBAR AREA. IT APPEARS THE STIM UNIT MALFUNCTIONED CAUSING THE PATIENT TO RECEIVE MORE STIMULATION THAN INTENDED. THE PATIENT HAS 2 SMALL 1ST DEGREE BURNS JUST BELOW NECK, EACH APPROX 1 CM IN DIAMETER, NO DRAINAGE, NO RED STREAKING, NO BLISTERING. THE PATIENT HAS ANOTHER 2 SMALL 1ST DEGREE BURNS TO THE LOWER BACK JUST ABOVE THE BELT LINE, EACH ONE IS APPROXIMATELY 1 CM IN DIAMETER, NO REDNESS, NO DRAINAGE, NO BLISTERING",Powered muscle stimulator
6140212,61291026,D,1,,"THE SCREEN ON THE DEVICE MELTED, AND THE CUSTOMER WAS BURNED WHILE USING IT. THE USER HAS OWNED THE DEVICE FOR LESS THAN ONE MONTH. HE WAS USING 2"" ROUND ELECTRODES, AND HE HESITANTLY CONFIRMED THAT THEY WERE IN A CRISS-CROSS PATTERN. HE STATES THIS WAS HIS SECOND OR THIRD USAGE OF THIS PARTICULAR SET OF ELECTRODES. HE KEEPS HIS ELECTRODES ON ALL THE TIME, AND ONLY REMOVES THEM FOR SHOWERING. THE ELECTRODES WERE PLACED 4-6"" AWAY FROM ONE ANOTHER ON HIS BEHIND AND LEG. HE HAD THE DEVICE PLUGGED IN AND SET ON THE IF MODE (ALTHOUGH HE COULD NOT CONFIRM WHICH IF PROGRAM HE WAS USING). HE SET THE DEVICE TO CONTINUOUS SO IT WOULD RUN ALL NIGHT. HE WOKE UP SOMETIME IN THE EARLY MORNING, AS HE WAS FEELING PAIN. AT THIS POINT, HE NOTED THE SCREEN ON THE DEVICE HAD SOMEWHAT MELTED. HE LEFT HIS ELECTRODES ON UNTIL LATER IN THE EVENING, WHEN HE WENT TO TAKE A SHOWER. WHEN HE REMOVED THE ELECTRODES, HE REALIZED THERE WERE (BLISTERY) BURNS UNDERNEATH. THE USER'S PHYSICAL THERAPIST RECOMMENDED HE GET THIS DEVICE, BUT DID NOT PROVIDE ANY GUIDANCE ON TREATMENT SETTINGS. THE USER HAS PARALYSIS IN THE AREA HE WAS TREATING, WHICH THUS LIMITED FEELING. THE USER WAS TOLD (BY A COMPASS HEALTH BRANDS' CUSTOMER SERVICE REPRESENTATIVE) THAT, BECAUSE OF HIS LIMITED FEELING, HE WOULD MOST LIKELY TURN THE DEVICE UP HIGHER THAN SOMEONE WHO COULD FULLY FEEL THE CURRENT; HE MAY HAVE TURNED IT UP TOO HIGH. THE IF WAVEFORM IS TEN TIMES MORE POWERFUL THAN TENS, AND WOULD NOT BE RECOMMENDED FOR USE AN ENTIRE NIGHT. THE USER WAS ALSO TOLD (BY THE REP) TO REMOVE HIS ELECTRODES AFTER EACH USE - THE LONGER THEY ARE IN THE OPEN AIR, THE FASTER THEY DRY OUT AND THE USER WOULD NOT BE EXPERIENCING AN ENTIRE FLOW OF CURRENT THROUGHOUT THE ELECTRODE - THE OLDER THE ELECTRODE, THE LESS IT IS ABLE TO DISPERSE CURRENT THROUGHOUT ITSELF, THUS LIMITING CURRENT CLOSER AND CLOSER TO THE BRANCH IN THE ELECTRODE, WHICH COULD CAUSE A HOT SPOT. THE END-USER ALSO STATES THAT HE DID NOT NOTICE THAT THE PLASTIC ON THE WIRE HAD SHRUNK OR PULLED APART, AND THERE IS A 1/4"" OF THE WIRE SHOWING. IT IS OTHERWISE KNOWN THAT THE USER TURNS THE DEVICE ON AND INCREASES THE INTENSITY, BUT HIS WIFE PLACES THE ELECTRODES.",TENS (prescription)
6142528,61396548,N,1,,DEVICE NOT RETURNED.,Powered exoskeleton
6142528,61396549,D,1,,PT TEXTED AND CALLED REPORTING SWELLING IN HIS R KNEE AFTER A SESSION OF WALKING 1100 STEPS. HE SAW HIS PHYSICIAN WHO DID AN X-RAY WHICH WAS NEGATIVE FOR FRACTURE AND HE WAS DIAGNOSED WITH BURSITIS. UPDATE 8/16/2016 PATIENT CALLED AFTER URGENT CARE CALLED WITH THE RESULTS OF HIS X-RAY. THEY IDENTIFIED A SMALL COMPRESSION FRACTURE OF HIS R MEDIAL PLATEAU. THE PATIENT WAS TOLD TO SPEAK WITH HIS PHYSICIAN REGARDING TREATMENT. HIS PHYSICIAN WAS EMAILED THE UPDATE/NEWS BY REWALK ROBOTICS.,Powered exoskeleton
6146349,61492326,D,1,,THE USER WAS HAVING ACUTE ADEMA IN HER RIGHT KNEE THE LAST FEW WEEKS. SHE HAD AN X-RAY THAT SHOWED POSSIBLE RIGHT TIBIA INSUFFICIENCY FRACTURE BUT THEY ARE RECOMMENDING AN MRI TO CONFIRM.,Powered exoskeleton
6147520,61614279,D,1,,"I BEGAN USING THE QUELL PAIN RELIEF ELECTRODE BAND YESTERDAY. I NOTICED SOME PAIN IN MY KNEE THAT I NEVER HAD BEFORE. TODAY I HAD ADD'L PAIN IN MY SHIN. THE PAIN OCCURRED ON THE LEG NEAR WHERE I WORE THE BAND. I STOPPED WEARING THE DEVICE AND HOPE THE PAIN WILL DISAPPEAR COMPLETELY SOON. THE PAIN IS NOT BAD, BUT DEFINITELY THERE.",TENS (over-the-counter)
6156331,61852232,D,1,,"USER PARTICIPATED ONCE IN A CLINIC DAY SESSION ON (B)(6) 2016. DURING SESSION, STOOD UP, WALKED A FEW STEPS HAD A GREAT SESSION. LATER THAT DAY FELT PAIN IN HER LEFT ANKLE. SHE WENT TO SEE THE DOCTOR 4 DAYS LATER (APPROXIMATELY (B)(6) 2016). NO IMAGING TAKEN, BUT IT WAS PRESCRIBED AND STRONGLY RECOMMENDED BY DOCTOR. PATIENT WAS DISCHARGED AGAINST MEDICAL ADVICE. SWELLING DIDN'T CHANGE, NO TREATMENT PROVIDED BY PATIENT CHOICE.",Powered exoskeleton
6158926,61903687,N,1,,"UPON INSPECTION, IT WAS FOUND THAT THE PATIENT HAD A DISTINCT C SHAPED LINE ON THE BOTTOM OF HIS HEEL WHICH APPEARED TO BE BRUISING. THE DEVICE'S FOOT PLATE EXAMINED IN RELATION TO THE PATIENT'S SHOE AND DETERMINED THEY WERE USING A SMALLER FOOTPLATE THAN WAS APPROPRIATE. THE PATIENT WAS MOST LIKELY STANDING ON THE HEEL CUP OF THE FOOT PLATE THROUGHOUT HIS LAST TRAINING SESSION, WHICH COULD HAVE CAUSED THE LESION. THE FOOTPLATES WERE SWITCHED TO LARGER ONES AND THE PATIENT DONNED THE DEVICE. UPON STANDING, THE PATIENT REPORTED NO DEEP PRESSURE IN THE R FOOT WHICH HE WAS EXPERIENCING IN THE PRIOR SESSION.",Powered exoskeleton
6158926,61903688,D,1,,"THE THERAPISTS REPORTED THAT THE PATIENT HAD BEEN EXPERIENCING R ANKLE EDEMA AND REDNESS. UPON THEIR INSPECTION, IT WAS FOUND THAT THE PATIENT HAD A DISTINCT C SHAPED LINE ON THE BOTTOM OF HIS HEEL WHICH APPEARED TO BE BRUISING. SEVERAL DAYS LATER, IT WAS COMMUNICATED VIA A PHONE CALL THAT THE PATIENT'S R ANKLE SWELLING HAD NOT SUBSIDED AND HAD A FOLLOW-UP APPT SCHEDULED WITH AN MD. AFTER EXAMINATION WITH THE MD, WHERE X-RAYS WERE TAKEN, IT WAS DETERMINED THAT THE PATIENT HAD SUSTAINED A SUPERIOR CALCANEOUS FRACTURE.",Powered exoskeleton
6169918,62237087,D,1,,"SHE WAS TREATING HER PATIENT USING IF-4P, USING 4 2X2 ELECTRODES WHICH WERE BRAND NEW. THE TWO ELECTRODES ON THE UPPER BACK WERE 3"" APART AND THE 2 ON THE LOWER BACK WERE 3"" APART FROM ONE ANOTHER. THE PATIENT FELT A BURNING SENSATION, THEY REMOVED THE ELECTRODES AND NOTICED BLISTERING. SHE STATES THE PARAMETERS WERE AT 80 TO 120 HZ YET STATES THE PULSE RATE WAS AT THE DEFAULT. IN IF WE DO NOT HAVE A PULSE RATE DEFAULT OF 80-120, SO THIS MUST BE THEIR REWRITTEN DEFAULT. THE PATIENT IS STILL HEALING FROM THE INJURY THAT OCCURRED ON (B)(6) 2016.",TENS (prescription)
6169929,62239175,D,1,,"CHIROPRACTIC ASSISTANT WAS TREATING HER PATIENT USING IF-4P, USING 4 2X2 ELECTRODES WHICH WERE BRAND NEW. THE TWO ELECTRODES ON THE UPPER BACK WERE 3"" APART AND THE 2 ON THE LOWER BACK WERE 3"" APART FROM ONE ANOTHER. THE PATIENT FELT A BURNING SENSATION, THEY REMOVED THE ELECTRODES AND NOTICED BLISTERING. SHE STATES THE PARAMETERS WERE AT 80 TO 120 HZ YET STATES THE PULSE RATE WAS AT THE DEFAULT. IN IF WE DO NOT HAVE A PULSE RATE DEFAULT OF 80-120, SO THIS MUST BE THEIR REWRITTEN DEFAULT. SHE STATES THE PATIENT TOOK APPROXIMATELY 2 WEEKS TO HEAL.",TENS (prescription)
6169912,62241594,D,1,,"SHE WAS TREATING HER PATIENT USING IF-4P, USING 4 2X2 ELECTRODES WHICH WERE BRAND NEW. THE ELECTRODES WERE 3"" APART ON THE LOWER BACK. THE PATIENT FELT A BURNING SENSATION, THEY REMOVED THE ELECTRODES AND NOTICED BLISTERING. SHE STATES THE PARAMETERS WERE AT 80 TO 120 HZ YET STATES THE PULSE RATE WAS AT THE DEFAULT. IN IF WE DO NOT HAVE A PULSE RATE DEFAULT OF 80-120, SO THIS MUST BE THEIR REWRITTEN DEFAULT. THE PATIENT IS STILL HEALING FROM THE INJURY THAT OCCURRED ON (B)(6) 2016.",TENS (prescription)
6169917,62241649,D,1,,"SHE WAS TREATING HER PATIENT USING IF-4P, USING 4 2X2 ELECTRODES WHICH WERE BRAND NEW. THE TWO ELECTRODES ON THE UPPER BACK WERE 3"" APART AND THE 2 ON THE LOWER BACK WERE 2"" APART FROM ONE ANOTHER. THE PATIENT FELT A BURNING SENSATION, THEY REMOVED THE ELECTRODES AND NOTICED BLISTERING. SHE STATES THE PARAMETERS WERE AT 80 TO 120 HZ YET STATES THE PULSE RATE WAS AT THE DEFAULT. IN IF WE DO NOT HAVE A PULSE RATE DEFAULT OF 80-120, SO THIS MUST BE THEIR REWRITTEN DEFAULT. SHE STATES THE PATIENT TOOK APPROXIMATELY 2 WEEKS TO HEAL.",TENS (prescription)
6169923,62241654,D,1,,"SHE WAS TREATING HER PATIENT USING IF-4P, USING 4 2X2 ELECTRODES WHICH WERE BRAND NEW AND 3"" APART FROM ONE ANOTHER. THE PATIENT FELT A BURNING SENSATION, THEY REMOVED THE ELECTRODES AND NOTICED BLISTERING. SHE STATES THE PARAMETERS WERE AT 80 TO 120 HZ YET STATES THE PULSE RATE WAS AT THE DEFAULT. IN IF WE DO NOT HAVE A PULSE RATE DEFAULT OF 80-120, SO THIS MUST BE THEIR REWRITTEN DEFAULT. SHE STATES THE PATIENT TOOK 5 WEEKS TO HEAL.",TENS (prescription)
6059933,71132581,D,1,,"INITIAL INFORMATION REGARDING THIS UNSOLICITED DEVICE CASE FROM UNITED STATES WAS RECEIVED FROM A HEALTHCARE PROFESSIONAL (A PATIENT ITSELF) ON 17-OCT-2016. THIS CASE INVOLVES A (B)(6) FEMALE PATIENT, WHOSE BACK WAS BURNED AND BLISTERED (BURN WAS RIGHT NEAR THE LEFT SIDE OF THE SPINE), HAD APPLICATION SITE PARESTHESIA (TINGLING) AND WOUND WAS STARTING TO SCAB AND SCAR ON BACK, UNSPECIFIED TIME AFTER SHE STARTED USING SMART RELIEF TENS THERAPY (SMART RELIEF TENS THERAPY KNEE AND SHOULDER). CONCURRENT CONDITIONS: HYPERTENSION, ALLERGIC RHINITIS, ANXIETY, ASTHMA, BIPOLAR 1 DISORDER, CARPAL TUNNEL SYNDROME, CHEMICAL BURN OF TRUNK, CHRONIC LOWER BACK PAIN, CONGENITAL SEPTAL DEFECT OF HEART, COUGH PRESENT FOR GREATER THAN 3 WEEKS, DEPRESSION, FATIGUE, FOLLICULITIS, HIVES, HYPERLIPIDEMIA, KNEE PAIN, MAJOR DEPRESSIVE EPISODE, MICROALBUMINURIA, NAUSEA, POST CONCUSSION SYNDROME, URTICARIA, VENTRICULAR SEPTAL DEFECT, VERTIGO. MEDICAL HISTORY: ACUTE SINUSITIS, HEAD INJURY, SPRAIN OF WRIST, RECTAL HEMORRHAGE, URINARY TRACT INFECTION, SPINAL DISCECTOMY, PATIENT HAD SURGERY FOR CAUDA EQUINA 6 YEARS AGO AND DID HAVE COMPLICATIONS DURING SURGERY WHICH INCLUDED A BRAIN BLEED-CAUSED MEMORY DEFICITS AND DIZZINESS AT TIMES: CARPAL TUNNEL, ANXIETY. PATIENT DENIED HISTORY OF ALCOHOL USE AND PATIENT WAS NON-SMOKER. CONCOMITANT MEDICATIONS: ALPRAZOLAM, ATENOLOL, ESCITALOPRAM OXALATE, LAMOTRIGINE, MONTELUKAST SODIUM, SALBUTAMOL SULFATE (PROAIR HFA), SIMVASTATIN AND TRAZODONE HYDROCHLORIDE IT WAS REPORTED THAT PATIENT WAS DOING TRICKS WITH HER HULA HOOP AND PULLED HER BACK. THE PAIN WAS SO SEVERE THAT SHE HAD TROUBLE WALKING AND MOVING AROUND. ON UNKNOWN DATE IN (B)(6) 2016, THE PATIENT STARTED THERAPY WITH SMART RELIEF TENS THERAPY AT AN UNSPECIFIED FREQUENCY (LOT/BATCH NUMBER WITH EXPIRY DATE: UNKNOWN; CONTROL UNIT SERIAL NUMBER: (B)(4)) FOR SPINE RUPTURED PAIN. PATIENT HAD PAIN IN LOWER BACK AND PAIN RADIATION LOCATION WAS LOWER HIP. THE PAIN EFFECTED SLEEP AND ALLEVIATING FACTORS FOR PAIN WERE REPORTED AS: BANDING TO PICK SOMETHING UP, RISING FROM CHAIR, LIFTING LEG INTO BED OR SCOOTING IN BED, SITTING FOR A LONG TIME AND STANDING FOR A LONG TIME. PATIENT STATED HER SPINE RUPTURED A WHILE AGO AND THIS WAS THE MOST PAIN SHE HAD IN 6 YEARS. SHE STATED SHE BOUGHT DEVICE AROUND NOON ON (B)(6) 2016 ALONG WITH REFILL KIT AS SHE HAD STRAINED A MUSCLE IN MY LOWER BACK AND INTO THE LEFT HIP. SHE NEVER USED THIS DEVICE BEFORE. SHE HAD JUST USED THE REGULAR ICY HOT FOR PAIN (CONCOMITANTLY USE). REPORTEDLY, THE UNIT WAS ON THE LOWEST SETTING/FIRST INTENSITY LEVEL FOR 30 MINUTES. SHE DID NOT HAVE ANY ICY HOT PRODUCT ON HER SKIN WHEN SHE APPLIED THE PAD AS SHE HAD TAKEN A SHOWER AND WAS PUTTING ON CLEAN SKIN. IN THE MIDDLE OF THE FIRST CYCLE WHICH WAS ON LOWEST SETTING, SHE FELT AS THOUGH HER SKIN WAS TINGLING (ONSET DATE: (B)(6) 2016; LATENCY UNKNOWN) AND BURNING. SHE ADJUSTED THE PAD SLIGHTLY TO THE LEFT WHILE STILL ON THE FIRST CYCLE AND COULD NO LONGER TAKE THE STINGING. SHE REMOVED THE PAD AND WAS IN SERIOUS PAIN FROM THE BURNS. AS THE NIGHT WENT ON THE APPEARANCE OF THE BURNS AND THE PAIN WORSENED. HER BACK WAS BURNED AND BLISTERED (ONSET DATE: (B)(6) 2016; LATENCY: UNKNOWN). SHE HAD NEVER USED ANY PRODUCT SUCH AS ICY HOT OR A HEATING PAD AFTER APPLYING THE PAD TO HER SKIN. SHE COULD NOT SLEEP BECAUSE HER BACK HURTS; ALSO HURTS WHEN SHE TAKES A SHOWERS AND SLEEPING AND SITTING WAS PAINFUL. REPORTEDLY, WHEN SHE USED THE DEVICE (SMART RELIEF TENS THERAPY) MADE HER BACK SO MUCH MORE WORSE. SHE STATED SHE COULD NOT USE THE HEATING PAID OR THE REGULAR ICY HOT SHE USED BEFORE BUYING SMART RELIEF TENS THERAPY. SHE WAS STILL IN A LOT OF PAIN WITH THE MUSCLE PULL AND BURNS AND WENT TO THE EMERGENCY ROOM (ER) ON (B)(6) 2016. SHE WENT TO ER FOR PAIN IN HER BACK NOT FOR THE BURN. THE BURN WAS RIGHT NEAR THE LEFT SIDE OF THE SPINE ON HER BACK. THE DOCTOR TREATED HER AND SHE WAS RECOMMEND TO USE COLD SOAKS ON HER BACK AND VASELINE AS SHE HAD THE BURN AND THE WOUND STARTED TO SCAB (ONSET DATE AND LATENCY UNKNOWN) AND WAS ITCHING WHICH MEANT IT WAS HEALING AND WOULD TAKE TIME TO GO AWAY. SHE RECOMMENDED COOL COMPRESSES INSTEAD OF HOT DUE TO THE BURNS. PATIENT STATED SHE SAID TO HER HUSBAND IT FELT LIKE A REALLY BAD SUN BURN. SHE STATED THIS WAS HINDERING HER RECOVERY AND RECOVERY WAS TAKING A LITTLE LONGER. PATIENT HAD SCAR ON BACK FROM TENS SITE ABOUT 8 CM X 12 CM. SHE HAD TO GO BACK TO THE DOCTOR TO GET A PRESCRIPTION CREAM FOR THE BURN. THE BURN WAS ON HER BACK AREA WHERE SHE BUTTONS HER PANTS. IT WAS A REALLY BAD BURN AND HAD HINDERED HER RECOVERY. WHEN SHE SITS DOWN THE WOMBS REOPEN, NO HOT WATER COULD TOUCH THE WOMB. THE BURN WAS ALMOST GONE. ALSO SHE REPORTED THAT THE BURN WAS IN THE SCALY AND ITCHY STAGE AND IT FELT LIKE SAND PAPER. ALSO, THE DOCTOR GAVE HER A PRESCRIPTION FOR 1 MINT SILVER SULFADIAZINE TWICE A DAY. SHE ALSO STATED THAT THE AREA FOR BURN WAS SO BIG THAT THE DOCTOR HAD TO DO A REFILL WHICH THEY NORMALLY DID NOT DO. ACTION TAKEN: PERMANENTLY DISCONTINUED IN (B)(6) 2016 CORRECTIVE TREATMENT: NOT REPORTED FOR APPLICATION SITE SCAB AND APPLICATION SITE PARESTHESIA. OUTCOME: RECOVERING FOR APPLICATION SITE BURN. UNKNOWN FOR OTHER EVENTS. SERIOUSNESS CRITERIA: IMPORTANT MEDICAL EVENT FOR APPLICATION SITE BURN AND APPLICATION SITE BLISTER. QA REVIEW FINDINGS: ALL RETAINS ARE EXAMINED FOR CORRECT PACKAGING, SEAL, MISSING COMPONENTS, WORKING CONTROL UNIT, LEGIBILITY OF LOT NUMBERS /EXPIRATION DATE, CORRECT LABEL AND FOREIGN MATTER. NO ANOMALIES WERE FOUND THAT COULD CONTRIBUTE TO THIS COMPLAINT. AWAITING DEVICE RETURN FOR ADDITIONAL INVESTIGATION. ADDITIONAL INFORMATION WAS RECEIVED FROM THE QUALITY DEPARTMENT ON 17-OCT-2016, 18-OCT-2016, 19-OCT-2016, 20- OCT-2016 AND 21-OCT-2016 (ALL INFORMATION PROCESSED TOGETHER WITH CSD OF 17-OCT-2016): EVENTS ADDED APPLICATION SITE SCAB AND APPLICATION SITE PARESTHESIA ADDED, SYMPTOM OF STINGING, ITCHING AND REDNESS ADDED, CORRECTIVE TREATMENT ADDED AND ACTION TAKEN UPDATED FROM DRUG WITHDRAWN NOS TO PERMANENTLY DISCONTINUED. TEXT UPDATED ACCORDINGLY. FOLLOW-UP INFORMATION WAS RECEIVED ON 24-OCT-2016: NO NEW INFORMATION WAS RECEIVED. ADDITIONAL INFORMATION WAS RECEIVED ON 24-OCT-2016, 27-OCT-2016 AND 28-OCT-2016 (ALL INFORMATION PROCESSED TOGETHER WITH CSD OF 27-OCT-2016): THE OUTCOME FOR APPLICATION SITE BURN AND CORRECTIVE UPDATED. INFORMATION REGARDING EVENT WAS ADDED AND TEXT UPDATED ACCORDINGLY. FOLLOW-UP INFORMATION WAS RECEIVED ON 06-NOV-2016 FROM A CONSUMER: NO NEW INFORMATION WAS RECEIVED. FOLLOW-UP INFORMATION WAS RECEIVED ON 18-NOV-2016 FROM A CONSUMER: NO NEW INFORMATION WAS RECEIVED. ADDITIONAL INFORMATION WAS RECEIVED ON 03-MAR-2017 FROM HCP: AGE OF PATIENT ADDED, MEDICAL HISTORY, CONCURRENT CONDITIONS AND CONCOMITANT MEDICATIONS ADDED. ONSET OF APPLICATION SITE BURN UPDATED. EVENT VERBATIM FOR APPLICATION SITE SCAB UPDATED. CLINICAL COURSE WAS UPDATED. PHARMACOVIGILANCE COMMENT: SANOFI COMPANY COMMENT FOR FOLLOW UP DATED 03-03-2017: THIS CASE CONCERNS A (B)(6) FEMALE PATIENT WHO REPORTED APPLICATION SITE BLISTER WHILE ON TREATMENT WITH SMART RELIEF TENS THERAPY. ALTHOUGH THE CAUSAL ROLE OF THE DRUG CANNOT BE DENIED FOR THE REPORTED EVENTS, HOWEVER LACK OF INFORMATION OF LATENCY, PAST DRUGS AND PERSONAL HISTORY PRECLUDE A COMPREHENSIVE ASSESSMENT IN THIS CASE. ADDITIONALLY, PATIENT'S MEDICAL HISTORY OF CHEMICAL BURN OF TRUNK, FOLLICULITIS ACT AS CONFOUNDERS FOR THE SAME.",TENS (over-the-counter)
5885336,251944707,D,1,,"PATIENT ARRIVED FOR HER 4:00PM PHYSICAL THERAPY TREATMENT APPOINTMENT. WHILE ON THE SCI-FIT SEATED STEPPER, PATIENT INFORMED PHYSICAL THERAPIST OF SUPERFICIAL WOUND ON HER L LOWER BACK/FLANK AREA THAT SHE AND HER SON NOTICED LATE THAT EVENING A FEW DAYS EARLIER. PATIENT AND SON REPORTED THAT AFTER PHYSICAL THERAPY THAT DAY (~6PM), THEY WENT TO DO SOME ERRANDS AND WENT HOME AND NOTICED THE LOCALIZED DISCOLORED AREA ON L LOWER BACK/FLANK. THE PATIENT'S SON STATES THEY PUT NEOSPORIN ON IT AND IT SEEMS TO HAVE SCABBED OVER ON THE WEEKEND; PT DENIED PAIN ON OR AROUND THE SAME AREA THROUGHOUT THE WEEKEND. UPON INSPECTION, THE PHYSICAL THERAPIST NOTED A 1.0 INCH BY 0.5 INCH OVAL SHAPED WOUND WITH CLEAN EDGES AND BLACK SLOUGH, (-) DRAINAGE, (-) ERYTHEMA ON LEFT LOWER BACK/FLANK REGION. PT DENIED PAIN ON WOUND OR PERIPHERY UPON OCULAR INSPECTION AND PALPATION AROUND THE LOWER BACK REGION. REVIEW SHOWED IT IS APPROXIMATELY AROUND THE AREA WHERE THE ELECTRODE PADS FOR THE INTERFERENTIAL CURRENT MODALITY WAS PLACED ON PT'S LAST TREATMENT. PHYSICAL THERAPIST CALLED REHAB MANAGER TO INFORM HER OF INCIDENT. REHAB MANAGER ARRIVED AND INSPECTED THE AREA AS WELL AS INTERVIEWED THE PATIENT AND SON ABOUT THE INCIDENT. MANUFACTURER RESPONSE FOR ELECTRICAL STIMULATOR MACHINE, VECTRA GENISYS (PER SITE REPORTER). REPORTED BY MGR OF REHAB. MANUFACTURER ESCALATED THE EVENT TO THE REGIONAL MGR. ¿ CURRENTLY AWAITING RESPONSE.",Powered muscle stimulator
5501616,375406935,D,0,,"PRODUCT WAS RETURNED FOR REVIEW. WHEN TESTING THE UNIT IN THE METHOD OF USE DEFINED BY THE CUSTOMER IN THE COMPLAINT, NO PROBLEMS WERE DUPLICATED. FOLLOWING FULL UNIT SPECIFICATION TESTING OF THE UNIT NO PROBLEMS WERE DUPLICATED. THE UNIT AND TEST APPLICATOR RESULTS ARE WITHIN TOLERANCE SPECIFICATIONS.",Powered muscle stimulator
6224006,63910281,D,1,,PATIENT SUSTAINED CALCANEAL FRACTURE.,Powered exoskeleton
6223771,63910698,D,1,,"THREE PATIENTS WERE BURNED WHILE BEING TREATED WITH OUR EX4 DEVICE (TENS) - THE PATIENTS WERE USING IF-4P MODE, AND WERE CORRECTLY CRISS-CROSSING THE WIRES. THE PATIENTS WERE ALSO USING A BRAND OF ELECTRODES THAT THE DISTRIBUTOR WARNS AGAINST USING, STATING THAT THEY ARE INEFFICIENT AND RESULT IN PATIENT BURNS. OTHER REASONS THESE BURNS MAY HAVE OCCURRED WITH THESE PATIENTS (ACCORDING TO THE CHIROPRACTIC ASSISTANT INVOLVED WITH THESE PATIENTS/INITIAL REPORTER) INCLUDE THE FACT THAT THE PATIENTS SHARE ELECTRODES AND THE ELECTRODES ARE USED UNTIL THE OFFICE NOTICES A LOSS OF ADHESION; THEY SPRAY ALCOHOL ON THE ELECTRODES AFTER EACH USE, WHICH IS A DRYING AGENT THAT CAN DRY OUT THE ELECTRODES AND RESULT IN THE BURNING; THEY DO NOT CLEAN OR PREPARE THEIR PATIENTS' SKIN PRIOR TO APPLYING THE ELECTRODES; THE ELECTRODES ARE ALSO REPORTED AS HAVING BEEN IMPROPERLY PLACED AT LESS THAN 2"" APART FROM ONE ANOTHER. PATIENT 1 IS REPORTED AS HAVING NOT EXPERIENCED DISCOMFORT DURING THE TREATMENT, BUT DID NOTICE THE BURNS 2 HOURS LATER AND VISITED THE EMERGENCY ROOM. THE DEVICE INVOLVED WITH THESE PATIENT BURNS WAS RETURNED TO COMPASS HEALTH BRANDS AND EVALUATED ON 12/09/2016 - THE CUSTOMER'S COMPLAINT WAS UNABLE TO BE DUPLICATED, AS THE DEVICE WAS TESTED WITHIN SPEC RANGE.",TENS (prescription)
6224003,63911020,D,1,,HAD A CALCANEAL FRACTURE.,Powered exoskeleton
6223899,63912201,D,1,,"THREE PATIENTS WERE BURNED WHILE BEING TREATED WITH OUR EX4 DEVICE (TENS). THE PATIENTS WERE USING IF-4P MODE, AND WERE CORRECTLY CRISS-CROSSING THE WIRES. THE PATIENTS WERE ALSO USING A BRAND OF ELECTRODES THAT THE DISTRIBUTOR WARNS AGAINST USING, STATING THAT THEY ARE INEFFICIENT AND RESULT IN PATIENT BURNS. OTHER REASONS THESE BURNS MAY HAVE OCCURRED WITH THESE PATIENTS (ACCORDING TO THE CHIROPRACTIC ASSISTANT INVOLVED WITH THESE PATIENTS/INITIAL REPORTER) INCLUDE THE FACT THAT THE PATIENTS SHARE ELECTRODES & THE ELECTRODES ARE USED UNTIL THE OFFICE NOTICES A LOSS OF ADHESION; THEY SPRAY ALCOHOL ON THE ELECTRODES AFTER EACH USE, WHICH IS A DRYING AGENT THAT CAN DRY OUT THE ELECTRODES AND RESULT IN THE BURNING; THEY DO NOT CLEAN OR PREPARE THEIR PATIENTS' SKIN PRIOR TO APPLYING THE ELECTRODES; THE ELECTRODES ARE ALSO REPORTED AS HAVING BEEN IMPROPERLY PLACED AT LESS THAN 2"" APART FROM ONE ANOTHER. PATIENT 3 IS REPORTED AS HAVING NO DISCOMFORT DURING TREATMENT - HE DIDN'T NOTICE THE BURNS, HIS DOCTOR NOTICED THEM IN A LATER DOCTOR'S VISIT. THIS DOCTOR NOTICED THE BURNS A WEEK AFTER THEY HAD OCCURRED . THERE WAS SCARRING, ONE BURN/BLISTER STILL OPEN & ONE SCABBED UP, BUT THEN POSSIBLY SCABBED OFF. NO OTHER MEDICAL ATTENTION/TREATMENT IS REPORTED AS HAVE OCCURRING WITH THIS PATIENT. THE DEVICE INVOLVED WITH THESE PATIENT BURNS WAS RETURNED TO COMPASS HEALTH BRANDS & EVALUATED ON 12/9/2016. THE CUSTOMER'S COMPLAINT WAS UNABLE TO BE DUPLICATED, AS THE DEVICE WAS TESTED WITHIN SPEC RANGE.",TENS (prescription)
6226533,64010714,D,1,,"THREE PATIENTS WERE BURNED WHILE BEING TREATED WITH OUR EX4 DEVICE (TENS) - THE PATIENTS WERE USING IF-4P MODE, AND WERE CORRECTLY CRISS-CROSSING THE WIRES. THE PATIENTS WERE ALSO USING A BRAND OF ELECTRODES THAT THE DISTRIBUTOR WARNS AGAINST USING, STATING THAT THEY ARE INEFFICIENT AND RESULT IN PATIENT BURNS. OTHER REASONS THESE BURNS MAY HAVE OCCURRED WITH THESE PATIENTS (ACCORDING TO THE CHIROPRACTIC ASSISTANT INVOLVED WITH THESE PATIENTS/INITIAL REPORTER) INCLUDE THE FACT THAT THE PATIENTS SHARE ELECTRODES & THE ELECTRODES ARE USED UNTIL THE OFFICE NOTICES A LOSS OF ADHESION; THEY SPRAY ALCOHOL ON THE ELECTRODES AFTER EACH USE, WHICH IS A DRYING AGENT THAT CAN DRY OUT THE ELECTRODES AND RESULT IN THE BURNING; THEY DO NOT CLEAN OR PREPARE THEIR PATIENTS' SKIN PRIOR TO APPLYING THE ELECTRODES; THE ELECTRODES ARE ALSO REPORTED AS HAVING BEEN IMPROPERLY PLACED AT LESS THAN 2"" APART FROM ONE ANOTHER. PATIENT 2 IS REPORTED AS HAVING EXPERIENCED NO DISCOMFORT DURING TREATMENT. THIS PATIENT CAME BACK ON (B)(6) 2016 (TO THE CLINIC) AND ASKED IF THE BURNS HAD BEEN CAUSED BY THE MACHINE (TENS UNIT). THIS PATIENT WAS TREATED BY THE CLINIC ON (B)(6) 2016 & THE PATIENT NOTICED THE BURNS IN THE SHOWER THE NEXT MORNING. THIS PATIENT IS REPORTED AS HAVING NOT SOUGHT AFTER MEDICAL ATTENTION/TREATMENT. THE DEVICE INVOLVED WITH THESE PATIENT BURNS WAS RETURNED TO COMPASS HEALTH BRANDS & EVALUATED ON 12/9/2016 - THE CUSTOMER'S COMPLAINT WAS UNABLE TO BE DUPLICATED, AS THE DEVICE WAS TESTED WITHIN SPEC RANGE.",TENS (prescription)
6227185,64020353,D,1,,DURING TRAINING SESSION A COUPLE OF LOUD CRACKS WERE HEARD.,Powered exoskeleton
6249592,64766671,D,1,,"THE DOCTOR CALLED IN, STATING HE HAS HAD A PATIENT BURNED WHILE BEING TREATED WITH THE QUATTRO 2.5 DEVICE. THE DOCTOR STATED HE WAS USING IF-4P WITH 2 ELECTRODES - WHICH IS SOMETHING YOU JUST DON'T DO. HE HAD EACH ELECTRODES ON ONE TRAP MUSCLE, TOO FAR APART. THE COMPASS HEALTH BRANDS CUSTOMER SERVICE REPRESENTATIVE THAT WORKED ON THIS CASE MENTIONED TO THE DOCTOR THAT YOU HAVE TO USE 4 ELECTRODES WITH THIS THERAPY, AND THE DOCTOR IS REPORTED AS HAVING BEGUN TO RECANT HIS STATEMENT, STATING THAT THEY WERE POSSIBLY USING 4 ELECTRODES - THEN HE SAID THEY WERE MOST LIKELY USING IF-4P - HIS INFORMATION DID NOT FLOW. THE DOCTOR STATED THE PATIENT DID NOT FEEL ANY DISCOMFORT DURING THE TREATMENT. THE BURNS WERE NOTICED WHEN THE ELECTRODES WERE REMOVED. THE END-USER IS NOT REPORTED AS HAVING SOUGHT AFTER OR RECEIVED MEDICAL ATTENTION FOR HIS INJURY, HOWEVER, PER PICTURES PROVIDED OF THE BURNS, BLISTERS ARE EVIDENT & THE BURNS WERE REPORTED AS HAVING STILL BE PRESENT AT THE TIME COMPASS HEALTH BRANDS WAS NOTIFIED OF THIS EVENT.",TENS (prescription)
6261109,65118611,D,1,,"A PATIENT WAS TREATED FOR WHIPLASH FROM A TRAFFIC ACCIDENT ON THE RIGHT SIDE OF HIS NECK. THE TREATMENT WAS ADMINISTERED AT HIGH VOLTAGE WITH AN OUTPUT OF 60-70 VOLTS, A FREQUENCY OF 4-10 HERTZ, AND A PULSE WIDTH OF 20 MICRON SECONDS, FOR 10 MINUTES. A RASH AND BURN DEVELOPED ON THE RIGHT SIDE OF THE PATIENT'S NECK ON THE NEXT DAY OF TREATMENT.",TENS (prescription)
6263050,65433600,D,1,,"THE PATIENT STATED THAT HE RECEIVED THIS DEVICE ON (B)(6) 2016 AND BEGAN WEARING IT ON HIS RIGHT LEG THAT DAY. THE PATIENT REPORTS THAT ON (B)(6) 2017, HE CHANGED THE ELECTRODES BECAUSE HE BELIEVED THAT THE ELECTRODES DISLODGED FROM THE PROPER POSITION. THE PATIENT STATES THAT TWO WEEKS LATER ON (B)(6) ,THE PATIENT WAS GOING TO REPLACE THE ELECTRODES WHEN HE NOTICED THAT THERE WERE 6-8 BURN MARKS WHERE THE ELECTRODES WERE PLACED. THE PATIENT THEN REPORTS THAT HE SPOKE WITH THE MANUFACTURER ON THE PHONE TO REPORT THE ISSUE, BUT WAS DISAPPOINTED IN HOW DISMISSIVE THEY SEEMED OF THE ISSUE. THE PATIENT STATES THAT THE NEXT DAY ON (B)(6), HE WAS IN A RESTAURANT AT THE CASHIER WHEN THE DEVICE BEGAN TO INCREASE IN SHOCK AMPLITUDE AND HE BEGAN TO FEEL DISCOMFORT SIMILAR TO A SHOCK. THE PATIENT THEN STATES THAT RIGHT BEFORE HE WAS GOING TO TURN THE DEVICE OFF, THE DEVICE STOPPED STIMULATING HIM. THE PATIENT STATES THAT AFTER 10 MINUTES, THE DEVICE BEGAN DOING THE SAME THING, UNTIL FINALLY THE PATIENT RIPPED IT OFF HIS RIGHT LEG. THE PATIENT REPORTS THAT HE CONTACTED THE MANUFACTURER THROUGH THE PHONE AGAIN TO REPORT THIS ISSUE AS WELL BUT, HE MENTIONS AGAIN HOW FRUSTRATINGLY DISMISSIVE THE MANUFACTURER SEEMED.",TENS (over-the-counter)
6289732,66157954,D,1,,"INITIAL INFORMATION REGARDING THIS UNSOLICITED CASE FROM UNITED STATES WAS RECEIVED ON 22-JAN-2017 FROM THE PATIENT. THIS CASE INVOLVES A FEMALE PATIENT OF UNKNOWN AGE WHO HAD TERRIBLE BLISTERS ON HER BACK, AN UNKNOWN DURATION AFTER INITIATING TREATMENT WITH SMART RELIEF TENS THERAPY (ICY HOT SMART RELIEF TENS BACK PAIN THERAPY). NO PAST DRUGS, RELEVANT MEDICAL HISTORY, CONCURRENT CONDITIONS OR CONCOMITANT MEDICATIONS WERE REPORTED. ON AN UNSPECIFIED DATE, THE PATIENT STARTED USING SMART RELIEF TENS THERAPY (FREQUENCY, LOT/BATCH NUMBER AND EXPIRATION DATE: UNKNOWN) FOR BACK PAIN. ACCORDING TO THE PATIENT, IT RELEASED SOME OF THE PAIN. IT WAS FOR BACK AND HIP. ON AN UNKNOWN DATE, THE PATIENT PUT IT ON HER BACK AND PUSHED THE PLUS AND SAT IN THE CHAIR. SHE IMMEDIATELY FELT LIKE SOMETHING POKING HER IN THE BACK. SHE REMOVED THE PATCH AND OBSERVED TERRIBLE BLISTERS ON HER BACK (LATENCY: UNSPECIFIED). THE PATIENT HAD BEEN IN PAIN FROM THIS. ACTION TAKEN: UNKNOWN. CORRECTIVE TREATMENT: NOT REPORTED. OUTCOME: UNKNOWN. SERIOUSNESS CRITERIA: IMPORTANT MEDICAL EVENT.",TENS (over-the-counter)
6289732,66703968,D,1,,"INITIAL INFORMATION REGARDING THIS UNSOLICITED CASE FROM UNITED STATES WAS RECEIVED ON 22-JAN-2017 FROM THE PATIENT. THIS CASE INVOLVES A FEMALE PATIENT OF UNKNOWN AGE WHO HAD TERRIBLE BLISTERS ON HER BACK, AN UNKNOWN DURATION AFTER INITIATING TREATMENT WITH SMART RELIEF TENS THERAPY (ICY HOT SMART RELIEF TENS BACK PAIN THERAPY). NO PAST DRUGS, RELEVANT MEDICAL HISTORY, CONCURRENT CONDITIONS OR CONCOMITANT MEDICATIONS WERE REPORTED. ON AN UNSPECIFIED DATE, THE PATIENT STARTED USING SMART RELIEF TENS THERAPY (FREQUENCY, LOT/BATCH NUMBER AND EXPIRATION DATE: UNKNOWN) FOR BACK PAIN. ACCORDING TO THE PATIENT, IT RELEASED SOME OF THE PAIN. IT WAS FOR BACK AND HIP. ON AN UNKNOWN DATE, THE PATIENT PUT IT ON HER BACK AND PUSHED THE PLUS AND SAT IN THE CHAIR. SHE IMMEDIATELY FELT LIKE SOMETHING POKING HER IN THE BACK. SHE REMOVED THE PATCH AND OBSERVED TERRIBLE BLISTERS ON HER BACK (LATENCY: UNSPECIFIED). THE PATIENT HAD BEEN IN PAIN FROM THIS. ACTION TAKEN: UNKNOWN. CORRECTIVE TREATMENT: NOT REPORTED. OUTCOME: UNKNOWN. SERIOUSNESS CRITERIA: IMPORTANT MEDICAL EVENT. QA REVIEW FINDINGS: THE CONSUMER STATED THAT THEY EXPERIENCED PAINFUL BLISTERS AFTER USING THE DEVICE ON THEIR BACK. A THOROUGH INVESTIGATION ((B)(4), CAPA PROTOCOL AND REVIEW OF IHSR [2014]) HAS BEEN DONE TO INVESTIGATE THE LIKELIHOOD OF THE IHSR PRODUCING BURNS IN SOME USERS. THIS INVESTIGATION FOUND THAT IT IS HIGHLY UNLIKELY FOR THE SMART RELIEF TO PRODUCE TISSUE TRAUMA. THE MAXIMUM CURRENT AND POWER DENSITY CALCULATED FOR THE SMART RELIEF IS A TINY FRACTION OF THE LIMITS IN THE FDA GUIDANCE. THE COMPLETE INVESTIGATION IS LOCATED IN THE DEVICE FILES. LOT INFORMATION WAS NOT PROVIDED AT THIS TIME. AWAITING FURTHER CORRESPONDENCE AND DEVICE RETURN FOR ADDITIONAL INVESTIGATION. ADDITIONAL INFORMATION WAS RECEIVED ON 25-JAN-2017 FROM QUALITY DEPARTMENT, QA REVIEW FINDING ADDED. TEXT AMENDED ACCORDINGLY.",TENS (over-the-counter)
6314472,67290542,N,1,,INVESTIGATION OF RETURNED DEVICE COMPLETED 12-30-16. DETERMINED THAT 2 SCREW BOSSES AT HIP JOINT WERE CRACKED. DETERMINED THAT 4 UPPER LEG COVER SCREWS WERE MISSING [NOT INSTALLED DURING ASSEMBLY]. THESE 2 CAUSES TOGETHER CONTRIBUTED TO REDUCTION OF LATERAL STABILITY OBSERVED IN THIS EVENT. THE REDUCTION IN LATERAL STABILITY IN THIS INCIDENT IS DEEMED TO BE AN ISOLATED EVENT DUE TO THE ISOLATED ASSEMBLY DEFECT FOUND IN THIS DEVICE.,Powered exoskeleton
6314472,67290543,D,1,,CLINICIAN TRAINING A PERSONAL USER REPORTED PLASTIC COVER SEPARATION ON UPPER LEG COMPONENT AND REDUCTION IN LATERAL STABILITY. NO FALL OR INJURY OCCURRED.,Powered exoskeleton
6249592,68610992,D,1,,THE DEVICE WAS RETURNED TO COMPASS HEALTH BRANDS ON 1/26/2017. THE DEVICE WAS TESTED WITHIN SPECIFICATION RANGE - NO DEFECTS/FAILURES WERE FOUND. COMPASS HEALTH BRANDS WAS UNABLE TO DUPLICATE/CONFIRM THE CUSTOMER'S COMPLAINT.,TENS (prescription)
6373445,68853258,D,1,,"THIS SPONTANEOUS CASE WAS REPORTED BY A CONSUMER AND DESCRIBES THE OCCURRENCE OF MEDICAL DEVICE SITE INJURY (""MY SKIN LOOKS BURNED WHERE THE UNIT WAS / CAUSED SEVERE BURNS ON MY BACK"") AND MEDICAL DEVICE SITE VESICLES (""I HAVE BLISTERS WHERE THE UNIT WAS / CAUSED BLISTERS ON MY BACK"") IN A (B)(6) MALE PATIENT WHO RECEIVED ALEVE TENS DEVICE DIRECT THERAPY UNIT (BATCH NO. T050HL) FOR PAIN. THE OCCURRENCE OF ADDITIONAL NON-SERIOUS EVENTS IS DETAILED BELOW. CO-SUSPECT PRODUCTS INCLUDED ALEVE TENS GEL PAD. OTHER PRODUCT OR PRODUCT USE ISSUES IDENTIFIED: THERAPEUTIC RESPONSE UNEXPECTED ""THIS HELPED MY BACK PAIN FROM AN INJURY"", DEVICE USE ISSUE ""I USED THIS TO HELP A BACK INJURY"" AND DEVICE USE ISSUE ""I USED THIS EVERYDAY FOR 3-4 WEEKS"". MEDICAL CONDITIONS: THE PATIENT SAW A PHARMACIST WHO GAVE HIM AN HYDRO CREAM. CONCURRENT CONDITIONS INCLUDED IODINE ALLERGY, SEAFOOD ALLERGY AND BACK INJURY. CONCOMITANT PRODUCTS INCLUDED CARDIOVASCULAR SYSTEM DRUGS (BLOOD PRESSURE MEDICATION (NOS)). ON AN UNKNOWN DATE, THE PATIENT STARTED ALEVE TENS DEVICE DIRECT THERAPY UNIT AND ALEVE TENS GEL PAD. ON (B)(6) 2017, THE PATIENT EXPERIENCED MEDICAL DEVICE SITE INJURY (SERIOUSNESS CRITERIA MEDICALLY SIGNIFICANT AND CLINICALLY SIGNIFICANT/INTERVENTION REQUIRED), MEDICAL DEVICE SITE VESICLES (SERIOUSNESS CRITERIA MEDICALLY SIGNIFICANT AND CLINICALLY SIGNIFICANT/INTERVENTION REQUIRED) AND MEDICAL DEVICE SITE DISCOMFORT (""THIS FELT A STRONGER ON MY BACK""). ALEVE TENS DEVICE DIRECT THERAPY UNIT WAS WITHDRAWN. ALEVE TENS GEL PAD WAS WITHDRAWN. AT THE TIME OF THE REPORT, THE MEDICAL DEVICE SITE INJURY AND MEDICAL DEVICE SITE VESICLES WAS RESOLVING AND THE MEDICAL DEVICE SITE DISCOMFORT OUTCOME WAS UNKNOWN. THE REPORTER CONSIDERED MEDICAL DEVICE SITE INJURY, MEDICAL DEVICE SITE VESICLES AND MEDICAL DEVICE SITE DISCOMFORT TO BE RELATED TO ALEVE TENS DEVICE DIRECT THERAPY UNIT AND ALEVE TENS GEL PAD. MOST RECENT FOLLOW-UP INFORMATION INCORPORATED ABOVE INCLUDES: ON (B)(6) 2017: THE EVENTS MY SKIN LOOKS BURNED WHERE THE UNIT WAS AND CAUSED SEVERE BURNS ON MY BACK WERE COMBINED. THE EVENTS I HAVE BLISTERS WHERE THE UNIT WAS AND CAUSED BLISTERS ON MY BACK WERE COMBINED. BOTH EVENTS WERE CONSIDERED SERIOUS AND CASE WAS UPGRADED. INCIDENT CATEGORY WAS UPDATED. COMPANY CAUSALITY COMMENT: THIS SPONTANEOUS CASE WAS REPORTED BY A CONSUMER AND DESCRIBES THE OCCURRENCE OF MEDICAL DEVICE SITE INJURY (""MY SKIN LOOKS BURNED WHERE THE UNIT WAS / CAUSED SEVERE BURNS ON MY BACK"") AND MEDICAL DEVICE SITE VESICLES (""I HAVE BLISTERS WHERE THE UNIT WAS / CAUSED BLISTERS ON MY BACK"") IN A (B)(6) MALE PATIENT WHO RECEIVED ALEVE TENS DEVICE DIRECT THERAPY UNIT / ALEVE TENS GEL PAD FOR PAIN DUE TO BACK INJURY (UNAPPROVED INDICATION). THE EVENTS ARE CONSIDERED SERIOUS DUE TO MEDICAL IMPORTANCE AND INTERVENTION REQUIRED AND ARE UNLISTED IN THE REFERENCE SAFETY INFORMATION FOR ALEVE TENS. THE PATIENT'S CONCURRENT CONDITIONS INCLUDED BACK INJURY AND ALLERGY TO IODINE AND SEA FOOD. CONSUMER HAD BEEN USING THE DEVICE FOR ABOUT ONE MONTH WITH GOOD RESULTS AND NO OTHER PROBLEM WHEN HE HAD THE EVENTS. PATIENT VISITED A PHARMACIST WHO GAVE HIM HYDRO CREAM AND THE BURNS AND VESICLES WERE RECOVERING. IN THIS CONTEXT, CONSIDERING THE CLOSE TEMPORAL RELATIONSHIP AND THE LACK OF ALTERNATIVE EXPLANATION FOR EVENTS, CAUSALITY OF ALEVE TENS CANNOT BE EXCLUDED. FURTHER INFORMATION WILL BE REQUESTED.",TENS (over-the-counter)
6373420,68963875,D,1,,"THIS SPONTANEOUS CASE WAS REPORTED BY A CONSUMER AND DESCRIBES THE OCCURRENCE OF ELECTRIC SHOCK (""THIS LITERALLY SHOCKED ME / FELT LIKE HE WAS TOUCHING A LIVE 110 WATT POWER LINE WHEN THE DEVICE WAS SHOCKING HIM"") IN A (B)(6) MALE PATIENT WHO RECEIVED ALEVE TENS DEVICE DIRECT THERAPY UNIT (BATCH NO. T02R6X) FOR PAIN. THE OCCURRENCE OF ADDITIONAL NON-SERIOUS EVENTS IS DETAILED BELOW. MEDICAL CONDITIONS: CONSUMER STATED HE DOES NOT HAVE METAL IN HIM AND HAD NO PHONE OR METAL ON HIM WHILE USING THE DEVICE. CONCOMITANT PRODUCTS INCLUDED IBUPROFEN. ON AN UNKNOWN DATE, THE PATIENT STARTED ALEVE TENS DEVICE DIRECT THERAPY UNIT UNK UNK, TID. ON (B)(6) 2016, THE PATIENT EXPERIENCED ELECTRIC SHOCK (SERIOUSNESS CRITERION MEDICALLY SIGNIFICANT), MEDICAL DEVICE SITE INJURY (""I HAVE A BURN MARK WHERE THIS DEVICE WAS""), MEDICAL DEVICE SITE PAIN (""HIS HURT REALLY BAD."") AND MEDICAL DEVICE SITE ERYTHEMA (""I HAVE A RED MARK WHERE THE DEVICE WAS""). ALEVE TENS DEVICE DIRECT THERAPY UNIT WAS WITHDRAWN. AT THE TIME OF THE REPORT, THE ELECTRIC SHOCK OUTCOME WAS UNKNOWN AND THE MEDICAL DEVICE SITE INJURY, MEDICAL DEVICE SITE PAIN AND MEDICAL DEVICE SITE ERYTHEMA HAD NOT RESOLVED. THE REPORTER CONSIDERED ELECTRIC SHOCK, MEDICAL DEVICE SITE PAIN AND MEDICAL DEVICE SITE ERYTHEMA TO BE RELATED TO ALEVE TENS DEVICE DIRECT THERAPY UNIT. THE REPORTER PROVIDED NO CAUSALITY ASSESSMENT FOR MEDICAL DEVICE SITE INJURY WITH ALEVE TENS DEVICE DIRECT THERAPY UNIT. QUALITY-SAFETY EVALUATION OF PTC: BATCH DOCUMENTATION HAS BEEN REVIEWED BY BAYER QUALITY ASSURANCE FOR ALL RELEASED LOTS. ALL DEVIATIONS AND NON-CONFORMANCES HAVE ALSO BEEN REVIEWED BY BAYERQUALITY ASSURANCE TO IDENTIFY POTENTIAL PRODUCT QUALITY CONCERNS. WITHOUT A RETURNED SAMPLE, NO FURTHER INVESTIGATION IS POSSIBLE. THIS ISSUE WILL BE MONITORED AND TRENDED TO POTENTIALLY IDENTIFY NEW FAILURE MODES. A PTC INVESTIGATION CANNOT BE INITIATED AS A BATCH NUMBER OR SAMPLE WAS NOT PROVIDED THUS RESULTING IN AN UNCONFIRMED QUALITY DEFECT. MOST RECENT FOLLOW-UP INFORMATION INCORPORATED ABOVE INCLUDES: ON 22-FEB-2017: CORRECTION: THE EVENT THIS LITERALLY SHOCKED ME / FELT LIKE HE WAS TOUCHING A LIVE 110 WATT POWER LINE WHEN THE DEVICE WAS SHOCKING HIM WAS RECODED AND CASE WAS UPGRADED. INCIDENT CATEGORY WAS UPDATED. COMPANY CAUSALITY COMMENT: THIS SPONTANEOUS CASE WAS REPORTED BY A CONSUMER AND DESCRIBES THE OCCURRENCE OF ELECTRIC SHOCK (""THIS LITERALLY SHOCKED ME / FELT LIKE HE WAS TOUCHING A LIVE 110 WATT POWER LINE WHEN THE DEVICE WAS SHOCKING HIM"") IN A (B)(6) MALE PATIENT WHO RECEIVED ALEVE TENS DEVICE DIRECT THERAPY UNIT FOR PAIN. THIS EVENT WAS CONSIDERED SERIOUS AS MEDICALLY IMPORTANT AND UNLISTED ACCORDING TO ALEVE TENS REFERENCE SAFETY INFORMATION. CONSUMER STATED HE DOES NOT HAVE METAL IN HIM AND HAD NO PHONE OR METAL ON HIM WHILE USING THE DEVICE. CONSIDERING THE MECHANISM OF ACTION OF DEVICE AND IMPLIED TEMPORAL RELATIONSHIP, COMPANY DOES NOT EXCLUDE CAUSALITY BETWEEN EVENT AND SUSPECT DEVICE. FURTHER INFORMATION WILL BE REQUESTED.",TENS (over-the-counter)
6373325,68964101,D,1,,"THIS SPONTANEOUS CASE WAS REPORTED BY A CONSUMER AND DESCRIBES THE OCCURRENCE OF CHEMICAL INJURY (""THEY LOOKED LIKE CHEMICAL BURNS/ THEY LOOKED LIKE BURNS/THE BURN WAS VERY BAD"") IN A MALE PATIENT WHO RECEIVED ALEVE TENS DEVICE DIRECT THERAPY UNIT. OTHER PRODUCT OR PRODUCT USE ISSUES IDENTIFIED: DEVICE LEAKAGE ""HE SAID THAT WHATEVER IS IN THE GEL THAT LEAKED OUT MUST HAVE REACTED WITH MY SKIN,"" AND THERAPEUTIC RESPONSE UNEXPECTED ""THE UNIT HAD HELPED ME REDUCE MY OPIOID USE"". THE PATIENT'S CONCURRENT CONDITIONS INCLUDED SPINAL FUSION NOS. ON AN UNKNOWN DATE, THE PATIENT STARTED ALEVE TENS DEVICE DIRECT THERAPY UNIT AT AN UNSPECIFIED DOSE AND FREQUENCY. IN 2016, THE PATIENT EXPERIENCED CHEMICAL INJURY (SERIOUSNESS CRITERIA MEDICALLY SIGNIFICANT AND CLINICALLY SIGNIFICANT/INTERVENTION REQUIRED) WITH URTICARIA AND SCAB. THE PATIENT WAS TREATED WITH NEOSPORIN (NEOSPORIN TOPICAL). ALEVE TENS DEVICE DIRECT THERAPY UNIT WAS INTERRUPTED. AT THE TIME OF THE REPORT, THE CHEMICAL INJURY OUTCOME WAS UNKNOWN. THE REPORTER CONSIDERED CHEMICAL INJURY TO BE RELATED TO ALEVE TENS DEVICE DIRECT THERAPY UNIT. THE REPORTER COMMENTED: I REPLACED THE PADS FOR ABOUT THE 10TH TIME, PUT THEM ON AND LAID DOWN. I HAD IT ON LEVEL 3 OR 4, NOT TO HIGH, AND THE EVENTS OCCURRED. QUALITY-SAFETY EVALUATION OF PTC: (B)(4): UNCONFIRMED QUALITY DEFECT: RISK CATEGORY V. FINAL ASSESSMENT: PER GLOBAL (B)(4), IF NO SAMPLE ARE AVAILABLE AND NO BATCH DATA OF THE MEDICAL PRODUCT OR MEDICAL DEVICE HAVE BEEN REPORTED IN THE COMPLAINT, IT IS CLOSED WITHOUT FURTHER INVESTIGATION. MEDICAL ASSESSMENT: A PTC INVESTIGATION CAN NOT BE INITIATED AS A BATCH NUMBER OR SAMPLE WAS NOT PROVIDED THUS RESULTING IN AN UNCONFIRMED QUALITY DEFECT. (B)(4): UNCONFIRMED QUALITY DEFECT: RISK CATEGORY V. FINAL ASSESSMENT : BATCH DOCUMENTATION HAS BEEN REVIEWED BY BAYER QUALITY ASSURANCE. ALL DEVIATIONS AND NON-CONFORMANCES HAVE ALSO BEEN REVIEWED BY BAYER QUALITY ASSURANCE TO IDENTIFY POTENTIAL PRODUCT QUALITY CONCERNS, WITH NON IDENTIFIED FOR THE APPLICABLE LOT. WITHOUT A RETURN SAMPLE, NO FURTHER INVESTIGATION IS POSSIBLE. THIS ISSUE WILL BE MONITORED AND TREATED TO POTENTIALLY IDENTIFY NEW FAILURE MODES. MEDICAL ASSESSMENT: BASED ON THE INFORMATION AVAILABLE, BATCH DOCUMENTATION WAS RECEIVED AND NO PRODUCT QUALITY CONCERNS WERE IDENTIFIED, HOWEVER, SINCE NO SAMPLE WAS PROVIDED NO FINAL ASSESSMENT IS POSSIBLE THUS RESULTING IN AN OUTCOME OF UNCONFIRMED QUALITY DEFECT. MOST RECENT FOLLOW-UP INFORMATION INCORPORATED ABOVE INCLUDES: ON 1-MAR-2017: PTC INVESTIGATION RESULT RECEIVED. UNCONFIRMED QUALITY DEFECT: RISK CATEGORY V. COMPANY CAUSALITY COMMENT: THIS SPONTANEOUS CASE, REPORTED BY A CONSUMER,DESCRIBES THE OCCURRENCE OF SERIOUS EVENT CHEMICAL INJURY (""THEY LOOKED LIKE CHEMICAL BURNS/ THEY LOOKED LIKE BURNS/THE BURN WAS VERY BAD"")(MEDICALLY SIGNIFICANT AND INTERVENTION REQUIRED ) IN A MALE PATIENT WHO RECEIVED ALEVE TENS DEVICE DIRECT THERAPY UNIT FOR A NOT REPORTED INDICATION. THIS EVENT IS UNLISTED ACCORDING TO ALEVE TENS REFERENCE SAFETY INFORMATION. THE PATIENT'S CONCURRENT CONDITIONS INCLUDED SPINAL FUSION NOS. PATIENT REPLACED THE PADS FOR ABOUT THE 10TH TIME, PUT THEM ON AND LAID DOWN, HAD THE DEVICE ON LEVEL 3 OR 4, AND REPORTED NON-SERIOUS DEVICE LEAKAGE (""HE SAID THAT WHATEVER IS IN THE GEL THAT LEAKED OUT MUST HAVE REACTED WITH MY SKIN"") FOLLOWED BY CHEMICAL INJURY. IN THIS CONTEXT, CONSIDERING THE TECHNICAL ISSUE AND THE CLOSE TEMPORAL RELATIONSHIP, CAUSALITY OF ALEVE TENS CANNOT BE EXCLUDED, IN AGREEMENT WITH REPORTER.",TENS (over-the-counter)
6373336,68964773,D,1,,"THIS SPONTANEOUS CASE WAS REPORTED BY A CONSUMER (SUBSEQUENTLY MEDICALLY CONFIRMED) AND DESCRIBES THE OCCURRENCE OF BURN INFECTION (""I GOT A BURN ON MY BACK / THE BURN GOT INFECTED"") IN A (B)(6)-YEAR-OLD FEMALE PATIENT WHO RECEIVED ALEVE TENS DEVICE DIRECT THERAPY UNIT (BATCH NO. T05WHV) FOR LOW BACK PAIN. THE OCCURRENCE OF ADDITIONAL NON-SERIOUS EVENTS IS DETAILED BELOW. ON AN UNKNOWN DATE, THE PATIENT STARTED ALEVE TENS DEVICE DIRECT THERAPY UNIT. IN (B)(6) 2016, THE PATIENT EXPERIENCED MEDICAL DEVICE SITE SCAB (""IT STARTED AS A HARD SCAB""). ON (B)(6)2016, THE PATIENT EXPERIENCED BURN INFECTION (SERIOUSNESS CRITERIA MEDICALLY SIGNIFICANT AND CLINICALLY SIGNIFICANT/INTERVENTION REQUIRED) AND MEDICAL DEVICE SITE SWELLING (""MY BACK SWELLED""). IN (B)(6) 2016, THE PATIENT EXPERIENCED WOUND SECRETION (""THE BURN INFECTED IS STILL OOZING""). THE PATIENT WAS TREATED WITH BACTRIM (SULFAMETHOXAZOLE/TRIMETHOPRIM) AND ANTIBIOTICS. ALEVE TENS DEVICE DIRECT THERAPY UNIT WAS WITHDRAWN. IN 2016, THE MEDICAL DEVICE SITE SCAB HAD RESOLVED. IN (B)(6) 2016, THE MEDICAL DEVICE SITE SWELLING HAD RESOLVED. AT THE TIME OF THE REPORT, THE BURN INFECTION AND WOUND SECRETION HAD RESOLVED. THE REPORTER PROVIDED NO CAUSALITY ASSESSMENT FOR BURN INFECTION, WOUND SECRETION AND MEDICAL DEVICE SITE SWELLING WITH ALEVE TENS DEVICE DIRECT THERAPY UNIT. THE REPORTER CONSIDERED MEDICAL DEVICE SITE SCAB TO BE RELATED TO ALEVE TENS DEVICE DIRECT THERAPY UNIT. QUALITY-SAFETY EVALUATION OF PTC: THE REPORTED DEFECT CANNOT BE CONFIRMED AT THIS TIME. AN INVESTIGATION REPORT HAS BEEN REQUESTED OF THE CMO AND ADDITIONAL TIME IS NEEDED IDENTIFY THE CAUSE. A FOLLOW UP HAS BEEN CREATED WHERE THE CONCLUSIVE ASSESSMENT WILL BE FINALIZED UPON RECEIPT. THIS PROCEDURE IS IN ALIGNMENT WITH THE CURRENT VERSION OF GSOP 115. PRODUCT TECHNICAL COMPLAINT OCCURRED: ALEVE TENS - ELECTRICAL PROBLEMS. (B)(4). INVESTIGATION REVIEWED. THE PTC INVESTIGATION WAS INITIATED AND THE OUTCOME OF THE INVESTIGATION RESULTED IN AN UNCONFIRMED QUALITY DEFECT. MOST RECENT FOLLOW-UP INFORMATION INCORPORATED ABOVE INCLUDES: ON 22-FEB-2017: CORRECTION: THE SERIOUSNESS CRITERION OF INTERVENTION REQUIRED WAS ADDED. COMPANY CAUSALITY COMMENT THIS SPONTANEOUS CASE REPORTED BY A CONSUMER DESCRIBED THE OCCURRENCE OF A BURN INFECTION (""I GOT A BURN ON MY BACK / THE BURN GOT INFECTED"") IN A (B)(6) YEAR-OLD FEMALE PATIENT WHO RECEIVED ALEVE TENS DEVICE DIRECT THERAPY UNIT FOR LOW BACK PAIN. THIS EVENT IS SERIOUS DUE TO MEDICAL IMPORTANCE AND INTERVENTION REQUIRED AND UNLISTED IN THE REFERENCE SAFETY INFORMATION FOR ALEVE TENS. NO OTHER CONSUMER`S CONCURRENT CONDITIONS AND MEDICAL HISTORY WERE REPORTED. CONSUMER REPORTED THAT THE EVENT STARTED AS A HARD SCAB AND CONSUMER THOUGHT IT WOULD GO AWAY, BUT IT HAD GOTTEN VERY INFECTED. CONSUMER`S DOCTOR REFERRED HER TO A SURGEON AND SHE HAD THE BURN LANCED. SHE TOOK ANTIBIOTICS FOR TREATMENT AND EVENT RECOVERED. IN THIS CONTEXT, CONSIDERING THE CLOSE TEMPORAL RELATIONSHIP AND THE LACK OF ALTERNATIVE EXPLANATION FOR EVENT, CAUSALITY OF ALEVE TENS CANNOT BE EXCLUDED.",TENS (over-the-counter)
6391184,69493976,D,1,,"THE END-USER WAS BURNED WHILE RECEIVING TREATMENT FROM AN ELECTROTHERAPY DEVICE. THE END-USER HAD INITIALLY CONTACTED THEIR DISTRIBUTOR TO COMPLAINT ABOUT THE ELECTRODES. THE CLINIC INITIALLY REPORTED AND COMPLAINED (TO (B)(4)) ABOUT POOR ELECTRODE QUALITY, STATING A PATIENT HAD BEEN BURNED WHILE USING THEM - DURING THEIR REPORT, IT WAS LEARNED THAT THE END-USER WAS ALSO USING A (B)(4) ELECTROTHERAPY DEVICE. THE OFFICE MANAGER (OF THE CLINIC) HAD STATED THAT THIS PATIENT HAD BEEN TREATED APPROXIMATELY 10 TIMES PREVIOUSLY WITHOUT ANY ISSUES. ON (B)(6) 2017, THE PATIENT WAS TREATED BY HIS PHYSICAL THERAPIST - FOUR ELECTRODES WERE PLACED ON THE PATIENT'S LEFT CERVICAL, RIGHT CERVICAL, LEFT CERVICOTHORACIC AND RIGHT CERVICOTHORACIC REGION(S) FOR 15 MINUTES, CONFIRMING NOT DIRECTLY ON THE BONE. AMPLITUDE WAS 5-15 HZ CONTINUOUS WITH 100% SCAN. DURING THERAPY, THE PATIENT TOLD THE PHYSICAL THERAPIST HE WAS FEELING SOME BURNING/SHOCKING. THE PHYSICAL THERAPIST LOWERED THE DEVICE IN INTENSITY, AND THE PATIENT AGREED THE LOWER INTENSITY FELT BETTER. UPON REMOVAL OF THE ELECTRODES, THE PHYSICAL THERAPIST NOTICED A RED, RASHY AREA. HE DID NOT MENTION THIS TO THE PATIENT. HOWEVER, THE PATIENT RETURNED APPROXIMATELY 30-45 MINUTES LATER, STATING THE AREA OF TREATMENT WAS REALLY HURTING, AND ASKED THAT IT BE LOOKED AT. THE OFFICE MANAGER VIEWED THE AREA AND, IN HER WORDS, IT APPEARED ""SCORCHED."" HE WAS SEEN BY A DOCTOR - HIS STATEMENT FOLLOWS: ""PATIENT HAD REDNESS ON THE RIGHT TRAP. THERE IS A SCAB FORMATION AND RED BLISTERING ALONG THE PAD PLACEMENT SITE. PATIENT SAID HE FELT STINGING AND SHOCKING AT THE AREA OF PLACEMENT. I EXPLAINED TO THE PATIENT THE IMPORTANCE OF KEEPING THE AREA CLEAN AND DISINFECTED. I PLACED NEOMYCIN ON THE AREA OF THE INVOLVEMENT, AND PLACED A STERILE GAUZE PAD OVER IT. HE IS TO SEE ANOTHER DOCTOR FRIDAY MORNING OR APPOINT SOONER IF THE CONDITION WORSENS."" THIS DOCTOR STATES HE HAD BEEN IN BUSINESS FOR 23+ YEARS, AND HAS NEVER HAD A PATIENT BURNED. PER THE OFFICE MANAGER, IN HINDSIGHT, THEY FEEL THE ELECTRODES ""LOOK DIFFERENT."" THE DIFFERENCE THEY NOTED IS THAT WHAT THEY ORDERED (FROM ANOTHER SUPPLIER) HAD ONLY ONE WIRE INTO THE ELECTRODES, WHEREAS WHAT THEY RECEIVED HAD 3, WHICH IS (B)(4) TYPICAL TREE BRANCH TYPE ELECTRODE. THE DEVICE INVOLVED IN THIS EVENT WAS RETURNED TO (B)(4) FOR FURTHER EVALUATION ON 3/7/2017. (B)(4) WAS UNABLE TO CONFIRM THE INITIAL COMPLAINT - THE DEVICE WAS TESTED FOR PRODUCT PERFORMANCE, AND DETERMINED TO FALL WITHIN THE MANUFACTURER'S SPECIFICATIONS, AS DEFINE IN THE PRODUCT'S USER MANUAL; NO DEFECT OR SURGE WAS DETECTED. THE ELECTRODES SENT BACK INDICATED TO BE USED DURING THE EVENT - THEY WERE IN A HEAVILY-USED CONDITION; HAIR WAS PRESENT ON THE ADHESIVE AND HAD POOR CONTACT ON THE CLEAR PLASTIC FILM.",TENS (prescription)
6373445,70132116,N,1,,"MOST RECENT FOLLOW-UP INFORMATION INCORPORATED ABOVE INCLUDES: ON 13-MAR-2017: LOT NUMBER FOR TENS DEVICE PRODUCT WAS DELETED AND AMENDED TO SERIAL NUMBER ((B)(4)). COMPANY CAUSALITY COMMENT: THIS SPONTANEOUS CASE WAS REPORTED BY A CONSUMER AND DESCRIBES THE OCCURRENCE OF MEDICAL DEVICE SITE INJURY (""MY SKIN LOOKS BURNED WHERE THE UNIT WAS / CAUSED SEVERE BURNS ON MY BACK"") AND MEDICAL DEVICE SITE VESICLES (""I HAVE BLISTERS WHERE THE UNIT WAS / CAUSED BLISTERS ON MY BACK"") IN A (B)(6) MALE PATIENT WHO RECEIVED ALEVE TENS DEVICE DIRECT THERAPY UNIT / ALEVE TENS GEL PAD FOR PAIN DUE TO BACK INJURY (UNAPPROVED INDICATION). THE EVENTS ARE CONSIDERED SERIOUS DUE TO MEDICAL IMPORTANCE AND INTERVENTION REQUIRED AND ARE UNLISTED IN THE REFERENCE SAFETY INFORMATION FOR ALEVE TENS. THE PATIENT'S CONCURRENT CONDITIONS INCLUDED BACK INJURY AND ALLERGY TO IODINE AND SEAFOOD. CONSUMER HAD BEEN USING THE DEVICE FOR ABOUT ONE MONTH WITH GOOD RESULTS AND NO OTHER PROBLEM WHEN HE HAD THE EVENTS. PATIENT VISITED A PHARMACIST WHO GAVE HIM HYDRO CREAM AND THE BURNS AND VESICLES WERE RECOVERING. IN THIS CONTEXT, CONSIDERING THE CLOSE TEMPORAL RELATIONSHIP AND THE LACK OF ALTERNATIVE EXPLANATION FOR EVENTS, CAUSALITY OF ALEVE TENS CANNOT BE EXCLUDED. FURTHER INFORMATION HAS BEEN REQUESTED.",TENS (over-the-counter)
6420804,70459879,D,1,,"THE CUSTOMER EMAILED US STATING THAT HE USED THE DEVICE (YESTERDAY) FOR 1-2 MINUTES, AND HAS HAD A TINGLING PAIN OVER THE AREA THAT HAS NOT STOPPED SINCE USING THE ITEM. THE END-USER IS REPORTED AS NOT FEELING COMFORTABLE USING THE DEVICE ANY FURTHER. THE END-USER SAID THAT HE HAD USED A DROP OF CONDUCTIVE GEL DURING USE, WHICH MAY HAVE RESULTED IN WHY HE HAD THIS TYPE OF REACTION. THE END-USER IS REPORTED AS HAVING ""NOT YET"" RECEIVED MEDICAL ATTENTION FOR THE EVENT/PERSISTENT TINGLING PAIN.",TENS (prescription)
6433902,70860279,D,1,,"THE END-USER WAS SHOCKED WHILE USING AN ELECTROTHERAPY DEVICE AFTER HAVING ROTATOR CUFF SURGERY. HE STATES THAT HE ATTACHED ALL FOUR ELECTRODES AROUND HIS LEFT SHOULDER, AND THAT THEY WERE 3-4"" APART; HE FOLLOWED THE THERAPIST'S DIRECTION FOR PLACEMENT. HE STATES THAT HE STRUNG THE LEAD WIRES THROUGH HIS SHIRT AND ATTACHED THE DEVICE TO HIS BELT CLIP - HE POWERED ON THE DEVICE, AND CHECKED TO SEE IF THE DEVICE WAS STILL ON SHOULDER MODE, WHICH HE WAS ADVISED TO USE. WHILE THE MA WERE STILL SET AT ZERO, HE INSERTED THE FIRST CHANNEL 1 LEAD WIRE, AND THEN THE CHANNEL 2 LEAD WIRE; AS HE INSERTED THE CHANNEL 2 LEAD WIRE, THE INTENSITY SHOT UP AND SHOCKED HIM. HE COULD NOT SAY IF THE NUMBERS WENT UP ON THE DIAL, BUT HE EXPLAINED THE PAIN AS THE WORSE HE HAD EVER FELT. HE STATES HE FELL TO THE FLOOR WHILE HIS LEFT ARM SHOT OUT, AND HE COULD NOT CONTROL IT - HE WAS UNABLE TO MOVE HIS HAND, WHICH WAS STUCK IN A STRETCHED-OUT POSITION. HE YELLED, AND HIS WIFE CAME TO REMOVE THE DEVICE. HE STATED HE WAS CRYING, AND IN ""HORRIBLE"" PAIN. AFTER UNSUCCESSFULLY CONTACTING HIS (B)(6), HE DROVE HIMSELF TO THE HOSPITAL. DURING HIS TWO HOUR VISIT, HE WAS GIVEN AN EKG, WHICH THE DOCTOR STATED CAME BACK WITH NORMAL RESULTS. HE STATES HE WAS ALSO PROVIDED WITH PAIN MEDICATION. HE LATER FOLLOWED UP WITH THE DOCTOR WHO DID HIS SURGERY TO BE SURE HIS SHOULDER WAS OK, AND THE DOCTOR ASSURED HIM IT WAS GOOD. HE STATES HIS HAND STILL HURTS. THE DEVICE INVOLVED WITH THIS EVENT WAS RETURNED TO COMPASS HEALTH BRANDS ON 3/15/2017, AND EVALUATED. THE CUSTOMER'S COMPLAINT COULD NOT BE DUPLICATED, AS THE RETURNED DEVICE WAS TESTED WITHIN MANUFACTURER SPECIFICATION.",TENS (prescription)
6437223,70971733,D,1,,"THE END-USER WAS SHOCKED USING THE ELECTROTHERAPY DEVICE. THE END-USER'S HUSBAND STATES SHE WAS SHOCKED SO BAD, HE HAD TO PULL THE PADS (ELECTRODES) OFF OF HER. SHE WAS TAKEN TO THE ER. THE END-USER WAS USING THE ELECTROTHERAPY DEVICE TO TREAT NERVE PAIN SHE SUFFERED DUE TO 2ND-3RD DEGREE CHEMICAL BURNS AT WORK. THE BURN AND OPEN WOUNDS ARE GONE; ELECTRODES WERE NOT PLACED OVER ANY OPEN WOUNDS OR INFECTED AREAS. SHE HAS A LOT OF PAIN IN HER RIGHT WRIST WHERE THE BURN WAS PREVIOUSLY. HER PHYSICAL THERAPIST RECOMMENDED THE ELECTROTHERAPY DEVICE TO ASSIST WITH HER PAIN. SHE PLACED 2 ELECTRODES ON HER FOREARM (ABOVE CUBITAL AND SIDE NEAR ELBOW), AND 2 ON HER WRIST AREA (EACH SIDE OF WRIST). AS SHE BEGAN TO LOWER THE INTENSITY, THE DEVICE SHOT OUT A SHOCK THAT KNOCKED HER TO THE FLOOR. SHE STATES THE SHOCK WENT UP HER RIGHT ARM AND AROUND THROUGH HER SHOULDERS INTO HER LEFT ARM. SHE WAS ""PARALYZED"" - HER HUSBAND HEARD HER SCREAMS, AND CAME INTO THE ROOM AND SHUT DOWN AND REMOVED THE DEVICE. SHORTLY THEREAFTER, A NEIGHBOR CAME OVER AND TOLD HER SHE DID NOT LOOK WELL AND SHOULD GO TO THE EMERGENCY ROOM. THE EMERGENCY ROOM'S DIAGNOSIS WAS ""ELECTRIC SHOCK."" HER STATS WERE OK. THE DEVICE INVOLVED WITH THIS EVENT WAS RETURNED TO (B)(4) AND EVALUATED ON 3/15/2017 - THE CUSTOMER'S COMPLAINT COULD NOT BE DUPLICATED, AS THIS RETURNED DEVICE WAS TESTED WITHIN MANUFACTURER SPECIFICATIONS.",TENS (prescription)
6437680,70999215,D,1,,"THE END-USER WAS USING AN ELECTROTHERAPY DEVICE, PER HIS DOCTOR'S ORDERS. HE HAD TWO ELECTRODES ON HIS LOWER BACK, 2-3"" APART, AND 2 ELECTRODES WHERE HIS NECK MEETS HIS SHOULDERS, ALSO 2-3"" APART, PER HIS STATEMENT; THE ELECTRODES WERE BRAND NEW OUT OF PACKAGE. HE STATES HE WAS FINISHING UP HIS THERAPY, AND WAS TURNING THE INTENSITY DOWN - WENT THE INTENSITY WENT FROM 1 TO 0, THE DEVICE SENT OUT A HUGE SURGE OF INTENSITY AND SHOCKED HIM. THE END-USER SAW HIS (WORKMAN'S COMP) DOCTOR A DAY OR TWO LATER, AND THE DOCTOR CONFIRMED HE WAS OK. THE DEVICE INVOLVED WITH THIS EVENT WAS RETURNED TO COMPASS HEALTH BRANDS AND EVALUATED ON 3/15/2017 - THE CUSTOMER'S COMPLAINT COULD NOT BE DUPLICATED, AS THE RETURNED DEVICE TESTED WITHIN MANUFACTURER SPECIFICATIONS.",TENS (prescription)
6373325,71012426,D,1,,"MOST RECENT FOLLOW-UP INFORMATION INCORPORATED ABOVE INCLUDES: ON 28-FEB-2017: QUALITY SAFETY EVALUATION: UNCONFIRMED QUALITY DEFECT: RISK CATEGORY V. COMPANY CAUSALITY COMMENT: THIS SPONTANEOUS CASE, REPORTED BY A CONSUMER,DESCRIBES THE OCCURRENCE OF SERIOUS EVENT CHEMICAL INJURY (""THEY LOOKED LIKE CHEMICAL BURNS/ THEY LOOKED LIKE BURNS/THE BURN WAS VERY BAD"")(MEDICALLY SIGNIFICANT AND INTERVENTION REQUIRED ) IN A MALE PATIENT WHO RECEIVED ALEVE TENS DEVICE DIRECT THERAPY UNIT FOR A NOT REPORTED INDICATION. THIS EVENT IS UNLISTED ACCORDING TO ALEVE TENS REFERENCE SAFETY INFORMATION. THE PATIENT'S CONCURRENT CONDITIONS INCLUDED SPINAL FUSION NOS. PATIENT REPLACED THE PADS FOR ABOUT THE 10TH TIME, PUT THEM ON AND LAID DOWN, HAD THE DEVICE ON LEVEL 3 OR 4, AND REPORTED NON-SERIOUS DEVICE LEAKAGE (""HE SAID THAT WHATEVER IS IN THE GEL THAT LEAKED OUT MUST HAVE REACTED WITH MY SKIN"") FOLLOWED BY CHEMICAL INJURY. IN THIS CONTEXT, CONSIDERING THE TECHNICAL ISSUE AND THE CLOSE TEMPORAL RELATIONSHIP, CAUSALITY OF ALEVE TENS CANNOT BE EXCLUDED, IN AGREEMENT WITH REPORTER. PTC INVESTIGATION: UNCONFIRMED QUALITY DEFECT.",TENS (over-the-counter)
6440647,71093694,D,1,,"THE DOCTOR STATES THAT HIS PATIENT RECEIVED BURNS WHILE UNDERGOING TREATMENT WITH THIS ELECTROTHERAPY DEVICE. THE DOCTOR WAS USING IF-4P WITH 4 ELECTRODES CROSSED, AND WAS USING TAP WATER AS A CONDUCTING AGENT - WATER DRIES UP QUICKLY, AND THIS DOCTOR WAS RECOMMENDED NOT TO USE THIS AS A CONDUCTIVE AGENT (VIA COMPASS HEALTH BRANDS CUSTOMER SERVICE DEPARTMENT; SHOULD USE SPECIFIC CONDUCTIVE GEL). HE DID NOT USE ANY STRAPS TO HOLD THE ELECTRODES DOWN, BUT COVERED THE ELECTRODES WITH THE PATIENT'S SHIRT, AND THEN APPLIED AN ELECTRIC HEATING PAD OVER THE CLOTHING (ALSO CONSIDERED AN ERROR OF USAGE THE DOCTOR WAS ADVISED AGAINST DOING - WE DO NOT CONDONE USING ANY ELECTRIC PRODUCT OVER THE ELECTRODES, ESPECIALLY A HEATING PAD). THE PATIENT DID NOT NOTICE ANY DISCOMFORT DURING TREATMENT, BUT RETURNED 2 DAYS POST-TREATMENT WITH BURNS - THE PATIENT WAS UNAWARE OF THE BURNS.",TENS (prescription)
6440604,71093729,D,1,,"THE DOCTOR STATES THAT HIS PATIENT RECEIVED BURNS WHILE UNDERGOING TREATMENT WITH THIS ELECTROTHERAPY DEVICE. THE DOCTOR WAS USING IF-4P WITH 4 ELECTRODES CROSSED, AND WAS USING TAP WATER AS A CONDUCTING AGENT - WATER DRIES UP QUICKLY, AND THIS DOCTOR WAS RECOMMENDED NOT TO USE THIS AS A CONDUCTIVE AGENT ((B)(4) BRANDS CUSTOMER SERVICE DEPARTMENT; SHOULD USE SPECIFIC CONDUCTIVE GEL). HE DID NOT USE ANY STRAPS TO HOLD THE ELECTRODES DOWN, BUT COVERED THE ELECTRODES WITH THE PATIENT'S SHIRT, AND THEN APPLIED AN ELECTRIC HEATING PAD OVER THE CLOTHING (ALSO CONSIDERED AN ERROR OF USAGE THE DOCTOR WAS ADVISED AGAINST DOING - WE DO NOT CONDONE USING ANY ELECTRIC PRODUCT OVER THE ELECTRODES, ESPECIALLY A HEATING PAD). THE PATIENT DID NOT NOTICE ANY DISCOMFORT DURING TREATMENT, BUT RETURNED 2 DAYS POST-TREATMENT WITH BURNS - THE PATIENT WAS UNAWARE OF THE BURNS.",TENS (prescription)
6440473,71095361,D,1,,"THE END-USER'S WIFE CALLED, STATING HER HUSBAND (END-USER) WAS ALLERGIC TO THE ELECTRODES HE WAS USING. THE END-USER HAS BURNS ON HIS BACK. HE IS TURNING THE INTENSITY UP TO 105 MA, AND HAS OVERUSED HIS ELECTRODES. THE PATIENT WAS PREVIOUSLY DIAGNOSED (YEARS AGO) WITH BUFOLOUS PEMPHIGOID. HIS WIFE HAD A CONCERN IT MAY HAVE REARED AGAIN AFTER USING ELECTRODES. THE END-USER REPORTED MULTIPLE POINTS OF DEVICE MISUSE: THE END-USER IS NOT STORING THE ELECTRODES BACK IN THE PACKAGE THEY CAME FROM. THE END-USER USES THE DEVICE AT FULL INTENSITY (105 MA) ALL DAY, AS THE PAIN IS REPORTED AS OTHERWISE NOT GOING AWAY. HE BEGAN HAVING (WHAT THE WIFE THOUGHT WAS) AN ALLERGIC REACTION ALMOST IMMEDIATELY AFTER BEGINNING THE USAGE OF THE ELECTROTHERAPY DEVICE. THE WIFE, AFTER REALIZING THIS, STARTED PLACING THE ELECTRODES IN DIFFERENT PLACES ON HER HUSBAND'S BACK, YET EVERY DAY, HE WAS FULL OF THIS ""ALLERGIC REACTION."" SHE BEGAN USING LOTION ON HIM A FEW HOURS PRIOR TO PUTTING ON THE ELECTRODES, NEVER CLEANING IT OFF (ALSO AN USAGE ERROR). THE END-USER'S WIFE ALSO ADVISED THAT HER HUSBAND HAD USED THE SAME ELECTRODES FOR THE PAST 2 1/2 WEEKS-4 WEEKS (ALSO AN USAGE ERROR). THE TWO CONDITIONS (BUFOLOUS PEMPHIGOID & ALLERGIC REACTION) LIKELY ARE NOT RELATED, BUT COMPASS HEALTH BRANDS' CUSTOMER SERVICE DEPARTMENT CAUTIONED THE WIFE TO CHECK WITH HER HUSBAND'S DOCTOR PRIOR TO STARTING UP USE OF AN ELECTROTHERAPY DEVICE.",TENS (prescription)
6442666,71215151,D,1,,"DISTRIBUTOR STATES A PATIENT AT A LONG-TERM CARE FACILITY WAS BURNED WHILE RECEIVING THERAPY FROM THIS ELECTROTHERAPY DEVICE - THE PHYSICAL THERAPIST SAID THE DEVICE MADE A NOISE AND SIMULTANEOUSLY BURNED THE PATIENT THROUGH THE ELECTRODE; THE PATIENT WHO RECEIVED THE SHOCK/BURN IS AN AMPUTEE STAYING AT A SKILLED NURSING FACILITY AS HE RECOVERS FROM KNEE REPLACEMENT SURGERY ON HIS OPPOSITE LEG. THE PHYSICAL THERAPIST PLACED 2 ELECTRODES ON THE PATIENT, TARGETING THE LEFT GASTROCNEMIUS - AS WITH NORMALIZING PATIENT GAIT TRAINING, HE WAS EXPERIENCING INCREASED PAIN TO HIS LEFT GASTROCNEMIUS. AS THE PHYSICAL THERAPIST BEGAN TO TURN UP THE STIM, HE ASKED THE PATIENT TO LET HIM KNOW WHEN HE STARTED FEELING IT. AT EACH INTENSITY LEVEL, THE PATIENT STATED HE DID NOT FEEL IT, THEN HE STATED HE WAS FEELING IT TOO STRONG - THE INTENSITY WAS REPORTED AS HAVING NOT BEEN FELT, THEN FELT TOO STRONG, WITH NO IN-BETWEEN. THE PHYSICAL THERAPIST ASKED THE PATIENT IF IT WAS TOO STRONG, AND HE SAID SOMETHING LIKE, ""NO, NOW I'M GETTING USED TO IT..."" THEN, SOON THEREAFTER, HE SAID, ""NO, SOMETHING IS WRONG AND THIS IS UNCOMFORTABLE; 10/10, SHARP, 'ELECTRIC' PAIN."" THE PHYSICAL THERAPIST TURNED THE THERAPY OFF - WHEN THE ELECTRODE WAS REMOVED, THE PHYSICAL THERAPIST NOTICED A RED SPOT JUST UNDER THE PART OF THE ELECTRODE WHERE THE PIGTAIL BRANCH RUNS THROUGH IT. THE SPOT WAS RED ON THE OUTSIDE, AND AN OFF-WHITE IN THE MIDDLE. THE REHAB MANAGER WAS ASKED TO REVIEW THE BURN, AS WELL AS THE TREATMENT NURSE - MEASURES TO TREAT THE BURN WERE IMPLEMENTED. PER MEDICAL PAPERS PROVIDED, THE PATIENT SUSTAINED A SMALL, CIRCULAR 3MM SKIN IRRITATION/BURN AFTER MODALITY TREATMENT FOR PAIN THAT WAS PROVIDED BY THE PHYSICAL THERAPIST. DURING TREATMENT, THE PATIENT FELT UNCOMFORTABLE STINGING TO MEDIAL GASTROC. THE UNIT WAS ADJUSTED, AND INITIALLY, THE PATIENT FELT RELIEF, HOWEVER, JUST A FEW MOMENTS LATER, THE STINGING PERSISTED. THE PHYSICAL THERAPIST STOPPED THE TREATMENT, REMOVED THE ELECTRODE, AND OBSERVED THE SKIN IRRITATION. HE NOTIFIED THE TREATMENT NURSE, AND TREATMENT OF THE SITE WAS INITIATED - THE WOUND WAS CLEANED AND MONITORED DAILY FOR SIGNS/SYMPTOMS OF INFECTION OR WORSENING. THE PATIENT HAD NO FUNCTIONAL LIMITATIONS, AND WAS ABLE TO DEMONSTRATE SBA TRANSFERS AND AMBULATION WITH FWW 130 FEET SBA; THE PATIENT WAS OTHERWISE GIVEN AN ICE BAG FOR 3/10 PAIN OF SKIN IRRITATION WITH THERAPY.",TENS (prescription)
6449267,71381630,D,1,,"THE RN WAS PREPARING THE CONTINUOUS PASSIVE MOTION (CPM) MACHINE FOR PLACEMENT ON A PATIENT. SHE COULD NOT GET IT TO WORK. WHEN SHE REACHED DOWN TO UNPLUG THE MACHINE, THE PLUG WAS VERY HOT AND SHE BURNED HER LEFT INDEX FINGER.",Powered exercise equipment (incl. CPM)
6450615,71613643,D,1,,"I AM A MEMBER OF (B)(6) ((B)(6)), AN EXCLUSIVE PRIVATE CLUB BASED IN (B)(6). THE CLUB HAS APPROXIMATELY 10 ELECTRONIC MUSCLE STIMULATION (EMS) DEVICES MANUFACTURED BY MIHA BODYTEC USED DURING PERSONAL TRAINING SESSIONS. I RECENTLY HAD A SESSION WITH THE (B)(6) PERSONAL TRAINER, (B)(6), AND HAVE SINCE EXPERIENCED SEVERE NERVE DAMAGE. I JUST LEARNED THAT THE EMS MACHINES THE (B)(6) USES HAVE NOT BEEN APPROVED BY THE FDA FOR SALE OR BUSINESS USE IN THE U.S. AS SUCH, THE DEVICES MUST HAVE BEEN ILLEGALLY IMPORTED SINCE THEY CANNOT BE PURCHASED IN THE U.S. MY CONCERN IS SOMEONE ELSE BEING SEVERELY INJURED OR WORSE. THE (B)(6) IS OPENLY MARKETING EMS SESSIONS TO ALL OF ITS MEMBERS.",Powered muscle stimulator
6457545,71678278,D,1,,"THIS SPONTANEOUS CASE WAS REPORTED BY A CONSUMER AND DESCRIBES THE OCCURRENCE OF MEDICAL DEVICE SITE INJURY (""CAUSE MY BACK TO BURN""), SCAR (""DID LEAVE BURN MARKS / I HAVE A BROWN STAIN ON BACK FROM BURN"") AND PARAESTHESIA (""I HAVE TINGLING SENSATION ON SKIN WHERE THE BURN MARK USED"") IN A (B)(6) FEMALE PATIENT WHO RECEIVED ALEVE TENS DEVICE DIRECT THERAPY UNIT FOR DEGENERATIVE DISC DISEASE. OTHER PRODUCT OR PRODUCT USE ISSUES IDENTIFIED: DEVICE DEFECTIVE ""DEVICE DID NOT RESPOND TO LOWERING OR SHUTTING OFF / I PURCHASED A DEFECTIVE ALEVE TENS UNIT"" AND DEVICE USE ISSUE ""I USED ALEVE TENS TO TREAT DEGENERATIVE DISK PAIN"". THE PATIENT'S CONCURRENT CONDITIONS INCLUDED DEGENERATIVE DISC DISEASE. ON AN UNKNOWN DATE, THE PATIENT STARTED ALEVE TENS DEVICE DIRECT THERAPY UNIT UNK, TIW. ON AN UNKNOWN DATE, THE PATIENT EXPERIENCED MEDICAL DEVICE SITE INJURY (SERIOUSNESS CRITERION MEDICALLY SIGNIFICANT), SCAR (SERIOUSNESS CRITERION MEDICALLY SIGNIFICANT) AND PARAESTHESIA (SERIOUSNESS CRITERION MEDICALLY SIGNIFICANT). ALEVE TENS DEVICE DIRECT THERAPY UNIT WAS WITHDRAWN. AT THE TIME OF THE REPORT, THE MEDICAL DEVICE SITE INJURY OUTCOME WAS UNKNOWN AND THE SCAR AND PARAESTHESIA HAD NOT RESOLVED. THE REPORTER CONSIDERED MEDICAL DEVICE SITE INJURY, SCAR AND PARAESTHESIA TO BE RELATED TO ALEVE TENS DEVICE DIRECT THERAPY UNIT. THE REPORTER COMMENTED: CONSUMER REPORTED START DATE FOR DEVICE AS OVER THE SUMMER. SHE REPORTED SHE USED THE PRODUCT APPROXIMATELY 3 TIMES A WEEK UNTIL A FEW MONTHS AGO. SHE REPORTED NO CONCOMITANT PRODUCT USE. MOST RECENT FOLLOW-UP INFORMATION INCORPORATED ABOVE INCLUDES: ON 21-MAR-2017: FOLLOWING GLOBAL SAFETY LEADER REVIEW THE SERIOUSNESS AND THE INCIDENT CATEGORY WERE AMENDED. ALSO THE CASE (B)(4) WAS IDENTIFIED AS A DUPLICATE FROM THIS CASE. ALL THE INFORMATION WAS TRANSFERRED TO THE REMAINING CASE: DEMOGRAPHIC DATA, INDICATION UPDATED, EVENT TERMS, OUTCOME AND ACTION TAKEN WITH DRUG UPDATED. SERIAL NUMBER ADDED. EVENTS ""I USED ALEVE TENS TO TREAT DEGENERATIVE DISK PAIN"" AND ""I HAVE TINGLING SENSATION ON SKIN WHERE THE BURN MARK USED TO BE"" ADDED. COMPANY CAUSALITY COMMENT: THIS SPONTANEOUS CASE REPORTED BY A CONSUMER DESCRIBED THE OCCURRENCE OF A MEDICAL DEVICE SITE INJURY (""CAUSE MY BACK TO BURN""), SCAR (""DID LEAVE BURN MARKS / I HAVE A BROWN STAIN ON BACK FROM BURN"") AND PARAESTHESIA (""I HAVE TINGLING SENSATION ON SKIN WHERE THE BURN MARK USED"") IN A (B)(6) FEMALE PATIENT WHO WAS USING ALEVE TENS DEVICE DIRECT THERAPY UNIT TO TREAT DEGENERATIVE DISK PAIN (UNAPPROVED INDICATION). THESE EVENTS ARE SERIOUS DUE TO MEDICAL IMPORTANCE AND UNLISTED IN THE REFERENCE SAFETY INFORMATION FOR ALEVE TENS. MEDICAL EVENTS BURN, BURN MARKS AND PARESTHESIA WERE REPORTED IN ASSOCIATION WITH A DEVICE DEFECTIVE (DEVICE DID NOT RESPOND TO LOWERING OR SHUTTING OFF / I PURCHASED A DEFECTIVE ALEVE TENS UNIT). IN THIS CONTEXT, CONSIDERING THE MECHANISM OF ACTION OF DEVICE, COMPATIBLE TEMPORAL RELATIONSHIP AND THE LACK OF ALTERNATIVE EXPLANATION FOR EVENTS, CAUSALITY OF ALEVE TENS CANNOT BE EXCLUDED. FURTHER INFORMATION WILL BE REQUESTED.",TENS (over-the-counter)
6373445,71748130,N,1,,"IN (B)(6) 2016, THE PATIENT STARTED ALEVE TENS DEVICE DIRECT THERAPY UNIT AT AN UNSPECIFIED DOSE AND FREQUENCY AND ALEVE TENS GEL PAD AT AN UNSPECIFIED DOSE AND FREQUENCY. ON (B)(6) 2017, THE PATIENT EXPERIENCED MEDICAL DEVICE SITE INJURY (SERIOUSNESS CRITERIA MEDICALLY SIGNIFICANT AND CLINICALLY SIGNIFICANT/INTERVENTION REQUIRED), MEDICAL DEVICE SITE VESICLES (SERIOUSNESS CRITERIA MEDICALLY SIGNIFICANT AND CLINICALLY SIGNIFICANT/INTERVENTION REQUIRED) AND MEDICAL DEVICE SITE DISCOMFORT (""THIS FELT A STRONGER ON MY BACK""). ALEVE TENS DEVICE DIRECT THERAPY UNIT WAS WITHDRAWN. ALEVE TENS GEL PAD WAS WITHDRAWN. AT THE TIME OF THE REPORT, THE MEDICAL DEVICE SITE INJURY AND MEDICAL DEVICE SITE VESICLES WAS RESOLVING AND THE MEDICAL DEVICE SITE DISCOMFORT OUTCOME WAS UNKNOWN. THE REPORTER CONSIDERED MEDICAL DEVICE SITE INJURY, MEDICAL DEVICE SITE VESICLES AND MEDICAL DEVICE SITE DISCOMFORT TO BE RELATED TO ALEVE TENS DEVICE DIRECT THERAPY UNIT AND ALEVE TENS GEL PAD. QUALITY-SAFETY EVALUATION OF PTC: QUALITY SAFETY EVALUATION OF PTC. UNCONFIRMED QUALITY DEFECT. BATCH DOCUMENTATION HAS BEEN REVIEWED BY BAYER QUALITY ASSURANCE. ALL DEVIATIONS AND NON-CONFORMANCES HAVE ALSO BEEN REVIEWED BY BAYER QUALITY ASSURANCE TO IDENTIFY POTENTIAL PRODUCT QUALITY CONCERNS, WITH NONE IDENTIFIED FOC THE APPLICABLE LOT WITHOUT A RETURNED SAMPLE, NO FURTHER INVESTIGATION IS POSSIBLE. THIS ISSUE WILL HE MONITORED AND TRENDED TO POTENTIALLY IDENTIFY NEW FAILURE MODES. A PTC TECHNICAL BATCH INVESTIGATION WAS INITIATED BUT SINCE NO SAMPLE WAS PROVIDED NO FINAL ASSESSMENT IS POSSIBLE THUS RESULTING IN AN OUTCOME OF UNCONFIRMED QUALITY DEFECT. QUALITY SAFETY EVALUATION OF PTC. UNCONFIRMED QUALITY DEFECT. IF NO SAMPLES ARE AVAILABLE AND NO BATCH DATA OF THE MEDICINAL PRODUCT OR MEDICAL DEVICE HAVE BEEN REPORTED IN THE CLOSED WITHOUT FURTHER INVESTIGATION. MOST RECENT FOLLOW-UP INFORMATION INCORPORATED ABOVE INCLUDES: ON (B)(6) 2017: ALEVE TENS DEVICE DIRECT THERAPY: RISK CATEGORY V. UNCONFIRMED QUALITY DEFECTALEVE TENS GEL PAD: RISK CATEGORY V. UNCONFIRMED QUALITY DEFECT. COMPANY CAUSALITY COMMENT: THIS SPONTANEOUS CASE WAS REPORTED BY A CONSUMER AND DESCRIBES THE OCCURRENCE OF MEDICAL DEVICE SITE INJURY (""MY SKIN LOOKS BURNED WHERE THE UNIT WAS / CAUSED SEVERE BURNS ON MY BACK"") AND MEDICAL DEVICE SITE VESICLES (""I HAVE BLISTERS WHERE THE UNIT WAS / CAUSED BLISTERS ON MY BACK"") IN A (B)(6)-YEAR-OLD MALE PATIENT WHO RECEIVED ALEVE TENS DEVICE DIRECT THERAPY UNIT / ALEVE TENS GEL PAD FOR PAIN DUE TO BACK INJURY (UNAPPROVED INDICATION). THE EVENTS ARE CONSIDERED SERIOUS DUE TO MEDICAL IMPORTANCE AND INTERVENTION REQUIRED AND ARE UNLISTED IN THE REFERENCE SAFETY INFORMATION FOR ALEVE TENS. THE PATIENT'S CONCURRENT CONDITIONS INCLUDED BACK INJURY AND ALLERGY TO IODINE AND SEA FOOD. CONSUMER HAD BEEN USING THE DEVICE FOR ABOUT ONE MONTH WITH GOOD RESULTS AND NO OTHER PROBLEM WHEN HE HAD THE EVENTS. PATIENT VISITED A PHARMACIST WHO GAVE HIM HYDRO CREAM AND THE BURNS AND VESICLES WERE RECOVERING. IN THIS CONTEXT, CONSIDERING THE CLOSE TEMPORAL RELATIONSHIP AND THE LACK OF ALTERNATIVE EXPLANATION FOR EVENTS, CAUSALITY OF ALEVE TENS CANNOT BE EXCLUDED. FURTHER INFORMATION HAS BEEN REQUESTED.",TENS (over-the-counter)
6261109,71748166,N,1,,"THE DEVICE HISTORY RECORD WAS EXAMINED FOR THE SUBJECT EU-940 DEVICE. THERE WERE NO PROBLEMS OBSERVED DURING THE MANUFACTURING OR TESTING NOTED IN THE DHR. UPON RECEIPT OF THE SUBJECT DEVICE, ITO CONDUCTED EVALUATION OF THE FAILURE ANALYSIS OF THE RETURNED DEVICE. INSPECTION OF THE RETURNED DEVICE: MEASUREMENT OF OUTPUT VOLTAGE: WITHIN THE PRE-DEFINED SPECIFICATIONS. MEASUREMENT OF OUTPUT ELECTRIC CURRENT: WITHIN THE PRE-DEFINED SPECIFICATIONS. MEASUREMENT OF PULSE WIDTH: WITHIN THE PRE-DEFINED SPECIFICATIONS. MEASUREMENT OF FREQUENCY: WITHIN THE PRE-DEFINED SPECIFICATIONS. CONCLUSION REACHED BASED ON THE INVESTIGATION AND ANALYSIS RESULT: THE SUBJECT DEVICE FUNCTIONS WITHOUT ANY ABNORMALITY. ITO REMINDED THE USER OF THE CORRECT USAGES, AS DESCRIBED IN THE USER MANUAL. THE HEALTHCARE FACILITY DID NOT DISCLOSE THE INFORMATION ON THE PATIENT'S AGE AND WEIGHT.",TENS (prescription)
6373445,73266240,N,1,,"MOST RECENT FOLLOW-UP INFORMATION INCORPORATED ABOVE INCLUDES: ON 11-APR-2017: INDICATION FOR ALEVE TENS GEL PADS REPLACEMENT 4CT WAS ADDED AS ""PAIN"". LOT NUMBER FOR ALEVE TENS DIRECT THERAPY DEVICE 1CT ""T050HL"" WAS ADDED. OUTCOME FOR THE EVENTS ""MEDICAL DEVICE SITE BURN"", ""MEDICAL DEVICE SITE VESICLES"" AND ""MEDICAL DEVICE SITE DISCOMFORT"" WAS CHANGED FROM RECOVERING TO NOT RECOVERED. COMPANY CAUSALITY COMMENT: THIS SPONTANEOUS CASE WAS REPORTED BY A CONSUMER AND DESCRIBES THE OCCURRENCE OF MEDICAL DEVICE SITE INJURY (""MY SKIN LOOKS BURNED WHERE THE UNIT WAS / CAUSED SEVERE BURNS ON MY BACK"") AND MEDICAL DEVICE SITE VESICLES (""I HAVE BLISTERS WHERE THE UNIT WAS / CAUSED BLISTERS ON MY BACK"") IN A (B)(6) MALE PATIENT WHO RECEIVED ALEVE TENS DEVICE DIRECT THERAPY UNIT / ALEVE TENS GEL PAD FOR PAIN DUE TO BACK INJURY (UNAPPROVED INDICATION). THE EVENTS ARE CONSIDERED SERIOUS DUE TO MEDICAL IMPORTANCE AND INTERVENTION REQUIRED AND ARE UNLISTED IN THE REFERENCE SAFETY INFORMATION FOR ALEVE TENS. THE PATIENT'S CONCURRENT CONDITIONS INCLUDED BACK INJURY AND ALLERGY TO IODINE AND SEAFOOD. CONSUMER HAD BEEN USING THE DEVICE FOR ABOUT ONE MONTH WITH GOOD RESULTS AND NO OTHER PROBLEM WHEN HE HAD THE EVENTS. PATIENT VISITED A PHARMACIST WHO GAVE HIM HYDRO CREAM AND THE BURNS AND VESICLES WERE RECOVERING. IN THIS CONTEXT, CONSIDERING THE CLOSE TEMPORAL RELATIONSHIP AND THE LACK OF ALTERNATIVE EXPLANATION FOR EVENTS, CAUSALITY OF ALEVE TENS CANNOT BE EXCLUDED. FURTHER INFORMATION HAS BEEN REQUESTED.",TENS (over-the-counter)
6457545,73273499,D,1,,"THIS SPONTANEOUS CASE WAS REPORTED BY A CONSUMER AND DESCRIBES THE OCCURRENCE OF ELECTRIC SHOCK (""ALEVE TENS RESPONDED WITH AN ELECTRIC SHOCK""), MEDICAL DEVICE SITE INJURY (""CAUSE MY BACK TO BURN""), SCAR (""DID LEAVE BURN MARKS / I HAVE A BROWN STAIN ON BACK FROM BURN / BURN CAUSED LARGE MARKINGS"") AND PARAESTHESIA (""I HAVE TINGLING SENSATION ON SKIN WHERE THE BURN MARK USED"") IN A (B)(6) YEAR-OLD FEMALE PATIENT WHO RECEIVED ALEVE TENS DEVICE DIRECT THERAPY UNIT FOR DEGENERATIVE DISC DISEASE. OTHER PRODUCT OR PRODUCT USE ISSUES IDENTIFIED: DEVICE DEFECTIVE ""DEVICE DID NOT RESPOND TO LOWERING OR SHUTTING OFF / I PURCHASED A DEFECTIVE ALLEVE TENS UNIT"" AND DEVICE USE ISSUE ""I USED ALEVE TENS TO TREAT DEGENERATIVE DISK PAIN"". THE PATIENT'S CONCURRENT CONDITIONS INCLUDED DEGENERATIVE DISC DISEASE SINCE 2002. ON AN UNKNOWN DATE, THE PATIENT STARTED ALEVE TENS DEVICE DIRECT THERAPY UNIT. ON AN UNKNOWN DATE, THE PATIENT EXPERIENCED ELECTRIC SHOCK (SERIOUSNESS CRITERION MEDICALLY SIGNIFICANT), MEDICAL DEVICE SITE INJURY (SERIOUSNESS CRITERION MEDICALLY SIGNIFICANT), SCAR (SERIOUSNESS CRITERION MEDICALLY SIGNIFICANT) AND PARAESTHESIA (SERIOUSNESS CRITERION MEDICALLY SIGNIFICANT). THE PATIENT WAS TREATED WITH MICONAZOLE NITRATE (NEOSPORIN AF). ALEVE TENS DEVICE DIRECT THERAPY UNIT WAS WITHDRAWN. AT THE TIME OF THE REPORT, THE ELECTRIC SHOCK AND MEDICAL DEVICE SITE INJURY OUTCOME WAS UNKNOWN, THE SCAR HAD RESOLVED AND THE PARAESTHESIA HAD NOT RESOLVED. THE REPORTER CONSIDERED ELECTRIC SHOCK, MEDICAL DEVICE SITE INJURY, PARAESTHESIA AND SCAR TO BE RELATED TO ALEVE TENS DEVICE DIRECT THERAPY UNIT. THE REPORTER COMMENTED: CONSUMER REPORTED START DATE FOR DEVICE AS OVER THE SUMMER. SHE REPORTED SHE USED THE PRODUCT APPROXIMATELY 3 TIMES A WEEK UNTIL A FEW MONTHS AGO. SHE REPORTED NO CONCOMITANT PRODUCT USE. DIAGNOSTIC RESULTS (NORMAL RANGES ARE PROVIDED IN PARENTHESIS IF AVAILABLE): BODY MASS INDEX WAS (B)(6). MOST RECENT FOLLOW-UP INFORMATION INCORPORATED ABOVE INCLUDES: ON 10-APR-2017: PATIENT DATE OF BIRTH CHANGED FROM (B)(6). THE EVENT RESPONDED WITH AN ELECTRIC SHOCK WAS ADDED. COMPANY CAUSALITY COMMENT: THIS SPONTANEOUS CASE REPORTED BY A CONSUMER DESCRIBED THE OCCURRENCE OF A ALEVE TENS RESPONDED WITH AN ELECTRIC SHOCK, MEDICAL DEVICE SITE INJURY (""CAUSE MY BACK TO BURN""), SCAR (""DID LEAVE BURN MARKS / I HAVE A BROWN STAIN ON BACK FROM BURN"") AND PARAESTHESIA (""I HAVE TINGLING SENSATION ON SKIN WHERE THE BURN MARK USED"") IN A (B)(6) YEAR-OLD FEMALE PATIENT WHO WAS USING ALEVE TENS DEVICE DIRECT THERAPY UNIT TO TREAT DEGENERATIVE DISK PAIN (UNAPPROVED INDICATION). THESE EVENTS ARE SERIOUS DUE TO MEDICAL IMPORTANCE AND UNLISTED IN THE REFERENCE SAFETY INFORMATION FOR ALEVE TENS. MEDICAL EVENTS BURN, BURN MARKS AND PARESTHESIA WERE REPORTED IN ASSOCIATION WITH A DEVICE DEFECTIVE (DEVICE DID NOT RESPOND TO LOWERING OR SHUTTING OFF / I PURCHASED A DEFECTIVE ALEVE TENS UNIT). PATIENT REPORTED THAT DEVICE DID NOT RESPOND TO LOWERING OR SHUTTING OFF AND IT RESPONDED WITH AN ELECTRIC SHOCK. IN THIS CONTEXT, CONSIDERING THE MECHANISM OF ACTION OF DEVICE, COMPATIBLE TEMPORAL RELATIONSHIP AND THE LACK OF ALTERNATIVE EXPLANATION FOR EVENTS, CAUSALITY OF ALEVE TENS CANNOT BE EXCLUDED. FURTHER INFORMATION WILL BE REQUESTED.",TENS (over-the-counter)
6440473,74271245,D,1,,"THE DEVICE INVOLVED WITH THIS EVENT WAS RETURNED TO COMPASS HEALTH BRANDS ON 3/29/2017 AND EVALUATED. THE DEVICE WAS TESTED FOR PRODUCT PERFORMANCE, AND DETERMINED TO FALL WITHIN THE MANUFACTURER SPECIFICATION AS DEFINED IN THE PRODUCT USER MANUAL - THE DEVICE PASSED INSPECTION. THE ELECTRODES WERE DISTORTED, POSSIBLY NOT ALLOWING ACCEPTABLE CONNECTION RETENTION BETWEEN ELECTRODE AND SKIN.",TENS (prescription)
6457545,74372039,D,1,,"THIS SPONTANEOUS CASE WAS REPORTED BY A CONSUMER AND DESCRIBES THE OCCURRENCE OF MEDICAL DEVICE SITE BURN (""CAUSE MY BACK TO BURN""), MEDICAL DEVICE SITE SCAR (""DID LEAVE BURN MARKS / I HAVE A BROWN STAIN ON BACK FROM BURN / BURN CAUSED LARGE MARKINGS"") AND PARAESTHESIA (""I HAVE TINGLING SENSATION ON SKIN WHERE THE BURN MARK USED"") IN A (B)(6) FEMALE PATIENT WHO RECEIVED ALEVE TENS DEVICE DIRECT THERAPY UNIT FOR DEGENERATIVE DISC DISEASE. OTHER PRODUCT OR PRODUCT USE ISSUES IDENTIFIED: DEVICE USE ISSUE ""I USED ALEVE TENS TO TREAT DEGENERATIVE DISK PAIN"", DEVICE DEFECTIVE ""DEVICE DID NOT RESPOND TO LOWERING OR SHUTTING OFF / I PURCHASED A DEFECTIVE ALEVE TENS UNIT"" AND DEVICE STIMULATION ISSUE ""ALEVE TENS RESPONDED WITH AN ELECTRIC SHOCK"" (SERIOUSNESS CRITERION MEDICALLY SIGNIFICANT). THE PATIENT'S CONCURRENT CONDITIONS INCLUDED DEGENERATIVE DISC DISEASE SINCE 2002. ON AN UNKNOWN DATE, THE PATIENT STARTED ALEVE TENS DEVICE DIRECT THERAPY UNIT AT AN UNSPECIFIED DOSE 3 TIMES A WEEK. ON AN UNKNOWN DATE, THE PATIENT EXPERIENCED MEDICAL DEVICE SITE BURN (SERIOUSNESS CRITERION MEDICALLY SIGNIFICANT), MEDICAL DEVICE SITE SCAR (SERIOUSNESS CRITERION MEDICALLY SIGNIFICANT) AND PARAESTHESIA (SERIOUSNESS CRITERION MEDICALLY SIGNIFICANT). THE PATIENT WAS TREATED WITH MICONAZOLE NITRATE (NEOSPORIN AF). ALEVE TENS DEVICE DIRECT THERAPY UNIT WAS WITHDRAWN. AT THE TIME OF THE REPORT, THE MEDICAL DEVICE SITE BURN OUTCOME WAS UNKNOWN, THE MEDICAL DEVICE SITE SCAR HAD RESOLVED AND THE PARAESTHESIA HAD NOT RESOLVED. THE REPORTER CONSIDERED MEDICAL DEVICE SITE BURN, MEDICAL DEVICE SITE SCAR AND PARAESTHESIA TO BE RELATED TO ALEVE TENS DEVICE DIRECT THERAPY UNIT. THE REPORTER COMMENTED: CONSUMER REPORTED START DATE FOR DEVICE AS OVER THE SUMMER. SHE REPORTED SHE USED THE PRODUCT APPROXIMATELY 3 TIMES A WEEK UNTIL A FEW MONTHS AGO. SHE REPORTED NO CONCOMITANT PRODUCT USE. DIAGNOSTIC RESULTS (NORMAL RANGES ARE PROVIDED IN PARENTHESIS IF AVAILABLE): BODY MASS INDEX WAS 27.1 KG/SQM. QUALITY-SAFETY EVALUATION OF PTC: BASED ON THE TECHNICAL INVESTIGATION, BATCH DOCUMENTATION HAS BEEN REVIEWED BY BAYER QUALITY ASSURANCE. ALL DEVIATIONS AND NON-CONFORMANCES HAVE ALSO BEEN REVIEWED BY BAYER QUALITY ASSURANCE TO IDENTIFY POTENTIAL PRODUCT QUALITY CONCERNS, WITH NONE IDENTIFIED FOR THE APPLICABLE LOT. WITHOUT A RETURNED SAMPLE, NO FURTHER INVESTIGATION IS POSSIBLE. THIS ISSUE WILL BE MONITORED AND TRENDED TO POTENTIALLY IDENTIFY NEW FAILURE MODES. THE PTC INVESTIGATION WAS INITIATED AND THE OUTCOME OF THE INVESTIGATION RESULTED IN AN UNCONFIRMED QUALITY DEFECT. THIS COMPLAINT IS SUBJECT TO ROUTINE SIGNALING, TRENDING ACCORDING TO ESTABLISHED PROCEDURES. ANY NEED FOR A CORRECTIVE AND/OR PREVENTIVE ACTION DUE TO THE ADVERSE EVENT IS DETERMINED IN RESPONSE TO THE RESPECTIVE SIGNAL. MOST RECENT FOLLOW-UP INFORMATION INCORPORATED ABOVE INCLUDES: ON 2-MAY-2017: QUALITY-SAFETY EVALUATION OF PTC. COMPANY CAUSALITY COMMENT: THIS SPONTANEOUS CASE REPORTED BY A CONSUMER DESCRIBED THE OCCURRENCE OF A ALEVE TENS RESPONDED WITH AN ELECTRIC SHOCK, MEDICAL DEVICE SITE INJURY (""CAUSE MY BACK TO BURN""), SCAR (""DID LEAVE BURN MARKS / I HAVE A BROWN STAIN ON BACK FROM BURN"") AND PARAESTHESIA (""I HAVE TINGLING SENSATION ON SKIN WHERE THE BURN MARK USED"") IN A (B)(6) FEMALE PATIENT WHO WAS USING ALEVE TENS DEVICE DIRECT THERAPY UNIT TO TREAT DEGENERATIVE DISK PAIN (UNAPPROVED INDICATION). THESE EVENTS ARE SERIOUS DUE TO MEDICAL IMPORTANCE AND UNLISTED IN THE REFERENCE SAFETY INFORMATION FOR ALEVE TENS. MEDICAL EVENTS BURN, BURN MARKS AND PARESTHESIA WERE REPORTED IN ASSOCIATION WITH A DEVICE DEFECTIVE (DEVICE DID NOT RESPOND TO LOWERING OR SHUTTING OFF / I PURCHASED A DEFECTIVE ALEVE TENS UNIT). PATIENT REPORTED THAT DEVICE DID NOT RESPOND TO LOWERING OR SHUTTING OFF AND IT RESPONDED WITH AN ELECTRIC SHOCK. IN THIS CONTEXT, CONSIDERING THE MECHANISM OF ACTION OF DEVICE, COMPATIBLE TEMPORAL RELATIONSHIP AND THE LACK OF ALTERNATIVE EXPLANATION FOR EVENTS, CAUSALITY OF ALEVE TENS CANNOT BE EXCLUDED. FURTHER INFORMATION WILL BE REQUESTED. THE PTC INVESTIGATION WAS INITIATED AND THE OUTCOME OF THE INVESTIGATION RESULTED IN AN UNCONFIRMED QUALITY DEFECT, FINAL RISK CATEGORY V.",TENS (over-the-counter)
6442666,74376462,D,1,,"THE DEVICE INVOLVED WITH THIS EVENT WAS RETURNED TO COMPASS HEALTH BRANDS, AND EVALUATED ON 4/5/2017. COMBINATION TESTING COULD NOT BE COMPLETED DUE TO THE SOUNDHEAD NOT BEING RETURNED WITH THE UNIT; THE UNIT ITSELF WAS TESTED, AND WAS FOUND TO BE IN GOOD, WORKING ORDER. COMPASS HEALTH QUALITY WAS NOT ABLE TO CONFIRM THE CUSTOMER'S INITIAL COMPLAINT DUE TO AN INCOMPLETE RETURN. THE DEVICE WAS TESTED FOR PRODUCT PERFORMANCE, AND DETERMINED TO FALL WITHIN THE MANUFACTURER SPECIFICATION, AS DEFINED IN THE PRODUCT USER MANUAL.",TENS (prescription)
6440647,74376488,D,1,,"THE DEVICE INVOLVED WITH THIS EVENT WAS RETURNED TO COMPASS HEALTH BRANDS, AND EVALUATED ON 4/4/2017. COMPASS HEALTH QUALITY WAS UNABLE TO CONFIRM THE CUSTOMER'S INITIAL COMPLAINT. THE RETURNED DEVICE WAS TESTED FOR PRODUCT PERFORMANCE, AND DETERMINED TO FALL WITHIN THE MANUFACTURER SPECIFICATION, AS DEFINED IN THE PRODUCT USER MANUAL.",TENS (prescription)
6440604,74381044,D,1,,"THE DEVICE WAS RETURNED TO COMPASS HEALTH BRANDS AND EVALUATED ON 4/4/2017. THE CUSTOMER'S COMPLAINT WAS UNABLE TO BE CONFIRMED; THE DEVICE WAS TESTED FOR PRODUCT PERFORMANCE, AND DETERMINED TO FALL WITHIN THE MANUFACTURER SPECIFICATIONS, AS DEFINED IN THE PRODUCT USER MANUAL.",TENS (prescription)
6550912,74590340,N,1,,"ELECTRODE PAD, LOT NUMBER: B-16-09-12, EXP: 05/31/2019. SERIAL NUMBER: (B)(4).",TENS (over-the-counter)
6550912,74590341,D,1,,"THIS UNSOLICITED CASE FROM UNITED STATES WAS RECEIVED ON (B)(6)-2017 FROM THE CONSUMER. THIS CASE INVOLVES A FEMALE PATIENT OF UNSPECIFIED AGE WHOSE PIECE OF SKIN CAME OFF AND HAD STINGING BURNING SENSATION AFTER STARTING SMART RELIEF TENS THERAPY (ICY HOT SMART RELIEF TENS THERAPY BACK PAIN THERAPY) THE PATIENT HAD BACK SURGERY ON L4, L5 AND S1 (LOWER REGION HALF WAY OVER BY HER HIP) IN 1992 AND AGAIN IN 2001 PRIOR TO USE OF THE DEVICE. NO CONCOMITANT MEDICATIONS, PAST DRUGS AND CONCURRENT CONDITIONS WERE REPORTED. ON (B)(6) 2017, THE PATIENT COMMENCED TREATMENT WITH SMART RELIEF TENS THERAPY (LOT/BATCH NUMBER: 178105 AND EXPIRY DATE: 31-MAY-2019 AND FREQUENCY NOT REPORTED) FOR BACK PAIN. ELECTRODE PAD LOT NUMBER: B-16-09-12 EXPIRY DATE: 31-MAY-2019, SERIAL NUMBER: (B)(4). THE PATIENT BOUGHT IT AND SHE USED IT WHEN SHE GOT HOME LAST NIGHT BETWEEN 2:30 AM AND 3:00 AM. THE REPORTER USED THE DEVICE IN A ROLLING DESK CHAIR. THE REPORTER TOUCHED THE DEVICE AND COULD FEEL THE SENSATION. WHEN THE PATIENT WENT TO REMOVE THE ELECTRODE PAD, SHE NOTICED A BURNING SENSATION. SHE ALSO NOTICED A STINGING BURNING SENSATION (LATENCY: SAME DAY) AFTER TAKING THE DEVICE OFF. A PIECE OF HER SKIN CAME OFF (LATENCY: SAME DAY) DESCRIBED AS CLOSER TO THE SIZE OF A DIME. SHE HAD CHECKED THE ELECTRODE PAD AND WAS UNABLE TO LOCATE THE PIECE OF SKIN. THE REPORTER PROVIDED THE DEVICE WAS PLACED ABOVE HER BUTT CHECK HALFWAY ACROSS THE SPINE TO THE HIP ON THE RIGHT SIDE, ABOUT WHERE THE WAISTLINE WAS FOR JEANS. IT WAS VERIFIED THAT THE DEVICE WAS NOT PLACED OVER THE SPINE. ACTION TAKEN: UNKNOWN. CORRECTIVE TREATMENT: NOT REPORTED. OUTCOME: UNKNOWN FOR BOTH EVENTS. SERIOUSNESS CRITERIA: IMPORTANT MEDICAL EVENT FOR BOTH EVENTS.",TENS (over-the-counter)
6562292,74987766,D,1,,"THREE PEOPLE WERE BURNED WHILE USING THE ELECTROTHERAPY DEVICE - THIS REPORT IS BASED ON ONE OF THE THREE REPORTED-BURNED PATIENTS. THE DOCTOR IS REPORTED AS USING POOR ELECTRODES, AND OTHER DEVICES HE HAS RETURNED HAVE BEEN IN POOR CONDITION. WHEN COMPASS HEALTH BRANDS WAS ABLE TO SPEAK WITH THE DOCTOR, THE DOCTOR HAD MENTIONED THAT EACH PATIENT WAS BURNED WITH THE SAME BRAND OF ELECTRODE. THIS PATIENT'S BURNS SHOWED UP ON HIS SKIN IMMEDIATELY, AND LASTED FOR ONE MONTH. THE DEVICE WAS RETURNED TO COMPASS HEALTH BRANDS AND EVALUATED ON 5/9/2017. THE CUSTOMER'S COMPLAINT COULD NOT BE DUPLICATED. THE DEVICE WAS TESTED FOR PRODUCT PERFORMANCE, AND DETERMINED TO FALL WITHIN THE MANUFACTURER'S SPECIFICATIONS, AS DEFINED IN THE PRODUCT USER MANUAL.",TENS (prescription)
6563110,75035664,D,1,,"THREE PEOPLE WERE BURNED WHILE USING THE ELECTROTHERAPY DEVICE - THIS REPORT IS BASED ON ONE OF THE THREE REPORTED-BURNED PATIENTS. THE DOCTOR IS REPORTED AS USING POOR ELECTRODES, AND OTHER DEVICES HE HAS RETURNED HAVE BEEN IN POOR CONDITION. WHEN COMPASS HEALTH BRANDS WAS ABLE TO SPEAK WITH THE DOCTOR, THE DOCTOR HAD MENTIONED THAT EACH PATIENT WAS BURNED WITH THE SAME BRAND OF ELECTRODE. THIS PATIENT'S BURNS SHOWED UP ON HER SKIN IMMEDIATELY, AND LASTED FOR ONE MONTH. THE DEVICE WAS RETURNED TO COMPASS HEALTH BRANDS AND EVALUATED ON 5/9/2017. THE CUSTOMER'S COMPLAINT COULD NOT BE DUPLICATED. THE DEVICE WAS TESTED FOR PRODUCT PERFORMANCE, AND DETERMINED TO FALL WITHIN THE MANUFACTURER'S SPECIFICATIONS, AS DEFINED IN THE PRODUCT USER MANUAL.",TENS (prescription)
6563171,75039935,D,1,,"THREE PEOPLE WERE BURNED WHILE USING THE ELECTROTHERAPY DEVICE - THIS REPORT IS BASED ON ONE OF THE THREE REPORTED-BURNED PATIENTS. THE DOCTOR IS REPORTED AS USING POOR ELECTRODES, AND OTHER DEVICES HE HAS RETURNED HAVE BEEN IN POOR CONDITION. WHEN COMPASS HEALTH BRANDS WAS ABLE TO SPEAK WITH THE DOCTOR, THE DOCTOR HAD MENTIONED THAT EACH PATIENT WAS BURNED WITH THE SAME BRAND OF ELECTRODE. THIS PATIENT'S BURNS SHOWED UP ON HIS SKIN IMMEDIATELY, AND LASTED FOR THREE WEEKS. THE DEVICE WAS RETURNED TO COMPASS HEALTH BRANDS AND EVALUATED ON 5/12/2017. THE CUSTOMER'S COMPLAINT COULD NOT BE DUPLICATED. THE DEVICE WAS TESTED FOR PRODUCT PERFORMANCE, AND DETERMINED TO FALL WITHIN THE MANUFACTURER'S SPECIFICATIONS, AS DEFINED IN THE PRODUCT USER MANUAL.",TENS (prescription)
6563224,75044000,D,1,,"THE END-USER WAS SHOCKED WHILE TURNING THE INTENSITY DOWN ON THIS DEVICE. ""I HAVE A DIGITAL...TENS...UNIT THAT I RECEIVED FROM MY CHIROPRACTOR THROUGH INSURANCE. LAST NIGHT, I WAS USING IT, AND IT MALFUNCTIONED, AND NEARLY COST ME MY LIFE. AS I WAS TURNING IT OFF, THE POWER WOULD NOT WORK, SO I WAS USING THE DOWN ARROW BUTTONS, AND WHILE I WAS DOING THAT, THE ONE ON MY NECK WENT FROM A 4 TO A 20, AND CAUSED THE LEFT SIDE OF MY BODY TO SEIZE UP BADLY. I WAS TRYING TO LEAVE MY ROOM TO GET HELP, AND MY FEET WOULDN'T MOVE ANYMORE. MY ARMS GOT CURLED UP TO MY CHEST, AND MY HANDS IN A FIST, AND I COULDN'T MOVE OR MOVE MY JAW. I YELLED FOR HELP AS BEST I COULD, AND MY HUSBAND RAN IN AND UNPLUGGED IT FOR ME. HAD HE NOT COME IN, I FEAR THE WORST WOULD HAVE HAPPENED. I AM NOT COMFORTABLE USING THIS ONE ANYMORE, AND WOULD LIKE TO KNOW IF I CAN BE SENT A DIFFERENT ONE. I HAVE USED IT A LOT OVER THE LAST 2-3 YEARS, AND HAVE BENEFITED GREATLY FROM IT, BUT NOT WILLING TO RISK USING THIS PARTICULAR ONE AGAIN."" THE END-USER TOLD COMPASS HEALTH BRANDS' CUSTOMER SERVICE DEPARTMENT THAT SHE ATTEMPTED TO PRESS THE BLUE POWER BUTTON TO SHUT THE DEVICE OFF, AND IT WOULD NOT WORK, SO SHE LOWERED THE LEFT CHANNEL DOWN TO ZERO, THEN BEGAN TO LOWER THE RIGHT CHANNEL DOWN. IT WAS AT THE NUMBER 4 WHEN IT INCREASED TO 20, SHOCKING HER. SHE STATED THAT SHE COULD NOT MOVE DURING, AND WAS GAGGING AND CRYING FOR NEARLY AN HOUR AFTERWARDS. THE END-USER IS REPORTED AS HAVING NOT CHECKED FOR ANY BURN MARKINGS, AND SHE IS REPORTED AS BEING UNAWARE OF ANY. NO MEDICAL ATTENTION OR TREATMENT WAS RECEIVED FOR THIS EVENT. THE DEVICE INVOLVED WITH THIS EVENT WAS RETURNED TO AND EVALUATED BY COMPASS HEALTH BRANDS ON 5/8/2017. THE CUSTOMER'S COMPLAINT WAS UNABLE TO BE DUPLICATED, AS THE DEVICE WAS TESTED FOR PRODUCT PERFORMANCE, AND DETERMINED TO FALL WITHIN THE MANUFACTURER'S SPECIFICATIONS, AS DEFINED IN THE PRODUCT USER MANUAL.",TENS (prescription)
6575409,75460767,D,1,,"THE END-USER STATES THAT SHE WAS BURNED BY A TENS UNIT. ""THIS PATIENT IS DIFFERENT IN THAT SHE DOES NOT TELL THE FULL TRUTH TO HER CONTACTS AT (THE DISTRIBUTOR). THIS LOCATION (DISTRIBUTOR) CONSIDERS HER A ""COMPLEX"" PATIENT, AND ONLY ALLOWS TWO CUSTOMER SERVICE REPRESENTATIVES TO WORK WITH HER ONLY, AS SHE DOES TELL A LOT OF STORIES, AND THINGS GET CONFUSING...THIS WEEK ALONE, SHE HAS ADVISED THEM HER NEURO PAIN MEDICAL DOCTOR WANTS HER TO HAVE A BETTER TENS UNIT. SHE TOLD THEM SHE HAD BEEN TO A CLINIC - THESE CSR'S HAVE ACCESS TO THAT HEALTH INFORMATION, AND FOUND THAT SHE HAD NOT BEEN THERE SINCE (B)(6), AND THERE WAS NO INFORMATION STATING ANYTHING ABOUT A NEW DEVICE."" IT SEEMS THAT BECAUSE THEY DID NOT REACT FAST ENOUGH, SHE STATED SHE HAS BURNS ON HER LOW BACK FROM THE DEVICE. SHE STATES SHE HAS TRIED MULTIPLE ELECTRODES, YET THEY ONLY PROVIDE HER WITH TWO DIFFERENT KIND OF ELECTRODES. SHE TOLD THEM TODAY THE ELECTRODES SHE HAS ON NOW HAVE BEEN ON HER BACK FOR 3 DAYS ""ONLY,"" AND SHE ALREADY HAS BURNS FROM THEM. SHE CALLED IN ON (B)(6) 2017, AND SPOKE TO ANOTHER CSR (AT THE DISTRIBUTOR), AND TOLD HER SHE WEARS HER ELECTRODES 24/7 (COMPASS HEALTH BRANDS HAD INTERVIEWED THE USER BACK IN (B)(6) 2016 FROM A PREVIOUS PRODUCT MALFUNCTION COMPLAINT, AND THE USER STATED THAT SHE KEEPS THE SAME ELECTRODES FOR 7-11 DAYS FULL-TIME). THE USER WAS ADVISED THAT THIS WAS ASKING TOO MUCH FROM THE ELECTRODES, AND THIS CERTAINLY COULD HAVE CAUSED A PART IN THE BURNS SHE RECEIVED AT THAT TIME. SHE STATES THE DEVICE IS NOT STRONG ENOUGH (THE USER WAS ADVISED THAT THESE ARE CLASS II MEDICAL DEVICES REQUIRING A PRESCRIPTION FROM HER DOCTOR). SHE RECEIVED TWO SETS OF ELECTRODES ON (B)(6) ALONG WITH A SET OF REPLACEMENT LEAD WIRES. THE DISTRIBUTOR HAD BEEN TRYING TO REPLACE THE USER'S TENS UNIT, BUT STRUGGLED GETTING THE USER BACK IN, EVEN FOR DOCUMENTATION OF THE BURNS. A DISTRIBUTOR'S CSR SPOKE WITH THE USER ON (B)(6) 2017, WHO WANTED TO SEND A FRIEND IN TO PICK UP (SWAP OUT) THE NEW TENS UNIT. THE CSR TOLD THE USER THAT SHE NEEDED TO SEE HER TO DOCUMENT HER BURNS. THE PATIENT STATED, ""YES, WELL, THE BURNS ARE NOT REALLY BURNS,"" BUT THAT SHE WOULD BE IN TOMORROW FOR THE NEW DEVICE. SHE TOLD THE CSR THAT SHE WOULD HAVE TO ""FIND THE DEVICE,"" AS SHE PUT IT IN A BAG AND TOOK IT TO A DOCTOR'S APPOINTMENT, AND NOW CANNOT FIND THE BAG. THE CSR THEN SPOKE WITH THE USER'S DOCTOR'S OFFICE - THEY HAD NO NOTES REGARDING THAT THEY WANTED THE USER TO HAVE A NEW TENS UNIT BECAUSE OF THE BURNS ON HER BACK. IN FACT, THEY WERE NOT AWARE THE PATIENT HAD ANY BURNS. ON (B)(6) 2017, THE USER WENT BACK TO THE DISTRIBUTOR AND ALLOWED THEM TO TAKE PICTURES OF HER BURNS, AS WELL AS RECEIVED A NEW DEVICE. THE DEVICE INVOLVED WITH THIS EVENT WAS RETURNED TO COMPASS HEALTH BRANDS ON 5/8/2017, AND EVALUATED ON 5/9/2017. COMPASS HEALTH BRANDS WAS UNABLE TO CONFIRM THE CUSTOMER'S COMPLAINT. NO ELECTRODES WERE RETURNED WITH THE DEVICE, AND IT COULD NOT BE TESTED ACCORDINGLY. THE DEVICE WAS TESTED FOR PRODUCT PERFORMANCE, AND DETERMINED TO FALL WITHIN THE MANUFACTURER'S SPECIFICATIONS, AS DEFINED IN THE PRODUCT'S USER MANUAL.",TENS (prescription)
6550912,75518210,N,1,,ELECTRODE PAD LOT NUMBER: B-16-09-12; EXP: 05/31/2019. SERIAL NUMBER: (B)(4).,TENS (over-the-counter)
6550912,75518211,D,1,,"THIS UNSOLICITED CASE FROM UNITED STATES WAS RECEIVED ON (B)(6) 2017 FROM THE CONSUMER. THIS CASE INVOLVES A FEMALE PATIENT OF UNSPECIFIED AGE WHOSE PIECE OF SKIN CAME OFF AND HAD STINGING BURNING SENSATION AFTER STARTING SMART RELIEF TENS THERAPY (ICY HOT SMART RELIEF TENS THERAPY BACK PAIN THERAPY). THE PATIENT HAD BACK SURGERY ON L4, L5 AND S1 (LOWER REGION HALF WAY OVER BY HER HIP) IN 1992 AND AGAIN IN 2001 PRIOR TO USE OF THE DEVICE. NO CONCOMITANT MEDICATIONS, PAST DRUGS AND CONCURRENT CONDITIONS WERE REPORTED. ON (B)(6) 2017, THE PATIENT COMMENCED TREATMENT WITH SMART RELIEF TENS THERAPY (LOT/BATCH NUMBER: 178105 AND EXPIRY DATE: 31-MAY-2019 AND FREQUENCY NOT REPORTED) FOR BACK PAIN. ELECTRODE PAD LOT NUMBER: B-16-09-12 EXPIRY DATE: 31-MAY-2019, SERIAL NUMBER: (B)(4). THE PATIENT BOUGHT IT AND SHE USED IT WHEN SHE GOT HOME LAST NIGHT BETWEEN 2:30 AM AND 3:00 AM. THE REPORTER USED THE DEVICE IN A ROLLING DESK CHAIR. THE REPORTER TOUCHED THE DEVICE AND COULD FEEL THE SENSATION. WHEN THE PATIENT WENT TO REMOVE THE ELECTRODE PAD, SHE NOTICED A BURNING SENSATION. SHE ALSO NOTICED A STINGING BURNING SENSATION (LATENCY: SAME DAY) AFTER TAKING THE DEVICE OFF. A PIECE OF HER SKIN CAME OFF (LATENCY: SAME DAY) DESCRIBED AS CLOSER TO THE SIZE OF A DIME. SHE HAD CHECKED THE ELECTRODE PAD AND WAS UNABLE TO LOCATE THE PIECE OF SKIN. THE REPORTER PROVIDED THE DEVICE WAS PLACED ABOVE HER BUTT CHEEK HALFWAY ACROSS THE SPINE TO THE HIP ON THE RIGHT SIDE, ABOUT WHERE THE WAISTLINE WAS FOR JEANS. IT WAS VERIFIED THAT THE DEVICE WAS NOT PLACED OVER THE SPINE. ACTION TAKEN: UNKNOWN. CORRECTIVE TREATMENT: NOT REPORTED. OUTCOME: UNKNOWN FOR BOTH EVENTS. QA REVIEW FINDINGS: ALL RETAINS ARE EXAMINED FOR CORRECT PACKAGING, SEAL, MISSING COMPONENTS, WORKING CONTROL UNIT, LEGIBILITY OF LOT NUMBERS /EXPIRATION DATE, CORRECT LABEL AND FOREIGN MATTER. NO ANOMALIES WERE FOUND THAT COULD CONTRIBUTE TO THIS COMPLAINT. THE DEVICE MAY BE RETURNED TO IDENTIFY THE ROOT CAUSE OF THE ISSUES. SERIOUSNESS CRITERIA: IMPORTANT MEDICAL EVENT FOR BOTH EVENTS. ADDITIONAL INFORMATION WAS RECEIVED FROM QUALITY DEPARTMENT ON 09-MAY-2017: QA REVIEW FINDINGS ADDED. TEXT UPDATED ACCORDINGLY. PHARMACOVIGILANCE COMMENT: SANOFI COMPANY COMMENT DATED 15-05-2017: THIS CASE CONCERNS A FEMALE PATIENT WHO EXPERIENCED EXFOLIATION AT APPLICATION SITE WHILST BEING ON THE DEVICE SMART RELIEF TENS THERAPY. THE CAUSAL ROLE OF SUSPECT DEVICE CANNOT BE RULED OUT , HOWEVER, THIS CASE LACKS INFORMATION REGARDING THE CONDITION OF THE SKIN AT THE CONTACT AREA PRIOR TO APPLYING THE DEVICE IF WET, DRY OR OPEN WOUNDS AND FURTHERMORE THE PICTURES OF THE BURN AREA WHICH ARE YET NOT AVAILABLE WOULD PROVIDE THE COMPREHENSIVE ASSESSMENT OF THE CASE.",TENS (over-the-counter)
6585029,75863557,D,1,,"I WAS ADMITTED TO AN OUTPATIENT CENTER AT 6 AM FOR THE INSERTION OF A NERVO DORSAL SPINE STIMULATOR. A 4 DAY TRIAL HAD BEEN DONE ABOUT 6 WEEKS EARLIER. I HAVE HAD CHRONIC PAIN IN MY LOWER BACK FOR 30 YEARS. FOUR SPINAL FUSIONS WERE PERFORMED IN 1993, 2003, 2009, 2015. I'M FUSED FROM L1-S1. I HAVE HAD HOURS AND HOURS OF PT, SPINAL INJECTIONS, HEAT, COLD, 8 YEARS OF NARCOTICS, ALONG WITH OTHER MEDS. TWO YEARS AGO I STOPPED TAKING THE NARCOTICS IN HOPES OF FINDING A BETTER WAY OF CONTROLLING PAIN. I WENT THROUGH MONTHS OF TRIALS OF ALL THE PRE-MENTIONED TREATMENTS TO MAKE (B)(6) HAPPY. THE TRIAL WITH THE STIMULATOR WAS A SPIRIT LIFTING EVENT. I WAS PAIN FREE FOR THE 4 DAYS IT WAS IN PLACE. MY PRIMARY DIAGNOSIS CAUSING THE SPINAL ISSUES IS EROSIVE ARTHRITIS. I RECALL X-RAYS TAKEN DURING MY 20'S SHOWED ARTHRITIC CHANGES. THE VERTEBRA SLIPPED FORWARD. AFTER EACH SURGERY THE NEXT VERTEBRA WOULD SLIP CAUSING PRESSURE AND STENOSIS. I HAD DECIDED AGAINST ANY MORE SURGERY. ON (B)(6) I WAS EXCITED TO HAVE THE PROCEDURE DONE. WE EXPECTED TO BE HOME BY NOON. I WOKE 5 DAYS LATER IN AN ICU OF THE CLOSEST HOSPITAL. I COULD NOT RECALL ANYTHING THAT HAD HAPPENED ENTERING THE OPERATING ROOM. I REALIZED I WAS PARALYZED FROM MID-CHEST DOWN AFTER I WOKE. ORIGINALLY I THOUGHT I MUST HAVE BEEN IN A CAR ACCIDENT. TWO DAYS AFTER I WOKE MY HUSBAND ASKED ME IF I REMEMBERED HAVING THE PROCEDURE DONE. I ASKED HIM WHAT PROCEDURE. HE'D BEEN TOLD BY ONE OF THE DOCTORS WHEN THE ""PADDLE"" FOR SPINAL CONTACT FOR THE STIMULATOR WAS APPLIED I STARTED SCREAMING, BECAME VERY AGITATED AND COMBATIVE. THE EMG THAT WAS BEING MAINTAINED TO MONITOR IMPULSES FROM MY BRAIN TO MY FEET WAS LOST, RESULTING IN THE PARALYSIS/PARESIS. I WAS TOLD THIS WOULD HAVE BEEN EXTREMELY PAINFUL. THANK GOODNESS I DON'T REMEMBER ANY OF IT. THE SURGEON DIDN'T KNOW WHAT HAD CAUSED THIS. I WAS GIVEN LOTS OF DILAUDID INITIALLY THEN PUT ON A MORPHINE DRIP ALONG WITH HIGH DOSE STEROIDS. WHEN TRANSFERRED TO ICU I WAS ON A STEROID DRIP. WITH 4 DOCTORS WORKING TOGETHER ON A SUNDAY A DIAGNOSIS OF A SPINAL INFARCT WAS DECIDED. AFTER 3 WEEKS IN REHAB I WAS CONSIDERED SAFE TO GO HOME. I'M IN A WHEELCHAIR. I HAVE REGAINED MOVEMENT IN MY RIGHT LEG IN ALL ROM. IT REMAINS SLIGHTLY WEAK. THE LEFT LEG HAS JUST A FLICKER OF MOVEMENT IN THE KNEE, SOMEWHAT STRONGER IN THE HIP I HAVE NOT REGAINED CONTROL OF MY BLADDER. I HAVE CONTROL OF MY BOWELS. WE DRIVE BACK TO (B)(6) 3 DAYS A WEEK FOR PT, OT. A LONG LEG BRACE IS IN FOR THE LEFT LEG AND A SHORT LEG BRACE FOR THE RIGHT. IT SEEMS (B)(6) HAS DENIED THE ORIGINAL REQUEST FOR PRIOR APPROVAL. WE ARE WORKING ON AN APPEAL NOW. I WAS TOLD BY A NEUROLOGIST THAT HE WAS UNABLE TO FIND ANY LITERATURE ON SPINAL INFARCTS FROM THIS PROCEDURE. SINCE THE INCIDENT WAS SO TRAUMATIC TO ME AND WILL PROBABLY CONTINUE FOR THE REST OF MY LIFE I THOUGHT IT WAS A REPORTABLE EVENT.",TENS (prescription)
6420804,75938462,D,1,,"THE DEVICE INVOLVED WITH THIS EVENT WAS RETURNED TO COMPASS HEALTH BRANDS ON 4/18/2017 AND EVALUATED ON 4/19/2017. THE CUSTOMER'S COMPLAINT COULD NOT BE DUPLICATED. THE DEVICE WAS TESTING, AND WAS FOUND TO RUN WITHIN SPECIFICATION RANGE ON ALL MODES.",TENS (prescription)
6595500,76129496,D,1,,"THE END-USER STATES THAT SHE WAS SHOCKED WHILE USING A TENS UNIT. SHE STATES SHE HAD USED IT FOR ABOUT TWO MONTHS WITHOUT ANY PROBLEM. THIS WAS THE FINAL TIME SHE HAD USED THE DEVICE WITH THE AC ADAPTER - AS SHE WAS INCREASING THE INTENSITY FROM 1 MA TO 2 MA, SHE RECEIVED A SHOCK. THE END-USER WAS DISTRESSED ENOUGH THAT SHE LEFT WORK AND WENT HOME. SHE SAID SHE HAD A DOCTOR'S APPOINTMENT PREVIOUSLY SET FOR THE NEXT DAY, AND SHE DID DISCUSS THE INCIDENT WITH HER DOCTOR, AS SHE WAS WORRIED ABOUT LONG-TERM DAMAGE. THE DOCTOR ADVISED HER HE DID NOT THINK THAT WAS POSSIBLE. SHE STATED SHE HAD A SIGNIFICANT INCREASE IN PAIN FOR APPROXIMATELY ONE WEEK AFTER THE INCIDENT. THE END-USER ALSO STATED THAT SHE HAD NO CONTROL DURING THE SHOCK. SHE COULD NOT MOVE HER OTHER ARM TO DISENGAGE THE DEVICE. SHE YANKED THE LEAD WIRES OUT OF THE DEVICE. SHE STATED SHE WAS LEFT WITH NO ENERGY, AND WAS LITERALLY ON HER KNEES ON THE FLOOR. THE END-USER DID NOT RECEIVE ANY BURNS.",TENS (prescription)
6604533,76500548,D,1,,"I PURCHASED A QUELL DEVICE AND TRIED IT FOR 2 DAYS. I HAVE FIBROMYALGIA AND WAS LOOKING FOR A NON-DRUG SOLUTION TO THE PAIN. AFTER TWO DAYS OF USE, I WENT INTO A-FIB TWICE OVER A THREE DAY PERIOD, THE LONGEST EVENT LASTING OVER 14 HOURS. AFTER MULTIPLE COMMUNICATIONS WITH THE COMPANY HELP DESK, THEY FINALLY ADMITTED THAT A-FIB IS A POTENTIAL RESULT FROM USING THE DEVICE. I HAVE BEEN UNABLE TO FIND ANY PROACTIVE WARNINGS THAT THIS IS A POTENTIAL. HOW MANY OF THEIR CUSTOMERS HAVE ENDED UP GOING INTO AFIB? OR WORSE, HOW MANY GO INTO A-FIB AND DON'T REALIZE IT BECAUSE THEY ARE NOT CHECKING?",TENS (over-the-counter)
6609644,76742167,N,1,,"THE CUSTOMER RECEIVED A REPLACEMENT TOOL (ATTACHMENT) ON 5/4/2017 BUT FOR OVER THREE WEEKS DID NOT SEND BACK TO BTE THE TOOL INVOLVED IN THE INCIDENT. THE TOOL WAS RECEIVED AT BTE ON 5/26/2017 LEAVING BTE INSUFFICIENT TIME TO COMPLETE THE INVESTIGATION BEFORE 6/2/2017 - THIRTY DAYS FROM THE INCIDENT DATE. THE REPORTED ISSUE ONLY AFFECTS ONE ATTACHMENT, TOOL 802, AND ONLY THIS ATTACHMENT HAD TO BE RETURNED TO BTE. THE SIMULATOR SYSTEM PERFORMANCE IS NOT AFFECTED. INSUFFICIENT TIME TO COMPLETE EVALUATION.",Powered exercise equipment (incl. CPM)
6609644,76742168,D,1,,"PATIENT WAS USING THE TOOL 802 ATTACHED TO THE SIMULATOR WORKHEAD WHEN THE END HANDLE BROKE FROM TOOL, CAUSING HER ARM TO SLIP IN WHICH SHE THEN CUT HER FOREARM. THE PATIENT WAS TAKEN TO THE DOCTOR'S OFFICE. THE WOUND WAS CLEANED AND STERI-STRIPS WERE APPLIED. THE PATIENT RECEIVED A TETANUS SHOT AND AN X-RAY WAS TAKEN TO ENSURE NO METAL FRAGMENTS WERE LEFT IN HER ARM. THE PATIENT THEN RETURNED TO CLINIC TO COMPLETE FUNCTIONAL CAPACITY EVALUATION (FCE) AS SHE STATED SHE FELT WELL ENOUGH AND WANTED TO COMPLETE THE TESTING.",Powered exercise equipment (incl. CPM)
6630314,77276282,D,1,,"THE END-USER RECEIVED A ""BIG ZAP"" WHILE THIS DEVICE WAS BEING TESTED ON HIM FOR HOME USE - A PHYSICAL THERAPIST WAS INSTRUCTING THE END-USER HOW TO USE THE DEVICE & THE END-USER WAS OPERATING THE DEVICE AT THE TIME THE EVENT HAD OCCURRED. THE THERAPIST WALKED AWAY, AND THE UNIT ZAPPED THE END-USER AFTER ABOUT 2 MINUTES OF TREATMENT ON THE ""LEFT TRAP UPPER SHOULDER AREA."" THE DISTRIBUTOR FOUND OUT ON 5/16/2017 THAT THE END-USER HAS BEEN IN AND OUT OF THE ER A FEW TIMES RELATED TO PAIN IN THE UPPER BODY AND HEAD, AS WELL AS RADIENT PAIN DOWN HIS ARM. THERE WAS NO REDNESS OR BURNING REPORTED ON THE CUSTOMER FROM THIS EVENT. SEE ""(B)(4)"" (3500A SUBMISSION NAME) - THE END-USER DECIDED HE WAS NOT 100% SURE WHICH DEVICE HAD CAUSED THE ELECTRICAL SHOCK, SO TWO DEVICES (DI1010 S# (B)(4) ARE BEING BROUGHT BACK TO (B)(4) FOR FURTHER INSPECTION. THE END-USER IS 95% SURE THAT THE DEVICE INVOLVED WITH (B)(4) IS THE DEVICE HE WAS USING WHEN HE RECEIVED THE SHOCK (S# (B)(4)). DI1010 WITH THE S# OF (B)(4) WAS RETURNED TO AND EVALUATED BY (B)(4) ON 6/7/2017 - THE CUSTOMER'S COMPLAINT COULD NOT BE DUPLICATED FROM A REVIEW OF THIS RETURNED DEVICE. NO ELECTRODES WERE RETURNED WITH THIS DEVICE, AND COULD NOT BE TESTED. THE DEVICE ITSELF WAS TESTED FOR PRODUCT PERFORMANCE, AND DETERMINED TO FALL WITHIN THE MANUFACTURER'S SPECIFICATIONS, AS DEFINED IN THE PRODUCT'S USER MANUAL.",TENS (prescription)
6629035,77280500,D,1,,"INITIAL INFORMATION REGARDING THIS UNSOLICITED CASE FROM UNITED STATES WAS RECEIVED FROM THE PATIENT ON (B)(6) 2017. THIS CASE INVOLVES FEMALE PATIENT OF UNKNOWN AGE, WHO EXPERIENCED ATRIAL FIBRILLATION, AFTER STARTING TREATMENT WITH SMART RELIEF TENS THERAPY (ICY HOT SMART RELIEF TENS THERAPY). MEDICAL HISTORY INCLUDED: ATRIAL FIBRILLATION. PAST DRUGS AND CONCOMITANT MEDICATIONS WERE NOT REPORTED. ON AN UNKNOWN DATE, THE PATIENT STARTED THERAPY WITH SMART RELIEF TENS THERAPY AT AN UNSPECIFIED FREQUENCY (LOT/BATCH NUMBER AND EXPIRY DATE: UNKNOWN) FOR BACK PAIN. THE PATIENT STATED SHE HAD A FIB (ATRIAL FIBRILLATION), AND HAD IT BEFORE USING THE SMART RELIEF. SHE STATED SHE HAD A QUICK BOUT OF A-FIB (ONSET DATE: UNKNOWN) ABOUT 40 MINUTES AFTER USING THE TENS, BUT SHE SAID IT WAS NORMAL FOR HER TO GET IT SPORADICALLY. SHE WANTED TO BE SURE IT WAS NOT CAUSED BY THE SMART RELIEF. ACTION TAKEN: UNKNOWN CORRECTIVE TREATMENT: NOT REPORTED OUTCOME: UNKNOWN SERIOUSNESS CRITERIA: IMPORTANT MEDICAL EVENT PHARMACOVIGILANCE COMMENT: SANOFI COMPANY COMMENT DATED (B)(6) 2017: THIS CASE CONCERNS A FEMALE PATIENT OF UNKNOWN AGE WHO EXPERIENCED ATRIAL FIBRILLATION AFTER THE USE OF THE DEVICE; SMART RELIEF TENS THERAPY USED FOR BACK PAIN. THE CAUSAL ROLE OF SUSPECT DEVICE CANNOT BE DENIED FOR THE REPORTED EVENT; HOWEVER THIS CASE LACKS INFORMATION REGARDING THE CONDITION OF THE SKIN AT THE CONTACT AREA PRIOR TO APPLYING THE DEVICE LEADS (E.G., WET, DRY, OPEN WOUNDS) AND PATIENT'S MEDICAL HISTORY OF ATRIAL FIBRILLATION FOR UNKNOWN DURATION IS A CONFOUNDER FOR THE EVENT.",TENS (over-the-counter)
6630243,77301913,D,1,,"THE END-USER RECEIVED A ""BIG ZAP"" WHILE THIS DEVICE WAS BEING TESTED ON HIM FOR HOME USE - A PHYSICAL THERAPIST WAS INSTRUCTING THE END-USER HOW TO USE THE DEVICE & THE END-USER WAS OPERATING THE DEVICE AT THE TIME THE EVENT HAD OCCURRED. THE THERAPIST WALKED AWAY, AND THE UNIT ZAPPED THE END-USER AFTER ABOUT 2 MINUTES OF TREATMENT ON THE ""LEFT TRAP UPPER SHOULDER AREA."" THE DISTRIBUTOR FOUND OUT ON(B)(6) 2017 THAT THE END-USER HAS BEEN IN AND OUT OF THE ER A FEW TIMES RELATED TO PAIN IN THE UPPER BODY AND HEAD, AS WELL AS RADIENT PAIN DOWN HIS ARM. THERE WAS NO REDNESS OR BURNING REPORTED ON THE CUSTOMER FROM THIS EVENT. SEE ""74187"" (3500A SUBMISSION NAME) - THE END-USER DECIDED HE WAS NOT 100% SURE WHICH DEVICE HAD CAUSED THE ELECTRICAL SHOCK, SO TWO DEVICES (DI1010 S# (B)(4) & (B)(4) ARE BEING BROUGHT BACK TO COMPASS HEALTH BRANDS FOR FURTHER INSPECTION. THE END-USER IS 95% SURE THAT THE DEVICE INVOLVED WITH THIS CASE (3500A SUBMISSION NAME ""74095"") IS THE DEVICE HE WAS USING WHEN HE RECEIVED THE SHOCK (S# (B)(4)).",TENS (prescription)
6635587,77419172,N,0,,"EXEMPTION NUMBER: E2013031. (B)(4). CONSUMER WAS ADVISED TO STOP USING THE UNIT. A POSTAGE PAID LABEL WAS SENT TO RETRIEVE THE UNIT FOR FURTHER INVESTIGATION AND VERBAL REQUEST FOR UNIT RETURN WAS MADE. THE U.S IMPORTER IS REQUESTING MANUFACTURE OF THE DEVICE TO FURTHER INVESTIGATE THIS INCIDENT. A ROOT CAUSE HAS NOT BEEN DETERMINED. IT HAS NOT BEEN CONFIRMED IF THE DEVICE CAUSED OR CONTRIBUTED TO THE REPORTED INCIDENT. HOWEVER, DUE TO THE CUSTOMER STATING THAT HER DOCTOR HAD RECOMMENDED SKIN GRAFT, THIS MEDWATCH IS BEING FILED.",TENS (over-the-counter)
6635587,77419173,D,0,,"CONSUMER REPORTED THE UNIT HAS BURNED HER BACK. SHE HAS BLISTERS ON HER LOWER BACK FROM THE PAD. THIS IS HER FIRST TIME USING THE UNIT. SHE WAS PLACING THE PADS ON HER LOWER BACK ONLY. SHE ONLY LET THE UNIT RUN FOR THE 15 MINUTES. SHE IS USING THE BATTERIES THAT CAME WITH THE UNIT. SHE DID NOT ADD ANY LOTION OR PERFUMES BEFORE PLACING THE PADS ON HER BACK. CONSUMER STATED ONE PAD THAT WAS NOT GIVING ANY STIMULATION IS THE ONE THAT BURNT THE BACK. SHE HAD NOT SOUGHT MEDICAL TREATMENT. SHE HAS NOT ADDED ANY OINTMENT TO THE AREA. SHE DOES NOT SEE ANY DAMAGE TO THE CORDS. SHE HAD THE INTENSITY UP TO A 6. CONSUMER WAS ADVISED TO STOP USING THE UNIT AND WAS SENT THE POSTAGE PAID LABEL TO RETRIEVE THE UNIT FOR FURTHER INVESTIGATION. DURING FOLLOW-UP CALL WITH QUALITY ANALYST, THE CONSUMER STATED THE UNIT IS BRAND NEW AND SHE IS THE ONLY USER AND ONLY USED THE UNIT ONE TIME, THIS MORNING. SHE HAS USED THE TENS THERAPY BEFORE AT REHAB SO SHE KNOWS WHAT TO EXPECT WITH IT. SHE TURNED THE UNIT ON AT LEVEL 6 INTENSITY. SHE COULD FEEL THE STIMULATION ONLY ON ONE OF THE PADS. WHEN SHE TOOK THE PADS OFF AND SHE HAD A DARK RED BURN THE SHAPE OF THE PAD (THE PAD THAT SHE DID NOT FEEL THE STIMULATION ON). SHE ALSO HAS 2 BLISTERS WHERE THE PAD TOOK OFF HER SKIN. SHE USED THE UNIT ON HER LOWER BACK. SHE WOULD SEND THE PICTURES OF THE BURN. HER BACK WAS DRY AND FREE FROM LOTION OR OILS. SHE WANTS A REFUND AND NOT A REPLACEMENT. CONSUMER DID NOT INDICATE ANY MEDICAL TREATMENT OR INTERVENTION AS A RESULT OF THE EVENT. CONSUMER WAS PROVIDED WITH INSTRUCTIONS FOR SENDING THE UNIT FOR INSPECTION (FURTHER INVESTIGATION). CONSUMER STATED SHE WILL RETURN THE UNIT BACK FOR INSPECTION. CONSUMER SENT THE PICTURES OF THE BURN TO QUALITY ANALYST. QUALITY ANALYST HAD NOTED THAT ASPERCREME WAS PURCHASED AT THE SAME TIME THE UNIT WAS PURCHASED ON 05/24/2017. ANOTHER FOLLOW-UP CALL WAS MADE WITH CONSUMER TO OBTAIN ADDITIONAL INFORMATION. CONSUMER CONFIRMED THAT SHE DID NOT USE ASPERCREME OR ANY OTHER LOTIONS AND HER SKIN WAS DRY BEFORE SHE USED THE TENS UNIT. CONSUMER INDICATED SHE HAS THE ARTIFICIAL HEART VALVE (WHICH IS MADE OF CARBON AND NOT METALLIC OR ELECTRONIC). SHE DID READ THE INSTRUCTIONS MANUAL PRIOR TO USING THE MACHINE. SHE HAS THE PRE-EXISTING CONDITIONS OF HEART ISSUE AND HAD HEMORRHAGIC BRAIN BLEED AND HAS BACK ISSUES. SHE IS ON COUMADIN AND MONITORS HER INR AT HOME. CONSUMER WAS UPSET AND STATED IT AND ONLY THING WE ARE DOING REFUNDING THE MONEY AND HUNG UP THE PHONE. CONSUMER HAD SENT A SECOND EMAIL ON 05/25/2017 WITH PICTURES AND WROTE THAT THIS IS HOW THE BURN IS TONIGHT. IT IS VERY PAINFUL; I WILL TRY AND GET TREATMENT TOMORROW IF I CAN WALK WITH THE ORIGINAL BACK PROBLEM STILL ONGOING. ANOTHER EMAIL FROM CONSUMER WAS RECEIVED ON 05/30/2017 WITH PICTURES AND WROTE FOLLOWING: THIS IS A FOLLOW UP PHOTO OF WHAT YOUR PRODUCT DID TO MY BACK. YOU CAN DISTINCTLY SEE THE PATTERN OF THE PAD ON MY SKIN. I AM ABLE TO DRIVE ENOUGH TO GET TO MY DOCTOR TODAY, AND I AM CONTACTING MY LAWYER CONCERNING YOUR PRODUCTS FAILURE. ON 06/05/2017, THEN THE CONSUMER CALLED AND SPOKE TO EXECUTIVE DIRECTOR QA/RA. CONSUMER STATED THE BURNS HAVE STARTED TO HEAL. THE BURNS GOT WORSE BEFORE THEY GOT BETTER. SHE WENT TO DOCTOR LAST WEDNESDAY ((B)(6) 2017). CONSUMER STATED HER DOCTOR HAS RECOMMENDED A SKIN GRAFT. SHE HAS CONTACTED LAWYER. SHE WAS DISAPPOINTED THAT THERE WAS NO FOLLOW UP. THE CONSUMER STATED THE BURNS ARE HEALING AND CONSUMER DID NOT STATE SHE HAS RECEIVED A SKIN GRAFT IT WAS ONLY A RECOMMENDATION BY HER DOCTOR.",TENS (over-the-counter)
6621552,77534952,N,1,,ALTERG HAS DETERMINED THAT THE FAILURE WAS DUE TO A FAULTY IC. THE IC WAS IDENTIFIED AS SUSPECT PREVIOUSLY AND HAS BEEN SUBSTITUTED WITH ALTERNATIVE IN MAY 2016. A HAZARD ANALYSIS OF THE REPORTED PROBLEM WAS PERFORMED THT INDICATED THE POTENTIAL FOR FAILURE CAN EXT TO OCCUR (B)(4) USES OF THE PRODUCT. THERE HAVE BEEN NO REPORTED INJURIES DUE TO THIS EVENT. ALTERG WILL ADDRESS THE FAULTY COMPONENT IN THE FIELD VIA REPAIR NOTICE TO ALL DISTRIBUTORS AND OFFER FREE REPLACEMENT PARTS.,Powered exercise equipment (incl. CPM)
6621552,77534953,D,1,,"AS REPORTED BY DISTRIBUTOR: PROBLEM DESCRIPTION: - NEW PATIENT WAS IN THE M320, READY TO START CALIBRATION - WHEN PRESSING START, THE TREADMILL DID NOT CALIBRATE BUT THE TREADMILL WENT IMMEDIATELY TO MAX SPEED. THE BELT DID NOT STOP WHEN PULLING THE SAFETY LANYARD: EMERGENCY STOP DID NOT WORK! - PATIENTS SHOE SOLES AND SHOE TOES WERE SERIOUSLY DAMAGED BY THE ABRASIVE BELT. - THE M320 COULD ONLY BE STOPPED BY INTERRUPTING THE POWER: THIS FAST ACTION BY THE THERAPIST PREVENTED THE PATIENT OF BEING HURT. WE DID SERVICE THE M300-0446 IMMEDIATELY: REPLACING THE MOTOR CONTROLLER BOARD 102647 DID SOLVE BOTH PROBLEMS: MAX. SPEED AND EMERGENCY STOP.",Powered exercise equipment (incl. CPM)
6457545,77944496,N,1,,"THIS SPONTANEOUS CASE WAS REPORTED BY A CONSUMER AND DESCRIBES THE OCCURRENCE OF MEDICAL DEVICE SITE BURN (""CAUSE MY BACK TO BURN""), MEDICAL DEVICE SITE SCAR (""DID LEAVE BURN MARKS / I HAVE A BROWN STAIN ON BACK FROM BURN / BURN CAUSED LARGE MARKINGS"") AND PARAESTHESIA (""I HAVE TINGLING SENSATION ON SKIN WHERE THE BURN MARK USED"") IN A (B)(6) FEMALE PATIENT WHO RECEIVED ALEVE TENS DEVICE DIRECT THERAPY UNIT (BATCH NO. 609239) FOR DEGENERATIVE DISC DISEASE. OTHER PRODUCT OR PRODUCT USE ISSUES IDENTIFIED: DEVICE USE ISSUE ""I USED ALEVE TENS TO TREAT DEGENERATIVE DISK PAIN"", DEVICE DEFECTIVE ""DEVICE DID NOT RESPOND TO LOWERING OR SHUTTING OFF / I PURCHASED A DEFECTIVE ALLEVE TENS UNIT"" AND DEVICE STIMULATION ISSUE ""ALEVE TENS RESPONDED WITH AN ELECTRIC SHOCK"" (SERIOUSNESS CRITERION MEDICALLY SIGNIFICANT). THE PATIENT'S CONCURRENT CONDITIONS INCLUDED DEGENERATIVE DISC DISEASE SINCE 2002. ON AN UNKNOWN DATE, THE PATIENT STARTED ALEVE TENS DEVICE DIRECT THERAPY UNIT. ON AN UNKNOWN DATE, THE PATIENT EXPERIENCED MEDICAL DEVICE SITE BURN (SERIOUSNESS CRITERION MEDICALLY SIGNIFICANT), MEDICAL DEVICE SITE SCAR (SERIOUSNESS CRITERION MEDICALLY SIGNIFICANT) AND PARAESTHESIA (SERIOUSNESS CRITERION MEDICALLY SIGNIFICANT). THE PATIENT WAS TREATED WITH MICONAZOLE NITRATE (NEOSPORIN AF). ALEVE TENS DEVICE DIRECT THERAPY UNIT WAS WITHDRAWN. AT THE TIME OF THE REPORT, THE MEDICAL DEVICE SITE BURN OUTCOME WAS UNKNOWN, THE MEDICAL DEVICE SITE SCAR HAD RESOLVED AND THE PARAESTHESIA HAD NOT RESOLVED. THE REPORTER CONSIDERED MEDICAL DEVICE SITE BURN, MEDICAL DEVICE SITE SCAR AND PARAESTHESIA TO BE RELATED TO ALEVE TENS DEVICE DIRECT THERAPY UNIT. THE REPORTER COMMENTED: CONSUMER REPORTED START DATE FOR DEVICE AS OVER THE SUMMER. SHE REPORTED SHE USED THE PRODUCT APPROXIMATELY 3 TIMES A WEEK UNTIL A FEW MONTHS AGO. SHE REPORTED NO CONCOMITANT PRODUCT USE. DIAGNOSTIC RESULTS (NORMAL RANGES ARE PROVIDED IN PARENTHESIS IF AVAILABLE): BODY MASS INDEX WAS (B)(6). QUALITY-SAFETY EVALUATION OF PTC: BASED ON THE TECHNICAL INVESTIGATION, BATCH DOCUMENTATION HAS BEEN REVIEWED BY BAYER QUALITY ASSURANCE. ALL DEVIATIONS AND NON-CONFORMANCES HAVE ALSO BEEN REVIEWED BY BAYER QUALITY ASSURANCE TO IDENTIFY POTENTIAL PRODUCT QUALITY CONCERNS, WITH NONE IDENTIFIED FOR THE APPLICABLE LOT. WITHOUT A RETURNED SAMPLE, NO FURTHER INVESTIGATION IS POSSIBLE. THIS ISSUE WILL BE MONITORED AND TRENDED TO POTENTIALLY IDENTIFY NEW FAILURE MODES. THERE WERE NO SAMPLES OR PHOTOGRAPHS SUBMITTED WITH THIS COMPLAINT. THE PRODUCT ANALYSIS CONFIRMED THAT THE FAILURE CONTRIBUTED TO THE REPORTABLE EVENT IS NOT APPLICABLE. IT IS UNABLE TO DETERMINE WHETHER THE PRODUCT MEETS SPECIFICATION AND THE FAILURE CONFIRMATION OF THE REPORTED CONDITION WAS UNABLE TO CONFIRM. THE DEVICE HISTORY RECORD (DHR) REVIEW SHOWED THAT ALL ACCEPTANCE CRITERIA INSPECTIONS PER ESTABLISHED SAMPLING LEVELS WERE WITHIN ACCEPTABLE LIMITS DURING THE PRODUCTION PROCESS. THE INVESTIGATION DETERMINED THAT THE MOST PROBABLE ROOT CAUSE IS DUE TO THE ELECTRODE NOT PLACED EVENLY ON THE SKIN OR WHEN THERE IS INADEQUATE SKIN PREPARATION IF THE PRODUCT INSTRUCTION FOR USE (IFU) IS NOT STRICTLY FOLLOWED. DUE TO NO SAMPLE BEING PROVIDED TO MANUFACTURING SITE, A ROOT CAUSE FOR THE REPORTED CONDITION COULD NOT BE SPECIFICALLY IDENTIFIED. THEREFORE, CORRECTIVE ACTION WILL BE LIMITED TO THE MANUFACTURING AWARENESS. NO FURTHER CORRECTIVE ACTION IS REQUIRED AT THIS TIME. THE OUTCOME OF THE INVESTIGATION RESULTED IN AN UNCONFIRMED QUALITY DEFECT. THIS COMPLAINT IS SUBJECT TO ROUTINE SIGNALING, TRENDING ACCORDING TO ESTABLISHED PROCEDURES. ANY NEED FOR A CORRECTIVE AND/OR PREVENTIVE ACTION DUE TO THE ADVERSE EVENT IS DETERMINED IN RESPONSE TO THE RESPECTIVE SIGNAL. MOST RECENT FOLLOW-UP INFORMATION INCORPORATED ABOVE INCLUDES: ON 12-JUN-2017: QUALITY-SAFETY EVALUATION OF PTC: UNCONFIRMED QUALITY DEFECT; LOT NUMBER WAS ADDED. COMPANY CAUSALITY COMMENT: THIS SPONTANEOUS CASE REPORTED BY A CONSUMER DESCRIBED THE OCCURRENCE OF ALEVE TENS RESPONDED WITH AN ELECTRIC SHOCK, MEDICAL DEVICE SITE INJURY (""CAUSE MY BACK TO BURN""), SCAR (""DID LEAVE BURN MARKS / I HAVE A BROWN STAIN ON BACK FROM BURN"") AND PARAESTHESIA (""I HAVE TINGLING SENSATION ON SKIN WHERE THE BURN MARK USED"") IN A (B)(6) FEMALE PATIENT WHO WAS USING ALEVE TENS DEVICE DIRECT THERAPY UNIT TO TREAT DEGENERATIVE DISK PAIN (UNAPPROVED INDICATION). THESE EVENTS ARE SERIOUS DUE TO MEDICAL IMPORTANCE AND UNLISTED IN THE REFERENCE SAFETY INFORMATION FOR ALEVE TENS. MEDICAL EVENTS BURN, BURN MARKS AND PARESTHESIA WERE REPORTED IN ASSOCIATION WITH A DEVICE DEFECTIVE (DEVICE DID NOT RESPOND TO LOWERING OR SHUTTING OFF / I PURCHASED A DEFECTIVE ALEVE TENS UNIT). PATIENT REPORTED THAT DEVICE DID NOT RESPOND TO LOWERING OR SHUTTING OFF AND IT RESPONDED WITH AN ELECTRIC SHOCK. IN THIS CONTEXT, CONSIDERING THE MECHANISM OF ACTION OF DEVICE, COMPATIBLE TEMPORAL RELATIONSHIP AND THE LACK OF ALTERNATIVE EXPLANATION FOR EVENTS, CAUSALITY OF ALEVE TENS CANNOT BE EXCLUDED. FURTHER INFORMATION WILL BE REQUESTED. THE PTC INVESTIGATION WAS INITIATED AND THE OUTCOME OF THE INVESTIGATION RESULTED IN AN UNCONFIRMED QUALITY DEFECT, FINAL RISK CATEGORY V.",TENS (over-the-counter)
6655681,78021262,D,1,,"THE END-USER COMPLAINED OF A ""ZAPPING"" FROM THE TENS UNIT. THE CLINIC DIRECTOR DID NOT KNOW THE EXACT TERMINOLOGY USED BY THE PATIENT (END-USER). THE USER DEVELOPED A BURN/BLISTERS AT THE ELECTRODE SITE - THESE BURNS/BLISTERS TOOK 6 WEEKS TO HEAL (THIS FURTHER INJURY INFORMATION WAS MADE AVAILABLE TO (B)(4) BRANDS ON 6/16/2017; INITIAL COMPLAINT TO (B)(4) COMMUNICATED 5/3/2017 - AGAIN, INJURY INFORMATION REGARDING THIS EVENT THEN MADE AVAILABLE 6/16/2017). THE CLINIC DID NOT ISOLATE THE DEVICE INVOLVED WITH THIS EVENT, AND WERE ORIGINALLY UNSURE OF WHICH DEVICE CAUSED THE ""ZAPPING."" DQ7001 DEVICE WITH THE SERIAL NUMBER OF (B)(4) WAS ALSO A SUSPECT DEVICE INVOLVED WITH THIS EVENT - THE DEVICE INVOLVED WITH THIS CASE, CASE# (B)(4), WAS RETURNED TO (B)(4) BRANDS AND EVALUATED ON 6/20/2017. THIS DEVICE ((B)(4)) WAS TESTED TO CONFIRM THE CUSTOMER'S COMPLAINT. THIS DEVICE WAS TESTED FOR PRODUCT PERFORMANCE, AND WAS NOT DETERMINED TO FALL WITHIN THE MANUFACTURER'S SPECIFICATIONS, AS DESCRIBED IN THE PRODUCT'S USER MANUAL - THIS DEVICE FAILED TESTING. THE DEVICE'S CHANNEL 2 PORT WAS ALSO LOOSE WITHIN THE PLASTIC HOUSING, NOT ALLOWING ACCEPTABLE CONNECTION BETWEEN THE PORT AND THE LEAD WIRE - THIS RESULTED IN A POOR/INCONSISTENT CONNECTION. AGAIN, THE CUSTOMER'S COMPLAINT COULD BE CONFIRMED BY AN EVALUATION OF THE RETURNED DEVICE FROM CASE# (B)(4).",TENS (prescription)
6595500,78313874,D,1,,"THE DEVICE INVOLVED WITH THIS EVENT WAS RETURNED TO COMPASS HEALTH BRANDS AND EVALUATED ON 5/31/2017. THE CUSTOMER'S COMPLAINT COULD NOT BE DUPLICATED FROM A REVIEW OF THE RETURNED DEVICE. THE DEVICE WAS TESTED FOR PRODUCT PERFORMANCE, AND WAS DETERMINED TO FALL WITHIN THE MANUFACTURER'S SPECIFICATIONS, AS DEFINED IN THE PRODUCT'S USER MANUAL.",TENS (prescription)
6681502,78845078,D,1,,DURING SIT TO STAND THE USER FRACTURED HER PROXIMAL TIBIA.,Powered exoskeleton
6681151,78902499,D,1,,"END-USER STATED THAT HE ENDED UP WITH BLISTERS RESULTING FROM USE OF THE TENS DEVICE. HE SAID HE FELT A SHOCK, AND THAT THE ELECTRODES CAUSED THE BLISTERS. THE BURNS ARE REPORTED AS HAVING SHOWN UP ON THE USER'S SKIN 1 DAY AFTER TREATMENT, AND AS HAVING LASTED FOR 5 DAYS. NO MEDICAL ATTENTION WAS REPORTED AS HAVING BEEN SOUGHT AFTER FOR THIS INJURY. THE DEVICE INVOLVED WITH THIS EVENT WAS RETURNED TO COMPASS HEALTH BRANDS AND EVALUATED ON 6/23/2017. THE CUSTOMER'S COMPLAINT COULD NOT BE DUPLICATED. THE ELECTRODES INVOLVED WITH THIS EVENT WERE NOT RETURNED WITH THE TENS DEVICE, AND COULD NOT BE TESTED - THE DEVICE WAS TESTED FOR PRODUCT PERFORMANCE, AND WAS DETERMINED TO FALL WITHIN THE MANUFACTURER'S SPECIFICATIONS AS DEFINED IN THE PRODUCT'S USER MANUAL.",TENS (prescription)
6691763,79233333,D,1,,"THE END-USER PURCHASED THE TENS UNIT A YEAR AGO, AND REPORTS THAT IT GAVE HIM NERVE DAMAGE IN HIS LEFT ARM. THE END-USER REPORTS THAT THE DEVICE HAS BEEN LOST IN HIS STORAGE UNIT. NO ONE ELSE WAS REPORTED AS HAVING BEEN PRESENT AT THE TIME THE INCIDENT HAD OCCURRED - THIS EVENT IS REPORTED AS HAVING HAPPENED OVER SEVERAL USES OF THE DEVICE. HE BEGAN TO HAVE ""WEIRD SPASMS,"" AND OVER TIME, IT JUST GOT WORSE. IT WAS THEN THAT HE STOPPED USING THE DEVICE. NOW HIS ARM WILL NOT STOP TWITCHING - THIS IS HIS LEFT ARM NEAR THE SHOULDER AREA WHERE HIS ALLEGED INJURY HAS NOW STIFFENED THE MUSCLES, AND LEFT HIM WITH LUMPS IN HIS ARMS WHERE THE MUSCLE TWITCHES. HE ALSO HAS A DIFFICULT TIME SLEEPING AT NIGHT. AGAIN, HE STATES THAT HIS INJURY IS IN HIS LEFT ARM, AROUND NEAR THE LEFT SHOULDER AREA, DEEP INTO THE MUSCLE. HE ALLEGES HIS MUSCLE IS HARDENING UP, HAVING BEEN EXPANDED AND CONTRACTED BY THE TENS DEVICE. HE EXPERIENCED NO REPORTED DISCOMFORT DURING TREATMENT, AND HAS NEVER BEEN SHOCKED. ONLY THE END-USER'S PSYCHIATRIST HAS HEARD OF HIS COMPLAINT. SHE (THE PSYCHIATRIST) HAS STATED THAT SHE WAS GOING TO REFER HIM TO A NEUROLOGIST, BUT, TO DATE, HAS NOT, NOR HAS HE MADE AN APPOINTMENT - THE END-USER HAS NO OFFICIAL DIAGNOSIS OF NERVE DAMAGE, DESPITE STATING ""..IT'S (THE INJURY IS) MOST LIKELY IRREVERSIBLE.""",TENS (prescription)
6704027,79727942,N,1,,"THE DHR REVIEW SHOWS THE DEVICE PERFORMED AS INTENDED WHEN IT WAS MANUFACTURED. THE TENS DEVICE AND HANDHELD REMOTE CONTROL WERE ABLE TO POWER ON. THE DEVICE OUTPUT TREATMENT FREQUENCIES WERE TO SPECIFICATION, HOWEVER, THE WAVEFORM WAS NOT TO SPECIFICATION. THE DEVICE IS WILL BE EVALUATED BY THE DESIGN ENGINEERS FOR ROOT CAUSE OF THE WAVEFORM NOT PERFORMING TO SPECIFICATION. THE DEVICE LABELING WAS REVIEWED AND FOUND TO BE SUITABLE AND ADEQUATE FOR THE DEVICE TO PERFORM ITS INTENDED USE.",TENS (over-the-counter)
6704027,79727943,D,1,,"THE CUSTOMER COMPLAINED THAT WHEN SHE PRESSED THE POWER BUTTON ON THE REMOTE CONTROL TO START THE TREATMENT, THE DEVICE GAVE HER A ""JOLT"" AND THEN STOPPED WORKING ALTOGETHER.",TENS (over-the-counter)
6705177,79738965,D,1,,"INITIAL INFORMATION REGARDING THIS UNSOLICITED CASE FROM UNITED STATES WAS RECEIVED ON (B)(6) 2017 FROM THE PATIENT. THIS CASE INVOLVES A (B)(6) OLD MALE PATIENT, WHO DEVELOPED SERIES OF BLISTERS AND LARGE PATCH OF SKIN WHICH APPEARED TO BE BURNED AFTER RECEIVING SMART RELIEF TENS THERAPY (ICY HOT SMART RELIEF TENS THERAPY). PAST DRUGS, MEDICAL HISTORY AND CONCOMITANT MEDICATIONS WERE NOT REPORTED. ON AN UNKNOWN DATE, THE PATIENT STARTED THERAPY WITH SMART RELIEF TENS THERAPY AT AN UNSPECIFIED FREQUENCY (LOT/BATCH NUMBER AND EXPIRY DATE: UNKNOWN) FOR PAIN FROM ARTHRITIS AND DEGENERATIVE DISC DISEASE. PATIENT HAD USED SMART RELIEF TENS THERAPY FOR SEVERAL YEARS, AND IT WAS A GREAT RELIEF FOR PATIENT'S PAIN FROM ARTHRITIS AND DEGENERATIVE DISC DISEASE. ABOUT A MONTH AGO ((B)(6) 2017), PATIENT HAD A SERIES OF BLISTERS DEVELOPED UNDER A NEW REPLACEMENT PAD (LATENCY: UNKNOWN). PATIENT LET THE BLISTERS HEAL FOR ABOUT A WEEK, THEN TRIED ANOTHER NEW PAD. WITHIN TWO DAYS HE DEVELOPED A LARGE PATCH OF SKIN WHICH APPEARED TO BE BURNED (ONSET DATE: 2017 AND LATENCY: UNKNOWN). AT THE AGE OF (B)(6), HE DID NOT USE ANY MEDICATIONS, AND WOULD PREFER NOT TO BEGIN NOW. HOWEVER PATIENT WAS IN PAIN WHEN HE COULD NOT USE HIS TENS UNIT. ACTION TAKEN: DRUG WITHDRAWN NOS. CORRECTIVE TREATMENT: NOT REPORTED. EVENT OUTCOME: RECOVERED FROM APPLICATION SITE BLISTER ON UNKNOWN DATE AND UNKNOWN FOR APPLICATION SITE BURNING. QA REVIEW: ALL RETAINS ARE EXAMINED FOR CORRECT PACKAGING, SEAL, MISSING COMPONENTS, WORKING CONTROL UNIT, LEGIBILITY OF LOT NUMBERS /EXPIRATION DATE, CORRECT LABEL AND FOREIGN MATTER. NO ANOMALIES WERE FOUND THAT COULD CONTRIBUTE TO THIS COMPLAINT. A THOROUGH INVESTIGATION ((B)(6), CAPA PROTOCOL AND REVIEW OF IHSR [2014]) HAS BEEN DONE TO INVESTIGATE. THE LIKELIHOOD OF THE IHSR PRODUCING BURNS IN SOME USERS. THIS INVESTIGATION FOUND THAT IT IS HIGHLY UNLIKELY. FOR THE SMART RELIEF TO PRODUCE TISSUE TRAUMA. THE MAXIMUM CURRENT AND POWER DENSITY CALCULATED FOR THE SMART RELIEF IS A TINY FRACTION OF THE LIMITS IN THE FDA GUIDANCE. THE COMPLETE INVESTIGATION IS LOCATED IN THE DEVICE FILES. LOT INFORMATION WAS NOT PROVIDED AND DEVICE RETURN IS NOT EXPECTED AT THIS TIME; THEREFORE, ADDITIONAL INVESTIGATION IS NOT POSSIBLE. PHARMACOVIGILANCE COMMENT: SANOFI COMPANY COMMENT DATED 30-06-2017:THIS CASE CONCERNS AN ELDERLY MALE PATIENT WHO EXPERIENCED APPLICATION SITE BURNING AND APPLICATION SITE BLISTER WHILST BEING TREATED WITH SMART RELIEF TENS THERAPY . THE CAUSAL ROLE OF SMART RELIEF TENS THERAPY CANNOT BE RULED OUT, HOWEVER THIS CASE LACKS INFORMATION REGARDING THE CONDITION OF THE SKIN AT THE CONTACT AREA PRIOR TO APPLYING THE DEVICE LEADS (E.G., WET, DRY, OPEN WOUNDS),CONCOMITANT. MEDICATIONS AND MEDICAL HISTORY FOR COMPREHENSIVE ASSESSMENT OF THE CASE.",TENS (over-the-counter)
6710185,79917948,D,1,,"THE DEVICE IS REPORTED AS HAVING BURNED PATIENTS. THE WIRES AND PADS ARE REPORTED AS HAVING BEEN REPLACED, YET ANOTHER PATIENT WAS BURNED. THIS PATIENT IS REPORTED AS HAVING NOT EXPERIENCED ANY DISCOMFORT DURING TREATMENT, BUT HAD BURNS SHOW UP LATER (THE NEXT DAY), LASTING A FEW WEEKS. NO MEDICAL ATTENTION IS REPORTED AS HAVING BEEN SOUGHT AFTER OR RECEIVED FOR THE BURNS.",TENS (prescription)
6710224,79920916,D,1,,"THE DEVICE IS REPORTED AS HAVING BURNED PATIENTS. THE WIRES AND PADS ARE REPORTED AS HAVING BEEN REPLACED, YET ANOTHER PATIENT WAS BURNED. (THIS IS A DIFFERENT DEVICE AS REPORTED IN CASE# (B)(4)/3012316249-2017-00079.) THIS PATIENT IS REPORTED AS HAVING DEVELOPED A SORE AFTER INTERFERENTIAL TREATMENT. NO DISCOMFORT IS REPORTED AS HAVING BEEN EXPERIENCED DURING THE TREATMENT, AGAIN, JUST THE SORES AFTERWARDS. THE SORES/BURNS WERE REPORTED AS HAVING OCCURRED ONE DAY AFTER TREATMENT, AND LASTED FOR SEVERAL WEEKS. NO MEDICAL ATTENTION IS REPORTED AS HAVING BEEN SOUGHT AFTER OR RECEIVED FOR THE BURNS.",TENS (prescription)
6710824,79947019,D,1,,"THE END-USER CALLED REPORTING A ONE WEEK-OLD BURN. THE END-USER UNDERWENT A DOUBLE MASTECTOMY, AND DECIDED TO HAVE A TUMMY TUCK AT THE SAME TIME. SHE HAD A SMALL BULGE ON HER ABDOMEN, AND HER DOCTOR RECOMMENDED THE TENS UNIT TO REDUCE THE SCAR TISSUE. THE USER PUT THE TENS UNIT ON FOR THIRTY MINUTES, USING SEPARATE PADS, ONE ON THE RIGHT SIDE OF THE BELLY BUTTON, AND ONE ON THE LEFT - ONE HOUR LATER, SHE PUT THE PADS IN THE SAME AREA, AND USED THE DEVICE FOR ANOTHER THIRTY MINUTES. PAD ""A"" WAS OK, BUT PAD ""B"" CAUSED A SECOND-DEGREE BURN THE SIZE OF A QUARTER. PAD ""B"" IS REPORTED AS HAVING LESS SILICONE. THE END-USER IS REPORTED AS HAVING SOUGHT AFTER/RECEIVED MEDICAL ATTENTION FOR THE BURNS.",TENS (prescription)
6714110,80248491,D,1,,"BEING SEEN AT (B)(6) FOR TREATMENT RELATED TO TMJ. THIS VISIT, THE THERAPIST AGAIN USED A TENS UNIT APPLIED AT THE AREA IN FRONT OF MY EARS AND BEHIND MY NECK. APPLIED BLUE HEATED PADS AND VELCROED THESE AROUND MY HEAD LEAVING MY FACE, EYES, NOSE, MOUTH AREAS OPEN. I TURNED ON THE TENS UNTIL AND AS I TURNED THE CONTROLS TO INCREASE THE POWER. I NOTICED THAT LEFT SIDE CONTROL/ELECTRODE DID NOT SEEM TO BE WORKING. AS I WENT TO TURN OFF THE MACHINE I FELT A SHARP PAIN, SAW AN ARCH OF WHITE LIGHT FROM THE RIGHT SIDE OF MY FACE TO THE LEFT. I SCREAMED, TRIED TO GET THE VELCRO UNDONE AND TAKE THE ELECTRODE PADS OFF. THE THERAPIST CAME BACK INTO THE ROOM AND AS HE REACHED TO THE LEFT SIDE BACK OF MY NECK TO REMOVE ELECTRODE PAD, I AGAIN FELT AN INTENSE PAIN, SAW AN ARCH OF LIGHT COME FROM THE RIGHT SIDE OF MY FACE AND FELT MYSELF BITE MY TONGUE. I TOLD HIM THAT HIS TENS UNIT ELECTROCUTED ME. I HAD TO TELL HIS STAFF HOW TO MAKE AN ICE PACK TO HELP CONTROL THE BLEEDING. ONCE THE BLEEDING WAS UNDER CONTROL, I ADVISED HIM THAT HE NEEDED TO CONTACT MY DENTIST AND THAT I COULD PROBABLY BE SEEN. AFTER LOOKING AT MY TONGUE IN THEIR BATHROOM MIRROR, I TOLD HIM THAT I MIGHT NEED STITCHES. HE DID CALL MY DENTIST, BUT ONLY MENTIONED THE BITE TO MY TONGUE AFTER HE DISCUSSED MY WANTING TO STOP THERAPY AS I WAS NOT HAVING ANY RELIEF. THE TENS UNIT THAT HE WAS USING AT HIS OFFICE WAS ONE THAT HAD THE ELECTRODE WIRES ON EITHER SIDE ON THE TOP OF THE MACHINE AND THE ADJUSTMENT KNOBS IN BETWEEN. I REMEMBER THIS AS I HAVE ALMOST THE SAME TYPE OF MACHINE AT HOME THAT I HAVE USED FOR MY BACK. WHEN I GOT HOME AND CONTINUED TO FEEL STRANGE FROM THE EVENT. I CALLED HIS OFFICE BACK AND TOLD HIM THAT I DID NOT FEEL COMFORTABLE AND THAT I SHOULD PROBABLY GO TO THE ER FOR EVAL AS I AM A REGISTERED NURSE AND WORK TELEMETRY WITH CARDIAC PTS (FOR 15+ YRS), HIS RESPONDING TO ME WAS ""IT WAS JUST A 9 VOLT BATTERY; IT WON'T DO MUCH DAMAGE."" IT'S HOW YOU REACTED."" I WILL NOT POST HERE AS TO MY RESPONSE, BUT I DID HAVE A FEW CHOICE WORDS TO SAY. I ALSO ADVISED HIM THAT IF I WERE PREGNANT OR HAD AN UNK HEART CONDITION THAT HE COULD HAVE KILLED ME, TO WHICH HE COMMENTED ""IF YOU WERE PREGNANT, I WOULD NOT HAVE USED THE MACHINE ON YOU."" MY COMMENT WAS, THAT WAS NOT THE POINT I AM TRYING TO MAKE. BETWEEN THIS MAN AND HIS OFFICE STAFF, IF I WERE NOT A MEDICAL PROFESSIONAL AND KNEW WHAT TO DO WHEN THIS HAPPENED AT THEIR OFFICE, THIS COULD HAVE BEEN MUCH WORSE THAN IT WAS. I SUFFERED A BITE ALMOST THROUGH AND THROUGH TO THE RIGHT SIDE OF MY TONGUE. I DO HAVE PICTURES AND CAN TELL YOU THAT IT TOOK OVER 2 MONTHS FOR THIS AREA TO HEAL. HE EVEN HAD THE AUDACITY CALL ME BACK THE NIGHT AFTER THE BITE AND ASK WHAT THE ORAL SURGEON SAID AND EVEN TOLD ME I SOUNDED BETTER. I TOLD HIM AT THAT TIME THAT I WOULD NOT, NOR WOULD I EVER WALK INTO HIS OFFICE AGAIN AS I ALREADY HAD PTSD FROM AN INCIDENT 3 YRS AGO AND BY HIS IGNORANCE AND NONCHALANT ATTITUDE OF THE INCIDENT. I WOULD NOT EVER REFER ANYONE TO HIS OFFICE.",TENS (prescription)
6717221,80333134,D,1,,"ELECTRICAL MUSCLE STIMULATION SUITS HAVE BEEN PRACTICED IN (B)(6) AT A STORE CALLED (B)(6). I HAVE HAD NEUROLOGICAL PAIN SINCE I HAD MY TRAINING AT (B)(6). UPON COME RESEARCH, I FOUND THAT THIS BODYSUIT IS NOT APPROVED IN THE UNITED STATES. I BELIEVE THEY ARE ALSO TRAINING CHILDREN UNDER THE AGE OF 18.",Powered muscle stimulator
6726003,80469585,D,1,,"THE USER STATES THAT HE HAS HAD THIS ELECTROTHERAPY UNIT A WHILE BACK, BUT NEVER CALLED TO LET US KNOW WHAT HAPPENED - HE ALREADY RETURNED IT TO THE STORE TO EXCHANGE IT FOR A NEW ONE. THE ELECTRODES ARE REPORTED AS HAVING BEEN STUCK TO HIS SKIN; HE STATES THE ELECTRODES BURNED HIS SKIN, CAUSING A BLISTER. THE BLISTER IS REPORTED AS HAVING HEALED. NO MEDICAL ATTENTION IS REPORTED AS HAVING BEEN SOUGHT AFTER OR RECEIVED FOR THIS BLISTERED BURN.",TENS (prescription)
6726161,80516331,D,1,,"THE INCIDENT OCCURRED EITHER ON (B)(6). THE END-USER WAS USING THE DEVICE. SHE HAD TWO ELECTRODES FROM CHANNEL ONE ON THE REAR LEFT OF HER NECK, AND THE PAIRED ELECTRODES WERE 3"" AWAY ON THE TOP OF HER SHOULDER. CHANNEL TWO WAS SET UP IDENTICALLY, EXCEPT ON THE RIGHT SIDE OF HER NECK AND SHOULDER. HER THERAPIST TAUGHT HER HOW TO PLACE THE ELECTRODES. IT IS ALSO REPORTED THAT HER DOCTOR SET THE PARAMETERS ON THE DEVICE, AND SHE HAS BEEN USING IT WITH THOSE PARAMETERS. SHE WAS DRIVING, AND HAD JUST PULLED INTO A PARKING SPOT, WHEN THE INTENSITY ON CHANNEL ONE (WHICH WAS SET AT 3 MA) SHOT UP, IMMOBILIZING HER. SHE STATES THE DEVICE WOULD NOT SHUT OFF, HOWEVER, SHE ADMITTED SHE MAY NOT HAVE UNLOCKED THE DEVICE PRIOR TO ATTEMPTING TO POWER IT DOWN. SHE SAID SHE WAS LEFT PHYSICALLY SHAKING. SHE GOT OUT OF HER CAR AND ""WALKED IT OFF,"" AND FELT BETTER THAN SHE THOUGHT SHE WOULD AFTER HER SHORT WALK. THE USER DID NOT REPORT THAT SHE HAD RECEIVED ANY BURNS THAT SHE WAS AWARE OF FROM THIS EVENT. THE DEVICE INVOLVED WITH THIS EVENT WAS RETURNED TO COMPASS HEALTH BRANDS AND EVALUATED ON 7/14/2017. THE CUSTOMER'S COMPLAINT COULD BE CONFIRMED FROM A REVIEW OF THE RETURNED DEVICE. THE RETURNED DEVICE WAS TESTED FOR PRODUCT PERFORMANCE, AND WAS DETERMINED TO FALL OUTSIDE OF THE MANUFACTURER'S SPECIFICATIONS, AS DEFINED IN THE PRODUCT'S USER MANUAL. THE RETURNED DEVICE FAILED TESTING WITHIN THESE SPECIFICATIONS, INDICATING MALFUNCTION.",TENS (prescription)
6740206,80928345,D,1,,"PATIENT W/ THORACIC SPINAL CORD INJURY & FLACCID PARAPLEGIA. FOLLOWING USE OF THE EKSO BIONIC GATE DEVICE, THE PATIENT HAD SWELLING OF THE RIGHT ANKLE & FOOT. THIS WAS THE PATIENT'S FIRST TIME USING THE DEVICE. A TRAINED PHYSICAL THERAPIST & PT ASSISTANT WERE PRESENT DURING THE SESSION AND REPORTED THAT THE PATIENT HAD A GOOD FIT AND DID WELL. NO SKIN ISSUES WERE NOTED AT THE END OF SESSION. THE NEXT DAY, THE PATIENT REPORTED HAVING SPASMS IN HER LEG AND NOTED SOME SWELLING. WHEN SHE REMOVED HER SHOE, SHE NOTICED THAT HER R ANKLE LOOKED BRUISED. PHYSICAL THERAPY WAS CALLED AND THE PATIENT WAS ASSESSED. THE PATIENT WAS FOUND TO HAVE SWELLING IN R FOOT MEDIAL ANKLE & DISTAL PART OF LOWER LEG AND BRUISING BELOW THE MEDIAL MALLEOLUS. A PHYSICIAN WAS NOTIFIED AND X-RAY WAS COMPLETED. X-RAY REPORTED AN ""AVULSION OF UNKNOWN CHRONICITY OVER THE MEDIAL TALUS BODY AND LATERAL MALLEOLUS. NO OBVIOUS ACUTE FRACTURES."" CASTING WAS NOT NEEDED, BUT THE PATIENT WAS TREATED WITH ICE, COMPRESSION, AND AN ASO BRACE. THE PATIENT'S HUSBAND HAD A VIDEO OF HER WALKING IN THE EKSO- THIS WAS REVIEWED AND NOTED THAT HER R ANKLE WAS SUPINATING INSIDE THE FOOT STRAP OF THE EKSO (X372 STEPS TAKEN DURING THAT SESSION). THE PATIENT'S ANKLE MOVED IN A FRONTAL PLANE RATHER THAN A A/P PLANE POSSIBLY CAUSING STRESS TO THE LATERAL ANKLE. ULTIMATELY, IT IS BELIEVED THAT THE PATIENT'S DORSIFLEXION WAS OVERESTIMATED AND PERHAPS, ADDITIONAL NECESSARY ADJUSTMENTS TO THE EKSO WERE NOT MADE. IT IS STAFF'S PERCEPTION THAT THE DEVICE DID NOT CAUSE THIS INJURY, BUT PERHAPS, LACK OF VISUALIZATION OF THE MALADJUSTMENT WAS THE PROBLEM. TYPICALLY, 2 PHYSICAL THERAPISTS ARE PRESENT/ASSIST NEW SPINAL CORD INJURY PATIENTS WHEN USING THE EKSO. IN THIS REPORTED CASE, THE PATIENT WAS NOT A NEW INJURY, AND INSTEAD OF 2 THERAPISTS BEING PRESENT, THERE WAS 1 PHYSICAL THERAPIST & 1 PT ASSISTANT. AS OF FILING OF THIS REPORT, THERE ARE #134,808 STEPS OF USE ON THE DEVICE.",Powered exoskeleton
6742235,80986071,D,1,,"A DISTRIBUTOR ((B)(4) SUPPLIER) STATES HIS CUSTOMER (PHYSICAL THERAPIST) HAS HAD 5 PATIENTS BURNT FROM THE COMBINATION DEVICE. THE PATIENTS WERE BURNED WHILE RECEIVING IF TREATMENT FROM THIS DEVICE. THIS PATIENT IS REPORTED AS HAVING NOT FELT ANY DISCOMFORT DURING TREATMENT - THE BURNS WERE NOTICED LATER. THE DEVICE INVOLVED WITH THIS EVENT WAS RETURNED TO (B)(4) ON 7/18/2017, AND EVALUATED ON 7/19/2017 - THE CUSTOMER'S COMPLAINT COULD NOT BE DUPLICATED FROM A REVIEW OF THE RETURNED DEVICE. THE RETURNED DEVICE'S POWER CORD HAD DUCT TAPE WRAPPED AROUND IT ON THE END THAT PLUGS INTO THE UNIT - THE POWER CORD MADE THE UNIT RANDOMLY SHUT OFF - THE RETURNED UNIT WAS TESTED WITH A SAMPLE POWER CORD. THE DEVICE WAS TESTED FOR PRODUCT PERFORMANCE, AND WAS DETERMINED TO FALL WITHIN THE MANUFACTURER'S SPECIFICATIONS FOR STIM, AS DEFINED IN THE PRODUCT'S USER MANUAL.",TENS (prescription)
6742042,80987588,D,1,,"A DISTRIBUTOR (DME SUPPLIER) STATES HIS CUSTOMER (PHYSICAL THERAPIST) HAS HAD 5 PATIENTS BURNT FROM THE COMBINATION DEVICE. THE PATIENTS WERE BURNED WHILE RECEIVING IF TREATMENT FROM THIS DEVICE. THIS PATIENT IS REPORTED AS HAVING HAD THE BURNS ABOUT 1 WEEK, WHICH ARE NOW REPORTED AS BEING SCABS. THE PATIENT IS REPORTED AS HAVING RECEIVED TREATMENT ON (B)(6) 2017. THE DEVICE INVOLVED WITH THIS EVENT WAS RETURNED TO COMPASS HEALTH BRANDS ON (B)(6) 2017, AND EVALUATED ON (B)(6) 2017 - THE CUSTOMER'S COMPLAINT COULD NOT BE DUPLICATED FROM A REVIEW OF THE RETURNED DEVICE. THE RETURNED DEVICE'S POWER CORD HAD DUCT TAPE WRAPPED AROUND IT ON THE END THAT PLUGS INTO THE UNIT - THE POWER CORD MADE THE UNIT RANDOMLY SHUT OFF - THE RETURNED UNIT WAS TESTED WITH A SAMPLE POWER CORD. THE DEVICE WAS TESTED FOR PRODUCT PERFORMANCE, AND WAS DETERMINED TO FALL WITHIN THE MANUFACTURER'S SPECIFICATIONS FOR STIM, AS DEFINED IN THE PRODUCT'S USER MANUAL.",TENS (prescription)
6742396,80988736,D,1,,"A DISTRIBUTOR (DME SUPPLIER) STATES HIS CUSTOMER (PHYSICAL THERAPIST) HAS HAD 5 PATIENTS BURNT FROM THE COMBINATION DEVICE. THE PATIENTS WERE BURNED WHILE RECEIVING IF TREATMENT FROM THIS DEVICE. THIS PATIENT IS REPORTED AS HAVING FELT NO DISCOMFORT DURING TREATMENT. HIS BURNS ARE REPORTED AS HAVING BEEN NOTICED ON (B)(6) 2017 FROM A PREVIOUS TREATMENT ON (B)(6) 2017. HE IS REPORTED AS HAVING SOUGHT AFTER MEDICAL ATTENTION FOR THIS INJURY, AND HIS BURNS ARE REPORTED AS HAVING LASTED UNTIL AT LEAST (B)(6) 2017. THE DEVICE INVOLVED WITH THIS EVENT WAS RETURNED TO COMPASS HEALTH BRANDS ON (B)(6) 2017, AND EVALUATED ON (B)(6) 2017 - THE CUSTOMER'S COMPLAINT COULD NOT BE DUPLICATED FROM A REVIEW OF THE RETURNED DEVICE. THE RETURNED DEVICE'S POWER CORD HAD DUCT TAPE WRAPPED AROUND IT ON THE END THAT PLUGS INTO THE UNIT - THE POWER CORD MADE THE UNIT RANDOMLY SHUT OFF - THE RETURNED UNIT WAS TESTED WITH A SAMPLE POWER CORD. THE DEVICE WAS TESTED FOR PRODUCT PERFORMANCE, AND WAS DETERMINED TO FALL WITHIN THE MANUFACTURER'S SPECIFICATIONS FOR STIM, AS DEFINED IN THE PRODUCT'S USER MANUAL.",TENS (prescription)
6742478,80989303,D,1,,"A DISTRIBUTOR ((B)(4)) STATES HIS CUSTOMER (PHYSICAL THERAPIST) HAS HAD 5 PATIENTS BURNT FROM THE COMBINATION DEVICE. THE PATIENTS WERE BURNED WHILE RECEIVING IF TREATMENT FROM THIS DEVICE. THIS PATIENT IS REPORTED AS HAVING NO DISCOMFORT DURING HER TREATMENT. THE BURNS WERE NOTICED BY THE THERAPIST DURING HER NEXT VISIT. THE BURNS ARE REPORTED AS HAVING BEEN RECEIVED ON THIS PATIENT'S REAR, AND AS HAVING LASTED FOR 2 WEEKS. THE DEVICE INVOLVED WITH THIS EVENT WAS RETURNED TO COMPASS HEALTH BRANDS ON 7/18/2017, AND EVALUATED ON 7/19/2017 - THE CUSTOMER'S COMPLAINT COULD NOT BE DUPLICATED FROM A REVIEW OF THE RETURNED DEVICE. THE RETURNED DEVICE'S POWER CORD HAD DUCT TAPE WRAPPED AROUND IT ON THE END THAT PLUGS INTO THE UNIT - THE POWER CORD MADE THE UNIT RANDOMLY SHUT OFF - THE RETURNED UNIT WAS TESTED WITH A SAMPLE POWER CORD. THE DEVICE WAS TESTED FOR PRODUCT PERFORMANCE, AND WAS DETERMINED TO FALL WITHIN THE MANUFACTURER'S SPECIFICATIONS FOR STIM, AS DEFINED IN THE PRODUCT'S USER MANUAL.",TENS (prescription)
6742510,80990304,D,1,,"A DISTRIBUTOR ((B)(4)) STATES HIS CUSTOMER (PHYSICAL THERAPIST) HAS HAD 5 PATIENTS BURNT FROM THE COMBINATION DEVICE. THE PATIENTS WERE BURNED WHILE RECEIVING IF TREATMENT FROM THIS DEVICE. THIS PATIENT IS REPORTED AS HAVING FELT NO DISCOMFORT DURING TREATMENT. THE BURNS ARE REPORTED AS HAVING BEEN NOTICED THE NEXT TIME THE PATIENT VISITED WITH THE THERAPIST - THE THERAPIST NOTICED THE BURNS ON THE PATIENT'S FOLLOWING VISIT. THE PATIENT'S BURNS ARE REPORTED AS HAVING LASTED 2-3 WEEKS. MEDICAL ATTENTION IS REPORTED AS HAVING BEEN SOUGHT AFTER FOR THIS INJURY. THE DEVICE INVOLVED WITH THIS EVENT WAS RETURNED TO COMPASS HEALTH BRANDS ON 7/18/2017, AND EVALUATED ON 7/19/2017 - THE CUSTOMER'S COMPLAINT COULD NOT BE DUPLICATED FROM A REVIEW OF THE RETURNED DEVICE. THE RETURNED DEVICE'S POWER CORD HAD DUCT TAPE WRAPPED AROUND IT ON THE END THAT PLUGS INTO THE UNIT - THE POWER CORD MADE THE UNIT RANDOMLY SHUT OFF - THE RETURNED UNIT WAS TESTED WITH A SAMPLE POWER CORD. THE DEVICE WAS TESTED FOR PRODUCT PERFORMANCE, AND WAS DETERMINED TO FALL WITHIN THE MANUFACTURER'S SPECIFICATIONS FOR STIM, AS DEFINED IN THE PRODUCT'S USER MANUAL.",TENS (prescription)
6373445,81055711,N,1,,"THIS SPONTANEOUS CASE WAS REPORTED BY A CONSUMER AND DESCRIBES THE OCCURRENCE OF MEDICAL DEVICE SITE BURN (""MY SKIN LOOKS BURNED WHERE THE UNIT WAS / CAUSED SEVERE BURNS ON MY BACK"") AND MEDICAL DEVICE SITE VESICLES (""I HAVE BLISTERS WHERE THE UNIT WAS / CAUSED BLISTERS ON MY BACK"") IN A (B)(6) MALE PATIENT WHO RECEIVED ALEVE TENS DEVICE DIRECT THERAPY UNIT (BATCH NO. T050HL) FOR PAIN. THE OCCURRENCE OF ADDITIONAL NON-SERIOUS EVENTS IS DETAILED BELOW. CO-SUSPECT PRODUCTS INCLUDED ALEVE TENS GEL PAD FOR PAIN. OTHER PRODUCT OR PRODUCT USE ISSUES IDENTIFIED: DEVICE USE ISSUE ""I USED THIS EVERYDAY FOR 3-4 WEEKS"", DEVICE USE ISSUE ""I USED THIS TO HELP A BACK INJURY"" AND THERAPEUTIC RESPONSE UNEXPECTED ""THIS HELPED MY BACK PAIN FROM AN INJURY"". MEDICAL CONDITIONS: THE PATIENT SAW A PHARMACIST WHO GAVE HIM AN HYDRO CREAM. CONCURRENT CONDITIONS INCLUDED IODINE ALLERGY, SEAFOOD ALLERGY AND BACK INJURY (THIRD BACK INJURY). CONCOMITANT PRODUCTS INCLUDED CARDIOVASCULAR SYSTEM DRUGS (BLOOD PRESSURE MEDICATION (NOS)). IN (B)(6) 2016, THE PATIENT STARTED ALEVE TENS DEVICE DIRECT THERAPY UNIT, UNKMULTIPLE TREATMENT CYCLES. IN (B)(6) 2016, THE PATIENT STARTED ALEVE TENS GEL PAD AT AN UNSPECIFIED DOSE AND FREQUENCY. ON (B)(6) 2017, THE PATIENT EXPERIENCED MEDICAL DEVICE SITE BURN (SERIOUSNESS CRITERIA MEDICALLY SIGNIFICANT AND INTERVENTION REQUIRED), MEDICAL DEVICE SITE VESICLES (SERIOUSNESS CRITERIA MEDICALLY SIGNIFICANT AND INTERVENTION REQUIRED) AND MEDICAL DEVICE SITE DISCOMFORT (""THIS FELT A STRONGER ON MY BACK""). ALEVE TENS DEVICE DIRECT THERAPY UNIT WAS WITHDRAWN. ALEVE TENS GEL PAD WAS WITHDRAWN. AT THE TIME OF THE REPORT, THE MEDICAL DEVICE SITE BURN, MEDICAL DEVICE SITE VESICLES AND MEDICAL DEVICE SITE DISCOMFORT HAD NOT RESOLVED. THE REPORTER CONSIDERED MEDICAL DEVICE SITE BURN, MEDICAL DEVICE SITE DISCOMFORT AND MEDICAL DEVICE SITE VESICLES TO BE RELATED TO ALEVE TENS DEVICE DIRECT THERAPY UNIT AND ALEVE TENS GEL PAD. DIAGNOSTIC RESULTS (NORMAL RANGES ARE PROVIDED IN PARENTHESIS IF AVAILABLE): BODY MASS INDEX WAS (B)(6). QUALITY-SAFETY EVALUATION OF PTC: BASED ON THE TECHNICAL INVESTIGATION, PASSED PCBA AND HLA FUNCTIONAL TEST. NO DEVIATIONS OR NON-CONFORMANCES WERE NOTED DURING THE MANUFACTURING PROCESS AND DOCUMENTATION. MISSING REMOTE LABEL IS NOT CAUSED BY PLEXUS. DAMAGED MAIN UNIT BATTERY DOOR COVER IS NOT CAUSED BY PLEXUS. A PRODUCT QUALITY DEFECT WAS UNCONFIRMED, THEREFORE THE REPORTED EVENTS ARE UNLIKELY RELATED TO A PRODUCT QUALITY ISSUE. THIS COMPLAINT IS SUBJECT TO ROUTINE SIGNALING, TRENDING ACCORDING TO ESTABLISHED PROCEDURES. ANY NEED FOR A CORRECTIVE AND/OR PREVENTIVE ACTION DUE TO THE ADVERSE EVENT IS DETERMINED IN RESPONSE TO THE RESPECTIVE SIGNAL. QUALITY SAFETY EVALUATION OF PTC. UNCONFIRMED QUALITY DEFECT. IF NO SAMPLES ARE AVAILABLE AND NO BATCH DATA OF THE MEDICINAL PRODUCT OR MEDICAL DEVICE HAVE BEEN REPORTED IN THE CLOSED WITHOUT FURTHER INVESTIGATION. MOST RECENT FOLLOW-UP INFORMATION INCORPORATED ABOVE INCLUDES: ON 6-JUL-2017: QUALITY-SAFETY EVALUATION OF PTC. COMPANY CAUSALITY COMMENT: THIS SPONTANEOUS CASE WAS REPORTED BY A CONSUMER AND DESCRIBES THE OCCURRENCE OF MEDICAL DEVICE SITE INJURY (""MY SKIN LOOKS BURNED WHERE THE UNIT WAS / CAUSED SEVERE BURNS ON MY BACK"") AND MEDICAL DEVICE SITE VESICLES (""I HAVE BLISTERS WHERE THE UNIT WAS / CAUSED BLISTERS ON MY BACK"") IN A (B)(6) MALE PATIENT WHO RECEIVED ALEVE TENS DEVICE DIRECT THERAPY UNIT / ALEVE TENS GEL PAD FOR PAIN. THE EVENTS ARE CONSIDERED SERIOUS DUE TO MEDICAL IMPORTANCE AND INTERVENTION REQUIRED AND ARE UNLISTED IN THE REFERENCE SAFETY INFORMATION FOR ALEVE TENS. THE PATIENT'S CONCURRENT CONDITIONS INCLUDED BACK INJURY AND ALLERGY TO IODINE AND SEA FOOD. CONSUMER HAD BEEN USING THE DEVICE FOR ABOUT ONE MONTH WITH GOOD RESULTS AND NO OTHER PROBLEM WHEN HE HAD THE EVENTS. PATIENT VISITED A PHARMACIST WHO GAVE HIM HYDRO CREAM AND THE BURNS AND VESICLES WERE RECOVERING. IN THE CONTEXT OF THE REPORT, CONSIDERING THE CLOSE TEMPORAL RELATIONSHIP AND THE LACK OF ALTERNATIVE EXPLANATION FOR EVENTS, CAUSALITY OF ALEVE TENS AND ALEVE TENS GEL PAD CANNOT BE EXCLUDED. PTC INVESTIGATION DID NOT FIND NON-CONFORMANCES OR QUALITY DEFECTS.",TENS (over-the-counter)
6790254,82562186,D,1,,"THIS DISTRIBUTOR IS REPORTING THAT THEIR CUSTOMER HAS HAD TWO OF THESE DEVICES SHOCK PATIENTS. THEY COMPLAINED THE INTENSITY DROPS TO ZERO, THE DEVICES LOCK UP, AND THEY HAVE TO SHUT THEM OFF TO RESET THEM. THEIR ELECTRODES DO NOT FIT WELL ONTO THE LEAD WIRES, ALONG WITH THE PATIENT SHOCKS. THE PATIENT INVOLVED WITH THIS EVENT TOLD THE DOCTOR HE WAS BURNED. THIS PATIENT IS REPORTED AS HAVING FELT A SHOCK DURING TREATMENT, AND DISCOMFORT AFTER TREATMENT. THIS PATIENT DID SEEK MEDICAL ATTENTION FOR THIS INJURY, BUT IS REPORTED AS NEVER COMING BACK TO THIS PHYSICIAN'S OFFICE. THE DEVICE INVOLVED WITH THIS EVENT WAS RETURNED TO COMPASS HEALTH BRANDS AND EVALUATED ON 8/4/2017. THE CUSTOMER'S COMPLAINT COULD NOT BE DUPLICATED. THE RETURNED DEVICE WAS TESTED FOR PRODUCT PERFORMANCE, AND DETERMINED TO FALL WITHIN THE MANUFACTURER'S SPECIFICATIONS, AS DEFINED IN THE PRODUCT'S USER MANUAL.",TENS (prescription)
6804920,83050661,D,1,,THE DOCTOR STATES THAT A PATIENT WAS BURNED WHILE RECEIVING THERAPY WITH THIS PROFESSIONAL/CLINICAL DEVICE.,TENS (prescription)
6805849,83096241,D,1,,"INITIAL INFORMATION REGARDING THIS UNSOLICITED CASE FROM UNITED STATES WAS RECEIVED ON (B)(6)2017 FROM PATIENT'S WIFE. THIS CASE INVOLVES A MALE PATIENT OF UNKNOWN AGE, WHO ENDED UP WITH 2 BLISTERS ON HIS BACK AFTER RECEIVING TREATMENT WITH SMART RELIEF TENS THERAPY (ICY HOT SMART RELIEF TENS BACK PAIN THERAPY). PAST DRUGS, MEDICAL HISTORY AND CONCOMITANT MEDICATIONS WERE NOT REPORTED. ON (B)(6)2017, THE PATIENT STARTED THERAPY WITH SMART RELIEF TENS THERAPY AT AN UNSPECIFIED FREQUENCY (LOT/ BATCH NUMBER AND EXPIRY DATE: UNKNOWN) FOR HURTING BACK. IT WAS REPORTED THAT PATIENT USED SMART RELIEF TENS THERAPY FOR A BIT THAT DAY ((B)(6)2017) AND HE ENDED UP WITH 2 BLISTERS ON HIS BACK (ONSET DATE AND LATENCY: UNKNOWN). ACTION TAKEN: UNKNOWN. CORRECTIVE TREATMENT: NOT REPORTED. EVENT OUTCOME: UNKNOWN. SERIOUSNESS CRITERIA: IMPORTANT MEDICAL EVENT: A PRODUCT TECHNICAL COMPLAINT (PTC) WAS INITIATED WITH LOCAL PTC NUMBER: (B)(4).",TENS (over-the-counter)
6809011,83193497,D,1,,"PER THE CUSTOMER, ""I'VE RECEIVED A COUPLE OF COMPLAINTS ABOUT THIS ITEM. I'VE HAD TWO SEPARATE PEOPLE USE THEM AND GET BURNT FROM THE UNIT."" THE CUSTOMER STATED THAT NONE OF THE DEVICES WERE RETURNED, AND THEY WERE ALL CASH SALES, SO HE DOES NOT HAVE ANY CONSUMER NAMES OR ADDRESSES TO OBTAIN FURTHER INFORMATION FROM.",TENS (prescription)
6809037,83193501,D,1,,"PER THE CUSTOMER, ""I'VE RECEIVED A COUPLE OF COMPLAINTS ABOUT THIS ITEM. I'VE HAD TWO SEPARATE PEOPLE USE THEM AND GET BURNT FROM THE UNIT."" THE CUSTOMER STATED THAT NONE OF THE DEVICES WERE RETURNED, AND THEY WERE ALL CASH SALES, SO HE DOES NOT HAVE ANY CONSUMER NAMES OR ADDRESSES TO OBTAIN FURTHER INFORMATION FROM.",TENS (prescription)
6373445,83321734,N,1,,"THIS SPONTANEOUS CASE WAS REPORTED BY A CONSUMER AND DESCRIBES THE OCCURRENCE OF MEDICAL DEVICE SITE BURN (""MY SKIN LOOKS BURNED WHERE THE UNIT WAS / CAUSED SEVERE BURNS ON MY BACK"") AND MEDICAL DEVICE SITE VESICLES (""I HAVE BLISTERS WHERE THE UNIT WAS / CAUSED BLISTERS ON MY BACK"") IN A (B)(6) MALE PATIENT WHO RECEIVED ALEVE TENS DEVICE DIRECT THERAPY UNIT FOR PAIN. THE OCCURRENCE OF ADDITIONAL NON-SERIOUS EVENTS IS DETAILED BELOW. CO-SUSPECT PRODUCTS INCLUDED ALEVE TENS GEL PAD FOR PAIN. OTHER PRODUCT OR PRODUCT USE ISSUES IDENTIFIED: DEVICE USE ISSUE ""I USED THIS EVERYDAY FOR 3-4 WEEKS"", DEVICE USE ISSUE ""I USED THIS TO HELP A BACK INJURY"" AND THERAPEUTIC RESPONSE UNEXPECTED ""THIS HELPED MY BACK PAIN FROM AN INJURY"". MEDICAL CONDITIONS: THE PATIENT SAW A PHARMACIST WHO GAVE HIM AN HYDRO CREAM. CONCURRENT CONDITIONS INCLUDED IODINE ALLERGY, SEAFOOD ALLERGY AND BACK INJURY (THIRD BACK INJURY). CONCOMITANT PRODUCTS INCLUDED CARDIOVASCULAR SYSTEM DRUGS (BLOOD PRESSURE MEDICATION (NOS)). ON AN UNKNOWN DATE, THE PATIENT STARTED ALEVE TENS DEVICE DIRECT THERAPY UNIT. IN (B)(6) 2016, THE PATIENT STARTED ALEVE TENS GEL PAD AT AN UNSPECIFIED DOSE AND FREQUENCY. ON (B)(6) 2017, THE PATIENT EXPERIENCED MEDICAL DEVICE SITE BURN (SERIOUSNESS CRITERIA MEDICALLY SIGNIFICANT AND INTERVENTION REQUIRED), MEDICAL DEVICE SITE VESICLES (SERIOUSNESS CRITERIA MEDICALLY SIGNIFICANT AND INTERVENTION REQUIRED) AND MEDICAL DEVICE SITE DISCOMFORT (""THIS FELT A STRONGER ON MY BACK""). ALEVE TENS DEVICE DIRECT THERAPY UNIT WAS WITHDRAWN. ALEVE TENS GEL PAD WAS WITHDRAWN. AT THE TIME OF THE REPORT, THE MEDICAL DEVICE SITE BURN, MEDICAL DEVICE SITE VESICLES AND MEDICAL DEVICE SITE DISCOMFORT HAD NOT RESOLVED. THE REPORTER CONSIDERED MEDICAL DEVICE SITE BURN, MEDICAL DEVICE SITE DISCOMFORT AND MEDICAL DEVICE SITE VESICLES TO BE RELATED TO ALEVE TENS DEVICE DIRECT THERAPY UNIT AND ALEVE TENS GEL PAD. DIAGNOSTIC RESULTS (NORMAL RANGES ARE PROVIDED IN PARENTHESIS IF AVAILABLE): BODY MASS INDEX WAS (B)(6). QUALITY-SAFETY EVALUATION OF PTC: BASED ON THE TECHNICAL INVESTIGATION OF THE ALEVE TENS DEVICE REGARDING SERIAL # (B)(4), THE PRODUCT INVESTIGATION WAS NOT ABLE TO IDENTIFY ANY DEFECTS OR ISSUES WITH THE PRODUCT. THE RETURNED PRODUCT TESTED WITHIN THE PRODUCT SPECIFICATIONS. IN ADDITION A DEVICE HISTORY RECORD REVIEW WAS PERFORMED WHICH INDICATED THE PRODUCT WAS MANUFACTURED TO SPECIFICATIONS AND PASSED ALL QC TESTS; NO NON-CONFORMANCES OR DEVIATIONS WERE ASSOCIATED WITH THIS PRODUCT. ADDITION OF QUALITY-SAFETY EVALUATION AND PTC SOURCE DOCUMENT, UPDATE OF PTC GLOBAL NUMBER, ADDITION OF FDA EVALUATION CODES AND UPDATE OF LOT NUMBER BASED ON THE TECHNICAL INVESTIGATION OF THE ALEVE TENS GEL PAD, AN IN DEPTH PTC INVESTIGATION CANNOT BE CONDUCTED BY THE QUALITY UNIT AS A BATCH NUMBER OR SAMPLE WAS NOT PROVIDED. THE QUALITY UNIT EVALUATION WAS UNABLE TO CONFIRM THE COMPLAINT. MOST RECENT FOLLOW-UP INFORMATION INCORPORATED ABOVE INCLUDES: ON 3-AUG-2017: RESULTS OF QUALITY-SAFETY EVALUATION ADDED AND LOT NUMBER UPDATED. THIS SPONTANEOUS CASE WAS REPORTED BY A CONSUMER AND DESCRIBES THE OCCURRENCE OF MEDICAL DEVICE SITE INJURY (""MY SKIN LOOKS BURNED WHERE THE UNIT WAS / CAUSED SEVERE BURNS ON MY BACK"") AND MEDICAL DEVICE SITE VESICLES (""I HAVE BLISTERS WHERE THE UNIT WAS / CAUSED BLISTERS ON MY BACK"") IN A (B)(6) MALE PATIENT WHO RECEIVED ALEVE TENS DEVICE DIRECT THERAPY UNIT / ALEVE TENS GEL PAD FOR PAIN. THE EVENTS ARE CONSIDERED SERIOUS DUE TO MEDICAL IMPORTANCE AND INTERVENTION REQUIRED AND ARE UNLISTED IN THE REFERENCE SAFETY INFORMATION FOR ALEVE TENS. THE PATIENT'S CONCURRENT CONDITIONS INCLUDED BACK INJURY AND ALLERGY TO IODINE AND SEA FOOD. CONSUMER HAD BEEN USING THE DEVICE FOR ABOUT ONE MONTH WITH GOOD RESULTS AND NO OTHER PROBLEM WHEN HE HAD THE EVENTS. PATIENT VISITED A PHARMACIST WHO GAVE HIM HYDRO CREAM AND THE BURNS AND VESICLES WERE RECOVERING. IN THE CONTEXT OF THE REPORT, CONSIDERING THE CLOSE TEMPORAL RELATIONSHIP AND THE LACK OF ALTERNATIVE EXPLANATION FOR EVENTS, CAUSALITY OF ALEVE TENS AND ALEVE TENS GEL PAD CANNOT BE EXCLUDED. PTC INVESTIGATION DID NOT FIND NON-CONFORMANCES OR QUALITY DEFECTS, THE QUALITY UNIT EVALUATION WAS UNABLE TO CONFIRM THE COMPLAINT BASED ON THE RETURNED, TESTED ALEVE TENS DEVICE.",TENS (over-the-counter)
6710185,83324009,D,1,,"THE DEVICE INVOLVED WITH THIS EVENT WAS RETURNED TO COMPASS HEALTH BRANDS AND EVALUATED ON 7/14/2017. THE CUSTOMER'S COMPLAINT WAS UNABLE TO BE DUPLICATED. THE DEVICE WAS TESTED FOR PRODUCT PERFORMANCE, AND WAS DETERMINED TO FALL WITHIN THE MANUFACTURER'S SPECIFICATIONS, AS DEFINED IN THE PRODUCT'S USER MANUAL.",TENS (prescription)
6457545,83324421,N,1,,"THIS SPONTANEOUS CASE WAS REPORTED BY A CONSUMER AND DESCRIBES THE OCCURRENCE OF MEDICAL DEVICE SITE BURN (""CAUSE MY BACK TO BURN""), MEDICAL DEVICE SITE SCAR (""DID LEAVE BURN MARKS / I HAVE A BROWN STAIN ON BACK FROM BURN / BURN CAUSED LARGE MARKINGS"") AND PARAESTHESIA (""I HAVE TINGLING SENSATION ON SKIN WHERE THE BURN MARK USED"") IN A (B)(6) FEMALE PATIENT WHO RECEIVED ALEVE TENS DEVICE DIRECT THERAPY UNIT FOR DEGENERATIVE DISC DISEASE. CO-SUSPECT PRODUCTS INCLUDED ALEVE TENS GEL PAD (BATCH NO. 609239). OTHER PRODUCT OR PRODUCT USE ISSUES IDENTIFIED: DEVICE USE ISSUE ""I USED ALEVE TENS TO TREAT DEGENERATIVE DISK PAIN"", DEVICE DEFECTIVE ""DEVICE DID NOT RESPOND TO LOWERING OR SHUTTING OFF / I PURCHASED A DEFECTIVE ALLEVE TENS UNIT"" AND DEVICE STIMULATION ISSUE ""ALEVE TENS RESPONDED WITH AN ELECTRIC SHOCK"" (SERIOUSNESS CRITERION MEDICALLY SIGNIFICANT). THE PATIENT'S CONCURRENT CONDITIONS INCLUDED DEGENERATIVE DISC DISEASE SINCE 2002. ON AN UNKNOWN DATE, THE PATIENT STARTED ALEVE TENS GEL PAD. ON AN UNKNOWN DATE, THE PATIENT STARTED ALEVE TENS DEVICE DIRECT THERAPY UNIT. ON AN UNKNOWN DATE, THE PATIENT EXPERIENCED MEDICAL DEVICE SITE BURN (SERIOUSNESS CRITERION MEDICALLY SIGNIFICANT), MEDICAL DEVICE SITE SCAR (SERIOUSNESS CRITERION MEDICALLY SIGNIFICANT) AND PARAESTHESIA (SERIOUSNESS CRITERION MEDICALLY SIGNIFICANT). THE PATIENT WAS TREATED WITH MICONAZOLE NITRATE (NEOSPORIN AF). ALEVE TENS DEVICE DIRECT THERAPY UNIT WAS WITHDRAWN. AT THE TIME OF THE REPORT, THE MEDICAL DEVICE SITE BURN OUTCOME WAS UNKNOWN, THE MEDICAL DEVICE SITE SCAR HAD RESOLVED AND THE PARAESTHESIA HAD NOT RESOLVED. THE REPORTER CONSIDERED MEDICAL DEVICE SITE BURN, MEDICAL DEVICE SITE SCAR AND PARAESTHESIA TO BE RELATED TO ALEVE TENS DEVICE DIRECT THERAPY UNIT. THE REPORTER PROVIDED NO CAUSALITY ASSESSMENT FOR MEDICAL DEVICE SITE BURN, MEDICAL DEVICE SITE SCAR AND PARAESTHESIA WITH ALEVE TENS GEL PAD. THE REPORTER COMMENTED: CONSUMER REPORTED START DATE FOR DEVICE AS OVER THE SUMMER. SHE REPORTED SHE USED THE PRODUCT APPROXIMATELY 3 TIMES A WEEK UNTIL A FEW MONTHS AGO. SHE REPORTED NO CONCOMITANT PRODUCT USE. DIAGNOSTIC RESULTS (NORMAL RANGES ARE PROVIDED IN PARENTHESIS IF AVAILABLE): (B)(6). QUALITY-SAFETY EVALUATION OF PTC FOR ALEVE TENS DEVICE DIRECT THERAPY UNIT FROM 11-JUL-2017: BATCH DOCUMENTATION HAS BEEN REVIEWED FOR ALEVE TENS DEVICE AND GEL PADS. ALL DEVIATIONS AND NON-CONFORMANCES HAVE ALSO BEEN REVIEWED BY BAYER QUALITY ASSURANCE TO IDENTIFY POTENTIAL PRODUCT QUALITY CONCERNS, WITH NONE IDENTIFIED FOR THE APPLICABLE LOT. THE PURPORTED DEVICE WAS NOT RETURNED FOR EVALUATION. WITHOUT A RETURNED SAMPLE, NO FURTHER INVESTIGATION IS POSSIBLE. THIS ISSUE WILL BE MONITORED AND TRENDED TO POTENTIALLY IDENTIFY NEW FAILURE MODES. THE OUTCOME OF THE INVESTIGATION RESULTED IN AN UNCONFIRMED QUALITY DEFECT. THIS COMPLAINT IS SUBJECT TO ROUTINE SIGNALING, TRENDING ACCORDING TO ESTABLISHED PROCEDURES. ANY NEED FOR A CORRECTIVE AND/OR PREVENTIVE ACTION DUE TO THE ADVERSE EVENT IS DETERMINED IN RESPONSE TO THE RESPECTIVE SIGNAL. MOST RECENT FOLLOW-UP INFORMATION INCORPORATED ABOVE INCLUDES: ON 11-JUL-2017: QUALITY-SAFETY EVALUATION OF PTC FOR ALEVE TENS DEVICE DIRECT THERAPY UNIT: UNCONFIRMED QUALITY DEFECT. UPON RECEIPT OF PTC INVESTIGATION RESULTS, THE SUSPECT DRUG ALEVE TENS GEL PAD WAS ADDED FOR THE LOT NUMBER 609239. COMPANY CAUSALITY COMMENT: THIS SPONTANEOUS CASE REPORTED BY A CONSUMER DESCRIBED THE OCCURRENCE OF ALEVE TENS RESPONDED WITH AN ELECTRIC SHOCK, MEDICAL DEVICE SITE INJURY (""CAUSE MY BACK TO BURN""), SCAR (""DID LEAVE BURN MARKS / I HAVE A BROWN STAIN ON BACK FROM BURN"") AND PARAESTHESIA (""I HAVE TINGLING SENSATION ON SKIN WHERE THE BURN MARK USED"") IN A (B)(6) FEMALE PATIENT WHO WAS USING ALEVE TENS DEVICE DIRECT THERAPY UNIT AND ALEVE TENS GEL PAD TO TREAT DEGENERATIVE DISK PAIN (UNAPPROVED INDICATION). THESE EVENTS ARE SERIOUS DUE TO MEDICAL IMPORTANCE AND UNLISTED IN THE REFERENCE SAFETY INFORMATION FOR ALEVE TENS. MEDICAL EVENTS BURN, BURN MARKS AND PARESTHESIA WERE REPORTED IN ASSOCIATION WITH A DEVICE DEFECTIVE (DEVICE DID NOT RESPOND TO LOWERING OR SHUTTING OFF / I PURCHASED A DEFECTIVE ALEVE TENS UNIT). PATIENT REPORTED THAT DEVICE DID NOT RESPOND TO LOWERING OR SHUTTING OFF AND IT RESPONDED WITH AN ELECTRIC SHOCK. IN THIS CONTEXT, CONSIDERING THE MECHANISM OF ACTION OF DEVICE, COMPATIBLE TEMPORAL RELATIONSHIP AND THE LACK OF ALTERNATIVE EXPLANATION FOR EVENTS, CAUSALITY OF ALEVE TENS CANNOT BE EXCLUDED. FURTHER INFORMATION WILL BE REQUESTED. THIS CASE WAS REGARDED AS OTHER REPORTABLE INCIDENT. THE PTC INVESTIGATION WAS INITIATED AND THE OUTCOME OF THE INVESTIGATION RESULTED IN AN UNCONFIRMED QUALITY DEFECT, FINAL RISK CATEGORY V.",TENS (over-the-counter)
6848815,85139713,D,1,,"BASED ON ADDITIONAL INFORMATION RECEIVED ON 08-AUG- 2017, THIS CASE WAS UPGRADED TO SERIOUS FROM NONSERIOUS (EVENTS OF PIECE OF SKIN CAME OFF DESCRIBED AS CLOSER TO THE SIZE OF A DIME, HAD STINGING, APPLICATION SITE BURNING WERE ADDED, SERIOUSNESS CRITERIA: IMPORTANT MEDICAL EVENT WAS ADDED) INITIAL INFORMATION REGARDING THIS UNSOLICITED CASE FROM UNITED STATES WAS RECEIVED FROM A NON-HEALTHCARE PROFESSIONAL ON 04-AUG-2017. THIS CASE INVOLVES A FEMALE PATIENT OF UNSPECIFIED AGE, WHOSE PIECE OF SKIN CAME OFF DESCRIBED AS CLOSER TO THE SIZE OF A DIME, HAD STINGING, APPLICATION SITE BURNING (REPORTED AS BURN-THERMAL) AFTER STARTED USING SMART RELIEF TENS THERAPY (ICY HOT SMART RELIEF TENS BACK PAIN THERAPY). THE PATIENT HAD BACK SURGERY ON L4, L5 AND S1 (LOWER REGION HALF WAY OVER BY HER HIP) IN 1992 AND AGAIN IN 2001 PRIOR TO USE OF THE DEVICE. PAST DRUGS AND CONCOMITANT MEDICATIONS WERE NOT REPORTED. ON UNKNOWN DATE, THE PATIENT USED SMART RELIEF TENS THERAPY AT AN UNSPECIFIED FREQUENCY (LOT/BATCH NUMBER: 178105 AND EXPIRY DATE: 31-MAY-2019) FOR BACK PAIN. ELECTRODE PAD LOT NUMBER: B-16-09-12, EXPIRY DATE: 31- MAY-2019, SERIAL NUMBER: (B)(4). REPORTEDLY, THE PATIENT HAD A BURN THERMAL ON (B)(6) 2017 (LATENCY: UNKNOWN), AFTER USING THE SMART RELIEF TENS THERAPY. THE REPORTER STATED THE EVENT WAS RELATED TO BURNS. THE PATIENT'S PIECE OF SKIN CAME OFF AND HAD STINGING (ONSET DATE AND LATENCY: UNKNOWN) BURNING SENSATION AFTER STARTING SMART RELIEF TENS THERAPY. THE PATIENT BOUGHT IT AND SHE USED IT WHEN SHE GOT HOME LAST NIGHT BETWEEN 2:30 AM AND 3:00 AM. THE REPORTER USED THE DEVICE IN A ROLLING DESK CHAIR. THE REPORTER TOUCHED THE DEVICE AND COULD FEEL THE SENSATION WHEN THE PATIENT WENT TO REMOVE THE ELECTRODE PAD, SHE NOTICED A BURNING SENSATION. SHE ALSO NOTICED A STINGING BURNING SENSATION. AFTER TAKING THE DEVICE OFF, A PIECE OF HER SKIN CAME OFF, DESCRIBED AS CLOSER TO THE SIZE OF A DIME (ONSET DATE AND LATENCY: UNKNOWN). SHE HAD CHECKED THE ELECTRODE PAD WAS UNABLE TO LOCATE THE PIECE OF SKIN. THE REPORTER PROVIDED THE DEVICE WAS PLACED ABOVE HER BUTT CHECK HALFWAY ACROSS THE SPINE TO THE HIP ON THE RIGHT SIDE, ABOUT WHERE THE WAISTLINE WAS FOR JEANS. IT WAS VERIFIED THAT THE DEVICE WAS NOT PLACED OVER THE SPINE. ACTION TAKEN: UNKNOWN. CORRECTIVE TREATMENT: NOT REPORTED. OUTCOME: UNKNOWN FOR ALL THE EVENTS. SERIOUSNESS CRITERIA: IMPORTANT MEDICAL EVENT FOR ALL THE EVENTS ADDITIONAL INFORMATION WAS RECEIVED ON 08-AUG-2017, THIS CASE WAS UPGRADED TO SERIOUS FROM NON-SERIOUS (EVENTS OF PIECE OF SKIN CAME OFF DESCRIBED AS CLOSER TO THE SIZE OF A DIME, HAD STINGING, APPLICATION SITE BURNING WERE ADDED, SERIOUSNESS CRITERIA: IMPORTANT MEDICAL EVENT WAS ADDED). EVENT VERBATIM UPDATED TO BURN-THERMAL. LOT BATCH DETAILS AND GENDER UPDATED. MEDICAL HISTORY ADDED. CLINICAL COURSE UPDATED. TEXT AMENDED ACCORDINGLY.",TENS (over-the-counter)
6859873,85902525,D,1,,"PATIENT SENT AN EMAIL ON (B)(6) 2017 AFTER HIS FIRST TRIAL IN THE REWALK ON (B)(6) 2017 AT SHARP REHAB REPORTING SWELLING IN HIS KNEES. HE SPENT 1.5 HOURS IN THE DEVICE, PERFORMING BALANCE AND WALKED 300 FT. NO SYMPTOMS NOTED IMMEDIATELY AFTER WALKING. HE SAYS HE TYPICALLY HAS VERY ""SKINNY"" KNEES.",Powered exoskeleton
6848815,85934448,D,1,,"THE CASE ((B)(6)) WAS FOUND TO BE A DUPLICATE TO THE CASE ((B)(6)). HENCE THE CASE (B)(6) QUALIFIES FOR DELETION. THE ADDITIONAL INFORMATION OF THE CASE (B)(6) HAS BEEN INCORPORATED IN THE ACTIVE CASE. BASED ON ADDITIONAL INFORMATION RECEIVED ON 08-AUG- 2017, THIS CASE WAS UPGRADED TO SERIOUS FROM NONSERIOUS (EVENTS OF PIECE OF SKIN CAME OFF DESCRIBED AS CLOSER TO THE SIZE OF A DIME, HAD STINGING, APPLICATION SITE BURNING WERE ADDED, SERIOUSNESS CRITERIA: IMPORTANT MEDICAL EVENT WAS ADDED) INITIAL INFORMATION REGARDING THIS UNSOLICITED CASE FROM UNITED STATES WAS RECEIVED FROM A NON-HEALTHCARE PROFESSIONAL ON 04-AUG-2017. THIS CASE INVOLVES A FEMALE PATIENT OF UNSPECIFIED AGE, WHOSE PIECE OF SKIN CAME OFF DESCRIBED AS CLOSER TO THE SIZE OF A DIME (TISSUE DAMAGE), HAD STINGING, APPLICATION SITE BURNING (REPORTED AS BURN-THERMAL) AFTER STARTED USING SMART RELIEF TENS THERAPY (ICY HOT SMART RELIEF TENS BACK PAIN THERAPY). THE PATIENT HAD BACK SURGERY ON L4, L5 AND S1 (LOWER REGION HALF WAY OVER BY HER HIP) IN 1992 AND AGAIN IN 2001 PRIOR TO USE OF THE DEVICE. PAST DRUGS AND CONCOMITANT MEDICATIONS WERE NOT REPORTED. ON UNKNOWN DATE, THE PATIENT USED SMART RELIEF TENS THERAPY AT AN UNSPECIFIED FREQUENCY (LOT/BATCH NUMBER: 178105 AND EXPIRY DATE: 31-MAY-2019) FOR BACK PAIN. ELECTRODE PAD LOT NUMBER: B-16-09-12, EXPIRY DATE: 31-MAY- 2019, SERIAL NUMBER: (B)(4). REPORTEDLY, THE PATIENT HAD A BURN THERMAL ON (B)(6) 2017 (LATENCY: UNKNOWN), AFTER USING THE SMART RELIEF TENS THERAPY. THE REPORTER STATED THE EVENT WAS RELATED TO BURNS. THE PATIENT'S PIECE OF SKIN CAME OFF AND HAD STINGING (ONSET DATE AND LATENCY: UNKNOWN) BURNING SENSATION AFTER STARTING SMART RELIEF TENS THERAPY. THE PATIENT BOUGHT IT AND SHE USED IT WHEN SHE GOT HOME LAST NIGHT BETWEEN 2:30 AM AND 3:00 AM. THE REPORTER USED THE DEVICE IN A ROLLING DESK CHAIR. THE REPORTER TOUCHED THE DEVICE AND COULD FEEL THE SENSATION WHEN THE PATIENT WENT TO REMOVE THE ELECTRODE PAD, SHE NOTICED A BURNING SENSATION. SHE ALSO NOTICED A STINGING BURNING SENSATION. AFTER TAKING THE DEVICE OFF, A PIECE OF HER SKIN CAME OFF, DESCRIBED AS CLOSER TO THE SIZE OF A DIME (ONSET DATE AND LATENCY: UNKNOWN). SHE HAD CHECKED THE ELECTRODE PAD WAS UNABLE TO LOCATE THE PIECE OF SKIN. THE REPORTER PROVIDED THE DEVICE WAS PLACED ABOVE HER BUTT CHECK HALFWAY ACROSS THE SPINE TO THE HIP ON THE RIGHT SIDE, ABOUT WHERE THE WAISTLINE WAS FOR JEANS. IT WAS VERIFIED THAT THE DEVICE WAS NOT PLACED OVER THE SPINE. PATIENT HAD TISSUE DAMAGE AND EXPERIENCED BURN-THERMAL. QA REVIEW WAS PERFORMED AND INVESTIGATION FINDINGS WERE REPORTED AS 'THIS PRODUCT MEETS THE MONOGRAPH STANDARD. ALL SPECIFICATIONS HAVE BEEN MET AND QUALITY REPORTS DO NOT REVEAL ANY ISSUES WITH THIS PRODUCT. COMPLAINTS PERTAINING TO CONSUMER ADVERSE EVENTS ARE TRENDED AND PRESENTED TO MANAGEMENT MONTHLY. IN THE ABSENCE OF THE PRODUCT FORMULATION, LOT NUMBER, AND COMPLAINT SAMPLE; NO FURTHER QA INVESTIGATION IS POSSIBLE. ' ACTION TAKEN: UNKNOWN. CORRECTIVE TREATMENT: NOT REPORTED. OUTCOME: UNKNOWN FOR ALL THE EVENTS. REPORTER CAUSALITY DESCRIPTION: RELATED SERIOUSNESS CRITERIA: IMPORTANT MEDICAL EVENT FOR ALL THE EVENTS ADDITIONAL INFORMATION WAS RECEIVED ON 08-AUG-2017, THIS CASE WAS UPGRADED TO SERIOUS FROM NON-SERIOUS (EVENTS OF PIECE OF SKIN CAME OFF DESCRIBED AS CLOSER TO THE SIZE OF A DIME, HAD STINGING, APPLICATION SITE BURNING WERE ADDED, SERIOUSNESS CRITERIA: IMPORTANT MEDICAL EVENT WAS ADDED). EVENT VERBATIM UPDATED TO BURN-THERMAL. LOT BATCH DETAILS AND GENDER UPDATED. MEDICAL HISTORY ADDED. CLINICAL COURSE UPDATED. TEXT AMENDED ACCORDINGLY. ADDITIONAL INFORMATION WAS RECEIVED FROM A CONSUMER AND THE QUALITY DEPARTMENT ON 10-AUG-2017: EVENT VERBATIM UPDATED TO PIECE OF SKIN CAME OFF DESCRIBED AS CLOSER TO THE SIZE OF A DIME (TISSUE DAMAGE). QA FINDING ADDED. THE CASE ((B)(6)) WAS FOUND TO BE A DUPLICATE TO THE CASE ((B)(6)). HENCE THE CASE (B)(6) QUALIFIES FOR DELETION. THE ADDITIONAL INFORMATION OF THE CASE (B)(6) HAS BEEN INCORPORATED IN THE ACTIVE CASE. TEXT AMENDED ACCORDINGLY. PHARMACOVIGILANCE COMMENT: SANOFI COMPANY COMMENT DATED 10-08-2017:THIS CASE CONCERNS A FEMALE PATIENT WHO EXPERIENCED EXFOLIATION AT APPLICATION SITE WHILST BEING ON THE DEVICE SMART RELIEF TENS THERAPY. THE CAUSAL ROLE OF SUSPECT DEVICE CANNOT BE RULED OUT , HOWEVER THIS CASE LACKS INFORMATION REGARDING THE CONDITION OF THE SKIN AT THE CONTACT AREA PRIOR TO APPLYING THE DEVICE IF WET, DRY OR OPEN WOUNDS AND FURTHERMORE THE PICTURES OF THE BURN AREA WHICH ARE YET NOT AVAILABLE WOULD PROVIDE THE COMPREHENSIVE ASSESSMENT OF THE CASE.",TENS (over-the-counter)
6550912,86716090,N,1,,ELECTRODE PAD LOT NUMBER: B-16-09-12 EXP: 05/31/2019. SERIAL NUMBER: (B)(4).,TENS (over-the-counter)
6550912,86716091,D,1,,"UPON INTERNAL REVIEW ON 21-AUG-2017, CONFIRMATION WAS RECEIVED ON 17-AUG-2017, THE CASE (B)(4) WAS FOUND TO BE A DUPLICATE TO THE CASE (B)(4). HENCE THE CASE (B)(4) QUALIFIES FOR DELETION. ALL RELEVANT INFORMATION IN THE CASE (B)(4) HAS BEEN MERGED INTO THIS CASE. THIS UNSOLICITED CASE FROM UNITED STATES WAS RECEIVED ON 20-APR-2017 FROM THE CONSUMER. THIS CASE INVOLVES A FEMALE PATIENT OF UNSPECIFIED AGE WHOSE PIECE OF SKIN CAME OFF DESCRIBED AS CLOSER TO THE SIZE OF A DIME (TISSUE DAMAGE) AND HAD STINGING BURNING SENSATION AFTER STARTING SMART RELIEF TENS THERAPY (ICY HOT SMART RELIEF TENS THERAPY BACK PAIN THERAPY) THE PATIENT HAD BACK SURGERY ON L4, L5 AND S1 (LOWER REGION HALF WAY OVER BY HER HIP) IN 1992 AND AGAIN IN 2001 PRIOR TO USE OF THE DEVICE. NO CONCOMITANT MEDICATIONS, PAST DRUGS AND CONCURRENT CONDITIONS WERE REPORTED. ON (B)(6) 2017, THE PATIENT COMMENCED TREATMENT WITH SMART RELIEF TENS THERAPY (LOT/BATCH NUMBER: 178105 AND EXPIRY DATE: 31-MAY-2019 AND FREQUENCY NOT REPORTED) FOR BACK PAIN. ELECTRODE PAD LOT NUMBER: B-16-09-12, EXPIRY DATE: 31-MAY-2019, SERIAL NUMBER: (B)(4). THE PATIENT BOUGHT IT AND SHE USED IT WHEN SHE GOT HOME LAST NIGHT BETWEEN 2:30 AM AND 3:00 AM. THE REPORTER USED THE DEVICE IN A ROLLING DESK CHAIR. THE REPORTER TOUCHED THE DEVICE AND COULD FEEL THE SENSATION. WHEN THE PATIENT WENT TO REMOVE THE ELECTRODE PAD, SHE NOTICED A BURNING SENSATION. SHE ALSO NOTICED A STINGING BURNING SENSATION (LATENCY: SAME DAY) AFTER TAKING THE DEVICE OFF. A PIECE OF HER SKIN CAME OFF (LATENCY: SAME DAY). DESCRIBED AS CLOSER TO THE SIZE OF A DIME. SHE HAD CHECKED THE ELECTRODE PAD AND WAS UNABLE TO LOCATE THE PIECE OF SKIN. THE REPORTER PROVIDED THE DEVICE WAS PLACED ABOVE HER BUTT CHECK HALFWAY ACROSS THE SPINE TO THE HIP ON THE RIGHT SIDE, ABOUT WHERE THE WAISTLINE WAS FOR JEANS. IT WAS VERIFIED THAT THE DEVICE WAS NOT PLACED OVER THE SPINE. PATIENT HAD TISSUE DAMAGE, BURN-THERMAL AND BURNING SENSATION. REPORTEDLY, THE PATIENT HAD A BURN THERMAL ON (B)(6) 2017, AFTER USING THE SMART RELIEF TENS THERAPY. THE REPORTER STATED THE EVENT WAS RELATED TO BURNS BUT WAS UNABLE TO PROVIDE ANY OTHER INFORMATION. ACTION TAKEN: UNKNOWN. CORRECTIVE TREATMENT: NOT REPORTED. OUTCOME: UNKNOWN FOR BOTH EVENTS. QA REVIEW WAS PERFORMED AND INVESTIGATION FINDINGS WERE REPORTED AS 'THIS PRODUCT MEETS THE MONOGRAPH STANDARD. ALL SPECIFICATIONS HAVE BEEN MET AND QUALITY REPORTS DO NOT REVEAL ANY ISSUES WITH THIS PRODUCT. COMPLAINTS PERTAINING TO CONSUMER ADVERSE EVENTS ARE TRENDED AND PRESENTED TO MANAGEMENT MONTHLY. IN THE ABSENCE OF THE PRODUCT FORMULATION, LOT NUMBER, AND COMPLAINT SAMPLE; NO FURTHER QA INVESTIGATION IS POSSIBLE. ' SERIOUSNESS CRITERIA: IMPORTANT MEDICAL EVENT FOR BOTH EVENTS. ADDITIONAL INFORMATION WAS RECEIVED FROM QUALITY DEPARTMENT ON 09-MAY-2017: QA REVIEW FINDINGS ADDED. TEXT UPDATED ACCORDINGLY. UPON INTERNAL REVIEW ON 21-AUG-2017, CONFIRMATION WAS RECEIVED ON 17-AUG-2017, THE CASE (B)(4) WAS FOUND TO BE A DUPLICATE TO THE CASE (B)(4). HENCE THE CASE (B)(4) QUALIFIES FOR DELETION. ALL RELEVANT INFORMATION IN THE CASE (B)(4) HAS BEEN MERGED INTO THIS CASE AS FOLLOWS: EVENT VERBATIM UPDATED TO PIECE OF SKIN CAME OFF DESCRIBED AS CLOSER TO THE SIZE OF A DIME (TISSUE DAMAGE) (FORMERLY CAPTURED AS PIECE OF HER SKIN CAME OFF). TEXT AMENDED. PHARMACOVIGILANCE COMMENT: SANOFI COMPANY COMMENT DATED 15-05-2017: THIS CASE CONCERNS A FEMALE PATIENT WHO EXPERIENCED EXFOLIATION AT APPLICATION SITE WHILST BEING ON THE DEVICE SMART RELIEF TENS THERAPY. THE CAUSAL ROLE OF SUSPECT DEVICE CANNOT BE RULED OUT , HOWEVER THIS CASE LACKS INFORMATION REGARDING THE CONDITION OF THE SKIN AT THE CONTACT AREA PRIOR TO APPLYING THE DEVICE IF WET, DRY OR OPEN WOUNDS AND FURTHERMORE THE PICTURES OF THE BURN AREA WHICH ARE YET NOT AVAILABLE WOULD PROVIDE THE COMPREHENSIVE ASSESSMENT OF THE CASE.",TENS (over-the-counter)
6879512,86754976,D,1,,"THIS USER IS REPORTED AS ALMOST CONSISTENTLY HAVING USED IF-4P. THIS USER WAS BURNT. THIS USER HAD A PLANNED VACATION AND WENT SWIMMING IN THE OCEAN AFTER HAVING BEEN BURNT, AND MAY HAVE ACQUIRED A STAPH INFECTION. THE USER WENT TO A DOCTOR FOLLOWING THIS EVENT - NO FURTHER INFORMATION REGARDING THIS VISIT WAS ABLE TO BE OBTAINED. THE USER IS REPORTED AS HAVING NOTICED DISCOMFORT DURING TREATMENT, BUT NOT ENOUGH TO WHERE HE NOTIFIED ANYONE - THE CURRENT IS REPORTED AS HAVING FELT STRONGER. THE BURN WAS NOTICED WHEN THE ELECTRODES WERE REMOVED. THE BURNS ARE REPORTED AS STILL BEING EVIDENT. (ITEM NUMBER DQ8432 NO LONGER AVAILABLE - REFERENCE ITEM NUMBER DQ8450.)",TENS (prescription)
6629035,86915813,D,1,,"INITIAL INFORMATION REGARDING THIS UNSOLICITED CASE FROM UNITED STATES WAS RECEIVED FROM THE PATIENT ON 30- MAY-2017. THIS CASE INVOLVES FEMALE PATIENT OF UNKNOWN AGE, WHO EXPERIENCED ATRIAL FIBRILLATION, AFTER STARTING TREATMENT WITH SMART RELIEF TENS THERAPY (ICY HOT SMART RELIEF TENS BACK PAIN THERAPY). MEDICAL HISTORY INCLUDED: ATRIAL FIBRILLATION. PAST DRUGS AND CONCOMITANT MEDICATIONS WERE NOT REPORTED. ON AN UNKNOWN DATE, THE PATIENT STARTED THERAPY WITH SMART RELIEF TENS THERAPY AT AN UNSPECIFIED FREQUENCY (LOT/BATCH NUMBER AND EXPIRY DATE: UNKNOWN) FOR BACK PAIN. THE PATIENT STATED SHE HAD A FIB (ATRIAL FIBRILLATION), AND HAD IT BEFORE USING THE SMART RELIEF. SHE STATED SHE HAD A QUICK BOUT OF A-FIB (ONSET DATE: UNKNOWN) ABOUT 40 MINUTES AFTER USING THE TENS, BUT SHE SAID IT WAS NORMAL FOR HER TO GET IT SPORADICALLY. SHE WANTED TO BE SURE IT WAS NOT CAUSED BY THE SMART RELIEF. ACTION TAKEN: UNKNOWN. CORRECTIVE TREATMENT: NOT REPORTED. OUTCOME: UNKNOWN. QA REVIEW WAS PERFORMED AND INVESTIGATION FINDINGS WERE REPORTED AS 'ALL RETAINS ARE EXAMINED FOR CORRECT PACKAGING, SEAL, MISSING COMPONENTS, WORKING CONTROL UNIT, LEGIBILITY OF LOT NUMBERS /EXPIRATION DATE, CORRECT LABEL AND FOREIGN MATTER. NO ANOMALIES WERE FOUND THAT COULD CONTRIBUTE TO THIS COMPLAINT'. SERIOUSNESS CRITERIA: IMPORTANT MEDICAL EVENT ADDITIONAL INFORMATION WAS RECEIVED FROM THE QUALITY DEPARTMENT ON 30-MAY-2017. QA REVIEW FINDINGS WERE ADDED. TEXT AMENDED ACCORDINGLY. PHARMACOVIGILANCE COMMENT: SANOFI COMPANY COMMENT FOR FOLLOW UP DATED 30-05-2017: THE NEW FOLLOW UP INFORMATION RECEIVED DOES NOT CHANGE THE PREVIOUS CASE ASSESSMENT. SANOFI COMPANY COMMENT DATED 02-05-2017: THIS CASE CONCERNS A FEMALE PATIENT OF UNKNOWN AGE WHO EXPERIENCED ATRIAL FIBRILLATION AFTER THE USE OF THE DEVICE; SMART RELIEF TENS THERAPY USED FOR BACK PAIN. THE CAUSAL ROLE OF SUSPECT DEVICE CANNOT BE DENIED FOR THE REPORTED EVENT; HOWEVER THIS CASE LACKS INFORMATION REGARDING THE CONDITION OF THE SKIN AT THE CONTACT AREA PRIOR TO APPLYING THE DEVICE LEADS (E.G., WET, DRY, OPEN WOUNDS) AND PATIENT'S MEDICAL HISTORY OF ATRIAL FIBRILLATION FOR UNKNOWN DURATION IS A CONFOUNDER FOR THE EVENT.",TENS (over-the-counter)
6899945,87591903,D,1,,"INITIAL INFORMATION REGARDING THIS UNSOLICITED CASE FROM UNITED STATES WAS RECEIVED FROM A PATIENT ON (B)(6) 2017. THIS CASE CONCERNS A FEMALE PATIENT OF UNSPECIFIED AGE WHO HAD BLISTERED, SKIN COMING OFF, BURNS AND SKIN WAS RAW AFTER USING SMART RELIEF TENS THERAPY (SMART RELIEF TENS THERAPY BACK). SHE HAD IMPLANTED TEETH (METALLIC IMPLANT). NO PAST DRUGS AND CONCOMITANT MEDICATION WERE REPORTED. ON AN UNKNOWN DATE, THE PATIENT COMMENCED THERAPY WITH SMART RELIEF TENS THERAPY AT AN UNSPECIFIED FREQUENCY (LOT/BATCH NUMBER: 17E111 AND EXPIRY DATE: 31-JUL-2019; INDICATION NOT REPORTED). THE CONTROL UNIT SERIAL NUMBER: (B)(4). THE PATIENT HAD BURNS AFTER USING THE SMART RELIEF TENS. IT WAS REPORTED THAT HER SKIN WAS RAW AND BLISTERED WITH SKIN COMING OFF HER HIP (ONSET DATE AND LATENCY NOT REPORTED FOR ALL EVENTS) AFTER USING THE SMART RELIEF TENS THERAPY. SHE WENT TO THE DOCTOR AND HE GAVE HER SOME MEDICINAL OINTMENT AND BANDAGED THE AREA (CORRECTIVE TREATMENT FOR APPLICATION SITE PEELING AND SKIN TEXTURE ABNORMAL). ACTION TAKEN: PERMANENTLY DISCONTINUED. CORRECTIVE TREATMENT: MEDICAL OINTMENT FOR BURNS AND BLISTERS. OUTCOME: UNKNOWN. SERIOUSNESS CRITERIA: IMPORTANT MEDICAL HISTORY (BLISTERED, BURN AND SKIN COMING OFF).",TENS (over-the-counter)
6899928,87592654,D,1,,"INITIAL INFORMATION REGARDING THIS UNSOLICITED CASE FROM UNITED STATES WAS RECEIVED FROM A PATIENT ON (B)(6) 2017. THIS CASE CONCERNS A FEMALE PATIENT OF UNSPECIFIED AGE WHO COMPLAINED THAT SMART RELIEF TENS THERAPY (ICY HOT SMART RELIEF TENS THERAPY) PADS WERE PEELING SKIN ON HER HIP AREA AROUND THE CHEEK OF HER BUTT, IT HURT THE FIRST DAY, THEN THE SECOND DAY IT WAS WORSE AND HAD RED SPOTS WHERE THE PADS WERE PULLED OFF. NO PAST DRUGS, RELEVANT MEDICAL HISTORY OR CONCURRENT CONDITIONS AND CONCOMITANT MEDICATIONS WERE REPORTED. IT WAS REPORTED THAT THE PATIENTS SON RECOMMEND SMART RELIEF TENS THERAPY FOR HER ERRATIC NERVE. ON (B)(6) 2017, THE PATIENT STARTED USING SMART RELIEF TENS THERAPY AT AN UNSPECIFIED FREQUENCY (LOT/BATCH NUMBER: 17E111 AND EXPIRY DATE 31-JUL-2019) FOR ERRATIC NERVE. THE ELECTRODE PAD LOT/BATCH NUMBER: B-17-01-08, EXPIRY DATE: 30-SEP-2019 AND UNIT SERIAL NUMBER WAS (B)(4). ON THE SAME DAY ((B)(6) 2017), THE PADS WERE PEELING THE SKIN ON THE HIP AREA AROUND THE CHEEK OF HER BUTT. IT HURT THE FIRST DAY ((B)(6) 2017), THEN THE SECOND DAY IT WAS WORSE (LATENCY SAME DAY). REPORTEDLY, THERE WERE RED SPOTS WHERE THE PADS WERE PULLED OFF (ONSET DATE: (B)(6) 2017; LATENCY SAME DAY). THE PATIENT WAS ADVISED TO DISCONTINUE USE (DATE UNKNOWN). ACTION TAKEN: DRUG WITHDRAWN NOS. CORRECTIVE TREATMENT: NOT REPORTED. OUTCOME: UNKNOWN. SERIOUSNESS CRITERIA: IMPORTANT MEDICAL EVENT (APPLICATION SITE PEELING).",TENS (over-the-counter)
6939473,89244447,D,1,,"INITIAL INFORMATION REGARDING THIS UNSOLICITED CASE FROM UNITED STATES WAS RECEIVED FROM A PATIENT ON (B)(6) 2017. THIS CASE CONCERNS A (B)(6) MALE PATIENT WHO EXPERIENCED MINI STROKE AFTER USING SMART RELIEF TENS THERAPY (SMART RELIEF TENS THERAPY BACK). THE PATIENT HAD 2 METAL HIP REPLACEMENTS. NO PAST DRUGS AND CONCOMITANT MEDICATES WERE REPORTED. ON AN UNKNOWN DATE IN 2017 (1-2 MONTHS AGO), THE PATIENT STARTED USING SMART RELIEF TENS THERAPY (LOT/ BATCH NUMBER AND EXPIRY DATE: UNKNOWN). THE ELECTRODE PAD LOT/BATCH NUMBER: B160912 AND EXPIRY DATE: 31-MAY- 2019, CONTROL UNIT SERIAL NUMBER: (B)(4). IT WAS REPORTED THAT HE HAD THE ICY HOT SMART RELIEF TENS THERAPY BACK/BACK AND HIP FOR A MONTH OR TWO AND NO LONGER HAD THE BOX. HE RECENTLY HAD A MINI STROKE (ONSET DATE: 2017 AND LATENCY UNKNOWN) AND HAD A LOOP RECORDER (CORRECTIVE TREATMENT) PUT IN UNDER HIS SKIN A MONTH AGO BUT HAD NOT USED THE DEVICE WITH IT YET. HE HAD ALSO READ SOMETHING ON THE SMART RELIEF TENS THERAPY AND IT SAID NOT TO USE IF ONE HAD A PACE MAKER OR ANY DEVICE IN HIM/HER (IT WAS NOT RECOMMEND USING THE DEVICE). LATER, HE WENT TO USE IT AND PUT IT ON BUT IT WAS NOT TURNING ON. REPORTEDLY, HE LIKED THE PRODUCT AND WAS GETTING RELIEF BUT COULD NOT USE IT UNDER THE CIRCUMSTANCES. ACTION TAKEN: UNKNOWN OUTCOME: UNKNOWN SERIOUSNESS CRITERIA: IMPORTANT MEDICAL EVENT THIS SUSPECTED ADVERSE REACTION REPORT IS SUBMITTED AND CLASSIFIED AS A MEDICATION ERROR SOLELY AND EXCLUSIVELY TO ENSURE THE MARKETING AUTHORIZATION HOLDER'S COMPLIANCE WITH THE REQUIREMENTS SET OUT IN DIRECTIVE (B)(4). AND MODULE VI OF THE GOOD PHARMACOVIGILANCE PRACTICES. THE CLASSIFICATION AS A MEDICAL ERROR IS IN NO WAY INTENDED, NOR SHOULD IT BE INTERPRETED OR CONSTRUED AS AN ALLEGATION OR CLAIM MADE BY THE MARKETING AUTHORIZATION HOLDER THAT ANY THIRD PARTY HAS CONTRIBUTED TO OR IS TO BE HELD LIABLE FOR THE OCCURRENCE OF THIS MEDICATION ERROR. PHARMACOVIGILANCE COMMENT: SANOFI COMPANY COMMENT FOR DATED (B)(6) 2017: THIS CASE CONCERNS A (B)(6) MALE PATIENT WHO REPORTED MINI STROKE WHILE ON TREATMENT WITH SMART RELIEF TENS THERAPY. ALTHOUGH THE CAUSAL ROLE OF THE DRUG CANNOT BE DENIED FOR THE REPORTED EVENT, MORE INFORMATION REGARDING LATENCY, CONCURRENT ILLNESS, CONCOMITANT MEDICATIONS, PAST DRUGS, PERSONAL AND HISTORY REGARDING SEDENTARY LIFESTYLE CAN AID IN COMPREHENSIVE CASE ASSESSMENT.",TENS (over-the-counter)
6953917,89457417,N,1,,THE DEVICE HISTORY RECORD WAS EXAMINED FOR THE SUBJECT DEVICE. THERE WERE NO PROBLEMS OBSERVED DURING THE MANUFACTURING OR TESTING NOTED IN THE DHR. THE DEVICE LABELING WAS REVIEWED AND FOUND TO BE SUITABLE AND ADEQUATE FOR THE DEVICE TO PERFORM ITS INTENDED USE. THE DEVICE CAN NOT USE ON HEAD. THE MOST LIKELY REASON THAT CAUSED BURNS IS THAT USER DIDN'T FOLLOW THE INSTRUCTIONS IN THE USER MANUAL.,TENS (prescription)
6953917,89457418,D,1,,"WHEN USING THE MICROCURRENT SETTINGS FOR TRANSCRANIAL THERAPY OF A TENS UNIT, THE PATIENT FOUND THE UNIT UNCOMFORTABLE - THE UNIT HAD BURNED HIS EARS WHEN SET AT .35MA. THE DOCTOR THOUGHT THIS COULD NOT BE POSSIBLE BECAUSE, BASED ON HIS KNOWLEDGE, THE THRESHOLD FOR A HUMAN FEELING CURRENT IS .5MA TO 1MA. (UPDATE RECEIVED (B)(6) 2016) THE PATIENT RECEIVED SECOND DEGREE BURNS - THE BLISTERS ITCHED AND THEN SCABBED OVER. THEY APPLIED ANTIBIOTIC OINTMENT FROM THAT POINT UNTIL THE BURNS WERE HEALED. THERE ARE STILL SOME SMALL RESIDUAL BUMPS ON THE BACK OF HIS EARLOBES - THESE ARE NOT ITCHY NOR SCABBING. THE UNIT WAS RETURNED TO (B)(4) ON 3/7/2016 AND TESTED ON CHANNELS 1 AND 2 WITH BOTH THE RETURNED END-USER'S LEAD WIRES AND IN-HOUSE TESTING SAMPLE LEAD WIRES - THE DEVICE APPEARED TO BE WITHIN SPEC RANGE OVERALL. THE CUSTOMER'S COMPLAINT WAS UNABLE TO BE DUPLICATED UPON A REVIEW OF THE RETURNED DEVICE.",TENS (prescription)
6953914,89457589,N,1,,"THE DEVICE HISTORY RECORD WAS EXAMINED FOR THE SUBJECT DEVICE. THERE WERE NO PROBLEMS OBSERVED DURING THE MANUFACTURING OR TESTING NOTED IN THE DHR. THE DEVICE LABELING WAS REVIEWED AND FOUND TO BE SUITABLE AND ADEQUATE FOR THE DEVICE TO PERFORM ITS INTENDED USE. THE MOST LIKELY REASON THAT CAUSED BURNS IS THAT USER DIDN'T FOLLOW THE INSTRUCTIONS IN THE USER MANUAL, USER DIDN'T CLEAN SKIN SURFACE OVER WHICH ELECTRODES ARE PLACED",TENS (prescription)
6953914,89457590,D,1,,"PER THE CUSTOMER, A PATIENT HAS BEEN BURNED WITH THE TENS UNIT. NOW THEY ARE AFRAID TO USE THE DEVICE. IT APPEARS THE END-USER HD THE ELECTRODES MORE THAN 6"" APART FROM ONE ANOTHER. HE WAS USING IF-2P WITH THE ELECTRODES 8"" APART. END-USER STATES THE PATIENT RECEIVED 2ND DEGREE BURNS AND HAS FILED A LAWSUIT AGAINST HIM. THE BURN OCCURRED ON THE NECK, AND APPEARED RIGHT AWAY.",TENS (prescription)
6953915,89457865,N,1,,THE DEVICE HISTORY RECORD WAS EXAMINED FOR THE SUBJECT DEVICE. THERE WERE NO PROBLEMS OBSERVED DURING THE MANUFACTURING OR TESTING NOTED IN THE DHR. THE DEVICE LABELING WAS REVIEWED AND FOUND TO BE SUITABLE AND ADEQUATE FOR THE DEVICE TO PERFORM ITS INTENDED USE. THE MOST LIKELY REASON THAT CAUSED BURNS IS THAT USER DIDN'T FOLLOW THE INSTRUCTIONS TO CLEAN THE SKIN SURFACE OVER WHICH ELECTRODES ARE PLACED.,TENS (prescription)
6953915,89457866,D,1,,"A DOCTOR CALLED IN TO SAY HE HAD A PATIENT THAT HAD BEEN BURNED WHILE BEING TREATED WITH A QUATTRO 2.5 TENS UNIT. THE DOCTOR WAS NOT WITH THE DEVICE WHEN HE CALLED IN TO REPORT THE INJURY. THE DOCTOR NEEDED FURTHER EXPLANATION AND CLARIFICATION REGARDING PROPER USE OF AND TERMINOLOGY INVOLVED WITH TENS UNIT USE. THE DOCTOR DENIES USE OF ICE OR HEAT WITH THE TREATMENT. A FOLLOW-UP WITH THE DOCTOR ON (B)(6) 2016 CONCLUDED THAT THE USER HAD RECEIVED 3RD DEGREE BURNS, AND IS CURRENTLY RECEIVING TREATMENT FROM A DERMATOLOGIST.",TENS (prescription)
6953916,89457890,N,1,,"THE DEVICE HISTORY RECORD WAS EXAMINED FOR THE SUBJECT DEVICE. THERE WERE NO PROBLEMS OBSERVED DURING THE MANUFACTURING OR TESTING NOTED IN THE DHR. THE DEVICE LABELING WAS REVIEWED AND FOUND TO BE SUITABLE AND ADEQUATE FOR THE DEVICE TO PERFORM ITS INTENDED USE. THE OPERATOR DIDN'T USE THE ELECTRODES WHICH IS RECOMMENDED BY MANUFACTURER. THE MOST LIKELY REASON THAT CAUSED BURNS IS THAT USER DIDN'T FOLLOW THE INSTRUCTIONS IN THE USER MANUAL TO CLEAN THE SKIN SURFACE OVER WHICH ELECTRODES ARE PLACED. OR THE LONG-TERM USE OF ELECTRODE PADS, CAUSE PADS ARE SO DIRTY THAT IMPEDANCE IS NOT UNIFORM.",TENS (prescription)
6953916,89457951,D,1,,"AN END-USER RECEIVED SECOND DEGREE BURNS FROM TREATMENT WITH USE OF A QUATTRO 2.5 TENS UNIT. THE USER WAS DIAGNOSED BY A DOCTOR AT URGENT CARE. THE CHIROPRACTOR'S TECHNICIAN USED THE DOCTOR'S (CHIROPRACTOR'S) TRAVEL CARD (INSTRUCTIONS ON WHERE TO PLACE THE ELECTRODES PER PATIENT) TO APPLY 4 ELECTRODES TO THE PATIENT'S (END-USER'S) UPPER BACK. THIS PATIENT ADVISED THE TECHNICIAN (THIS IS A REPEAT PATIENT WHO HAD NOT SEEN THIS PARTICULAR TECHNICIAN BEFORE) HER SKIN DOESN'T ALWAYS TAKE WELL TO THE ELECTRODES; I.E., OTHER TECHNICIANS HAD PREVIOUSLY - AT TIMES - HAD A PROBLEM GETTING THE ELECTRODES TO STICK WELL. THE TECHNICIAN REMOVED THE ELECTRODES FROM THE BAG AND FELT THEY WERE STICKY. THIS SET OF ELECTRODES WAS OPENED IN (B)(6) 2016, AND THIS IS THE THIRD USE OF THIS SET OF ELECTRODES FOR THE PATIENT. THE OFFICE DOES NOT SHARE ELECTRODES AMONGST PATIENTS. THE ELECTRODES WERE PLACED ON THE PATIENT'S UPPER BACK WITH A 2- FINGER WIDTH DISTANCE APART FROM ONE ANOTHER. THE INTENSITY WAS SLOWLY INCREASED TO 26, AND THE PATIENT ACKNOWLEDGED THAT THIS WAS A GOOD INTENSITY. THE PATIENT WAS THEN SEATED IN A TRACTION MASSAGE CHAIR WITH HEAT APPLIED TO HER NECK AREA, BUT NOT OVER THE ELECTRODES. THE TECHNICIAN LEFT THE PATIENT TO HELP WITH ANOTHER. WHEN SHE LOOKED BACK AT THE PATIENT, SHE NOTICED A LOOK OF DISCOMFORT ON HER FACE. THE TECHNICIAN QUESTIONED IF SHE WAS OK AND THE PATIENT SAID SHE WAS FEELING THE INTENSITY VERY STRONG AND ASKED THE TECHNICIAN TO TURN DOWN THE INTENSITY. THE OUTPUT INTENSITY WAS DECREASED TO A POINT WHERE THE PATIENT WAS MORE COMFORTABLE (WE DO NOT KNOW THE LEVEL TO WHICH IT WAS DECREASED). THE TREATMENT WAS THEN COMPLETED. AS THE TECHNICIAN REMOVED THE ELECTRODES, SHE NOTED A LARGER WHITE SPOT AND TWO SMALLER WHITE SPOTS. SHE WALKED THE PATIENT TO THE FRONT OF THE OFFICE AND ASKED A MORE EXPERIENCED TECHNICIAN TO REVIEW THE MARKINGS. THE TECHNICIAN BELIEVED THESE MARKINGS WERE BURNS. WHEN THE PATIENT LEFT THE OFFICE, SHE WAS OK, BUT LATER FOLLOWED UP AT AN URGENT CARE CENTER. SHE WAS DIAGNOSED WITH SECOND DEGREE BURNS. THE DOCTOR FROM URGENT CASE ADVISED THE BURNS WOULD PROBABLY TAKE 4 WEEKS TO HEAL AND PROVIDED THE PATIENT WITH AN OINTMENT FOR THE BURNS. SHE WAS ADVISED TO KEEP THE AREA CLEAN AND DRY. ADDITIONAL USE INFORMATION SUBSEQUENT TO THE INITIAL COMPLAINT INCLUDE THE FOLLOWING: CONFIRMATION THAT, AGAIN, NO HEAT WAS APPLIED OVER THE ELECTRODES; THE ELECTRODES USED WERE 4 2""X2"" DURASTICK PLUS, 1/5"" APART, THEIR THIRD USE ON THIS PATIENT; THE DEVICE IS CONFIRMED AS HAVING BEEN TURNED OFF WHEN THE PADS WERE REMOVED OR ADJUSTED; IT IS CONFIRMED THAT THE ELECTRODES WERE NOT PLACED ON OPEN WOUNDS, RASHES OR SWOLLEN, RED, INFECTED OR INFLAMED AREAS OR SKIN ERUPTIONS; THERE IS CONFIRMED EXPERIENCE WITH THE USED WAVEFORM PRIOR TO USING THIS DEVICE (CHIROPRACTOR TECHNICIAN); THE ELECTRODES WERE STORED IN THE BAG THEY CAME IN, SEALED AND STORED IN A DRAWER IN A CABINET; THE USER MANUAL IS CONFIRMED AS HAVING BEEN READ IN REGARDS TO ELECTRODE PLACEMENT; THE DEVICE WAS LESS THAN 6 MONTHS IN USE, AND NEW LEAD WIRES WERE NOT TRIED; THE LEAD WIRES ARE ALSO CONFIRMED AS HAVING NO EXPOSED WIRES OR DAMAGE. THE CUSTOMER HAD STATED THAT THE ""WAVEFORM ON THE DEVICE WAS A LITTLE DIRTY."" THE DEVICE WAS RETURNED TO COMPASS HEALTH BRANDS ON (B)(4) 2016 - SOME OBSERVATIONS OF THE RETURNED DEVICE INCLUDE THE FOLLOWING: THE HOUSING ON THE UNIT DID NOT HAVE ANY VISIBLE DAMAGE, NO LEADS OR CABLES WERE SENT BACK WITH THE DEVICE, THE LCD SCREEN FUNCTIONED PROPERLY, THE CHANNEL AND AC PORT METAL PIN(S) WERE IN PLACE WITHOUT ANY VISIBLE CORROSION, ITS WARRANTY SEAL WAS NOT BROKEN AND THE SERIAL NUMBER OF THE RETURNED DEVICE MATCHED THE ONE LISTED IN THE CASE ((B)(4)). ALL FOUR CHANNELS WERE TESTED AND FELL WITHIN SPEC RANGE. THE UNIT WAS TESTED WITH COMPASS HEALTH QUALITY LEAD WIRES, AS NO LEADS OR CABLES WERE SENT BACK FROM THE CUSTOMER. OVERALL, COMPASS HEALTH BRANDS WAS UNABLE TO DUPLICATE THE CUSTOMER'S COMPLAINT, AND COULD NOT FIND A PRODUCT DEFECT PRESENT.",TENS (prescription)
6953919,89457999,N,1,,THE DEVICE HISTORY RECORD WAS EXAMINED FOR THE SUBJECT DEVICE. THERE WERE NO PROBLEMS OBSERVED DURING THE MANUFACTURING OR TESTING NOTED IN THE DHR. THE DEVICE LABELING WAS REVIEWED AND FOUND TO BE SUITABLE AND ADEQUATE FOR THE DEVICE TO PERFORM ITS INTENDED USE. THE USE DIDN'T USE THE ELECTRODE WHICH PROVIDED BY MANUFACTURER. THE MOST LIKELY REASON THAT CAUSED BURNS IS THAT IMPEDANCE OF THE ELECTRODE USED BY USER IS NOT UNIFORM.,TENS (prescription)
6953919,89458000,D,1,,"A PATIENT WAS BURNED WHILE IN THERAPY USING THE EX4 DEVICE (TENS UNIT). A FAIRLY HIGH AMPLITUDE IS REPORTED AS BEING USED AT THE TIME THE EVENT OCCURRED, HOWEVER, IT IS UNKNOWN WHAT AMPLITUDE WAS BEING USED EXACTLY. THE EX4 WAS BEING USED IN ACUTE PAIN, 4 ELECTRODES MODE, WITH NO CHANGES. THE ELECTRODES WERE PLACED ON THE PATIENT'S BODY 2-3"" APART FROM EACH OTHER IN A CRISS-CROSSED PATTERN - THE USER WAS USING UNIPATCH R SERIES ELECTRODES. IN HINDSIGHT, THE PATIENT MENTIONED THE SENSATION DURING THERAPY WAS MORE TINGLY THAN NORMAL, BUT EXPRESSED NO COMPLAINT DURING TREATMENT. WHEN HE ARRIVED HOME, APPROXIMATELY 5-10 MINUTES AFTER THERAPY, HE FELT AN ITCH. WHEN HE LOOKED, HE HAD BURN MARKS. THE DOCTOR ESTIMATES THE USER RECEIVED A 2ND DEGREE BURN. THE BURNS ARE REPORTED AS HAVING OCCURRED ON (B)(6) 2016, AND WERE STILL EVIDENT AT THE TIME COMPASS HEALTH BRANDS WAS NOTIFIED ((B)(4) 2016).",TENS (prescription)
6953918,89459787,N,1,,"THE DEVICE HISTORY RECORD WAS EXAMINED FOR THE SUBJECT DEVICE. THERE WERE NO PROBLEMS OBSERVED DURING THE MANUFACTURING OR TESTING NOTED IN THE DHR. THE DEVICE LABELING WAS REVIEWED AND FOUND TO BE SUITABLE AND ADEQUATE FOR THE DEVICE TO PERFORM ITS INTENDED USE. BASED ON THE ANALYSIS, MAY BE DUE TO THE LONG-TERM USE OF ELECTRODE PADS, CAUSE PADS ARE SO DIRTY THAT IMPEDANCE IS NOT UNIFORM. USER DIDN'T FOLLOW THE INSTRUCTIONS TO REPLACE THE PADS REGULARLY.",TENS (prescription)
6953918,89459788,D,1,,"THE END-USER RECEIVED SECOND DEGREE BURNS FROM A TENS UNIT. PER THE DOCTOR AT A CHIROPRACTIC OFFICE, AFTER 3-4 MINUTES OF TENS UNIT TREATMENT, THE END-USER STARTED THAT HE FELT LIKE THE ELECTRODES WERE STINGING, SO HE BACKED DOWN THE NUMBER. AGAIN, THE PATIENT STATED THAT IT WAS STINGING AT THE END OF THE 10-MINUTE SESSION. THE PATIENT IS REPORTED AS HAVING A HIGH TOLERANCE FOR PAIN. WITHIN 15-20 MINUTES AFTER LEAVING THE DOCTOR'S OFFICE AFTER TREATMENT, THE PATIENT CALLED BACK TO SAY THAT HE WAS BURNED. THE DOCTOR ADVISED THE PATIENT GO TO A CLINIC AND HAVE THE BURNS CHECKED OUT - THE PATIENT WAS THEN DIAGNOSED WITH 2ND DEGREE BURNS, GIVEN AN ORAL ANTIBIOTIC AND CREAM TO USE FOR 2-4 WEEKS UNTIL THE BURN HEALS. THE DEVICE WAS RETURNED TO COMPASS HEALTH BRANDS AND TESTED ON ALL FOUR CHANNELS IN BIPHASIC MODE (SYMMETRICAL), AND WAS FOUND TO BE WITHIN SPEC RANGE (+/- 20% MA) - THE PARAMETERS WERE SET TO 50PPS, PHASE DURATION 300US AND THE CYCLE TIME CONTINUOUS WITH AN OUTPUT OF 100MA'S. THE UNIT WAS TESTED WITH THE LEAD WIRES SENT BACK WITH THE DEVICE AS WELL AS THE QUALITY DEPARTMENT'S WIRES - RESULTS WERE THE SAME FOR BOTH SETS OF WIRES. OVERALL, THE CUSTOMER'S COMPLAINT WAS UNABLE TO BE DUPLICATED BASED ON A REVIEW OF THE RETURNED DEVICE. NOTE: HAVE ATTEMPTED MULTIPLE TIMES SINCE 3/2/2016 TO SUBMIT THIS MDR.",TENS (prescription)
6957385,89566212,N,1,,THE DEVICE HISTORY RECORD WAS EXAMINED FOR THE SUBJECT DEVICE. THERE WERE NO PROBLEMS OBSERVED DURING THE MANUFACTURING OR TESTING NOTED IN THE DHR. THE DEVICE LABELING WAS REVIEWED AND FOUND TO BE SUITABLE AND ADEQUATE FOR THE DEVICE TO PERFORM ITS INTENDED USE. THE USE DIDN'T USE THE ELECTRODE WHICH PROVIDED BY MANUFACTURER. THE MOST LIKELY REASON THAT CAUSED BURNS IS THAT IMPEDANCE OF THE ELECTRODE USED BY USER IS NOT UNIFORM. (B)(4).,TENS (prescription)
6957385,89566213,D,1,,"A DOCTOR CALLED TO SAY SHE HAS A PATIENT CLAIMING HE RECEIVED A THIRD DEGREE BURN WHILE RECEIVING TREATMENT FROM OUR COMBOCARE. THE DOCTOR SAID SHE WAS USING IF-4P ON HER (B)(6)-YEAR-OLD PATIENT. THIS PATIENT HAS RECEIVED THIS TREATMENT 8 TIMES PREVIOUSLY WITH HER. THE ELECTRODES HAD BEEN USED 8 TIMES BEFORE, SO THIS WAS THE 9TH USE OF THIS SET OF ELECTRODES. THE PATIENT HAD NO HAIR IN THE AREA WHERE THE ELECTRODES WERE PLACED, WHICH WAS TWO ON HIS UPPER THORACIC AND TWO ON HIS MID TO LOWER BACK. THE DOCTOR STATES THE ELECTRODES WERE 6"" TO 8"" APART FROM ONE ANOTHER. THE DOCTOR WAS ONE MINUTE INTO A 15 MINUTE THERAPY WHEN THE PATIENT STATED HE FELT PAIN (HE CALLED IT A JOLT). SHE TURNED THE INTENSITY DOWN TO A LEVEL WHERE HE COULD BARELY FEEL THE TREATMENT, AND THEY COMPLETED THE BALANCE OF THE THERAPY. SHE REMOVED THE ELECTRODES AND NOTICED THERE WAS NO RED MARKS OR ANY TYPE OF IRRITATION ON THE SKIN. HOWEVER, 2 HOURS LATER, THE PATIENT RETURNED WITH WHAT HE SAID WAS A BURN. A THAT TIME, SHE NOTICED A SMALL BLACK MARK IN THE CENTER OF A RING OF BLISTERS. SHE RECOMMENDED THE PATIENT SEE HIS PRIMARY CARE PHYSICIAN OR VISIT AN URGICARE. HIS PRIMARY CARE DOCTOR WAS NOT AVAILABLE, SO THE PATIENT WENT TO THE URGICARE. THERE, THEY TOLD HIM IT WAS A THIRD DEGREE BURN (ACCORDING TO THE PATIENT) WITH POSSIBLY A (B)(6) INFECTION. THE DOCTOR REQUESTED THE MEDICAL RECORDS FROM THE URGICARE, BUT TO DATE, HE HAS NOT RECEIVED THEM. ACCORDING TO THE PATIENT, HE WAS TOLD HE WOULD HAVE PERMANENT SCARRING. THE RETURNED DEVICE TESTED WITHIN SPEC RANGE, AND THE CUSTOMER'S COMPLAINT OF IMPROPER CURRENT OUTPUT COULD NOT BE DUPLICATED.",TENS (prescription)
6957384,89566322,N,1,,THE DESIGN HISTORY FILE WAS EXAMINED FOR THE SUBJECT DEVICE. THESE DEVICES ARE DESIGNED ACCORDING TO RELEVANT SAFETY STANDARDS AND PASSED ALL COMPLIANCE TESTS. THE MOST LIKELY REASON THAT CAUSED BURNS IS THAT IMPEDANCE OF THE ELECTRODE USED BY USER IS NOT UNIFORM.,TENS (prescription)
6957384,89566323,D,1,,"THE END-USER CALLED REPORTING A ONE WEEK-OLD BURN. THE END-USER UNDERWENT A DOUBLE MASTECTOMY, AND DECIDED TO HAVE A TUMMY TUCK AT THE SAME TIME. SHE HAD A SMALL BULGE ON HER ABDOMEN, AND HER DOCTOR RECOMMENDED THE TENS UNIT TO REDUCE THE SCAR TISSUE. THE USER PUT THE TENS UNIT ON FOR THIRTY MINUTES, USING SEPARATE PADS, ONE ON THE RIGHT SIDE OF THE BELLY BUTTON, AND ONE ON THE LEFT - ONE HOUR LATER, SHE PUT THE PADS IN THE SAME AREA, AND USED THE DEVICE FOR ANOTHER THIRTY MINUTES. PAD ""A"" WAS OK, BUT PAD ""B"" CAUSED A SECOND-DEGREE BURN THE SIZE OF A QUARTER. PAD ""B"" IS REPORTED AS HAVING LESS SILICONE. THE END-USER IS REPORTED AS HAVING SOUGHT AFTER/RECEIVED MEDICAL ATTENTION FOR THE BURNS.",TENS (prescription)
6957386,89566437,N,1,,THE DEVICE HISTORY RECORD WAS EXAMINED FOR THE SUBJECT DEVICE. THERE WERE NO PROBLEMS OBSERVED DURING THE MANUFACTURING OR TESTING NOTED IN THE DHR. THE DEVICE LABELING WAS REVIEWED AND FOUND TO BE SUITABLE AND ADEQUATE FOR THE DEVICE TO PERFORM ITS INTENDED USE.  THE MOST LIKELY REASON IS THAT OPERATOR DIDN'T FOLLOW THE USER MANUAL AND RESULTING IN POOR CONTACT WITH THE POWER CORD.,TENS (prescription)
6957386,89566438,D,1,,"A DISTRIBUTOR ((B)(4)) STATES HIS CUSTOMER (PHYSICAL THERAPIST) HAS HAD 5 PATIENTS BURNT FROM THE COMBINATION DEVICE. THE PATIENTS WERE BURNED WHILE RECEIVING IF TREATMENT FROM THIS DEVICE. THIS PATIENT IS REPORTED AS HAVING HAD THE BURNS ABOUT 1 WEEK, WHICH ARE NOW REPORTED AS BEING SCABS. THE PATIENT IS REPORTED AS HAVING RECEIVED TREATMENT ON (B)(6) 2017. THE DEVICE INVOLVED WITH THIS EVENT WAS RETURNED TO (B)(4) ON (B)(6) 2017, AND EVALUATED ON (B)(6) 2017 - THE CUSTOMER'S COMPLAINT COULD NOT BE DUPLICATED FROM A REVIEW OF THE RETURNED DEVICE. THE RETURNED DEVICE'S POWER CORD HAD DUCT TAPE WRAPPED AROUND IT ON THE END THAT PLUGS INTO THE UNIT - THE POWER CORD MADE THE UNIT RANDOMLY SHUT OFF - THE RETURNED UNIT WAS TESTED WITH A SAMPLE POWER CORD. THE DEVICE WAS TESTED FOR PRODUCT PERFORMANCE, AND WAS DETERMINED TO FALL WITHIN THE MANUFACTURER'S SPECIFICATIONS FOR STIM, AS DEFINED IN THE PRODUCT'S USER MANUAL.",TENS (prescription)
6957387,89566517,N,1,,THE DEVICE HISTORY RECORD WAS EXAMINED FOR THE SUBJECT DEVICE. THERE WERE NO PROBLEMS OBSERVED DURING THE MANUFACTURING OR TESTING NOTED IN THE DHR. THE DEVICE LABELING WAS REVIEWED AND FOUND TO BE SUITABLE AND ADEQUATE FOR THE DEVICE TO PERFORM ITS INTENDED USE.  THE MOST LIKELY REASON IS THAT OPERATOR DIDN'T FOLLOW THE USER MANUAL AND RESULTING IN POOR CONTACT WITH THE POWER CORD.,TENS (prescription)
6957387,89566518,D,1,,"A DISTRIBUTOR ((B)(4)) STATES HIS CUSTOMER (PHYSICAL THERAPIST) HAS HAD 5 PATIENTS BURNT FROM THE COMBINATION DEVICE. THE PATIENTS WERE BURNED WHILE RECEIVING IF TREATMENT FROM THIS DEVICE. THIS PATIENT IS REPORTED AS HAVING FELT NO DISCOMFORT DURING TREATMENT. THE BURNS ARE REPORTED AS HAVING BEEN NOTICED THE NEXT TIME THE PATIENT VISITED WITH THE THERAPIST - THE THERAPIST NOTICED THE BURNS ON THE PATIENT'S FOLLOWING VISIT. THE PATIENT'S BURNS ARE REPORTED AS HAVING LASTED 2-3 WEEKS. MEDICAL ATTENTION IS REPORTED AS HAVING BEEN SOUGHT AFTER FOR THIS INJURY. THE DEVICE INVOLVED WITH THIS EVENT WAS RETURNED TO (B)(4) ON 7/18/2017, AND EVALUATED ON 7/19/2017 - THE CUSTOMER'S COMPLAINT COULD NOT BE DUPLICATED FROM A REVIEW OF THE RETURNED DEVICE. THE RETURNED DEVICE'S POWER CORD HAD DUCT TAPE WRAPPED AROUND IT ON THE END THAT PLUGS INTO THE UNIT - THE POWER CORD MADE THE UNIT RANDOMLY SHUT OFF - THE RETURNED UNIT WAS TESTED WITH A SAMPLE POWER CORD. THE DEVICE WAS TESTED FOR PRODUCT PERFORMANCE, AND WAS DETERMINED TO FALL WITHIN THE MANUFACTURER'S SPECIFICATIONS FOR STIM, AS DEFINED IN THE PRODUCT'S USER MANUAL.",TENS (prescription)
6957381,89566744,N,1,,THE DEVICE HISTORY RECORD WAS EXAMINED FOR THE SUBJECT DEVICE. THERE WERE NO PROBLEMS OBSERVED DURING THE MANUFACTURING OR TESTING NOTED IN THE DHR. THE DEVICE LABELING WAS REVIEWED AND FOUND TO BE SUITABLE AND ADEQUATE FOR THE DEVICE TO PERFORM ITS INTENDED USE. THE MOST LIKELY REASON THAT CAUSED BURNS IS THAT USER DIDN'T FOLLOW THE INSTRUCTIONS TO CLEAN THE SKIN SURFACE OVER WHICH ELECTRODES ARE PLACED.,TENS (prescription)
6957381,89566745,D,1,,"THE DISTRIBUTOR STATES THAT THEIR PATIENT WAS BURNED DURING USE OF THE TENS UNIT. ACCORDING TO THE (B)(4) CUSTOMER SERVICE REPRESENTATIVE, THIS CALL WAS VERY CONFUSING - THERE WAS LITTLE INFORMATION TO PROVIDE, AND THE PERSON THE REPRESENTATIVE HAD SPOKEN TO'S STORY CHANGED A COUPLE OF TIMES; HE SEEMED UNSURE OF HIMSELF. THE REPRESENTATIVE DID NOT BELIEVE THAT THE PERSON (HE) KNEW THE ANSWERS TO THE QUESTIONS THE REP WAS ASKING, AND FELT HE WAS GUESSING IN RESPONSE TO SOME QUESTIONS ASKED. THE PERSON THE REPRESENTATIVE HAD SPOKEN TO WHILE OBTAINING SOME ANSWERS TO SOME QUESTIONS STATES HE WAS A PHYSICAL THERAPIST - HOWEVER, HE WAS NOT THE PT IN THE ROOM WHEN THE PATIENT WAS BURNED - HE STATED THAT THIS THERAPIST IS NO LONGER WITH THE CLINIC. THE REPRESENTATIVE ASKED WHAT WAVEFORM HAD BEEN USED ON THE END-USER, BUT THE PERSON ASKING THE QUESTIONS IS REPORTED AS NOT HAVING UNDERSTOOD THE WORD WAVEFORM - THE REPRESENTATIVE REVIEWED ALL THE WAVEFORMS, AND CHOSE EMS - HE LATER STATED THAT THEY USE THE WAVEFORM THAT COMES UP WHEN THEY POWER THE DEVICE ON, HE THOUGHT IF-4P. HE WAS UNCLEAR OF THE END-USER'S AGE, AND GUESSED (B)(6). THE BURN HAPPENED AT THE THERAPIST'S OFFICE WHILE THE PT WAS IN THE ROOM WITH THE END-USER. HE STATED IMMEDIATELY THE END-USER FELT SHOCKING, AND WHEN THE ELECTRODES WERE REMOVED, A BURN MARK WAS EVIDENT. HE STATES THE ELECTRODES WERE PLACED 1"" TO 6"" APART ON THE USER'S LOWER BACK. THEY WERE USING 2X2 ELECTRODES. THE END-USER DID SEEK MEDICAL TREATMENT, BUT THE PT DOES NOT HAVE ANY RECORDS FROM THAT TREATMENT.",TENS (prescription)
6957390,89566818,N,1,,THE DEVICE HISTORY RECORD WAS EXAMINED FOR THE SUBJECT DEVICE. THERE WERE NO PROBLEMS OBSERVED DURING THE MANUFACTURING OR TESTING NOTED IN THE DHR. THE DEVICE LABELING WAS REVIEWED AND FOUND TO BE SUITABLE AND ADEQUATE FOR THE DEVICE TO PERFORM ITS INTENDED USE.  THE MOST LIKELY REASON IS THAT OPERATOR DIDN'T FOLLOW THE USER MANUAL AND RESULTING IN POOR CONTACT WITH THE POWER CORD.,TENS (prescription)
6957390,89566819,D,1,,"A DISTRIBUTOR ((B)(4)) STATES HIS CUSTOMER (PHYSICAL THERAPIST) HAS HAD 5 PATIENTS BURNT FROM THE COMBINATION DEVICE. THE PATIENTS WERE BURNED WHILE RECEIVING IF TREATMENT FROM THIS DEVICE. THIS PATIENT IS REPORTED AS HAVING FELT NO DISCOMFORT DURING TREATMENT. HIS BURNS ARE REPORTED AS HAVING BEEN NOTICED ON (B)(6) 2017 FROM A PREVIOUS TREATMENT ON (B)(6) 2017. HE IS REPORTED AS HAVING SOUGHT AFTER MEDICAL ATTENTION FOR THIS INJURY, AND HIS BURNS ARE REPORTED AS HAVING LASTED UNTIL AT LEAST (B)(6) 2017. THE DEVICE INVOLVED WITH THIS EVENT WAS RETURNED TO (B)(4) ON 7/18/2017, AND EVALUATED ON 7/19/2017 - THE CUSTOMER'S COMPLAINT COULD NOT BE DUPLICATED FROM A REVIEW OF THE RETURNED DEVICE. THE RETURNED DEVICE'S POWER CORD HAD DUCT TAPE WRAPPED AROUND IT ON THE END THAT PLUGS INTO THE UNIT - THE POWER CORD MADE THE UNIT RANDOMLY SHUT OFF - THE RETURNED UNIT WAS TESTED WITH A SAMPLE POWER CORD. THE DEVICE WAS TESTED FOR PRODUCT PERFORMANCE, AND WAS DETERMINED TO FALL WITHIN THE MANUFACTURER'S SPECIFICATIONS FOR STIM, AS DEFINED IN THE PRODUCT'S USER MANUAL.",TENS (prescription)
6957433,89572426,N,1,,THE DEVICE HISTORY RECORD WAS EXAMINED FOR THE SUBJECT DEVICE. THERE WERE NO PROBLEMS OBSERVED DURING THE MANUFACTURING OR TESTING NOTED IN THE DHR. THE DEVICE LABELING WAS REVIEWED AND FOUND TO BE SUITABLE AND ADEQUATE FOR THE DEVICE TO PERFORM ITS INTENDED USE. THE MOST LIKELY REASON THAT CAUSED BURNS IS THAT THE OVERUSE OF ELECTRODE AND IMPEDANCE OF THE ELECTRODE IS NOT UNIFORM.,TENS (prescription)
6957433,89572427,D,1,,"THE END-USER WAS BURNED WHILE RECEIVING TREATMENT FROM AN ELECTROTHERAPY DEVICE. THE END-USER HAD INITIALLY CONTACTED THEIR DISTRIBUTOR TO COMPLAINT ABOUT THE ELECTRODES. THE CLINIC INITIALLY REPORTED AND COMPLAINED (TO COMPASS HEALTH BRANDS) ABOUT POOR ELECTRODE QUALITY, STATING A PATIENT HAD BEEN BURNED WHILE USING THEM - DURING THEIR REPORT, IT WAS LEARNED THAT THE END-USER WAS ALSO USING A COMPASS HEALTH BRANDS' ELECTROTHERAPY DEVICE. THE OFFICE MANAGER (OF THE CLINIC) HAD STATED THAT THIS PATIENT HAD BEEN TREATED APPROXIMATELY 10 TIMES PREVIOUSLY WITHOUT ANY ISSUES. ON (B)(6) 2017, THE PATIENT WAS TREATED BY HIS PHYSICAL THERAPIST - FOUR ELECTRODES WERE PLACED ON THE PATIENT'S LEFT CERVICAL, RIGHT CERVICAL, LEFT CERVICOTHORACIC AND RIGHT CERVICOTHORACIC REGION(S) FOR 15 MINUTES, CONFIRMING NOT DIRECTLY ON THE BONE. AMPLITUDE WAS 5-15 HZ CONTINUOUS WITH 100% SCAN. DURING THERAPY, THE PATIENT TOLD THE PHYSICAL THERAPIST HE WAS FEELING SOME BURNING/SHOCKING. THE PHYSICAL THERAPIST LOWERED THE DEVICE IN INTENSITY, AND THE PATIENT AGREED THE LOWER INTENSITY FELT BETTER. UPON REMOVAL OF THE ELECTRODES, THE PHYSICAL THERAPIST NOTICED A RED, RASHY AREA. HE DID NOT MENTION THIS TO THE PATIENT. HOWEVER, THE PATIENT RETURNED APPROXIMATELY 30-45 MINUTES LATER, STATING THE AREA OF TREATMENT WAS REALLY HURTING, AND ASKED THAT IT BE LOOKED AT. THE OFFICE MANAGER VIEWED THE AREA AND, IN HER WORDS, IT APPEARED ""SCORCHED."" HE WAS SEEN BY A DOCTOR - HIS STATEMENT FOLLOWS: ""PATIENT HAD REDNESS ON THE RIGHT TRAP. THERE IS A SCAB FORMATION AND RED BLISTERING ALONG THE PAD PLACEMENT SITE. PATIENT SAID HE FELT STINGING AND SHOCKING AT THE AREA OF PLACEMENT. I EXPLAINED TO THE PATIENT THE IMPORTANCE OF KEEPING THE AREA CLEAN AND DISINFECTED. I PLACED NEOMYCIN ON THE AREA OF THE INVOLVEMENT, AND PLACED A STERILE GAUZE PAD OVER IT. HE IS TO SEE ANOTHER DOCTOR FRIDAY MORNING OR APPOINT SOONER IF THE CONDITION WORSENS."" THIS DOCTOR STATES HE HAD BEEN IN BUSINESS FOR 23+ YEARS, AND HAS NEVER HAD A PATIENT BURNED. PER THE OFFICE MANAGER, IN HINDSIGHT, THEY FEEL THE ELECTRODES ""LOOK DIFFERENT."" THE DIFFERENCE THEY NOTED IS THAT WHAT THEY ORDERED (FROM ANOTHER SUPPLIER) HAD ONLY ONE WIRE INTO THE ELECTRODES, WHEREAS WHAT THEY RECEIVED HAD 3, WHICH IS COMPASS HEALTH BRANDS' TYPICAL TREE BRANCH TYPE ELECTRODE. THE DEVICE INVOLVED IN THIS EVENT WAS RETURNED TO COMPASS HEALTH BRANDS FOR FURTHER EVALUATION ON 3/7/2017. COMPASS HEALTH QUALITY WAS UNABLE TO CONFIRM THE INITIAL COMPLAINT - THE DEVICE WAS TESTED FOR PRODUCT PERFORMANCE, AND DETERMINED TO FALL WITHIN THE MANUFACTURER'S SPECIFICATIONS, AS DEFINE IN THE PRODUCT'S USER MANUAL; NO DEFECT OR SURGE WAS DETECTED. THE ELECTRODES SENT BACK INDICATED TO BE USED DURING THE EVENT - THEY WERE IN A HEAVILY-USED CONDITION; HAIR WAS PRESENT ON THE ADHESIVE AND HAD POOR CONTACT ON THE CLEAR PLASTIC FILM.",TENS (prescription)
6982112,90392456,D,1,,"THE CLINIC STATES THE PATIENT WAS BURNED WHILE BEING TREATED ON THIS DEVICE. THEY WERE USING TWO ELECTRODES ON EACH KNEE, EACH 4-5"" AWAY FROM EACH OTHER. THE PATIENT WAS FEELING DISCOMFORT DURING TREATMENT, AND STATED THE THERAPY WAS FEELING HOT. WHEN THEY CHECKED, SHE WAS BLEEDING UNDER THE ELECTRODE, AND HAD RECEIVED A BURN. THE BURN IS REPORTED AS HAVING LASTED ONE WEEK AS RED AND BLISTERED AFTER HAVING IMMEDIATELY SHOWING UP ON THE PATIENT'S SKIN. THE DEVICE WAS SET TO TENS WAVEFORM, AND THE ASSISTANT BELIEVES THEY WERE USING PROGRAM 1. THE LEAD WIRES HAD NEVER BEEN REPLACED ON THIS DEVICE. THE DEVICE INVOLVED WITH THIS EVENT WAS RETURNED TO (B)(4) ON 10/10/2017 AND EVALUATED ON 10/11/2017 - THE CUSTOMER'S COMPLAINT COULD NOT BE DUPLICATED FROM A REVIEW OF THE RETURNED DEVICE. THE RETURNED DEVICE WAS TESTED FOR PRODUCT PERFORMANCE, AND DETERMINED TO FALL WITHIN THE MANUFACTURER'S SPECIFICATIONS, AS DEFINED IN THE PRODUCT'S USER MANUAL. AGAIN, THE CUSTOMER'S COMPLAINT COULD NOT BE DUPLICATED FROM A REVIEW OF THE RETURNED DEVICE.",TENS (prescription)
6985651,90510792,D,1,,"THE DOCTOR STATES THAT SHE HAD A PATIENT BURNED ON THIS DEVICE. THE PATIENT FELT A BURNING SENSATION - THEY REMOVED THE ELECTRODES, AND THE SKIN UNDERNEATH WAS RED WITH A WHITE SPOT IN THE MIDDLE THAT WAS TURNING INTO A BLISTER. SHE WAS USING RUBBER ELECTRODES WITH A GOOD AMOUNT OF GEL, HOWEVER, A BURN ONLY APPEARED UNDER ONE ELECTRODE. THE PATIENT DID FEEL A SHOCK DURING THERAPY, AND LEFT THE DOCTOR WITH A 2CM (.787"") BLISTER. THE PATIENT IS REPORTED AS HAVING FELT A LITTLE DISCOMFORT DURING TREATMENT, BUT THOUGHT IT WAS NORMAL - WHEN THE ELECTRODES WERE REMOVED FROM HER SKIN, THE SKIN HAD TURNED WHITE & WAS PEELING OFF ON HER BUTTOX (ELECTRODES WERE 4"" APART). THE BURNS ARE REPORTED AS HAVING LASTED TO DATE (UPON NOTIFICATION OF EVENT TO (B)(4)). THE PATIENT IS ALSO REPORTED AS HAVING RECEIVED MEDICAL ATTENTION FOR THE INJURY. THE DEVICE INVOLVED WITH THIS EVENT WAS RETURNED TO (B)(4) AND EVALUATED ON 10/25/2017 - THE CUSTOMER'S COMPLAINT COULD NOT BE DUPLICATED FROM A REVIEW OF THE RETURNED DEVICE. THE DEVICE WAS TESTED FOR PRODUCT PERFORMANCE, AND DETERMINED TO FALL WITHIN THE MANUFACTURER'S SPECIFICATIONS FOR COMB. & STIM, AS DEFINED IN THE PRODUCT'S USER MANUAL. AGAIN, THE CUSTOMER'S COMPLAINT COULD NOT BE DUPLICATED FROM A REVIEW OF THE RETURNED DEVICE.",TENS (prescription)
6955911,90772358,N,1,,AN INVESTIGATION IS CURRENTLY UNDER WAY; UPON COMPLETION THE RESULTS WILL BE FORWARDED.,TENS (over-the-counter)
6955911,90772359,D,1,,"ACCORDING TO THE REPORTER, DURING USE, THE DEVICE GOT HOT AND WAS SMOKING ON ONE SIDE OF UNIT AND CHARRED THE BLACK CORRUGATED PAD AND THE GEL PAD. THE PATIENT WAS ALIVE WITH NO INJURY.",TENS (over-the-counter)
6989914,90784434,D,1,,"PURCHASED QUELL PRODUCT, FDA APPROVED. USED ON LEGS, BELOW KNEES AS DIRECTED. HAD NICKEL ALLERGY, DETECTED BY SELF WITH CHEAP JEWELRY. HAD NO REASON TO BELIEVE NICKEL WAS USED, STILL DON'T KNOW. HAD REACTION, SM BLISTERS ON LEG. NO INFORMATION ON SITE ABOUT WARNINGS. EVEN HAIR DYE HAS WARNINGS. THEIR CUSTOMER SERVICE SAID USE COCONUT OIL FOR MOISTURE, CHANGE LEGS. IT WAS WORKING FOR ME. I WAS PACKING AND MOVING AND LOVED HOW IT MADE ME FEEL BETTER. HAVE BEEN ON OPIATES FOR YEARS. TEN PLUS, WAS HOPING TO LESSEN MY BREAK THRU ISSUES, WHICH IN MY OPINION VERY IMPORTANT TO ADDICTION AND OUR CURRENT CRISIS. ANYWAY, I NEVER SLEPT WITH IT, USED INTERMITTENTLY, WORE SHORTS, WAS CAREFUL. SOMETHING IS NOT RIGHT WITH THE DISPOSABLE GEL PADS AND LEADS. I HAVE READ THE QUALITY IS NOT THE BEST. AFTER (B)(6) DOLLARS AND NOT COVERED BY INSURANCE, PAY FOR PAIN PILLS INSTEAD, AND LIDOCAINE PATCHES ARE NOT COVERED EITHER, AND THEY COST (B)(6) DOLLARS FOR A MONTH! YET SALON PAS, ANOTHER COMPANY FOR OTC LIDOCAINE PATCHES, SELLS A BOX OF 6 FOR (B)(6) DOLLARS AT (B)(6). WHAT GIVES. CHRONIC PAIN SUFFERERS NEED ALTERNATIVES AS DO THE (B)(6) YEAR OLD WHO WRENCHES HIS KNEE PLAYING BASKETBALL. ANYWAY, I STILL HAVE MY QUELL MACHINE AS I WANTED TO GO AFTER THIS COMPANY FOR NOT PRINTING WARNINGS, NOT DISCLOSING THE REAL MATERIALS USED AND HAVING A (B)(6) DOLLAR AN HOUR CLERK GIVING BAD INFORMATION ON (B)(4) GROUP AND ON THE PHONE. ADVICE GIVEN WAS TRY THE OTHER LEG, MOISTURIZER, ROTATE THE BAND AROUND YOUR LEG, USE THE APP TO SEE HOW LONG YOU USED IT - WHAT AM I STUPID? THEIR LACK OF KNOWLEDGE AND ASKING THE (B)(4) AUDIENCE FOR TIPS, IS NOT RESPONSIBLE. I HAVE PICTURES OF THE DAMAGE AND SCARS TO MY LEGS. NOT PRETTY. I AM (B)(6) YEARS OLD. ANY QUESTIONS PLEASE CONTACT ME. THANKS. THE OPIOID CRISIS WOKE ME UP. I ALSO HAVE A SON LIVING IN (B)(6), HE USES HEROIN FOR 13 YEARS AND DIDN'T START WITH PAIN PILLS OR WEED. I LEARNED IN 6TH GRADE, THAT HEROIN WAS A MONKEY DRUG. ONE TIME AND YOU'RE HOOKED - I NEVER FORGET THAT. MY SON SAID HE NEVER HEARD OF THAT. HE WAS BORN IN EARLY (B)(6). I THINK DURING THE DARE ERA. HE LEFT (B)(4) FOR THE STREETS OF COLD (B)(4)., AS THEY EXPANDED MEDICAID, 3 YEARS AGO.",TENS (over-the-counter)
6978993,91192952,N,1,,"THE DETAILS OF THE MAUDE ADVERSE EVENT REPORT ((B)(4)) WERE REVIEWED AND DISCUSSED WITH THE CLINICAL, QUALITY ASSURANCE AND REGULATORY AFFAIRS DEPARTMENTS. THE CONCLUSION OF THE REVIEW AGREES WITH THE PERCEPTION PROVIDED IN THE REPORT (BASED, IN PART, ON THE REVIEW OF VIDEO FROM THE SESSION) THAT THE INJURY WAS NOT CAUSED BY THE DEVICE (EKSO 1.1). THE INJURY WAS CAUSED BY INACCURATE MEASURING OF THE RANGE OF MOTION (ROM) OF THE PATIENT'S ANKLE AND SUBOPTIMAL POSITIONING OF THE FOOT IN THE FOOT BINDING OF THE DEVICE. THE REPORT INDICATES THAT A POST-SESSION SKIN INSPECTION WAS PERFORMED AND INDICATES NO ISSUES. A POST-SESSION STANDING VISUAL INSPECTION MAY HAVE HELPED WITH THE ANKLE SUPINATION ISSUES, ALTHOUGH IT IS POSSIBLE THAT THE ANKLE MAY HAVE MOVED SLIGHTLY DURING THE WALKING SESSION. THE DEVICE HISTORY RECORD WAS CHECKED, AND NO PREVIOUS DEVICE NONCONFORMITIES WERE FOUND. IN ADDITION, THE COMPLAINT DATABASE WAS REVIEWED FOR ISSUES WITH THIS DEVICE SERIAL NUMBER AND FOR THIS CUSTOMER, AND NO OPEN ISSUES WITH THIS DEVICE WERE FOUND. ACCORDING TO THE DATA THAT IS AVAILABLE, THE DEVICE IS OPERATING AS DESIGNED. EKSO BIONICS WAS NOT INITIALLY NOTIFIED ABOUT THIS EVENT. THE ADVERSE EVENT REPORT WAS DISCOVERED THROUGH A SEARCH OF THE MAUDE DATABASE.",Powered exoskeleton
6978993,91192953,D,1,,"THE EVENT IS DESCRIBED BY THE USER FACILITY IN MAUDE ADVERSE EVENT REPORT # (B)(4) ON 26 JUNE 2017. THE EVENT DESCRIPTION FROM THAT REPORT IS COPIED BELOW: ""PATIENT W/ THORACIC SPINAL CORD INJURY & FLACCID PARAPLEGIA. FOLLOWING USE OF THE EKSO BIONIC GATE DEVICE, THE PATIENT HAD SWELLING OF THE RIGHT ANKLE & FOOT. THIS WAS THE PATIENT'S FIRST TIME USING THE DEVICE. A TRAINED PHYSICAL THERAPIST & PT ASSISTANT WERE PRESENT DURING THE SESSION AND REPORTED THAT THE PATIENT HAD A GOOD FIT AND DID WELL. NO SKIN ISSUES WERE NOTED AT THE END OF SESSION. THE NEXT DAY, THE PATIENT REPORTED HAVING SPASMS IN HER LEG AND NOTED SOME SWELLING. WHEN SHE REMOVED HER SHOE, SHE NOTICED THAT HER R ANKLE LOOKED BRUISED. PHYSICAL THERAPY WAS CALLED AND THE PATIENT WAS ASSESSED. THE PATIENT WAS FOUND TO HAVE SWELLING IN R FOOT MEDIAL ANKLE & DISTAL PART OF LOWER LEG AND BRUISING BELOW THE MEDIAL MALLEOLUS. A PHYSICIAN WAS NOTIFIED AND X-RAY WAS COMPLETED. X-RAY REPORTED AN ""AVULSION OF UNKNOWN CHRONICITY OVER THE MEDIAL TALUS BODY AND LATERAL MALLEOLUS. NO OBVIOUS ACUTE FRACTURES. "" CASTING WAS NOT NEEDED, BUT THE PATIENT WAS TREATED WITH ICE, COMPRESSION, AND AN ASO BRACE. THE PATIENT'S HUSBAND HAD A VIDEO OF HER WALKING IN THE EKSO- THIS WAS REVIEWED AND NOTED THAT HER R ANKLE WAS SUPINATING INSIDE THE FOOT STRAP OF THE EKSO (X372 STEPS TAKEN DURING THAT SESSION). THE PATIENT'S ANKLE MOVED IN A FRONTAL PLANE RATHER THAN A A/P PLANE POSSIBLY CAUSING STRESS TO THE LATERAL ANKLE. ULTIMATELY, IT IS BELIEVED THAT THE PATIENT'S DORSIFLEXION WAS OVERESTIMATED AND PERHAPS, ADDITIONAL NECESSARY ADJUSTMENTS TO THE EKSO WERE NOT MADE. IT IS STAFF'S PERCEPTION THAT THE DEVICE DID NOT CAUSE THIS INJURY, BUT PERHAPS, LACK OF VISUALIZATION OF THE MALADJUSTMENT WAS THE PROBLEM. TYPICALLY, 2 PHYSICAL THERAPISTS ARE PRESENT/ASSIST NEW SPINAL CORD INJURY PATIENTS WHEN USING THE EKSO. IN THIS REPORTED CASE, THE PATIENT WAS NOT A NEW INJURY, AND INSTEAD OF 2 THERAPISTS BEING PRESENT, THERE WAS 1 PHYSICAL THERAPIST & 1 PT ASSISTANT. AS OF FILING OF THIS REPORT, THERE ARE 134,808 STEPS OF USE ON THE DEVICE.""",Powered exoskeleton
7016008,91557758,D,1,,"IN SUMMARY, PER THE LETTER FROM THE HIGH SCHOOL'S ATHLETIC DEPARTMENT - (B)(6) 2017, 7:30 AM, THE END-USER, (B)(6), CAME INTO THE ATHLETIC TRAINING ROOM (AT THE HIGH SCHOOL) AFTER RUNNING CROSS COUNTRY MORNING WORKOUTS AROUND THE GRASS FIELDS. IT WAS FAIRLY HUMID AROUND 7:00 AM WHEN THEY BEGAN RUNNING. HE SAT ON THE TABLE CLOSEST TO THE EXIT TO RECEIVE TREATMENT ON A RIGHT ACHILLES SORENESS HE HAD BEEN EXPERIENCING FOR THE PAST FEW WEEKS. HE HAD ELECTRODES PLACED ON HIS LATERAL AND MEDICAL LOWER LEG AROUND HIS SORE AREA. HE WAS HOOKED UP BY 11TH GRADE STUDENT TRAINER, (B)(6). HE HAD BEEN ON FOR ABOUT A COUPLE MINUTES WHEN HE LOSES CONSCIOUSNESS. ASSISTANT ATHLETIC TRAINER, (B)(6) WAS IN THE BACK GETTING ICE FOR ANOTHER ATHLETE, WHEN THE STUDENT TRAINER BEGAN YELLING FOR HIM. (B)(6) IS SLUMPED OVER. (B)(6) RAN TO (B)(6) IMMEDIATELY TO CHECK FOR A PULSE, ASKING, ""ARE YOU WITH ME (B)(6)?"" (B)(6) IS TAKEN OFF THE E-STIM UNIT IMMEDIATELY AT THIS TIME. (B)(6) HOLDS (B)(6) UP SO HE DOESN'T FALL OFF THE TABLE. (B)(6) IS SITTING AND SLUMPED TOWARDS THE RIGHT - HE WAKES UP AND LOOKS LETHARGIC; HIS PUPILS ARE DILATED. ANOTHER ATHLETE, (B)(6), WAS HOOKED UP TO THE SAME MACHINE NEXT TO (B)(6). (B)(6) STATED THAT HE FELT WEAK AND SLEEPY. (B)(6) THEN PASSES OUT AGAIN, AND BEGINS SEIZING. (B)(6) CALLS 911 AS (B)(6) ASSESS (B)(6). (B)(6) IS BROKEN OUT IN A COLD SWEAT ALL OVER HIS BODY - HE WAKES UP ABOUT 10-15 SECONDS LATER, AND ASKS WHAT HAPPENED. (B)(6) TELLS (B)(6) WHAT'S HAPPENED, AND (B)(6) IMMEDIATELY BEGINS REMEMBERING THINGS. (B)(6) LAYS (B)(6) DOWN AND ELEVATES HIS LOWER EXTREMITIES. (B)(6) GRABS HIS PULSE OXIMETER AND IT SHOWS HE HAS ABOUT 96-97% OXYGEN WITH A PULSE AROUND 58-62 BPM. (B)(6) IS ALERT AND TALKING TO (B)(6) AGAIN. (B)(6) GETS OFF THE PHONE WITH 911, AND THE MOM IS CALLED - SHE IS ON HER WAY. EMS THEN ARRIVES AND BEGINS ASSESSING. THE DAD THEN CALLED (B)(6) TO QUESTION THE MACHINE - (B)(6) TELLS HIM IT IS A TENS UNIT THAT MANY OF THE ATHLETES USE DAILY TO RECEIVE TREATMENT - (B)(6) IS ALERT NOW AND EMS IS THERE.",TENS (prescription)
7083059,94282702,D,1,,"THIS SPONTANEOUS CASE WAS REPORTED BY A CONSUMER AND DESCRIBES THE OCCURRENCE OF DEVICE MATERIAL ISSUE (""DEVICE GETTING HOT ON ONE SIDE AND SMOKING, AND CHARRED THE BLACK PAD AND THE GEL PAD"") IN A FEMALE PATIENT WHO RECEIVED ALEVE TENS DEVICE DIRECT THERAPY UNIT FOR BACK PAIN. ON AN UNKNOWN DATE, THE PATIENT STARTED ALEVE TENS DEVICE DIRECT THERAPY UNIT. ON AN UNKNOWN DATE, THE PATIENT EXPERIENCED DEVICE MATERIAL ISSUE. THE REPORTER COMMENTED: I JUST CONTACTED CUSTOMER SERVICE DO TO MY DEVICE GETTING HOT AND SMOKING, LUCKILY I WAS NOT BURNT. THE DEVICE JUST GOT HOT ON ONE SIDE AND CHARRED THE BLACK PAD AND THE GEL PAD. I HAVE HAD THIS FOR 3 MONTHS WITHOUT ANY PROBLEMS MOST RECENT FOLLOW-UP INFORMATION INCORPORATED ABOVE INCLUDES: ON 29-NOV-2017: UPON INTERNAL QUALITY REVIEW, THE REPORTED EVENTS WERE REVISED TO DEVICE GETTING HOT ON ONE SIDE AND SMOKING, AND CHARRED THE BLACK PAD AND THE GEL PAD. MOREOVER, CASE CATEGORY WAS UPDATED TO INCIDENT AS THERE WAS A POTENTIAL FOR HARM TO THE PATIENT IF DEVICE WAS ATTACHED TO THE SKIN. THIS SPONTANEOUS REPORT REFERS TO A FEMALE PATIENT WHO USED ALEVE TENS DEVICE DIRECT THERAPY UNIT (TRANSCUTANEOUS ELECTRICAL NERVE STIMULATION (TENS THERAPY)) FOR SEVERE BACK PAIN ON UNSPECIFIED DATES. WITHIN 3 MONTHS OF USE WITHOUT ANY PROBLEM, DEVICE GOT HOT ON ONE SIDE AND SMOKING, AND CHARRED THE BLACK PAD AND THE GEL PAD. PATIENT WAS NOT BURNT. THE EVENT WAS CONSIDERED NON-SERIOUS AND IS LISTED ACCORDING ALEVE TENS DEVICE DIRECT THERAPY UNIT. AT THE TIME OF REPORTING, THERE IS NO EVIDENCE THAT A DEVICE-RELATED DEFECT OR MALFUNCTION CAUSED A DEATH OR SERIOUS INJURY. HOWEVER THERE WAS A POTENTIAL FOR HARM TO THE PATIENT IF THE DEVICE ISSUE HAPPENED WHILE IT WAS ATTACHED TO THE SKIN. FURTHER INFORMATION WAS REQUESTED. THIS CASE WAS REGARDED AS INCIDENT.",TENS (over-the-counter)
7143901,96016915,D,1,,"ONE CUSTOMER IN USA REPORTED A BROKEN HANDRAIL ON THE ANDAGO V2.0. (HANDRAILS ARE OPTIONAL COMPONENTS). IT OCCURED WHILE SERVICING THE MEDICAL DEVICE, NOT WHILE A THERAPY. NO PATIENT TRAINING ONGOING SO NOBODY (PATIENT, USER AND 3RD PERSONS) WERE INJURED. HOWEVER THE POTENTIAL HARM, COULD OCCUR DURING PATIENT SETUP AND RELEASE, WHICH COULD LEAD TO A SERIOUS INJURY. (SAFETY RELATED). AS THIS CASE IS RELATED TO PATIENT SAFETY, HOCOMA DECIDED TO INITIATE A MDR IN THE US. WE HAVE IDENTIFIED 19 (NINETEEN) ANDAGO V2.0 PRODUCTS IN USA.",Powered exercise equipment (incl. CPM)
6630243,110478180,D,1,,"THE DEVICE INVOLVED WITH THIS EVENT WAS RETURNED TO COMPASS HEALTH BRANDS AND EVALUATED ON 6/16/2017 (NO ELECTRODES WERE RETURNED WITH THE DEVICE). THE CUSTOMER'S COMPLAINT WAS UNABLE TO BE DUPLICATED. THE RETURNED DEVICE WAS TESTED FOR PRODUCT PERFORMANCE, AND DETERMINED TO FALL WITHIN THE MANUFACTURER'S SPECIFICATIONS, AS DEFINED IN THE PRODUCT'S USER MANUAL.",TENS (prescription)
6879512,110479623,D,1,,"THE DEVICE INVOLVED WITH THIS EVENT WAS RETURNED TO COMPASS HEALTH BRANDS AND INSPECTED ON 9/26/2017 - THE CUSTOMER'S COMPLAINT WAS UNABLE TO BE DUPLICATED FROM A REVIEW OF THE RETURNED DEVICE. THE RETURNED DEVICE WAS TESTED UNDER STANDARD PROTOCOL, AND WAS DETERMINED TO FALL WITHIN THE MANUFACTURER'S SPECIFICATION. AGAIN, THE CUSTOMER'S COMPLAINT COULD NOT BE DUPLICATED FROM A REVIEW OF THE RETURNED DEVICE.",TENS (prescription)
6373325,117963057,N,1,,"THIS SPONTANEOUS CASE WAS REPORTED BY A CONSUMER AND DESCRIBES THE OCCURRENCE OF FIRST DEGREE CHEMICAL BURN OF SKIN (""THEY LOOKED LIKE CHEMICAL BURNS/ THEY LOOKED LIKE BURNS/THE BURN WAS VERY BAD/ THEY WERE FIRST, SECOND AND THIRD DEGREE BURNS""), SECOND DEGREE CHEMICAL BURN OF SKIN (""THEY LOOKED LIKE CHEMICAL BURNS/ THEY LOOKED LIKE BURNS/THE BURN WAS VERY BAD/ THEY WERE FIRST, SECOND AND THIRD DEGREE BURNS"") AND THIRD DEGREE CHEMICAL BURN OF SKIN (""THEY LOOKED LIKE CHEMICAL BURNS/ THEY LOOKED LIKE BURNS/THE BURN WAS VERY BAD/ THEY WERE FIRST, SECOND AND THIRD DEGREE BURNS"") IN A MALE PATIENT WHO RECEIVED ALEVE TENS DEVICE DIRECT THERAPY UNIT (BATCH NO. UNK). OTHER PRODUCT OR PRODUCT USE ISSUES IDENTIFIED: DEVICE LEAKAGE ""HE SAID THAT WHATEVER IS IN THE GEL THAT LEAKED OUT MUST HAVE REACTED WITH MY SKIN,"" IN 2016, CONTRAINDICATED DEVICE USED ""TITANIUM PLATES AS WELL AS A TON OF RODS AND SCREWS ON LOWER BACK"" AND THERAPEUTIC RESPONSE UNEXPECTED ""THE UNIT HAD HELPED ME REDUCE MY OPIOID USE"". THE PATIENT'S CONCURRENT CONDITIONS INCLUDED SPINAL FUSION NOS SINCE 2014 AND INTERNAL FIXATION OF SPINE. ON AN UNKNOWN DATE, THE PATIENT STARTED ALEVE TENS DEVICE DIRECT THERAPY UNIT. IN 2016, THE PATIENT EXPERIENCED FIRST DEGREE CHEMICAL BURN OF SKIN (SERIOUSNESS CRITERIA MEDICALLY SIGNIFICANT AND INTERVENTION REQUIRED) WITH URTICARIA, SCAB, PRURITUS AND SKIN ULCER, SECOND DEGREE CHEMICAL BURN OF SKIN (SERIOUSNESS CRITERIA MEDICALLY SIGNIFICANT AND INTERVENTION REQUIRED) WITH URTICARIA, SCAB, PRURITUS AND SKIN ULCER AND THIRD DEGREE CHEMICAL BURN OF SKIN (SERIOUSNESS CRITERIA MEDICALLY SIGNIFICANT AND INTERVENTION REQUIRED) WITH URTICARIA, PRURITUS, SCAB AND SKIN ULCER. THE PATIENT WAS TREATED WITH NEOSPORIN (NEOSPORIN TOPICAL). ALEVE TENS DEVICE DIRECT THERAPY UNIT WAS INTERRUPTED. AT THE TIME OF THE REPORT, THE FIRST DEGREE CHEMICAL BURN OF SKIN, SECOND DEGREE CHEMICAL BURN OF SKIN AND THIRD DEGREE CHEMICAL BURN OF SKIN HAD RESOLVED. THE REPORTER CONSIDERED FIRST DEGREE CHEMICAL BURN OF SKIN, SECOND DEGREE CHEMICAL BURN OF SKIN AND THIRD DEGREE CHEMICAL BURN OF SKIN TO BE RELATED TO ALEVE TENS DEVICE DIRECT THERAPY UNIT. THE REPORTER COMMENTED: I REPLACED THE PADS FOR ABOUT THE 10TH TIME, PUT THEM ON AND LAID DOWN. I HAD IT ON LEVEL 3 OR 4, NOT TO HIGH, AND THE EVENTS OCCURRED. CONSUMER USED THE PRODUCT BEFORE FOR ABOUT 3 MONTHS WITH NO ISSUES. QUALITY-SAFETY EVALUATION OF PTC: (B)(4): UNCONFIRMED QUALITY DEFECT: RISK CATEGORY V. PER GLOBAL SOP 115, IF NO SAMPLE ARE AVAILABLE AND NO BATCH DATA OF THE MEDICAL PRODUCT OR MEDICAL DEVICE HAVE BEEN REPORTED IN THE COMPLAINT, IT IS CLOSED WITHOUT FURTHER INVESTIGATION. A PTC INVESTIGATION CAN NOT BE INITIATED AS A BATCH NUMBER OR SAMPLE WAS NOT PROVIDED THUS RESULTING IN AN UNCONFIRMED QUALITY DEFECT. (B)(4): UNCONFIRMED QUALITY DEFECT: RISK CATEGORY V. BATCH DOCUMENTATION HAS BEEN REVIEWED BY BAYER QUALITY ASSURANCE. ALL DEVIATIONS AND NON-CONFORMANCES HAVE ALSO BEEN REVIEWED BY BAYER QUALITY ASSURANCE TO IDENTIFY POTENTIAL PRODUCT QUALITY CONCERNS, WITH NON IDENTIFIED FOR THE APPLICABLE LOT. WITHOUT A RETURN SAMPLE, NO FURTHER INVESTIGATION IS POSSIBLE. THIS ISSUE WILL BE MONITORED AND TREATED TO POTENTIALLY IDENTIFY NEW FAILURE MODES. BASED ON THE INFORMATION AVAILABLE, BATCH DOCUMENTATION WAS RECEIVED AND NO PRODUCT QUALITY CONCERNS WERE IDENTIFIED, HOWEVER, SINCE NO SAMPLE WAS PROVIDED NO FINAL ASSESSMENT IS POSSIBLE THUS RESULTING IN AN OUTCOME OF UNCONFIRMED QUALITY DEFECT. MOST RECENT FOLLOW-UP INFORMATION INCORPORATED ABOVE INCLUDES: ON 27-JUN-2017: THE PREVIOUSLY REPORTED EVENT THEY LOOKED LIKE CHEMICAL BURNS/ THEY LOOKED LIKE BURNS/THE BURN WAS VERY BAD WAS REWORKED TO THEY LOOKED LIKE CHEMICAL BURNS/ THEY LOOKED LIKE BURNS/THE BURN WAS VERY BAD /THEY WERE FIRST, SECOND AND THIRD DEGREE BURNS AND OPEN SORES ON BACK AND ITCHING ON SORES WERE ADDED AS SYMPTOM FOR THIS EVENT; EVENT TITANIUM PLATES AS WELL AS A TON OF RODS AND SCREWS ON LOWER BACK WAS ALSO ADDED; MEDICAL HISTORY UPDATED. COMPANY CAUSALITY COMMENT: THIS SPONTANEOUS CASE, REPORTED BY A CONSUMER, DESCRIBES THE OCCURRENCE OF SERIOUS EVENTS CHEMICAL INJURY- FIRST DEGREE BURNS, SECOND DEGREE BURNS AND THIRD DEGREE BURNS (""THEY LOOKED LIKE CHEMICAL BURNS/ THEY LOOKED LIKE BURNS/THE BURN WAS VERY BAD"") (MEDICALLY SIGNIFICANT AND INTERVENTION REQUIRED) IN A MALE PATIENT WHO RECEIVED ALEVE TENS DEVICE DIRECT THERAPY UNIT FOR A NOT REPORTED INDICATION. THIS EVENTS ARE UNLISTED ACCORDING TO ALEVE TENS REFERENCE SAFETY INFORMATION. THE PATIENT'S CONCURRENT CONDITIONS INCLUDED SPINAL FUSION NOS. PATIENT REPLACED THE PADS FOR ABOUT THE 10TH TIME, PUT THEM ON AND LAID DOWN, HAD THE DEVICE ON LEVEL 3 OR 4, AND REPORTED NON-SERIOUS DEVICE LEAKAGE (""HE SAID THAT WHATEVER IS IN THE GEL THAT LEAKED OUT MUST HAVE REACTED WITH MY SKIN"") FOLLOWED BY CHEMICAL INJURY. IN THIS CONTEXT, CONSIDERING THE TECHNICAL ISSUE AND THE CLOSE TEMPORAL RELATIONSHIP, CAUSALITY OF ALEVE TENS CANNOT BE EXCLUDED, IN AGREEMENT WITH REPORTER. PTC INVESTIGATION: UNCONFIRMED QUALITY DEFECT.",TENS (over-the-counter)
6805849,188935244,D,1,,"INITIAL INFORMATION REGARDING THIS UNSOLICITED CASE FROM UNITED STATES WAS RECEIVED ON 04-AUG-2017 FROM PATIENT'S WIFE. THIS CASE INVOLVES A MALE PATIENT OF UNKNOWN AGE, WHO ENDED UP WITH 2 BLISTERS ON HIS BACK AFTER RECEIVING TREATMENT WITH SMART RELIEF TENS THERAPY (ICY HOT SMART RELIEF TENS BACK PAIN THERAPY). PAST DRUGS, MEDICAL HISTORY AND CONCOMITANT MEDICATIONS WERE NOT REPORTED. ON (B)(6) 2017, THE PATIENT STARTED THERAPY WITH SMART RELIEF TENS THERAPY AT AN UNSPECIFIED FREQUENCY (LOT/ BATCH NUMBER AND EXPIRY DATE: UNKNOWN) FOR HURTING BACK. IT WAS REPORTED THAT PATIENT USED SMART RELIEF TENS THERAPY FOR A BIT THAT DAY ((B)(6) 2017) AND HE ENDED UP WITH 2 BLISTERS ON HIS BACK (ONSET DATE AND LATENCY: UNKNOWN). ACTION TAKEN: UNKNOWN. CORRECTIVE TREATMENT: NOT REPORTED. EVENT OUTCOME: UNKNOWN. SERIOUSNESS CRITERIA: IMPORTANT MEDICAL EVENT. QA REVIEW FINDINGS: ALL RETAINS ARE EXAMINED FOR CORRECT PACKAGING, SEAL, MISSING COMPONENTS, WORKING CONTROL UNIT, LEGIBILITY OF LOT NUMBERS /EXPIRATION DATE, CORRECT LABEL AND FOREIGN MATTER. NO ANOMALIES WERE FOUND THAT COULD CONTRIBUTE TO THIS COMPLAINT. DEVICE RETURN IS EXPECTED; IF/WHEN IT IS RETURNED FURTHER INVESTIGATION MAY BE PERFORMED. ADDITIONAL INFORMATION WAS RECEIVED FROM THE QUALITY DEPARTMENT ON 07-AUG-2017: QA REVIEW FINDINGS WERE ADDED. TEXT UPDATED ACCORDINGLY.",TENS (over-the-counter)
6609644,192897569,N,1,,"THE REPORTED ISSUE ONLY AFFECTS ONE ATTACHMENT, TOOL 802, AND ONLY THIS PART HAD TO BE RETURNED TO BTE AND EVALUATED. THE SIMULATOR SYSTEM PERFORMANCE IS NOT AFFECTED ONCE THIS TOOL IS REPLACED.",Powered exercise equipment (incl. CPM)
6609644,192897570,D,1,,"PATIENT WAS USING THE TOOL 802 ATTACHED TO THE SIMULATOR WORKHEAD WHEN THE END HANDLE BROKE FROM TOOL, CAUSING HER ARM TO SLIP IN WHICH SHE THEN CUT HER FOREARM. THE PATIENT WAS TAKEN TO THE DOCTOR'S OFFICE. THE WOUND WAS CLEANED AND STERI-STRIPS WERE APPLIED. THE PATIENT RECEIVED A TETANUS SHOT AND AN X-RAY WAS TAKEN TO ENSURE NO METAL FRAGMENTS WERE LEFT IN HER ARM. THE PATIENT THEN RETURNED TO CLINIC TO COMPLETE THE FUNCTIONAL CAPACITY EVALUATION (FCE) AS SHE STATED SHE FELT WELL ENOUGH AND WANTED TO COMPLETE THE TESTING.",Powered exercise equipment (incl. CPM)
6635587,205495595,N,1,,"EXEMPTION NUMBER: E2013031. OMRON HEALTHCARE. INC. (IMPORTER) IS SUBMITTING THE REPORT ON BEHALF OF OMRON (DALIAN) CO., LTD. (PLANT 2) (MANUFACTURER). REGISTRATION NUMBER: 3003263296. QUALITY ANALYST HAD SENT POSTAGE PAID LABEL AND REFUND FOR THE UNIT, TO FACILITATE RETRIEVAL OF THE UNIT FOR FURTHER INVESTIGATION. AS OF 08/01/2017, UNIT HAS NOT BEEN RECEIVED AFTER MULTIPLE ATTEMPTS MADE TO RETRIEVE THE UNIT. THE MANUFACTURER REVIEWED THE DEVICE HISTORY RECORD, QA TEST DATA AND RISK ANALYSIS, COMPLAINT HISTORY FOR THE MODEL NUMBER AND SIMILAR MODELS AND COMPLAINT RECORDS FOR SIMILAR ISSUES. NO ISSUE/PROBLEM WAS NOTED DURING DATA REVIEWED BY THE MANUFACTURER. ALL RISK MITIGATIONS, WARNINGS AND CAUTIONS ARE STILL CORRECT AND IN PLACE. THE DEVICE WAS NOT RECEIVED FOR EVALUATION; THEREFORE, A DEVICE ANALYSIS COULD NOT BE COMPLETED. NO FURTHER INVESTIGATION REQUIRED.",TENS (over-the-counter)
6635587,205495596,D,1,,"ADDITIONAL FOLLOW-UP INFORMATION RECEIVED FROM CONSUMER: QUALITY ANALYST CONTACTED CONSUMER (ON (B)(4) 2017) TO OBTAIN ADDITIONAL INFORMATION. CONSUMER STATED THE BURN HAS HEALED AND IS NOW JUST A SCAR. HER DOCTOR RECOMMENDED SHE GO TO A WOUND CLINIC BUT SINCE IT HAS HEALED ON IT'S OWN SHE DID NOT GO. SHE WILL BE MAKING AN APPOINTMENT/CONSULTATION WITH A SURGEON TO DISCUSS PLASTIC SURGERY. SHE IS CALLING THE SURGEON TODAY TO MAKE AN APPOINTMENT. QUALITY ANALYST ADVISED THAT WE MAY CALL BACK FOR INFORMATION REGARDING THE APPOINTMENT AND CONSUMER STATED THAT WOULD BE FINE. CONSUMER STATED SHE HAS NO ALLERGIES. SHE WILL SEND PICTURE OF HER SCAR. SHE STILL IS NOT SURE WHAT HER NEXT STEPS ARE AND/OR IF SHE WILL SEND IN THE UNIT. DURING ANOTHER FOLLOW-UP WAS WITH CONSUMER ON (B)(4) 2017 BY QUALITY ANALYST, CONSUMER STATED SHE SAW HER SURGEON YESTERDAY AND IS WAITING TO RECEIVE A ""REPORT"" FROM HIM. SHE DOESN'T THINK SHE'LL GET SURGERY AT THIS TIME SHE WANTS TO WAIT TO SEE HOW THE WOUND HEALS. SHE IS NOT SURE WHAT SHE WILL DO WITH THE UNIT. CONSUMER STATED SHE WILL CALL ME BACK ONCE SHE FIGURES EVERYTHING OUT. AS OF (B)(4) 2017, CONSUMER HAS NOT PROVIDED ANY ADDITIONAL INFORMATION.",TENS (over-the-counter)
6373325,208489961,N,1,,"THIS SPONTANEOUS CASE WAS REPORTED BY A CONSUMER AND DESCRIBES THE OCCURRENCE OF FIRST DEGREE CHEMICAL BURN OF SKIN (""THEY LOOKED LIKE CHEMICAL BURNS/ THEY LOOKED LIKE BURNS/THE BURN WAS VERY BAD/ THEY WERE FIRST, SECOND AND THIRD DEGREE BURNS""), SECOND DEGREE CHEMICAL BURN OF SKIN (""THEY LOOKED LIKE CHEMICAL BURNS/ THEY LOOKED LIKE BURNS/THE BURN WAS VERY BAD/ THEY WERE FIRST, SECOND AND THIRD DEGREE BURNS"") AND THIRD DEGREE CHEMICAL BURN OF SKIN (""THEY LOOKED LIKE CHEMICAL BURNS/ THEY LOOKED LIKE BURNS/THE BURN WAS VERY BAD/ THEY WERE FIRST, SECOND AND THIRD DEGREE BURNS"") IN A MALE PATIENT WHO RECEIVED ALEVE TENS DEVICE DIRECT THERAPY UNIT. CO-SUSPECT PRODUCTS INCLUDED ALEVE TENS GEL PAD (BATCH NO. (B)(4)). OTHER PRODUCT OR PRODUCT USE ISSUES IDENTIFIED: DEVICE LEAKAGE ""HE SAID THAT WHATEVER IS IN THE GEL THAT LEAKED OUT MUST HAVE REACTED WITH MY SKIN,"" IN 2016, MEDICAL DEVICE MONITORING ERROR ""TITANIUM PLATES AS WELL AS A TON OF RODS AND SCREWS ON LOWER BACK"", THERAPEUTIC RESPONSE UNEXPECTED ""THE UNIT HAD HELPED ME REDUCE MY OPIOID USE"", PRODUCT QUALITY ISSUE ""GELPAD MELTED"" AND CONTRAINDICATED DEVICE USED ""TITANIUM PLATES AS WELL AS A TON OF RODS AND SCREWS ON LOWER BACK"". THE PATIENT'S CONCURRENT CONDITIONS INCLUDED SPINAL FUSION NOS SINCE 2014 AND INTERNAL FIXATION OF SPINE. ON AN UNKNOWN DATE, THE PATIENT STARTED ALEVE TENS DEVICE DIRECT THERAPY UNIT. ON AN UNKNOWN DATE, THE PATIENT STARTED ALEVE TENS GEL PAD. IN 2016, THE PATIENT EXPERIENCED FIRST DEGREE CHEMICAL BURN OF SKIN (SERIOUSNESS CRITERIA MEDICALLY SIGNIFICANT AND INTERVENTION REQUIRED) WITH URTICARIA, SCAB, WOUND COMPLICATION AND SKIN ULCER, SECOND DEGREE CHEMICAL BURN OF SKIN (SERIOUSNESS CRITERIA MEDICALLY SIGNIFICANT AND INTERVENTION REQUIRED) WITH URTICARIA, SCAB, WOUND COMPLICATION AND SKIN ULCER AND THIRD DEGREE CHEMICAL BURN OF SKIN (SERIOUSNESS CRITERIA MEDICALLY SIGNIFICANT AND INTERVENTION REQUIRED) WITH URTICARIA, WOUND COMPLICATION, SCAB AND SKIN ULCER. THE PATIENT WAS TREATED WITH NEOSPORIN (NEOSPORIN TOPICAL). ALEVE TENS DEVICE DIRECT THERAPY UNIT WAS INTERRUPTED. AT THE TIME OF THE REPORT, THE FIRST DEGREE CHEMICAL BURN OF SKIN, SECOND DEGREE CHEMICAL BURN OF SKIN AND THIRD DEGREE CHEMICAL BURN OF SKIN HAD RESOLVED. THE REPORTER CONSIDERED FIRST DEGREE CHEMICAL BURN OF SKIN, SECOND DEGREE CHEMICAL BURN OF SKIN AND THIRD DEGREE CHEMICAL BURN OF SKIN TO BE RELATED TO ALEVE TENS DEVICE DIRECT THERAPY UNIT AND ALEVE TENS GEL PAD. THE REPORTER COMMENTED: I REPLACED THE PADS FOR ABOUT THE 10TH TIME, PUT THEM ON AND LAID DOWN. I HAD IT ON LEVEL 3 OR 4, NOT TO HIGH, AND THE EVENTS OCCURRED. CONSUMER USED THE PRODUCT BEFORE FOR ABOUT 3 MONTHS WITH NO ISSUES. BASED ON THE RETURNED GEL PAD PRODUCT SAMPLES, ALEVE TENS GEL PADS WAS ADDED AS CO-SUSPECT; THE GEL PAD MELTED WAS ADDED AS NEW EVENT. GEL PAD LOT # 612622. PRODUCT WAS USED ON LOWER BACK. IT WAS UNKNOWN IF THE GELPADS WERE FROM THE ORIGINAL KIT OR REPLACEMENTS; IT WAS ALSO UNKNOWN WHETHER PATIENT READ THE USER MANUAL, OR IF THE ORIGINAL BATTERIES WERE NOT USED, OR IF GEL PADS STORED IMPROPERLY. QUALITY-SAFETY EVALUATION OF PTC: BASED ON THE TECHNICAL INVESTIGATION FOR ALEVE TENS DEVICE, NO PRODUCT WAS RETURNED AND NO PRODUCT IDENTIFICATION INFORMATION SUCH AS SERIAL # WAS PROVIDED WHERE A COMPLAINT INVESTIGATION OR DEVICE HISTORY RECORD REVIEW CAN BE PERFORMED. ALL ALEVE DIRECT THERAPY TENS UNITS ARE MADE IN ACCORDANCE WITH CURRENT GOOD MANUFACTURING PRACTICES AND TO THE APPLICABLE FDA AND ISO REGULATIONS. ALL PRODUCT UNDERGOES 100% INSPECTION AND 100% FUNCTIONAL TESTING AT MULTIPLE POINTS THROUGHOUT THE MANUFACTURING PROCESS WHERE THE ASSOCIATED DATA AND DOCUMENTATION IS REVIEWED TO ENSURE ALL RELEASED PRODUCT MEETS PRODUCT SPECIFICATIONS. AN IN DEPTH PTC INVESTIGATION CANNOT BE CONDUCTED BY THE QUALITY UNIT AS A SERIAL NUMBER OR SAMPLE WAS NOT PROVIDED. THE QUALITY UNIT EVALUATION WAS UNABLE TO CONFIRM THE COMPLAINT. MOST RECENT FOLLOW-UP INFORMATION INCORPORATED ABOVE INCLUDES: ON 2-AUG-2017: QUALITY-SAFETY EVALUATION OF PTC. THIS SPONTANEOUS CASE, REPORTED BY A CONSUMER, DESCRIBES THE OCCURRENCE OF SERIOUS EVENTS CHEMICAL INJURY- FIRST DEGREE BURNS, SECOND DEGREE BURNS AND THIRD DEGREE BURNS (""THEY LOOKED LIKE CHEMICAL BURNS/ THEY LOOKED LIKE BURNS/THE BURN WAS VERY BAD"") (MEDICALLY SIGNIFICANT AND INTERVENTION REQUIRED) IN A MALE PATIENT WHO RECEIVED ALEVE TENS DEVICE DIRECT THERAPY UNIT AND ALEVE TENS GEL PAD FOR A NOT REPORTED INDICATION. THESE EVENTS ARE UNLISTED ACCORDING TO ALEVE TENS DEVICE DIRECT THERAPY AND ALEVE TENS GEL PAD REFERENCE SAFETY INFORMATION. THE PATIENT'S CONCURRENT CONDITIONS INCLUDED SPINAL FUSION NOS. PATIENT REPLACED THE PADS FOR ABOUT THE 10TH TIME, PUT THEM ON AND LAID DOWN, HAD THE DEVICE ON LEVEL 3 OR 4, AND REPORTED NON-SERIOUS DEVICE LEAKAGE (""HE SAID THAT WHATEVER IS IN THE GEL THAT LEAKED OUT MUST HAVE REACTED WITH MY SKIN"") FOLLOWED BY CHEMICAL INJURY. IN THIS CONTEXT, CONSIDERING THE TECHNICAL ISSUE AND THE CLOSE TEMPORAL RELATIONSHIP, CAUSALITY OF ALEVE TENS DEVICE DIRECT THERAPY AND ALEVE TENS GEL PAD CANNOT BE EXCLUDED, IN AGREEMENT WITH REPORTER. PTC INVESTIGATION: UNCONFIRMED QUALITY DEFECT.",TENS (over-the-counter)
6953915,247777518,N,1,,"CORRECT OUTCOMES ATTRIBUTED TO ADVERSE EVENT, IT SHOULD BE OTHER SERIOUS (IMPORTANT MEDICAL EVENTS).",TENS (prescription)
7083059,249473601,N,1,,"THIS SPONTANEOUS CASE WAS REPORTED BY A CONSUMER AND DESCRIBES THE OCCURRENCE OF DEVICE MATERIAL ISSUE (""DEVICE GETTING HOT ON ONE SIDE AND SMOKING, AND CHARRED THE BLACK PAD AND THE GEL PAD"") IN A FEMALE PATIENT WHO RECEIVED ALEVE TENS DEVICE DIRECT THERAPY UNIT (BATCH NO. 608549) FOR BACK PAIN. ON AN UNKNOWN DATE, THE PATIENT STARTED ALEVE TENS DEVICE DIRECT THERAPY UNIT. ON AN UNKNOWN DATE, THE PATIENT EXPERIENCED DEVICE MATERIAL ISSUE. THE REPORTER COMMENTED: I JUST CONTACTED CUSTOMER SERVICE DO TO MY DEVICE GETTING HOT AND SMOKING, LUCKILY I WAS NOT BURNT. THE DEVICE JUST GOT HOT ON ONE SIDE AND CHARRED THE BLACK PAD AND THE GEL PAD. I HAVE HAD THIS FOR 3 MONTHS WITHOUT ANY PROBLEMS QUALITY-SAFETY EVALUATION OF PTC: BASED ON THE TECHNICAL INVESTIGATION, A REVIEW OF THE DEVICE HISTORY FOR THIS SERIAL NUMBER WAS CONDUCTED AND NO DEFECTS WERE IDENTIFIED DURING THE MANUFACTURE OF THE DEVICE. THE DEVICE WAS RETURNED TO BAYER AND PASSED TESTING. REGARDING THE TENS GELPADS- THE CUSTOMER RETURNED 2 GEL PADS STUCK TOGETHER IN A SMALL ZIP LOCK BAG. THE DEVICE HISTORY RECORD (DHR) WAS REVIEWED, AND NO ABNORMAL PROCESS CONDITIONS WERE PRESENT DURING THE MANUFACTURING OF THE PRODUCT THAT COULD HAVE LED TO THE ISSUE DESCRIBED BY THE CUSTOMER. THE INVESTIGATION TEAM HAS REVIEWED THE EQUIPMENT, MATERIAL AND PROCESS AND THE PROBABLE ROOT CAUSE OF THE REPORTED CONDITION AS STATED BY THE CUSTOMER. VISUAL INSPECTION THROUGH THE MICROSCOPE CONFIRMED THE ELECTRODES WERE APPLIED TO PATIENTS AS DERMA WAS PRESENT. ONE GEL PAD HAD A DARK BROWN AREA WITH A SMALL AREA MISSING GEL WITH ONLY THE SCRIM PRESENT. WITHIN THAT AREA THERE APPEARED TO BE SOME EVIDENCE OF HARDENED GEL. THERE WAS VERY LITTLE ""TACK"" FROM THE GEL WHEN TOUCHED WITH A NITRILE GLOVE, THIS IS CONSISTENT WITH GEL PADS THAT HAVE BEEN USED. THE REPORTED CONDITION WAS NOT CONFIRMED. THROUGH THE PRODUCT ANALYSIS OF THE REPORTED CONDITION AS STATED BY THE CUSTOMER, IT HAS BEEN DETERMINED THAT THE PROBABLE ROOT CAUSE IS NOT RELATED TO THE GEL PAD. NO DEFECTS WERE IDENTIFIED ALL ALEVE DIRECT THERAPY TENS UNITS ARE MADE IN ACCORDANCE WITH CURRENT GOOD MANUFACTURING PRACTICES AND TO THE APPLICABLE FDA AND ISO REGULATIONS. ALL PRODUCT UNDERGOES 100% INSPECTION AND 100% FUNCTIONAL TESTING AT MULTIPLE POINTS THROUGHOUT THE MANUFACTURING PROCESS WHERE THE ASSOCIATED DATA AND DOCUMENTATION IS REVIEWED. THE PTC INVESTIGATION WAS INITIATED AND THE OUTCOME OF THE INVESTIGATION RESULTED IN AN UNCONFIRMED QUALITY DEFECT. MOST RECENT FOLLOW-UP INFORMATION INCORPORATED ABOVE INCLUDES: ON 19-DEC-2017: QUALITY-SAFETY EVALUATION OF PTC WAS RECEIVED. THIS SPONTANEOUS REPORT REFERS TO A FEMALE PATIENT WHO USED ALEVE TENS DEVICE DIRECT THERAPY UNIT (TRANSCUTANEOUS ELECTRICAL NERVE STIMULATION (TENS THERAPY)) FOR SEVERE BACK PAIN ON UNSPECIFIED DATES. WITHIN 3 MONTHS OF USE WITHOUT ANY PROBLEM, DEVICE GOT HOT ON ONE SIDE AND SMOKING, AND CHARRED THE BLACK PAD AND THE GEL PAD. PATIENT WAS NOT BURNT. THE EVENT WAS CONSIDERED NON-SERIOUS AND IS LISTED ACCORDING ALEVE TENS DEVICE DIRECT THERAPY UNIT. AT THE TIME OF REPORTING, THERE IS NO EVIDENCE THAT A DEVICE-RELATED DEFECT OR MALFUNCTION CAUSED A DEATH OR SERIOUS INJURY. HOWEVER THERE WAS A POTENTIAL FOR HARM TO THE PATIENT IF THE DEVICE ISSUE HAPPENED WHILE IT WAS ATTACHED TO THE SKIN. FURTHER INFORMATION WAS REQUESTED. THIS CASE WAS REGARDED AS INCIDENT. THE PTC INVESTIGATION WAS INITIATED AND THE OUTCOME OF THE INVESTIGATION RESULTED IN AN UNCONFIRMED QUALITY DEFECT.",TENS (over-the-counter)
6955911,252255483,N,1,,"SUBMIT DATE: 10/31/2017 THIS INITIAL 3500A WAS INADVERTENTLY REPORTED IN ERROR AS COVIDIEN DOES NOT OWN THE 510K FOR THE REPORTED ITEM. IF INFORMATION IS PROVIDED IN THE FUTURE, A SUPPLEMENTAL REPORT WILL BE ISSUED.",TENS (over-the-counter)
6373325,254454278,N,1,,"THIS SPONTANEOUS CASE WAS REPORTED BY A CONSUMER AND DESCRIBES THE OCCURRENCE OF FIRST DEGREE CHEMICAL BURN OF SKIN (""THEY LOOKED LIKE CHEMICAL BURNS/ THEY LOOKED LIKE BURNS/THE BURN WAS VERY BAD/ THEY WERE FIRST, SECOND AND THIRD DEGREE BURNS""), SECOND DEGREE CHEMICAL BURN OF SKIN (""THEY LOOKED LIKE CHEMICAL BURNS/ THEY LOOKED LIKE BURNS/THE BURN WAS VERY BAD/ THEY WERE FIRST, SECOND AND THIRD DEGREE BURNS"") AND THIRD DEGREE CHEMICAL BURN OF SKIN (""THEY LOOKED LIKE CHEMICAL BURNS/ THEY LOOKED LIKE BURNS/THE BURN WAS VERY BAD/ THEY WERE FIRST, SECOND AND THIRD DEGREE BURNS"") IN A MALE PATIENT WHO RECEIVED ALEVE TENS DEVICE DIRECT THERAPY UNIT. CO-SUSPECT PRODUCTS INCLUDED ALEVE TENS GEL PAD (BATCH NO. 612622). OTHER PRODUCT OR PRODUCT USE ISSUES IDENTIFIED: DEVICE LEAKAGE ""HE SAID THAT WHATEVER IS IN THE GEL THAT LEAKED OUT MUST HAVE REACTED WITH MY SKIN,"" IN 2016, MEDICAL DEVICE MONITORING ERROR ""TITANIUM PLATES AS WELL AS A TON OF RODS AND SCREWS ON LOWER BACK"", DEVICE MATERIAL ISSUE ""GELPAD MELTED"", CONTRAINDICATED DEVICE USED ""TITANIUM PLATES AS WELL AS A TON OF RODS AND SCREWS ON LOWER BACK"" AND THERAPEUTIC RESPONSE UNEXPECTED ""THE UNIT HAD HELPED ME REDUCE MY OPIOID USE"". THE PATIENT'S CONCURRENT CONDITIONS INCLUDED SPINAL FUSION NOS SINCE 2014 AND INTERNAL FIXATION OF SPINE. ON AN UNKNOWN DATE, THE PATIENT STARTED ALEVE TENS DEVICE DIRECT THERAPY UNIT. ON AN UNKNOWN DATE, THE PATIENT STARTED ALEVE TENS GEL PAD. IN 2016, THE PATIENT EXPERIENCED FIRST DEGREE CHEMICAL BURN OF SKIN (SERIOUSNESS CRITERIA MEDICALLY SIGNIFICANT AND INTERVENTION REQUIRED) WITH URTICARIA, SCAB, WOUND COMPLICATION AND SKIN ULCER, SECOND DEGREE CHEMICAL BURN OF SKIN (SERIOUSNESS CRITERIA MEDICALLY SIGNIFICANT AND INTERVENTION REQUIRED) WITH URTICARIA, SCAB, WOUND COMPLICATION AND SKIN ULCER AND THIRD DEGREE CHEMICAL BURN OF SKIN (SERIOUSNESS CRITERIA MEDICALLY SIGNIFICANT AND INTERVENTION REQUIRED) WITH URTICARIA, WOUND COMPLICATION, SCAB AND SKIN ULCER. THE PATIENT WAS TREATED WITH NEOSPORIN (NEOSPORIN TOPICAL). ALEVE TENS DEVICE DIRECT THERAPY UNIT WAS INTERRUPTED. AT THE TIME OF THE REPORT, THE FIRST DEGREE CHEMICAL BURN OF SKIN, SECOND DEGREE CHEMICAL BURN OF SKIN AND THIRD DEGREE CHEMICAL BURN OF SKIN HAD RESOLVED. THE REPORTER CONSIDERED FIRST DEGREE CHEMICAL BURN OF SKIN, SECOND DEGREE CHEMICAL BURN OF SKIN AND THIRD DEGREE CHEMICAL BURN OF SKIN TO BE RELATED TO ALEVE TENS DEVICE DIRECT THERAPY UNIT AND ALEVE TENS GEL PAD. NO FURTHER CAUSALITY ASSESSMENT WERE PROVIDED FOR THE PRODUCT. THE REPORTER COMMENTED: I REPLACED THE PADS FOR ABOUT THE 10TH TIME, PUT THEM ON AND LAID DOWN. I HAD IT ON LEVEL 3 OR 4, NOT TO HIGH, AND THE EVENTS OCCURRED. CONSUMER USED THE PRODUCT BEFORE FOR ABOUT 3 MONTHS WITH NO ISSUES. BASED ON THE RETURNED GEL PAD PRODUCT SAMPLES, ALEVE TENS GEL PADS WAS ADDED AS CO-SUSPECT; THE GEL PAD MELTED WAS ADDED AS NEW EVENT. GEL PAD LOT # 612622. PRODUCT WAS USED ON LOWER BACK. IT WAS UNKNOWN IF THE GELPADS WERE FROM THE ORIGINAL KIT OR REPLACEMENTS; IT WAS ALSO UNKNOWN WHETHER PATIENT READ THE USER MANUAL, OR IF THE ORIGINAL BATTERIES WERE NOT USED, OR IF GEL PADS STORED IMPROPERLY. QUALITY-SAFETY EVALUATION OF PTC: BASED ON THE TECHNICAL INVESTIGATION FOR ALEVE TENS DEVICE, NO PRODUCT WAS RETURNED AND NO PRODUCT IDENTIFICATION INFORMATION SUCH AS SERIAL # WAS PROVIDED WHERE A COMPLAINT INVESTIGATION OR DEVICE HISTORY RECORD REVIEW CAN BE PERFORMED. ALL ALEVE DIRECT THERAPY TENS UNITS ARE MADE IN ACCORDANCE WITH CURRENT GOOD MANUFACTURING PRACTICES AND TO THE APPLICABLE FDA AND ISO REGULATIONS. ALL PRODUCT UNDERGOES 100% INSPECTION AND 100% FUNCTIONAL TESTING AT MULTIPLE POINTS THROUGHOUT THE MANUFACTURING PROCESS WHERE THE ASSOCIATED DATA AND DOCUMENTATION IS REVIEWED TO ENSURE ALL RELEASED PRODUCT MEETS PRODUCT SPECIFICATIONS. AN IN DEPTH PTC INVESTIGATION CANNOT BE CONDUCTED BY THE QUALITY UNIT AS A SERIAL NUMBER OR SAMPLE WAS NOT PROVIDED. THE QUALITY UNIT EVALUATION WAS UNABLE TO CONFIRM THE COMPLAINT. MOST RECENT FOLLOW-UP INFORMATION INCORPORATED ABOVE INCLUDES: ON 25-AUG-2017: ALEVE TENS SERIAL NUMBER WAS PROVIDED (B)(4), MODEL NUMBER: 1613538 AND ADDITIONAL ALEVE GEL PAD LOT NUMBER (634424), EXPIRATION DATE IS 01-DEC-2018. THIS SPONTANEOUS CASE, REPORTED BY A CONSUMER, DESCRIBES THE OCCURRENCE OF SERIOUS EVENTS CHEMICAL INJURY- FIRST DEGREE BURNS, SECOND DEGREE BURNS AND THIRD DEGREE BURNS (""THEY LOOKED LIKE CHEMICAL BURNS/ THEY LOOKED LIKE BURNS/THE BURN WAS VERY BAD"") (MEDICALLY SIGNIFICANT AND INTERVENTION REQUIRED) IN A MALE PATIENT WHO RECEIVED ALEVE TENS DEVICE DIRECT THERAPY UNIT AND ALEVE TENS GEL PAD FOR A NOT REPORTED INDICATION. THESE EVENTS ARE UNLISTED ACCORDING TO ALEVE TENS DEVICE DIRECT THERAPY AND ALEVE TENS GEL PAD REFERENCE SAFETY INFORMATION. THE PATIENT'S CONCURRENT CONDITIONS INCLUDED SPINAL FUSION NOS. PATIENT REPLACED THE PADS FOR ABOUT THE 10TH TIME, PUT THEM ON AND LAID DOWN, HAD THE DEVICE ON LEVEL 3 OR 4, AND REPORTED NON-SERIOUS DEVICE LEAKAGE (""HE SAID THAT WHATEVER IS IN THE GEL THAT LEAKED OUT MUST HAVE REACTED WITH MY SKIN"") FOLLOWED BY CHEMICAL INJURY. IN THIS CONTEXT, CONSIDERING THE TECHNICAL ISSUE AND THE CLOSE TEMPORAL RELATIONSHIP, CAUSALITY OF ALEVE TENS DEVICE DIRECT THERAPY AND ALEVE TENS GEL PAD CANNOT BE EXCLUDED, IN AGREEMENT WITH REPORTER. THESE EVENTS WERE REGARDED AS INCIDENTS. PTC INVESTIGATION: UNCONFIRMED QUALITY DEFECT.",TENS (over-the-counter)
6899928,254927775,D,1,,"INITIAL INFORMATION REGARDING THIS UNSOLICITED CASE FROM UNITED STATES WAS RECEIVED FROM A PATIENT ON 11- SEP-2017. THIS CASE CONCERNS A FEMALE PATIENT OF UNSPECIFIED AGE WHO COMPLAINED THAT SMART RELIEF TENS THERAPY (ICY HOT SMART RELIEF TENS THERAPY) PADS WERE PEELING SKIN ON HER HIP AREA AROUND THE CHEEK OF HER BUTT, IT HURT THE FIRST DAY, THEN THE SECOND DAY IT WAS WORSE AND HAD RED SPOTS WHERE THE PADS WERE PULLED OFF. NO PAST DRUGS, RELEVANT MEDICAL HISTORY OR CONCURRENT CONDITIONS AND CONCOMITANT MEDICATIONS WERE REPORTED. IT WAS REPORTED THAT THE PATIENTS SON RECOMMEND SMART RELIEF TENS THERAPY FOR HER ERRATIC NERVE. ON (B)(6) 2017, THE PATIENT STARTED USING SMART RELIEF TENS THERAPY AT AN UNSPECIFIED FREQUENCY (LOT/BATCH NUMBER: 17E111 AND EXPIRY DATE 31-JUL-2019) FOR ERRATIC NERVE. THE ELECTRODE PAD LOT/BATCH NUMBER: B-17-01-08, EXPIRY DATE: 30-SEP-2019 AND UNIT SERIAL NUMBER WAS (B)(4). ON THE SAME DAY ((B)(6) 2017), THE PADS WERE PEELING THE SKIN ON THE HIP AREA AROUND THE CHEEK OF HER BUTT. IT HURT THE FIRST DAY ((B)(6) 2017), THEN THE SECOND DAY IT WAS WORSE (LATENCY SAME DAY). REPORTEDLY, THERE WERE RED SPOTS WHERE THE PADS WERE PULLED OFF (ONSET DATE: (B)(6) 2017; LATENCY SAME DAY). THE PATIENT WAS ADVISED TO DISCONTINUE USE (DATE UNKNOWN). ACTION TAKEN: DRUG WITHDRAWN NOS. CORRECTIVE TREATMENT: NOT REPORTED. OUTCOME: UNKNOWN. SERIOUSNESS CRITERIA: IMPORTANT MEDICAL EVENT (APPLICATION SITE PEELING). QA REVIEW FINDINGS: RECEIVED ONE TENS UNIT SERIAL NUMBER (B)(4), ONE PANASONIC BATTERY, AND ONE ELECTRODE LOT NUMBER: B-17- 01-08 FOR INVESTIGATION. UPON VISUAL INSPECTION, THE TENS UNIT WAS IN GOOD CONDITION. THE UNIT WAS FULLY FUNCTIONAL WITH BOTH THE RECEIVED AND A NEW BATTERY; COMPLETE AND CONSISTENT STIMULATION WAS OUTPUT. THE PAD WAS IN BAD CONDITION BUT STORED ON A CLEAR, PROTECTIVE SHEET; IT WAS DIRTY AND HAD A LOW LEVEL OF ADHESION. THEREFORE, THE CONSUMER'S COMPLAINT THAT THE PAD WAS DIFFICULT/PAINFUL TO REMOVE COULD NOT BE VERIFIED; THE CONSUMER STATED THAT THE PAD PEELED SKIN. THE LEFT IMPEDANCE READINGS OF THE PAD WERE 470 OHMS AND 490 OHMS, AND THE RIGHT IMPEDANCE READINGS WERE 450 OHMS AND 510 OHMS. IMPENDENCE READINGS WERE UNIFORM ACROSS SEVERAL PAD LOCATIONS; NO HOT SPOTS WERE NOTED. THE BAD CONDITION OF THE PAD INDICATES FUNCTIONALITY. HOWEVER, THE ADVERSE EVENT THE CONSUMER EXPERIENCED COULD NOT BE ATTRIBUTED TO ANY DEVICE MALFUNCTION. PATIENT'S SKIN WAS TOO THIN FOR THE ADHESIVE. ADDITIONAL INFORMATION WAS RECEIVED FROM QUALITY DEPARTMENT ON 19-SEP-2017: QA REVIEW FINDINGS WERE REPORTED. TEXT UPDATED ACCORDINGLY. ADDITIONAL INFORMATION WAS RECEIVED ON 25-SEP-2017 FROM QUALITY DEPARTMENT, QA REVIEW FINDINGS ADDED. TEXT AMENDED. ADDITIONAL INFORMATION WAS RECEIVED ON 05-OCT-2017 FROM QUALITY DEPARTMENT: QA REVIEW FINDINGS UPDATED AND COMPANY CAUSALITY UPDATED FROM POSSIBLE TO UNLIKELY. TEXT UPDATED ACCORDINGLY. ADDITIONAL INFORMATION WAS RECEIVED ON 13-DEC-2017 FROM CONSUMER: PATIENT'S AGE, WEIGHT, HEIGHT AND DATE OF BIRTH ADDED, PATIENT'S AGE GROUP WAS UPDATED. NARRATIVE WAS UPDATED",TENS (over-the-counter)
6899928,260709004,D,1,,"INITIAL INFORMATION REGARDING THIS UNSOLICITED CASE FROM UNITED STATES WAS RECEIVED FROM A PATIENT ON 11- SEP-2017. THIS CASE CONCERNS A FEMALE PATIENT OF UNSPECIFIED AGE WHO COMPLAINED THAT SMART RELIEF TENS THERAPY (ICY HOT SMART RELIEF TENS THERAPY) PADS WERE PEELING SKIN ON HER HIP AREA AROUND THE CHEEK OF HER BUTT, IT HURT THE FIRST DAY, THEN THE SECOND DAY IT WAS WORSE AND HAD RED SPOTS WHERE THE PADS WERE PULLED OFF. NO PAST DRUGS, RELEVANT MEDICAL HISTORY OR CONCURRENT CONDITIONS AND CONCOMITANT MEDICATIONS WERE REPORTED. IT WAS REPORTED THAT THE PATIENTS SON RECOMMEND SMART RELIEF TENS THERAPY FOR HER ERRATIC NERVE. ON (B)(6) 2017, THE PATIENT STARTED USING SMART RELIEF TENS THERAPY AT AN UNSPECIFIED FREQUENCY (LOT/BATCH NUMBER: 17E111 AND EXPIRY DATE 31-JUL-2019) FOR ERRATIC NERVE. THE ELECTRODE PAD LOT/BATCH NUMBER: B-17-01-08, EXPIRY DATE: 30-SEP-2019 AND UNIT SERIAL NUMBER WAS (B)(4). ON THE SAME DAY ((B)(6) 2017), THE PADS WERE PEELING THE SKIN ON THE HIP AREA AROUND THE CHEEK OF HER BUTT. IT HURT THE FIRST DAY ((B)(6) 2017), THEN THE SECOND DAY IT WAS WORSE (LATENCY SAME DAY). REPORTEDLY, THERE WERE RED SPOTS WHERE THE PADS WERE PULLED OFF (ONSET DATE: (B)(6) 2017; LATENCY SAME DAY). THE PATIENT WAS ADVISED TO DISCONTINUE USE (DATE UNKNOWN). ACTION TAKEN: DRUG WITHDRAWN NOS. CORRECTIVE TREATMENT: NOT REPORTED. OUTCOME: UNKNOWN. SERIOUSNESS CRITERIA: IMPORTANT MEDICAL EVENT (APPLICATION SITE PEELING). QA REVIEW FINDINGS: THE DEVICE HISTORY FILES ARE REVIEWED FOR ANY ANOMALY, DEVIATION OR INVESTIGATION, DOCUMENTED OR OTHERWISE THAT MIGHT RESULT IN ANY TYPE OF COMPLAINT AGAINST THE LOT. NO EVIDENCE OF ROOT CAUSE WAS FOUND IN THE DEVICE HISTORY FILES. ALL RETAINS ARE EXAMINED FOR CORRECT PACKAGING, SEAL, MISSING COMPONENTS, WORKING CONTROL UNIT, LEGIBILITY OF LOT NUMBERS /EXPIRATION DATE, CORRECT LABEL AND FOREIGN MATTER. NO ANOMALIES WERE FOUND THAT COULD CONTRIBUTE TO THIS COMPLAINT. THE CONSUMER REPORTED THAT THE PAD PEELED SKIN WHEN ATTEMPTING TO REMOVE FROM SITE OF APPLICATION ON HIP; CONSUMER ALSO REPORTED PAIN AND REDNESS. THE PCB TEST DATA CONFIRMED THAT ALL INSPECTION STEPS WERE PASSED FOR CONTROL UNIT SERIAL NUMBER 1612063491701 AND REWORK WAS NOT REQUIRED. ADDITIONALLY, THE COA CONFIRMED THAT ALL INSPECTION ITEMS WERE PASSED FOR ELECTRODE LOT NUMBER B-17-01-08. DEVICE RETURN IS EXPECTED; IF/WHEN IT IS RETURNED, FURTHER INVESTIGATION MAY BE PERFORMED. ADDITIONAL INFORMATION WAS RECEIVED FROM QUALITY DEPARTMENT ON 19-SEP-2017: QA REVIEW FINDINGS WERE REPORTED. TEXT UPDATED ACCORDINGLY. ADDITIONAL INFORMATION WAS RECEIVED ON 25-SEP-2017 FROM QUALITY DEPARTMENT, QA REVIEW FINDINGS ADDED. TEXT AMENDED.",TENS (over-the-counter)
6899945,260720989,D,1,,"INITIAL INFORMATION REGARDING THIS UNSOLICITED CASE FROM UNITED STATES WAS RECEIVED FROM A PATIENT ON 13- SEP-2017. THIS CASE CONCERNS A FEMALE PATIENT OF UNSPECIFIED AGE WHO HAD BLISTERED, SKIN COMING OFF, BURNS AND SKIN WAS RAW AFTER USING SMART RELIEF TENS THERAPY (SMART RELIEF TENS THERAPY BACK). SHE HAD IMPLANTED TEETH (METALLIC IMPLANT). NO PAST DRUGS AND CONCOMITANT MEDICATION WERE REPORTED. ON AN UNKNOWN DATE, THE PATIENT COMMENCED THERAPY WITH SMART RELIEF TENS THERAPY AT AN UNSPECIFIED FREQUENCY (LOT/BATCH NUMBER: 17E111 AND EXPIRY DATE: 31-JUL-2019; INDICATION NOT REPORTED). THE CONTROL UNIT SERIAL NUMBER: (B)(4). THE PATIENT HAD BURNS AFTER USING THE SMART RELIEF TENS. IT WAS REPORTED THAT HER SKIN WAS RAW AND BLISTERED WITH SKIN COMING OFF HER HIP (ONSET DATE AND LATENCY NOT REPORTED FOR ALL EVENTS) AFTER USING THE SMART RELIEF TENS THERAPY. SHE WENT TO THE DOCTOR AND HE GAVE HER SOME MEDICINAL OINTMENT AND BANDAGED THE AREA (CORRECTIVE TREATMENT FOR APPLICATION SITE PEELING AND SKIN TEXTURE ABNORMAL). ACTION TAKEN: PERMANENTLY DISCONTINUED CORRECTIVE TREATMENT: MEDICAL OINTMENT FOR BURNS AND BLISTERS. OUTCOME: UNKNOWN. SERIOUSNESS CRITERIA: IMPORTANT MEDICAL HISTORY (BLISTERED, BURN AND SKIN COMING OFF). QA REVIEW FINDINGS: THE CONSUMER REPORTED RECEIVING BURNS AND BLISTERS ON HIP FROM DEVICE USE. ADDITIONALLY, CONSUMER STATED THAT THEY HAVE TEETH IMPLANTS, BUT NO OTHER METALLIC IMPLANTS THROUGHOUT THE BODY. THE WARNINGS SECTION ON THE BACK OF THE DEVICE BOX STATES, ""DO NOT USE THIS DEVICE UNDER ANY CIRCUMSTANCE IF YOU HAVE A CARDIAC PACEMAKER, IMPLANTED DEFIBRILLATOR, OR OTHER IMPLANTED METALLIC OR ELECTRONIC DEVICE."" A THOROUGH INVESTIGATION (RICHARD WILLIS, CAPA PROTOCOL AND REVIEW OF IHSR [2014]) HAS BEEN DONE TO INVESTIGATE THE LIKELIHOOD OF THE IHSR PRODUCING BURNS IN SOME USERS. THIS INVESTIGATION FOUND THAT IT IS HIGHLY UNLIKELY FOR THE SMART RELIEF TO PRODUCE TISSUE TRAUMA. THE MAXIMUM CURRENT AND POWER DENSITY CALCULATED FOR THE SMARTRELIEF IS A TINY FRACTION OF THE LIMITS IN THE FDA GUIDANCE. THE COMPLETE INVESTIGATION IS LOCATED IN THE DEVICE FILES. THE COA FOR ELECTRODE LOT NUMBER B-17-01-08 CONFIRMED THAT ALL INSPECTION ITEMS WERE PASSED. DEVICE RETURN IS NOT EXPECTED AT THIS TIME; THEREFORE, ADDITIONAL INVESTIGATION IS NOT POSSIBLE. ADDITIONAL INFORMATION WAS RECEIVED ON 19-SEP-2017 FROM QUALITY DEPARTMENT, QA REVIEW FINDINGS WERE ADDED. TEXT AMENDED ACCORDINGLY.",TENS (over-the-counter)
6899928,261458460,D,1,,"INITIAL INFORMATION REGARDING THIS UNSOLICITED CASE FROM UNITED STATES WAS RECEIVED FROM A PATIENT ON 11- SEP-2017. THIS CASE CONCERNS A FEMALE PATIENT OF UNSPECIFIED AGE WHO COMPLAINED THAT SMART RELIEF TENS THERAPY (ICY HOT SMART RELIEF TENS THERAPY) PADS WERE PEELING SKIN ON HER HIP AREA AROUND THE CHEEK OF HER BUTT, IT HURT THE FIRST DAY, THEN THE SECOND DAY IT WAS WORSE AND HAD RED SPOTS WHERE THE PADS WERE PULLED OFF. NO PAST DRUGS, RELEVANT MEDICAL HISTORY OR CONCURRENT CONDITIONS AND CONCOMITANT MEDICATIONS WERE REPORTED. IT WAS REPORTED THAT THE PATIENTS SON RECOMMEND SMART RELIEF TENS THERAPY FOR HER ERRATIC NERVE. ON (B)(6) 2017, THE PATIENT STARTED USING SMART RELIEF TENS THERAPY AT AN UNSPECIFIED FREQUENCY (LOT/BATCH NUMBER: 17E111 AND EXPIRY DATE 31-JUL-2019) FOR ERRATIC NERVE. THE ELECTRODE PAD LOT/BATCH NUMBER: B-17-01-08, EXPIRY DATE: 30-SEP-2019 AND UNIT SERIAL NUMBER WAS (B)(4). ON THE SAME DAY ((B)(6) 2017), THE PADS WERE PEELING THE SKIN ON THE HIP AREA AROUND THE CHEEK OF HER BUTT. IT HURT THE FIRST DAY ((B)(6) 2017), THEN THE SECOND DAY IT WAS WORSE (LATENCY SAME DAY). REPORTEDLY, THERE WERE RED SPOTS WHERE THE PADS WERE PULLED OFF (ONSET DATE: (B)(6) 2017; LATENCY SAME DAY). THE PATIENT WAS ADVISED TO DISCONTINUE USE (DATE UNKNOWN). ACTION TAKEN: DRUG WITHDRAWN NOS. CORRECTIVE TREATMENT: NOT REPORTED. OUTCOME: UNKNOWN. QA REVIEW FINDINGS: THE DEVICE HISTORY FILES ARE REVIEWED FOR ANY ANOMALY, DEVIATION OR INVESTIGATION, DOCUMENTED OR OTHERWISE THAT MIGHT RESULT IN ANY TYPE OF COMPLAINT AGAINST THE LOT. NO EVIDENCE OF ROOT CAUSE WAS FOUND IN THE DEVICE HISTORY FILES. ALL RETAINS ARE EXAMINED FOR CORRECT PACKAGING, SEAL, MISSING COMPONENTS, WORKING CONTROL UNIT, LEGIBILITY OF LOT NUMBERS /EXPIRATION DATE, CORRECT LABEL AND FOREIGN MATTER. NO ANOMALIES WERE FOUND THAT COULD CONTRIBUTE TO THIS COMPLAINT. DEVICE RETURN IS EXPECTED; IF/WHEN IT IS RETURNED, FURTHER INVESTIGATION MAY BE PERFORMED SERIOUSNESS CRITERIA: IMPORTANT MEDICAL EVENT (APPLICATION SITE PEELING) ADDITIONAL INFORMATION WAS RECEIVED FROM QUALITY DEPARTMENT ON 19-SEP-2017: QA REVIEW FINDINGS WERE REPORTED. TEXT UPDATED ACCORDINGLY.",TENS (over-the-counter)
6939473,262023538,D,1,,"INITIAL INFORMATION REGARDING THIS UNSOLICITED CASE FROM UNITED STATES WAS RECEIVED FROM A PATIENT ON 18- SEP-2017. THIS CASE CONCERNS A (B)(6) YEAR OLD MALE PATIENT WHO EXPERIENCED MINI STROKE AFTER USING SMART RELIEF TENS THERAPY (SMART RELIEF TENS THERAPY BACK). THE PATIENT HAD HAD 2 METAL HIP REPLACEMENTS. NO PAST DRUGS AND CONCOMITANT MEDICATES WERE REPORTED. ON AN UNKNOWN DATE IN 2017 (1-2 MONTHS AGO), THE PATIENT STARTED USING SMART RELIEF TENS THERAPY (LOT/ BATCH NUMBER AND EXPIRY DATE: UNKNOWN). THE ELECTRODE PAD LOT/BATCH NUMBER: B160912 AND EXPIRY DATE: 31-MAY- 2019, CONTROL UNIT SERIAL NUMBER: (B)(4). IT WAS REPORTED THAT HE HAD THE ICY HOT SMART RELIEF TENS THERAPY BACK/BACK AND HIP FOR A MONTH OR TWO AND NO LONGER HAD THE BOX. HE RECENTLY HAD A MINI STROKE (ONSET DATE: 2017 AND LATENCY UNKNOWN) AND HAD A LOOP RECORDER (CORRECTIVE TREATMENT) PUT IN UNDER HIS SKIN A MONTH AGO BUT HAD NOT USED THE DEVICE WITH IT YET. HE HAD ALSO READ SOMETHING ON THE SMART RELIEF TENS THERAPY AND IT SAID NOT TO USE IF ONE HAD A PACE MAKER OR ANY DEVICE IN HIM/HER (IT WAS NOT RECOMMEND USING THE DEVICE). LATER, HE WENT TO USE IT AND PUT IT ON BUT IT WAS NOT TURNING ON. REPORTEDLY, HE LIKED THE PRODUCT AND WAS GETTING RELIEF BUT COULD NOT USE IT UNDER THE CIRCUMSTANCES. ACTION TAKEN: UNKNOWN. OUTCOME: UNKNOWN. SERIOUSNESS CRITERIA: IMPORTANT MEDICAL EVENT. THIS SUSPECTED ADVERSE REACTION REPORT IS SUBMITTED AND CLASSIFIED AS A MEDICATION ERROR SOLELY AND EXCLUSIVELY TO ENSURE THE MARKETING AUTHORIZATION HOLDER'S COMPLIANCE WITH THE REQUIREMENTS SET OUT IN DIRECTIVE 2001/83/EC AND MODULE VI OF THE GOOD PHARMACOVIGILANCE PRACTICES. THE CLASSIFICATION AS A MEDICAL ERROR IS IN NO WAY INTENDED, NOR SHOULD IT BE INTERPRETED OR CONSTRUED AS AN ALLEGATION OR CLAIM MADE BY THE MARKETING AUTHORIZATION HOLDER THAT ANY THIRD PARTY HAS CONTRIBUTED TO OR IS TO BE HELD LIABLE FOR THE OCCURRENCE OF THIS MEDICATION ERROR. QA REVIEW FINDING: THIS CASE WAS REPORTED AND CLASSIFICATION/ISSUE CODES WERE UPDATED TO REFLECT ADVERSE EVENT CONSUMER EXPERIENCED; THE MINI-STROKE DID NOT OCCUR DURING DEVICE USE. RECEIVED ONE TENS UNIT SERIAL NUMBER (B)(4), ONE PANASONIC BATTERY, AND ONE ELECTRODE LOT NUMBER B-16-09-12 FOR INVESTIGATION. UPON VISUAL INSPECTION, THE TENS UNIT WAS IN GOOD CONDITION. THE MEASURED VOLTAGE OF THE RECEIVED BATTERY CONFIRMED THAT IT WAS DEAD. HOWEVER, THE UNIT WAS FULLY FUNCTIONAL WITH A NEW BATTERY; COMPLETE AND CONSISTENT STIMULATION WAS OUTPUT. NO ERRATIC OUTPUT WAS NOTED. THE PAD WAS IN BAD CONDITION BUT STORED ON A CLEAR, PROTECTIVE SHEET; IT WAS DIRTY AND THE GEL WAS PEELING FROM THE PAD. THE LEFT IMPEDANCE READINGS OF THE PAD WERE 540OHM AND 600OHM, AND THE RIGHT IMPEDANCE READINGS WERE 520OHM AND 630OHM. IMPENDENCE READINGS WERE UNIFORM ACROSS SEVERAL PAD LOCATIONS; NO HOT SPOTS WERE NOTED. THE BAD CONDITION OF THE PAD INDICATES FUNCTIONALITY. WHILE THE WORN DEVICE COMPONENTS WILL INHIBIT DEVICE FROM EFFECTIVELY RELIEVING PAIN, THE ADVERSE EVENT THE CONSUMER EXPERIENCED COULD NOT BE ATTRIBUTED TO ANY DEVICE MALFUNCTION. FINAL CONCLUSION: DEAD BATTERY / WORN PAD ADDITIONAL INFORMATION WAS RECEIVED ON 21-SEP-2017 FROM QUALITY DEPARTMENT, QA REVIEW FINDINGS ADDED. TEXT AMENDED. ADDITIONAL INFORMATION WAS RECEIVED ON 05-OCT-2017 FROM QUALITY DEPARTMENT, QA REVIEW FINDINGS AND SAMPLE STATUS UPDATED. TEXT AMENDED ACCORDINGLY. PHARMACOVIGILANCE COMMENT: SANOFI COMPANY COMMENT FOR FOLLOW-UP DATED 05-10-2017: THE NEW FOLLOW-UP INFORMATION RECEIVED DOES NOT CHANGE THE PRIOR ASSESSMENT OF THE CASE. SANOFI COMPANY COMMENT FOR DATED 18-09-2017: THIS CASE CONCERNS A (B)(6) YEAR- OLD MALE PATIENT WHO REPORTED MINI STROKE WHILE ON TREATMENT WITH SMART RELIEF TENS THERAPY. ALTHOUGH THE CAUSAL ROLE OF THE DRUG CANNOT BE DENIED FOR THE REPORTED EVENT, MORE INFORMATION REGARDING LATENCY, CONCURRENT ILLNESS, CONCOMITANT MEDICATIONS, PAST DRUGS, PERSONAL AND HISTORY REGARDING SEDENTARY LIFESTYLE CAN AID IN COMPREHENSIVE CASE ASSESSMENT.",TENS (over-the-counter)
6899945,263163810,D,1,,"INITIAL INFORMATION REGARDING THIS UNSOLICITED CASE FROM UNITED STATES WAS RECEIVED FROM A PATIENT ON 13- SEP-2017. THIS CASE CONCERNS A (B)(6) YEARS OLD FEMALE PATIENT WHO HAD 2ND DEGREE BURN ON BUTTOCKS, BLISTERED, SKIN COMING OFF AND SKIN WAS RAW, AFTER USING SMART RELIEF TENS THERAPY (SMART RELIEF TENS THERAPY BACK). THE PATIENT HAD IMPLANTED TEETH (METALLIC IMPLANT). MEDICAL HISTORY ALSO INCLUDED RHEUMATOID ARTHRITIS, JOINT PAIN, HYPERTENSION (401.9) AND SMOKING LESS THAN 100 IN LIFETIME. THE PATIENT HAD NO KNOWN MEDICATION ALLERGIES. CONCOMITANT MEDICATIONS INCLUDED HYDROCHLOROTHIAZIDE AND NEBIVOLOL HYDROCHLORIDE (BYSTOLIC) FOR BLOOD PRESSURE, POTASSIUM, HYDROCODONE BITARTRATE/PARACETAMOL (LORTAB), SULFAMETHOXAZOLE/ TRIMETHOPRIM (SEPTRA DS), CLARITHROMYCIN, PANTOPRAZOLE SODIUM (PROTONIX) AND BENZONATATE (TESSALON). ON (B)(6) 2017, THE PATIENT COMMENCED THERAPY WITH SMART RELIEF TENS THERAPY THRICE DAILY (LOT/BATCH NUMBER: 17E111 AND EXPIRY DATE: 31-JUL-2019) FOR CHRONIC HIP PAIN. THE CONTROL UNIT SERIAL NUMBER WAS (B)(4). ON (B)(6) 2017 (LATENCY: 2 DAYS) PATIENT EXPERIENCED 2ND DEGREE BURN ON BUTTOCKS. IT WAS REPORTED THAT HER SKIN WAS RAW AND BLISTERED WITH SKIN COMING OFF HER HIP (ONSET DATE: (B)(6) -2017 AND LATENCY: UNKNOWN FOR ALL EVENTS) AFTER USING THE SMART RELIEF TENS THERAPY. SHE WENT TO THE DOCTOR AND HE GAVE HER SOME MEDICINAL OINTMENT AND BANDAGED THE AREA. THE DRESSINGS OR DEBRIDEMENT OF PARTIAL THICKNESS BURNS, INITIAL OR SUBSEQUENT, SMALL (LESS THAN 5% TOTAL BODY SURFACE AREA). ACTION TAKEN: PERMANENTLY DISCONTINUED ON (B)(6) 2017. CORRECTIVE TREATMENT: SILVER SULFADIAZINE FOR BURNS SECOND DEGREE; MEDICAL OINTMENT AND BANDAGED THE AREA FOR APPLICATION SITE PEELING AND SKIN TEXTURE ABNORMAL; MEDICAL OINTMENT FOR APPLICATION SITE BLISTER OUTCOME: NOT RECOVERED FOR BURNS SECOND DEGREE; UNKNOWN FOR OTHER EVENTS. QA REVIEW WAS PERFORMED AND INVESTIGATION FINDINGS WERE REPORTED AS (FOR LOT/BATCH: 17E111): RECEIVED ONE TENS UNIT SERIAL NUMBER (B)(4), ONE PANASONIC BATTERY, AND ONE ELECTRODE LOT: B-17-01-08 FOR INVESTIGATION. UPON VISUAL INSPECTION, THE TENS UNIT WAS IN GOOD CONDITION. THE UNIT WAS FULLY FUNCTIONAL WITH BOTH THE RECEIVED AND A NEW BATTERY; COMPLETE AND CONSISTENT STIMULATION WAS OUTPUT. NO ERRATIC OUTPUT WAS NOTED AND THE CONTROL UNIT FUNCTIONED AS INTENDED. THE PAD WAS IN BAD CONDITION BUT STORED ON A CLEAR, PROTECTIVE SHEET; IT WAS DIRTY AND HAD PEELING/MISSING GEL. THE LEFT IMPEDANCE READINGS OF THE PAD WERE 560O AND 610O, AND THE RIGHT IMPEDANCE READINGS WERE 640O AND 570O; IMPEDANCE WAS UNIFORM ACROSS SEVERAL LOCATIONS OF THE PAD AND HOT SPOTS WERE NOT NOTED. HOWEVER, THE BAD CONDITION OF THE PAD INDICATES LIMITED FUNCTIONALITY. PER DEVICE PRECAUTIONS, ""THE ADHESIVE CHARACTERISTICS OF ELECTRODE PADS MAY AFFECT THE SAFETY AND EFFECTIVENESS OF ELECTRICAL STIMULATION. CLEAN AND/OR REPLACE THE ELECTRODE PADS AS DIRECTED."" ADDITIONALLY, CONSUMER APPLIED DEVICE TO BUTTOCKS, WHICH IS NOT AN APPROVED SITE OF APPLICATION FOR THE BACK & HIP DEVICE. LASTLY, CONSUMER HAS IMPLANTED METAL IN TEETH; USE OF PRODUCT WITH ANY IMPLANTED METAL IS NOT RECOMMENDED. THEREFORE, THE IMPROPER USE BY CONSUMER AND WORN PAD MAY HAVE CONTRIBUTED TO ADVERSE EVENT. PER EVALUATION, ADVERSE EVENT CANNOT BE ATTRIBUTED TO DEVICE MALFUNCTION. FINAL CONCLUSION: IMPROPER DEVICE USE / WORN PAD. SERIOUSNESS CRITERIA: IMPORTANT MEDICAL HISTORY FOR ALL EVENTS EXCEPT SKIN TEXTURE ABNORMAL (WHICH WAS NONSERIOUS). ADDITIONAL INFORMATION WAS RECEIVED ON 19-SEP-2017 FROM QUALITY DEPARTMENT: QA REVIEW FINDINGS WERE ADDED. TEXT AMENDED ACCORDINGLY. ADDITIONAL INFORMATION WAS RECEIVED ON 04-OCT-2017 FROM THE PATIENT: AGE, WEIGHT AND HEIGHT OF PATIENT ADDED, MEDICAL HISTORY AND CONCOMITANT MEDICATIONS ADDED. EVENT OF APPLICATION SITE BURN UPDATED TO BURNS SECOND DEGREE, THERAPY DETAILS WITH SUSPECT UPDATED (START DATE, STOP DATE, INDICATION). ONSET OF PREVIOUSLY REPORTED EVENTS OF APPLICATION SITE PEELING, SKIN TEXTURE ABNORMAL AND APPLICATION SITE BLISTER WAS ALSO UPDATED. CLINICAL COURSE WAS UPDATED. ADDITIONAL INFORMATION WAS RECEIVED ON 10-OCT-2017 FROM QUALITY DEPARTMENT: QA REVIEW WAS ADDED. FOLLOW-UP INFORMATION WAS RECEIVED ON 25-OCT-2017 FROM THE PATIENT: NO NEW INFORMATION WAS RECEIVED. FOLLOW UP WAS RECEIVED ON 07-NOV-2017 AND 08-NOV-2017 BOTH PROCESSED TOGETHER WITH CSD OF 07-NOV-2017, NO NEW INFORMATION WAS RECEIVED. ADDITIONAL INFORMATION WAS RECEIVED ON 10-NOV-2017 FROM THE QUALITY DEPARTMENT: QA REVIEW ADDED FOR THE RECEIVED SAMPLE. TEXT AMENDED ACCORDINGLY. PHARMACOVIGILANCE COMMENT: SANOFI COMPANY COMMENT DATED 10-11-2017: THE FOLLOW UP INFORMATION DOES NOT CHANGE THE PREVIOUS ASSESSMENT OF CASE. SANOFI COMPANY COMMENT FOR FOLLOW-UP DATED 04-10-2017: THIS CASE CONCERNS AN ELDERLY FEMALE PATIENT WHO EXPERIENCED SECOND DEGREE BURN, APPLICATION SITE PEELING AND APPLICATION SITE BLISTER WHILE ON THERAPY WITH SMART RELIEF TENS THERAPY. THE CASUAL ROLE ASSESSED AS POSSIBLE BASED ON TEMPORAL RELATIONSHIP, HOWEVER, MORE INFORMATION REGARDING CONCURRENT ILLNESS, PAST DRUGS AND LIFESTYLE HISTORY CAN AID IN COMPREHENSIVE CASE ASSESSMENT. ADDITIONALLY, ELDERLY AGE OF THE PATIENT ACTS AS CONFOUNDER FOR THE SAME.",TENS (over-the-counter)
6899945,263438239,D,1,,"INITIAL INFORMATION REGARDING THIS UNSOLICITED CASE FROM UNITED STATES WAS RECEIVED FROM A PATIENT ON 13- SEP-2017. THIS CASE CONCERNS A (B)(6) YEARS OLD FEMALE PATIENT WHO HAD 2ND DEGREE BURN ON BUTTOCKS, BLISTERED, SKIN COMING OFF AND SKIN WAS RAW AFTER USING SMART RELIEF TENS THERAPY (SMART RELIEF TENS THERAPY BACK). SHE HAD IMPLANTED TEETH (METALLIC IMPLANT). MEDICAL HISTORY ALSO INCLUDED RHEUMATOID ARTHRITIS, JOINT PAIN, HYPERTENSION, SMOKING LESS THAN 100 IN LIFETIME. CONCOMITANT MEDICATIONS: HYDROCHLOROTHIAZIDE AND NEBIVOLOL HYDROCHLORIDE (BYSTOLIC) FOR BLOOD PRESSURE, POTASSIUM, HYDROCODONE BITARTRATE/PARACETAMOL (LORTAB), SULFAMETHOXAZOLE/TRIMETHOPRIM (SEPTRA DS), CLARITHROMYCIN, PANTOPRAZOLE SODIUM (PROTONIX) AND BENZONATATE (TESSALON). ON (B)(6) 2017, THE PATIENT COMMENCED THERAPY WITH SMART RELIEF TENS THERAPY THRICE DAILY (LOT/BATCH NUMBER: 17E111 AND EXPIRY DATE: 31-JUL-2019) FOR CHRONIC HIP PAIN. THE CONTROL UNIT SERIAL NUMBER: (B)(4). ON (B)(6) 2017 (LATENCY: 2 DAYS) PATIENT EXPERIENCED 2ND DEGREE BURN ON BUTTOCKS. IT WAS REPORTED THAT HER SKIN WAS RAW AND BLISTERED WITH SKIN COMING OFF HER HIP (ONSET DATE: (B)(6) 2017 AND LATENCY NOT REPORTED FOR ALL EVENTS) AFTER USING THE SMART RELIEF TENS THERAPY. SHE WENT TO THE DOCTOR AND HE GAVE HER SOME MEDICINAL OINTMENT AND BANDAGED THE AREA. ACTION TAKEN: PERMANENTLY DISCONTINUED ON (B)(6) 2017. CORRECTIVE TREATMENT: SILVER SULFADIAZINE FOR BURNS SECOND DEGREE, MEDICAL OINTMENT AND BANDAGED THE AREA FOR APPLICATION SITE PEELING AND SKIN TEXTURE ABNORMAL, MEDICAL OINTMENT FOR APPLICATION SITE BLISTER OUTCOME: NOT RECOVERED FOR BURNS SECOND DEGREE AND UNKNOWN FOR OTHER EVENTS. SERIOUSNESS CRITERIA: IMPORTANT MEDICAL HISTORY FOR ALL EXCEPT SKIN TEXTURE ABNORMAL (WHICH WAS NON-SERIOUS). QA REVIEW FINDINGS: THE CONSUMER REPORTED RECEIVING BURNS AND BLISTERS ON HIP FROM DEVICE USE. ADDITIONALLY, CONSUMER STATED THAT THEY HAVE TEETH IMPLANTS, BUT NO OTHER METALLIC IMPLANTS THROUGHOUT THE BODY. THE WARNINGS SECTION ON THE BACK OF THE DEVICE BOX STATES, ""DO NOT USE THIS DEVICE UNDER ANY CIRCUMSTANCE IF YOU HAVE A CARDIAC PACEMAKER, IMPLANTED DEFIBRILLATOR, OR OTHER IMPLANTED METALLIC OR ELECTRONIC DEVICE."" A THOROUGH INVESTIGATION (RICHARD WILLIS, CAPA PROTOCOL AND REVIEW OF IHSR [2014]) HAS BEEN DONE TO INVESTIGATE THE LIKELIHOOD OF THE IHSR PRODUCING BURNS IN SOME USERS. THIS INVESTIGATION FOUND THAT IT IS HIGHLY UNLIKELY FOR THE SMART RELIEF TO PRODUCE TISSUE TRAUMA. THE MAXIMUM CURRENT AND POWER DENSITY CALCULATED FOR THE SMARTRELIEF IS A TINY FRACTION OF THE LIMITS IN THE FDA GUIDANCE. THE COMPLETE INVESTIGATION IS LOCATED IN THE DEVICE FILES. THE COA FOR ELECTRODE LOT NUMBER B-17-01-08 CONFIRMED THAT ALL INSPECTION ITEMS WERE PASSED. DEVICE RETURN IS NOT EXPECTED AT THIS TIME; THEREFORE, ADDITIONAL INVESTIGATION IS NOT POSSIBLE. ADDITIONAL INFORMATION WAS RECEIVED ON 19-SEP-2017 FROM QUALITY DEPARTMENT, QA REVIEW FINDINGS WERE ADDED. TEXT AMENDED ACCORDINGLY. ADDITIONAL INFORMATION WAS RECEIVED ON 04-OCT-2017 FROM THE PATIENT: AGE, WEIGHT AND HEIGHT OF PATIENT ADDED, MEDICAL HISTORY AND CONCOMITANT MEDICATIONS ADDED. EVENT OF APPLICATION SITE BURN UPDATED TO BURNS SECOND DEGREE, THERAPY DETAILS WITH SUSPECT UPDATED (START DATE, STOP DATE, INDICATION). ONSET OF PREVIOUSLY REPORTED EVENTS OF APPLICATION SITE PEELING, SKIN TEXTURE ABNORMAL AND APPLICATION SITE BLISTER WAS ALSO UPDATED. CLINICAL COURSE WAS UPDATED. PHARMACOVIGILANCE COMMENT: SANOFI COMPANY COMMENT FOR FOLLOW-UP DATED 04-10-2017: THIS CASE CONCERNS AN ELDERLY FEMALE PATIENT WHO EXPERIENCED SECOND DEGREE BURN, APPLICATION SITE PEELING AND APPLICATION SITE BLISTER WHILE ON THERAPY WITH SMART RELIEF TENS THERAPY. THE CASUAL ROLE ASSESSED AS POSSIBLE BASED ON TEMPORAL RELATIONSHIP, HOWEVER, MORE INFORMATION REGARDING CONCURRENT ILLNESS, PAST DRUGS AND LIFESTYLE HISTORY CAN AID IN COMPREHENSIVE CASE ASSESSMENT. ADDITIONALLY, ELDERLY AGE OF THE PATIENT ACTS AS CONFOUNDER FOR THE SAME.",TENS (over-the-counter)
6899945,264542626,D,1,,"INITIAL INFORMATION REGARDING THIS UNSOLICITED CASE FROM UNITED STATES WAS RECEIVED FROM A PATIENT ON (B)(6) 2017. THIS CASE CONCERNS A (B)(6) FEMALE PATIENT WHO HAD 2ND DEGREE BURN ON BUTTOCKS, BLISTERED, SKIN COMING OFF AND SKIN WAS RAW AFTER USING SMART RELIEF TENS THERAPY (SMART RELIEF TENS THERAPY BACK). SHE HAD IMPLANTED TEETH (METALLIC IMPLANT). MEDICAL HISTORY ALSO INCLUDED RHEUMATOID ARTHRITIS, JOINT PAIN, HYPERTENSION, SMOKING LESS THAN 100 IN LIFETIME. CONCOMITANT MEDICATIONS: HYDROCHLOROTHIAZIDE AND NEBIVOLOL HYDROCHLORIDE (BYSTOLIC) FOR BLOOD PRESSURE, POTASSIUM, HYDROCODONE BITARTRATE/PARACETAMOL (LORTAB), SULFAMETHOXAZOLE/TRIMETHOPRIM (SEPTRA DS), CLARITHROMYCIN, PANTOPRAZOLE SODIUM (PROTONIX) AND BENZONATATE (TESSALON). ON (B)(6) 2017, THE PATIENT COMMENCED THERAPY WITH SMART RELIEF TENS THERAPY THRICE DAILY (LOT/BATCH NUMBER: 17E111 AND EXPIRY DATE: 31-JUL-2019) FOR CHRONIC HIP PAIN. THE CONTROL UNIT SERIAL NUMBER: (B)(4). ON (B)(6) 2017 (LATENCY: 2 DAYS) PATIENT EXPERIENCED 2ND DEGREE BURN ON BUTTOCKS. IT WAS REPORTED THAT HER SKIN WAS RAW AND BLISTERED WITH SKIN COMING OFF HER HIP (ONSET DATE: (B)(6) 2017 AND LATENCY NOT REPORTED FOR ALL EVENTS) AFTER USING THE SMART RELIEF TENS THERAPY. SHE WENT TO THE DOCTOR AND HE GAVE HER SOME MEDICINAL OINTMENT AND BANDAGED THE AREA. ACTION TAKEN: PERMANENTLY DISCONTINUED ON 13-SEP-2017. CORRECTIVE TREATMENT: SILVER SULFADIAZINE FOR BURNS SECOND DEGREE, MEDICAL OINTMENT AND BANDAGED THE AREA FOR APPLICATION SITE PEELING AND SKIN TEXTURE ABNORMAL, MEDICAL OINTMENT FOR APPLICATION SITE BLISTER OUTCOME: NOT RECOVERED FOR BURNS SECOND DEGREE AND UNKNOWN FOR OTHER EVENTS. SERIOUSNESS CRITERIA: IMPORTANT MEDICAL HISTORY FOR ALL EXCEPT SKIN TEXTURE ABNORMAL (WHICH WAS NON-SERIOUS). QA REVIEW FINDINGS: THE CONSUMER REPORTED RECEIVING BURNS AND BLISTERS ON HIP FROM DEVICE USE. ADDITIONALLY, CONSUMER STATED THAT THEY HAVE TEETH IMPLANTS, BUT NO OTHER METALLIC IMPLANTS THROUGHOUT THE BODY. THE WARNINGS SECTION ON THE BACK OF THE DEVICE BOX STATES, ""DO NOT USE THIS DEVICE UNDER ANY CIRCUMSTANCE IF YOU HAVE A CARDIAC PACEMAKER, IMPLANTED DEFIBRILLATOR, OR OTHER IMPLANTED METALLIC OR ELECTRONIC DEVICE."" A THOROUGH INVESTIGATION (RICHARD WILLIS, CAPA PROTOCOL AND REVIEW OF IHSR [2014]) HAS BEEN DONE TO INVESTIGATE THE LIKELIHOOD OF THE IHSR PRODUCING BURNS IN SOME USERS. THIS INVESTIGATION FOUND THAT IT IS HIGHLY UNLIKELY FOR THE SMART RELIEF TO PRODUCE TISSUE TRAUMA. THE MAXIMUM CURRENT AND POWER DENSITY CALCULATED FOR THE SMARTRELIEF IS A TINY FRACTION OF THE LIMITS IN THE FDA GUIDANCE. THE COMPLETE INVESTIGATION IS LOCATED IN THE DEVICE FILES. THE COA FOR ELECTRODE LOT NUMBER B-17-01-08 CONFIRMED THAT ALL INSPECTION ITEMS WERE PASSED. DEVICE RETURN IS NOT EXPECTED AT THIS TIME; THEREFORE, ADDITIONAL INVESTIGATION IS NOT POSSIBLE. THE DEVICE HISTORY FILES ARE REVIEWED FOR ANY ANOMALY, DEVIATION OR INVESTIGATION, DOCUMENTED OR OTHERWISE THAT MIGHT RESULT IN ANY TYPE OF COMPLAINT AGAINST THE LOT. NO EVIDENCE OF ROOT CAUSE WAS FOUND IN THE DEVICE HISTORY FILES. ALL RETAINS ARE EXAMINED FOR CORRECT PACKAGING, SEAL, MISSING COMPONENTS, WORKING CONTROL UNIT, LEGIBILITY OF LOT NUMBERS /EXPIRATION DATE, CORRECT LABEL AND FOREIGN MATTER. NO ANOMALIES WERE FOUND THAT COULD CONTRIBUTE TO THIS COMPLAINT. ADDITIONAL INFORMATION WAS RECEIVED ON 19-SEP-2017 FROM QUALITY DEPARTMENT, QA REVIEW FINDINGS WERE ADDED. TEXT AMENDED ACCORDINGLY. ADDITIONAL INFORMATION WAS RECEIVED ON 04-OCT-2017 FROM THE PATIENT: AGE, WEIGHT AND HEIGHT OF PATIENT ADDED, MEDICAL HISTORY AND CONCOMITANT MEDICATIONS ADDED. EVENT OF APPLICATION SITE BURN UPDATED TO BURNS SECOND DEGREE, THERAPY DETAILS WITH SUSPECT UPDATED (START DATE, STOP DATE, INDICATION). ONSET OF PREVIOUSLY REPORTED EVENTS OF APPLICATION SITE PEELING, SKIN TEXTURE ABNORMAL AND APPLICATION SITE BLISTER WAS ALSO UPDATED. CLINICAL COURSE WAS UPDATED. ADDITIONAL INFORMATION WAS RECEIVED ON 10-OCT-2017 FROM QUALITY DEPARTMENT: QA REVIEW WAS ADDED. PHARMACOVIGILANCE COMMENT: SANOFI COMPANY COMMENT FOR FOLLOW-UP DATED 04-10-2017: THIS CASE CONCERNS AN ELDERLY FEMALE PATIENT WHO EXPERIENCED SECOND DEGREE BURN, APPLICATION SITE PEELING AND APPLICATION SITE BLISTER WHILE ON THERAPY WITH SMART RELIEF TENS THERAPY. THE CASUAL ROLE ASSESSED AS POSSIBLE BASED ON TEMPORAL RELATIONSHIP, HOWEVER, MORE INFORMATION REGARDING CONCURRENT ILLNESS, PAST DRUGS AND LIFESTYLE HISTORY CAN AID IN COMPREHENSIVE CASE ASSESSMENT. ADDITIONALLY, ELDERLY AGE OF THE PATIENT ACTS AS CONFOUNDER FOR THE SAME.",TENS (over-the-counter)
6373420,264987983,N,1,,"THIS SPONTANEOUS CASE WAS REPORTED BY A CONSUMER AND DESCRIBES THE OCCURRENCE OF MEDICAL DEVICE SITE BURN (""I HAVE A BURN MARK WHERE THIS DEVICE WAS""), MEDICAL DEVICE SITE PAIN (""HIS HURT REALLY BAD."") AND MEDICAL DEVICE SITE ERYTHEMA (""I HAVE A RED MARK WHERE THE DEVICE WAS"") IN A (B)(6) YEAR-OLD MALE PATIENT WHO RECEIVED ALEVE TENS DEVICE DIRECT THERAPY UNIT (BATCH NO. 608548) FOR PAIN. OTHER PRODUCT OR PRODUCT USE ISSUES IDENTIFIED: DEVICE STIMULATION ISSUE ""THIS LITERALLY SHOCKED ME / FELT LIKE HE WAS TOUCHING A LIVE 110 WATT POWER LINE WHEN THE DEVICE WAS SHOCKING HIM"" (SERIOUSNESS CRITERION MEDICALLY SIGNIFICANT) ON (B)(6) 2016. MEDICAL CONDITIONS: CONSUMER STATED HE DOES NOT HAVE METAL IN HIM AND HAD NO PHONE OR METAL ON HIM WHILE USING THE DEVICE. CONCOMITANT PRODUCTS INCLUDED IBUPROFEN. ON AN UNKNOWN DATE, THE PATIENT STARTED ALEVE TENS DEVICE DIRECT THERAPY UNIT. ON (B)(6) 2016, THE PATIENT EXPERIENCED MEDICAL DEVICE SITE BURN, MEDICAL DEVICE SITE PAIN AND MEDICAL DEVICE SITE ERYTHEMA. ALEVE TENS DEVICE DIRECT THERAPY UNIT WAS WITHDRAWN. AT THE TIME OF THE REPORT, THE MEDICAL DEVICE SITE BURN, MEDICAL DEVICE SITE PAIN AND MEDICAL DEVICE SITE ERYTHEMA HAD NOT RESOLVED. THE REPORTER PROVIDED NO CAUSALITY ASSESSMENT FOR MEDICAL DEVICE SITE BURN WITH ALEVE TENS DEVICE DIRECT THERAPY UNIT. THE REPORTER CONSIDERED MEDICAL DEVICE SITE ERYTHEMA AND MEDICAL DEVICE SITE PAIN TO BE RELATED TO ALEVE TENS DEVICE DIRECT THERAPY UNIT. DIAGNOSTIC RESULTS (NORMAL RANGES ARE PROVIDED IN PARENTHESIS IF AVAILABLE): BODY MASS INDEX WAS 24.2 KG/SQM. QUALITY-SAFETY EVALUATION OF PTC: DEVICE BATCH DOCUMENTATION HAS BEEN REVIEWED BY BAYER QUALITY ASSURANCE. ALL DEVIATIONS AND NON-CONFORMANCE'S HAVE ALSO BEEN REVIEWED BY BAYER QUALITY ASSURANCE TO IDENTIFY POTENTIAL PRODUCT QUALITY CONCERNS, WITH NONE IDENTIFIED FOR THE APPLICABLE LOT. WITHOUT A RETURNED DEVICE, NO FURTHER INVESTIGATION IS POSSIBLE. THIS ISSUE WILL BE MONITORED AND TRENDED TO POTENTIALLY IDENTIFY NEW FAILURE MODES. AN IN DEPTH PTC INVESTIGATION CANNOT BE CONDUCTED BY THE QUALITY UNIT AS A SAMPLE WAS NOT PROVIDED. THE QUALITY UNIT EVALUATION WAS UNABLE TO CONFIRM THE COMPLAINT. MOST RECENT FOLLOW-UP INFORMATION INCORPORATED ABOVE INCLUDES: ON 11-OCT-2017: QUALITY-SAFETY EVALUATION RESULT OF PTC. THIS SPONTANEOUS CASE WAS REPORTED BY A CONSUMER AND DESCRIBES THE OCCURRENCE OF ELECTRIC SHOCK (""THIS LITERALLY SHOCKED ME / FELT LIKE HE WAS TOUCHING A LIVE 110 WATT POWER LINE WHEN THE DEVICE WAS SHOCKING HIM"") IN A (B)(6) YEAR-OLD MALE PATIENT WHO RECEIVED ALEVE TENS DEVICE DIRECT THERAPY UNIT FOR PAIN. THIS EVENT WAS CONSIDERED SERIOUS AS MEDICALLY IMPORTANT AND UNLISTED ACCORDING TO ALEVE TENS REFERENCE SAFETY INFORMATION. CONSUMER STATED HE DOES NOT HAVE METAL IN HIM AND HAD NO PHONE OR METAL ON HIM WHILE USING THE DEVICE. CONSIDERING THE MECHANISM OF ACTION OF DEVICE AND IMPLIED TEMPORAL RELATIONSHIP, COMPANY DOES NOT EXCLUDE CAUSALITY BETWEEN EVENT AND SUSPECT DEVICE.",TENS (over-the-counter)
6373336,264992009,N,1,,"THIS SPONTANEOUS CASE WAS REPORTED BY A CONSUMER (SUBSEQUENTLY MEDICALLY CONFIRMED) AND DESCRIBES THE OCCURRENCE OF BURN INFECTION (""I GOT A BURN ON MY BACK / THE BURN GOT INFECTED"") IN A (B)(6) YEAR-OLD FEMALE PATIENT WHO RECEIVED ALEVE TENS DEVICE DIRECT THERAPY UNIT (BATCH NO. 612005) FOR LOW BACK PAIN. THE OCCURRENCE OF ADDITIONAL NON-SERIOUS EVENTS IS DETAILED BELOW. IN (B)(6) 2016, 7 DAYS BEFORE STARTING ALEVE TENS DEVICE DIRECT THERAPY UNIT, THE PATIENT EXPERIENCED MEDICAL DEVICE SITE SCAB (""IT STARTED AS A HARD SCAB""). ON AN UNKNOWN DATE, THE PATIENT STARTED ALEVE TENS DEVICE DIRECT THERAPY UNIT. ON (B)(6) 2016, THE PATIENT EXPERIENCED BURN INFECTION (SERIOUSNESS CRITERIA MEDICALLY SIGNIFICANT AND INTERVENTION REQUIRED) AND MEDICAL DEVICE SITE SWELLING (""MY BACK SWELLED""). IN (B)(6) 2016, THE PATIENT EXPERIENCED WOUND SECRETION (""THE BURN INFECTED IS STILL OOZING""). THE PATIENT WAS TREATED WITH BACTRIM (SULFAMETHOXAZOLE/TRIMETHOPRIM) AND ANTIBIOTICS. ALEVE TENS DEVICE DIRECT THERAPY UNIT WAS WITHDRAWN. IN 2016, THE MEDICAL DEVICE SITE SCAB HAD RESOLVED. IN (B)(6) 2016, THE MEDICAL DEVICE SITE SWELLING HAD RESOLVED. AT THE TIME OF THE REPORT, THE BURN INFECTION AND WOUND SECRETION HAD RESOLVED. THE REPORTER PROVIDED NO CAUSALITY ASSESSMENT FOR BURN INFECTION, MEDICAL DEVICE SITE SWELLING AND WOUND SECRETION WITH ALEVE TENS DEVICE DIRECT THERAPY UNIT. THE REPORTER CONSIDERED MEDICAL DEVICE SITE SCAB TO BE RELATED TO ALEVE TENS DEVICE DIRECT THERAPY UNIT. DIAGNOSTIC RESULTS (NORMAL RANGES ARE PROVIDED IN PARENTHESIS IF AVAILABLE): BODY MASS INDEX WAS 26.8 KG/SQM. QUALITY-SAFETY EVALUATION OF PTC: BASED ON THE TECHNICAL INVESTIGATION ON THE TENS DIRECT THERAPY, ELECTRICAL EVALUATION OF THE RETURNED SAMPLE WAS UNABLE TO CONFIRM ANY FAILURE MODES RELATED TO THE REPORTED CONDITION. ALEVE DIRECT THERAPY TENS UNITS ARE MADE IN ACCORDANCE WITH CURRENT GOOD MANUFACTURING PRACTICES AND TO THE APPLICABLE FDA AND ISO REGULATIONS. ALL PRODUCTS UNDERGOES 100% INSPECTION AND 100% FUNCTIONAL TESTING AT MULTIPLE POINTS THROUGHOUT THE MANUFACTURING PROCESS WHERE THE ASSOCIATED DATA AND DOCUMENTATION IS REVIEWED TO ENSURE ALL RELEASED PRODUCT MEETS PRODUCT SPECIFICATIONS. SINCE A ROOT CAUSE FOR THE REPORTED CONDITION CANNOT BE IDENTIFIED, CORRECTIVE ACTION WILL BE LIMITED TO THE MANUFACTURING AWARENESS. NO FURTHER CORRECTIVE ACTION IS REQUIRED AT THIS TIME. THIS ISSUE WILL BE MONITORED AND TRENDED TO POTENTIALLY IDENTIFY NEW FAILURE MODES. BASED ON THE TECHNICAL INVESTIGATION ON THE GEL PADS, NO SAMPLES WERE RETURNED THEREFORE, THE PRODUCT ANALYSIS COULD NOT BE PERFORMED AND UNABLE TO CONFIRM THE ISSUE OF THE REPORTED CONDITION. THE DEVICE HISTORY RECORD (DHR) REVIEW SHOWED THAT ALL ACCEPTANCE CRITERIA INSPECTIONS PER ESTABLISHED SAMPLING LEVELS WERE WITHIN ACCEPTABLE LIMITS DURING THE PRODUCTION PROCESS. THE PROBABLE ROOT CAUSE IS DUE TO NOT PLACING THE ELECTRODE EVENLY ON THE SKIN OR WHEN THERE IS INADEQUATE SKIN PREPARATION. IT IS IMPORTANT THAT PROPER CUSTOMER PREPARATION TECHNIQUES BE COMPLETED WHICH SPECIFY WASH THE SKIN AND DRY COMPLETELY. SOME OF THE CONTRIBUTING FACTORS IS NOT PROPERLY STORING THE GEL PADS, CUSTOMER SKIN TYPES, OILS, AND PH LEVELS CAN IMPACT THE USAGE OF THE PADS 2-5 APPLICATIONS. DUE TO THAT FACT THAT NO SAMPLE WAS PROVIDED, A ROOT CAUSE FOR THE REPORTED CONDITION CANNOT BE SPECIFICALLY IDENTIFIED. THEREFORE, CORRECTIVE ACTION WILL BE LIMITED TO THE MANUFACTURING AWARENESS. THE PTC INVESTIGATION WAS CONDUCTED AND THE OUTCOME OF THE INVESTIGATION RESULTED IN AN UNCONFIRMED QUALITY DEFECT. MOST RECENT FOLLOW-UP INFORMATION INCORPORATED ABOVE INCLUDES: ON 17-OCT-2017: RESULTS OF QUALITY-SAFETY EVALUATION OF PTC WERE UPDATED. PRODUCT LOT NUMBER WAS UPDATED. THIS SPONTANEOUS CASE REPORTED BY A CONSUMER DESCRIBED THE OCCURRENCE OF A BURN INFECTION (""I GOT A BURN ON MY BACK / THE BURN GOT INFECTED"") IN A (B)(6) YEAR-OLD FEMALE PATIENT WHO RECEIVED ALEVE TENS DEVICE DIRECT THERAPY UNIT FOR LOW BACK PAIN. THIS EVENT IS SERIOUS DUE TO MEDICAL IMPORTANCE AND INTERVENTION REQUIRED AND UNLISTED IN THE REFERENCE SAFETY INFORMATION FOR ALEVE TENS. NO OTHER CONSUMER`S CONCURRENT CONDITIONS AND MEDICAL HISTORY WERE REPORTED. CONSUMER REPORTED THAT THE EVENT STARTED AS A HARD SCAB AND CONSUMER THOUGHT IT WOULD GO AWAY, BUT IT HAD GOTTEN VERY INFECTED. CONSUMER`S DOCTOR REFERRED HER TO A SURGEON AND SHE HAD THE BURN LANCED. SHE TOOK ANTIBIOTICS FOR TREATMENT AND EVENT RECOVERED. IN THIS CONTEXT, CONSIDERING THE CLOSE TEMPORAL RELATIONSHIP AND THE LACK OF ALTERNATIVE EXPLANATION FOR EVENT, CAUSALITY OF ALEVE TENS CANNOT BE EXCLUDED.",TENS (over-the-counter)
6939473,265421895,D,1,,"INITIAL INFORMATION REGARDING THIS UNSOLICITED CASE FROM UNITED STATES WAS RECEIVED FROM A PATIENT ON 18- SEP-2017. THIS CASE CONCERNS A (B)(6) YEAR OLD MALE PATIENT WHO EXPERIENCED MINI STROKE AFTER USING SMART RELIEF TENS THERAPY (SMART RELIEF TENS THERAPY BACK). THE PATIENT HAD 2 METAL HIP REPLACEMENTS. NO PAST DRUGS AND CONCOMITANT MEDICATES WERE REPORTED. ON AN UNKNOWN DATE IN 2017 (1-2 MONTHS AGO), THE PATIENT STARTED USING SMART RELIEF TENS THERAPY (LOT/ BATCH NUMBER AND EXPIRY DATE: UNKNOWN). THE ELECTRODE PAD LOT/BATCH NUMBER: B160912 AND EXPIRY DATE: 31-MAY- 2019, CONTROL UNIT SERIAL NUMBER: (B)(4). IT WAS REPORTED THAT HE HAD THE ICY HOT SMART RELIEF TENS THERAPY BACK/BACK AND HIP FOR A MONTH OR TWO AND NO LONGER HAD THE BOX. HE RECENTLY HAD A MINI STROKE (ONSET DATE: 2017 AND LATENCY UNKNOWN) AND HAD A LOOP RECORDER (CORRECTIVE TREATMENT) PUT IN UNDER HIS SKIN A MONTH AGO BUT HAD NOT USED THE DEVICE WITH IT YET. HE HAD ALSO READ SOMETHING ON THE SMART RELIEF TENS THERAPY AND IT SAID NOT TO USE IF ONE HAD A PACE MAKER OR ANY DEVICE IN HIM/HER (IT WAS NOT RECOMMEND USING THE DEVICE). LATER, HE WENT TO USE IT AND PUT IT ON BUT IT WAS NOT TURNING ON. REPORTEDLY, HE LIKED THE PRODUCT AND WAS GETTING RELIEF BUT COULD NOT USE IT UNDER THE CIRCUMSTANCES. PATIENT HAD TO STOP USING PRODUCT BECAUSE OF LOOP RECORDER BATTERY PUT IN HIS CHEST AFTER HAVING A MINI STROKE. ACTION TAKEN: DRUG WITHDRAWN NOS ON UNKNOWN DATE. OUTCOME: RECOVERED ON UNKNOWN DATE. SERIOUSNESS CRITERIA: IMPORTANT MEDICAL EVENT. THIS SUSPECTED ADVERSE REACTION REPORT IS SUBMITTED AND CLASSIFIED AS A MEDICATION ERROR SOLELY AND EXCLUSIVELY. TO ENSURE THE MARKETING AUTHORIZATION HOLDER'S COMPLIANCE WITH THE REQUIREMENTS SET OUT IN DIRECTIVE 2001/83/EC AND MODULE VI OF THE GOOD PHARMACOVIGILANCE PRACTICES. THE CLASSIFICATION AS A MEDICAL ERROR IS IN NO WAY INTENDED, NOR SHOULD IT BE INTERPRETED OR CONSTRUED AS AN ALLEGATION OR CLAIM MADE BY THE MARKETING AUTHORIZATION HOLDER THAT ANY THIRD PARTY HAS CONTRIBUTED TO OR IS TO BE HELD LIABLE FOR THE OCCURRENCE OF THIS MEDICATION ERROR. QA REVIEW FINDING: THIS CASE WAS REPORTED AND CLASSIFICATION/ISSUE CODES WERE UPDATED TO REFLECT ADVERSE EVENT CONSUMER EXPERIENCED; THE MINI-STROKE DID NOT OCCUR DURING DEVICE USE. RECEIVED ONE TENS UNIT SERIAL NUMBER (B)(4), ONE PANASONIC BATTERY, AND ONE ELECTRODE LOT NUMBER B-16-09-12 FOR INVESTIGATION. UPON VISUAL INSPECTION, THE TENS UNIT WAS IN GOOD CONDITION. THE MEASURED VOLTAGE OF THE RECEIVED BATTERY CONFIRMED THAT IT WAS DEAD. HOWEVER, THE UNIT WAS FULLY FUNCTIONAL WITH A NEW BATTERY; COMPLETE AND CONSISTENT STIMULATION WAS OUTPUT. NO ERRATIC OUTPUT WAS NOTED. THE PAD WAS IN BAD CONDITION BUT STORED ON A CLEAR, PROTECTIVE SHEET; IT WAS DIRTY AND THE GEL WAS PEELING FROM THE PAD. THE LEFT IMPEDANCE READINGS OF THE PAD WERE 540OHM AND 600OHM, AND THE RIGHT IMPEDANCE READINGS WERE 520OHM AND 630OHM. IMPENDENCE READINGS WERE UNIFORM ACROSS SEVERAL PAD LOCATIONS; NO HOT SPOTS WERE NOTED. THE BAD CONDITION OF THE PAD INDICATES FUNCTIONALITY. WHILE THE WORN DEVICE COMPONENTS WILL INHIBIT DEVICE FROM EFFECTIVELY RELIEVING PAIN, THE ADVERSE EVENT THE CONSUMER EXPERIENCED COULD NOT BE ATTRIBUTED TO ANY DEVICE MALFUNCTION. FINAL CONCLUSION: DEAD BATTERY / WORN PAD. ADDITIONAL INFORMATION WAS RECEIVED ON 21-SEP-2017 FROM QUALITY DEPARTMENT, QA REVIEW FINDINGS ADDED. TEXT AMENDED. ADDITIONAL INFORMATION WAS RECEIVED ON 05-OCT-2017 FROM QUALITY DEPARTMENT, QA REVIEW FINDINGS AND SAMPLE STATUS UPDATED. TEXT AMENDED ACCORDINGLY. ADDITIONAL INFORMATION WAS RECEIVED ON 13-OCT-2017 FROM THE PATIENT: PATIENT DEMOGRAPHICS (HEIGHT AND WEIGHT) ADDED. ACTION TAKEN AND EVENT OUTCOME UPDATED. TEXT AMENDED ACCORDINGLY. PHARMACOVIGILANCE COMMENT: SANOFI COMPANY COMMENT FOR FOLLOW-UP DATED 13-10-2017: THE NEW FOLLOW-UP INFORMATION RECEIVED DOES NOT CHANGE THE PRIOR ASSESSMENT OF THE CASE. SANOFI COMPANY COMMENT FOR DATED 18-09-2017: THIS CASE CONCERNS A (B)(6)-YEAR- OLD MALE PATIENT WHO REPORTED MINI STROKE WHILE ON TREATMENT WITH SMART RELIEF TENS THERAPY. ALTHOUGH THE CAUSAL ROLE OF THE DRUG CANNOT BE DENIED FOR THE REPORTED EVENT, MORE INFORMATION REGARDING LATENCY, CONCURRENT ILLNESS, CONCOMITANT MEDICATIONS, PAST DRUGS, PERSONAL AND HISTORY REGARDING SEDENTARY LIFESTYLE CAN AID IN COMPREHENSIVE CASE ASSESSMENT.",TENS (over-the-counter)
6939473,266850253,D,1,,"INITIAL INFORMATION REGARDING THIS UNSOLICITED CASE FROM UNITED STATES WAS RECEIVED FROM A PATIENT ON 18- SEP-2017. THIS CASE CONCERNS A (B)(6) YEAR OLD MALE PATIENT WHO EXPERIENCED MINI STROKE AFTER USING SMART RELIEF TENS THERAPY (SMART RELIEF TENS THERAPY BACK). THE PATIENT HAD 2 METAL HIP REPLACEMENTS. NO PAST DRUGS AND CONCOMITANT MEDICATES WERE REPORTED. ON AN UNKNOWN DATE IN 2017 (1-2 MONTHS AGO), THE PATIENT STARTED USING SMART RELIEF TENS THERAPY (LOT/ BATCH NUMBER AND EXPIRY DATE: UNKNOWN). THE ELECTRODE PAD LOT/BATCH NUMBER: B160912 AND EXPIRY DATE: 31-MAY- 2019, CONTROL UNIT SERIAL NUMBER: (B)(4). IT WAS REPORTED THAT HE HAD THE ICY HOT SMART RELIEF TENS THERAPY BACK/BACK AND HIP FOR A MONTH OR TWO AND NO LONGER HAD THE BOX. HE RECENTLY HAD A MINI STROKE (ONSET DATE: 2017 AND LATENCY UNKNOWN) AND HAD A LOOP RECORDER (CORRECTIVE TREATMENT) PUT IN UNDER HIS SKIN A MONTH AGO BUT HAD NOT USED THE DEVICE WITH IT YET. HE HAD ALSO READ SOMETHING ON THE SMART RELIEF TENS THERAPY AND IT SAID NOT TO USE IF ONE HAD A PACE MAKER OR ANY DEVICE IN HIM/HER (IT WAS NOT RECOMMEND USING THE DEVICE). LATER, HE WENT TO USE IT AND PUT IT ON BUT IT WAS NOT TURNING ON. REPORTEDLY, HE LIKED THE PRODUCT AND WAS GETTING RELIEF BUT COULD NOT USE IT UNDER THE CIRCUMSTANCES. ACTION TAKEN: UNKNOWN . OUTCOME: UNKNOWN. SERIOUSNESS CRITERIA: IMPORTANT MEDICAL EVENT. THIS SUSPECTED ADVERSE REACTION REPORT IS SUBMITTED AND CLASSIFIED AS A MEDICATION ERROR SOLELY AND EXCLUSIVELY TO ENSURE THE MARKETING AUTHORIZATION HOLDER'S COMPLIANCE WITH THE REQUIREMENTS SET OUT IN DIRECTIVE 2001/83/EC AND MODULE VI OF THE GOOD PHARMACOVIGILANCE PRACTICES. THE CLASSIFICATION AS A MEDICAL ERROR IS IN NO WAY INTENDED, NOR SHOULD IT BE INTERPRETED OR CONSTRUED AS AN ALLEGATION OR CLAIM MADE BY THE MARKETING AUTHORIZATION HOLDER THAT ANY THIRD PARTY HAS CONTRIBUTED TO OR IS TO BE HELD LIABLE FOR THE OCCURRENCE OF THIS MEDICATION ERROR. QA REVIEW FINDING: THE DEVICE HISTORY FILES ARE REVIEWED FOR ANY ANOMALY, DEVIATION OR INVESTIGATION, DOCUMENTED OR OTHERWISE THAT MIGHT RESULT IN ANY TYPE OF COMPLAINT AGAINST THE LOT. NO EVIDENCE OF ROOT CAUSE WAS FOUND IN THE DEVICE HISTORY FILES. ALL RETAINS ARE EXAMINED FOR CORRECT PACKAGING, SEAL, MISSING COMPONENTS, WORKING CONTROL UNIT, LEGIBILITY OF LOT NUMBERS /EXPIRATION DATE, CORRECT LABEL AND FOREIGN MATTER. NO ANOMALIES WERE FOUND THAT COULD CONTRIBUTE TO THIS COMPLAINT. THE PCB TEST DATA CONFIRMED THAT ALL INSPECTION STEPS WERE PASSED FOR CONTROL UNIT SERIAL NUMBER (B)(4) AND REWORK WAS NOT REQUIRED. ADDITIONALLY, THE COA FOR ELECTRODE LOT NUMBER B-16-09-12 CONFIRMED THAT ALL INSPECTION ITEMS WERE PASSED. DEVICE RETURN IS EXPECTED; IF/WHEN IT IS RETURNED, FURTHER INVESTIGATION MAY BE PERFORMED. ADDITIONAL INFORMATION WAS RECEIVED ON 21-SEP-2017 FROM QUALITY DEPARTMENT, QA REVIEW FINDINGS ADDED. TEXT AMENDED. PHARMACOVIGILANCE COMMENT: SANOFI COMPANY COMMENT FOR FOLLOW-UP DATED 21-09-2017: THE NEW FOLLOW-UP INFORMATION RECEIVED DOES NOT CHANGE THE PRIOR ASSESSMENT OF THE CASE. SANOFI COMPANY COMMENT FOR DATED 18-09-2017: THIS CASE CONCERNS A (B)(6) -YEAR- OLD MALE PATIENT WHO REPORTED MINI STROKE WHILE ON TREATMENT WITH SMART RELIEF TENS THERAPY. ALTHOUGH THE CAUSAL ROLE OF THE DRUG CANNOT BE DENIED FOR THE REPORTED EVENT, MORE INFORMATION REGARDING LATENCY, CONCURRENT ILLNESS, CONCOMITANT MEDICATIONS, PAST DRUGS, PERSONAL AND HISTORY REGARDING SEDENTARY LIFESTYLE CAN AID IN COMPREHENSIVE CASE ASSESSMENT.",TENS (over-the-counter)
6899928,268115944,D,1,,"INITIAL INFORMATION REGARDING THIS UNSOLICITED CASE FROM UNITED STATES WAS RECEIVED FROM A PATIENT ON 11- SEP-2017. THIS CASE CONCERNS A FEMALE PATIENT OF UNSPECIFIED AGE WHO COMPLAINED THAT SMART RELIEF TENS THERAPY (ICY HOT SMART RELIEF TENS THERAPY) PADS WERE PEELING SKIN ON HER HIP AREA AROUND THE CHEEK OF HER BUTT, IT HURT THE FIRST DAY, THEN THE SECOND DAY IT WAS WORSE AND HAD RED SPOTS WHERE THE PADS WERE PULLED OFF. NO PAST DRUGS, RELEVANT MEDICAL HISTORY OR CONCURRENT CONDITIONS AND CONCOMITANT MEDICATIONS WERE REPORTED. IT WAS REPORTED THAT THE PATIENTS SON RECOMMEND SMART RELIEF TENS THERAPY FOR HER ERRATIC NERVE. ON (B)(6) 2017, THE PATIENT STARTED USING SMART RELIEF TENS THERAPY AT AN UNSPECIFIED FREQUENCY (LOT/BATCH NUMBER: 17E111 AND EXPIRY DATE 31-JUL-2019) FOR ERRATIC NERVE. THE ELECTRODE PAD LOT/BATCH NUMBER: B-17-01-08, EXPIRY DATE: 30-SEP-2019 AND UNIT SERIAL NUMBER WAS (B)(4). ON THE SAME DAY ((B)(6) 2017), THE PADS WERE PEELING THE SKIN ON THE HIP AREA AROUND THE CHEEK OF HER BUTT. IT HURT THE FIRST DAY ((B)(6) 2017), THEN THE SECOND DAY IT WAS WORSE (LATENCY SAME DAY). REPORTEDLY, THERE WERE RED SPOTS WHERE THE PADS WERE PULLED OFF (ONSET DATE: (B)(6) 2017; LATENCY SAME DAY). THE PATIENT WAS ADVISED TO DISCONTINUE USE (DATE UNKNOWN). ACTION TAKEN: DRUG WITHDRAWN NOS CORRECTIVE TREATMENT: NOT REPORTED. OUTCOME: UNKNOWN. SERIOUSNESS CRITERIA: IMPORTANT MEDICAL EVENT (APPLICATION SITE PEELING) QA REVIEW FINDINGS: RECEIVED ONE TENS UNIT SERIAL NUMBER (B)(4), ONE PANASONIC BATTERY, AND ONE ELECTRODE LOT NUMBER: B-17- 01-08 FOR INVESTIGATION. UPON VISUAL INSPECTION, THE TENS UNIT WAS IN GOOD CONDITION. THE UNIT WAS FULLY FUNCTIONAL WITH BOTH THE RECEIVED AND A NEW BATTERY; COMPLETE AND CONSISTENT STIMULATION WAS OUTPUT. THE PAD WAS IN BAD CONDITION BUT STORED ON A CLEAR, PROTECTIVE SHEET; IT WAS DIRTY AND HAD A LOW LEVEL OF ADHESION. THEREFORE, THE CONSUMER'S COMPLAINT THAT THE PAD WAS DIFFICULT/PAINFUL TO REMOVE COULD NOT BE VERIFIED; THE CONSUMER STATED THAT THE PAD PEELED SKIN. THE LEFT IMPEDANCE READINGS OF THE PAD WERE 470 OHMS AND 490 OHMS, AND THE RIGHT IMPEDANCE READINGS WERE 450 OHMS AND 510 OHMS. IMPENDENCE READINGS WERE UNIFORM ACROSS SEVERAL PAD LOCATIONS; NO HOT SPOTS WERE NOTED. THE BAD CONDITION OF THE PAD INDICATES FUNCTIONALITY. HOWEVER, THE ADVERSE EVENT THE CONSUMER EXPERIENCED COULD NOT BE ATTRIBUTED TO ANY DEVICE MALFUNCTION. ADDITIONAL INFORMATION WAS RECEIVED FROM QUALITY DEPARTMENT ON 19-SEP-2017: QA REVIEW FINDINGS WERE REPORTED. TEXT UPDATED ACCORDINGLY. ADDITIONAL INFORMATION WAS RECEIVED ON 25-SEP-2017 FROM QUALITY DEPARTMENT, QA REVIEW FINDINGS ADDED. ADDITIONAL INFORMATION WAS RECEIVED ON 05-OCT-2017 FROM QUALITY DEPARTMENT: QA REVIEW FINDINGS UPDATED AND COMPANY CAUSALITY UPDATED FROM POSSIBLE TO UNLIKELY. TEXT UPDATED ACCORDINGLY.",TENS (over-the-counter)
6879512,282382812,D,0,,REMOVING REFERENCE TO DQ8450 - INADVERTENTLY INCLUDED ON INITIAL MDR. BRAND NAME IS QUATTRO 2.0. CATALOG NUMBER IS DQ8432.,TENS (prescription)
6373325,284880633,N,0,,"THIS SPONTANEOUS CASE WAS REPORTED BY A CONSUMER AND DESCRIBES THE OCCURRENCE OF FIRST DEGREE CHEMICAL BURN OF SKIN (""THEY LOOKED LIKE CHEMICAL BURNS/ THEY LOOKED LIKE BURNS/THE BURN WAS VERY BAD/ THEY WERE FIRST, SECOND AND THIRD DEGREE BURNS""), SECOND DEGREE CHEMICAL BURN OF SKIN (""THEY LOOKED LIKE CHEMICAL BURNS/ THEY LOOKED LIKE BURNS/THE BURN WAS VERY BAD/ THEY WERE FIRST, SECOND AND THIRD DEGREE BURNS"") AND THIRD DEGREE CHEMICAL BURN OF SKIN (""THEY LOOKED LIKE CHEMICAL BURNS/ THEY LOOKED LIKE BURNS/THE BURN WAS VERY BAD/ THEY WERE FIRST, SECOND AND THIRD DEGREE BURNS"") IN A MALE PATIENT WHO RECEIVED ALEVE TENS DEVICE DIRECT THERAPY UNIT. CO-SUSPECT PRODUCTS INCLUDED ALEVE TENS GEL PAD (BATCH NO. 612622). OTHER PRODUCT OR PRODUCT USE ISSUES IDENTIFIED: DEVICE LEAKAGE ""HE SAID THAT WHATEVER IS IN THE GEL THAT LEAKED OUT MUST HAVE REACTED WITH MY SKIN,"" IN 2016, MEDICAL DEVICE MONITORING ERROR ""TITANIUM PLATES AS WELL AS A TON OF RODS AND SCREWS ON LOWER BACK"", DEVICE MATERIAL ISSUE ""GELPAD MELTED"", CONTRAINDICATED DEVICE USED ""TITANIUM PLATES AS WELL AS A TON OF RODS AND SCREWS ON LOWER BACK"" AND THERAPEUTIC RESPONSE UNEXPECTED ""THE UNIT HAD HELPED ME REDUCE MY OPIOID USE"". THE PATIENT'S CONCURRENT CONDITIONS INCLUDED SPINAL FUSION NOS SINCE 2014 AND INTERNAL FIXATION OF SPINE. ON AN UNKNOWN DATE, THE PATIENT STARTED ALEVE TENS DEVICE DIRECT THERAPY UNIT. ON AN UNKNOWN DATE, THE PATIENT STARTED ALEVE TENS GEL PAD. IN 2016, THE PATIENT EXPERIENCED FIRST DEGREE CHEMICAL BURN OF SKIN (SERIOUSNESS CRITERIA MEDICALLY SIGNIFICANT AND INTERVENTION REQUIRED) WITH URTICARIA, SCAB, WOUND COMPLICATION AND SKIN ULCER, SECOND DEGREE CHEMICAL BURN OF SKIN (SERIOUSNESS CRITERIA MEDICALLY SIGNIFICANT AND INTERVENTION REQUIRED) WITH URTICARIA, SCAB, WOUND COMPLICATION AND SKIN ULCER AND THIRD DEGREE CHEMICAL BURN OF SKIN (SERIOUSNESS CRITERIA MEDICALLY SIGNIFICANT AND INTERVENTION REQUIRED) WITH URTICARIA, WOUND COMPLICATION, SCAB AND SKIN ULCER. THE PATIENT WAS TREATED WITH NEOSPORIN (NEOSPORIN TOPICAL). ALEVE TENS DEVICE DIRECT THERAPY UNIT WAS INTERRUPTED. AT THE TIME OF THE REPORT, THE FIRST DEGREE CHEMICAL BURN OF SKIN, SECOND DEGREE CHEMICAL BURN OF SKIN AND THIRD DEGREE CHEMICAL BURN OF SKIN HAD RESOLVED. THE REPORTER CONSIDERED FIRST DEGREE CHEMICAL BURN OF SKIN, SECOND DEGREE CHEMICAL BURN OF SKIN AND THIRD DEGREE CHEMICAL BURN OF SKIN TO BE RELATED TO ALEVE TENS DEVICE DIRECT THERAPY UNIT AND ALEVE TENS GEL PAD. THE REPORTER COMMENTED: I REPLACED THE PADS FOR ABOUT THE 10TH TIME, PUT THEM ON AND LAID DOWN. I HAD IT ON LEVEL 3 OR 4, NOT TO HIGH, AND THE EVENTS OCCURRED. CONSUMER USED THE PRODUCT BEFORE FOR ABOUT 3 MONTHS WITH NO ISSUES. BASED ON THE RETURNED GEL PAD PRODUCT SAMPLES, ALEVE TENS GEL PADS WAS ADDED AS CO-SUSPECT; THE GEL PAD MELTED WAS ADDED AS NEW EVENT. GEL PAD LOT # 612622. PRODUCT WAS USED ON LOWER BACK. IT WAS UNKNOWN IF THE GELPADS WERE FROM THE ORIGINAL KIT OR REPLACEMENTS; IT WAS ALSO UNKNOWN WHETHER PATIENT READ THE USER MANUAL, OR IF THE ORIGINAL BATTERIES WERE NOT USED, OR IF GEL PADS STORED IMPROPERLY. QUALITY-SAFETY EVALUATION OF PTC: BASED ON THE TECHNICAL INVESTIGATION OF ALEVE TENS UNIT, AN INVESTIGATION OF THE REPORTED CONDITION WAS PERFORMED ON THE ALEVE TENS DIRECT THERAPY DEVICE WHICH WAS RETURNED BY THE CONSUMER. ELECTRICAL EVALUATION OF THE RETURNED SAMPLE WAS UNABLE TO CONFIRM ANY FAILURE MODES RELATED TO THE REPORTED CONDITION. ALEVE DIRECT THERAPY TENS UNITS ARE MADE IN ACCORDANCE WITH CURRENT GOOD MANUFACTURING PRACTICES AND TO THE APPLICABLE FDA AND ISO REGULATIONS. ALL PRODUCTS UNDERGOES 100% INSPECTION AND 100% FUNCTIONAL TESTING AT MULTIPLE POINTS THROUGHOUT THE MANUFACTURING PROCESS WHERE THE ASSOCIATED DATA AND DOCUMENTATION IS REVIEWED TO ENSURE ALL RELEASED PRODUCT MEETS PRODUCT SPECIFICATIONS. SINCE A ROOT CAUSE FOR THE REPORTED CONDITION CANNOT BE IDENTIFIED, CORRECTIVE ACTION WILL BE LIMITED TO THE MANUFACTURING AWARENESS. NO FURTHER CORRECTIVE ACTION IS REQUIRED AT THIS TIME. THIS ISSUE WILL BE MONITORED AND TRENDED TO POTENTIALLY IDENTIFY NEW FAILURE MODES. THE PTC INVESTIGATION WAS CONDUCTED AND THE OUTCOME OF THE INVESTIGATION RESULTED IN AN UNCONFIRMED QUALITY DEFECT. BASED ON THE TECHNICAL INVESTIGATION OF ALEVE TENS GEL PADS WITH LOT # 612622, FROM THE RETURNED SAMPLES, THE PRODUCT ANALYSIS WAS UNABLE TO CONFIRM THE FAILURE OF THE REPORTED CONDITION. THE RETURNED GEL PADS APPEARED TO BE WELL USED. THERE WERE NO INDICATIONS THE ELECTRODES WERE NOT MANUFACTURED PROPERLY DURING THE VISUAL INSPECTION. THE DEVICE HISTORY RECORD (DHR) REVIEW SHOWED THAT ALL ACCEPTANCE CRITERIA INSPECTIONS PER ESTABLISHED SAMPLING LEVELS WERE WITHIN ACCEPTABLE LIMITS DURING THE PRODUCTION PROCESS. THE INVESTIGATION DETERMINED THAT THE MOST PROBABLE ROOT CAUSE IS DUE TO NOT PLACING THE ELECTRODE EVENLY ON THE SKIN OR WHEN THERE IS INADEQUATE SKIN PREPARATION. IT IS IMPORTANT THAT PROPER CUSTOMER PREPARATION TECHNIQUES BE COMPLETED WHICH SPECIFY WASH THE SKIN AND DRY COMPLETELY. ONE OF THE CONTRIBUTING FACTORS IS NOT PROPERLY STORING THE GEL PADS. IT SHOULD BE APPLIED TO THE GEL PAD BEFORE STORAGE AND AVOID TEMPERATURE EXTREMES ABOVE 104 DEGREE F AND BELOW 50 DEGREE F. THE OTHER CONTRIBUTING FACTOR IS THE CUSTOMER SKIN TYPES, OILS, AND PH LEVELS CAN IMPACT THE USAGE OF THE PADS 2-5 APPLICATIONS. DUE TO THAT FACT THAT A ROOT CAUSE FOR THE REPORTED CONDITION CANNOT BE SPECIFICALLY IDENTIFIED; THEREFORE, CORRECTIVE ACTION WILL BE LIMITED TO THE MANUFACTURING AWARENESS. THE PTC INVESTIGATION WAS CONDUCTED AND THE OUTCOME OF THE INVESTIGATION RESULTED IN AN UNCONFIRMED QUALITY DEFECT. MOST RECENT FOLLOW-UP INFORMATION INCORPORATED ABOVE INCLUDES: ON 5-FEB-2018: REPORTER DID NOT RESPOND TO FINAL FOLLOW UP ATTEMPT, CONSIDER CASE CLOSED. THIS SPONTANEOUS CASE, REPORTED BY A CONSUMER, DESCRIBES THE OCCURRENCE OF SERIOUS EVENTS CHEMICAL INJURY- FIRST DEGREE BURNS, SECOND DEGREE BURNS AND THIRD DEGREE BURNS (""THEY LOOKED LIKE CHEMICAL BURNS/ THEY LOOKED LIKE BURNS/THE BURN WAS VERY BAD"") (MEDICALLY SIGNIFICANT AND INTERVENTION REQUIRED) IN A MALE PATIENT WHO RECEIVED ALEVE TENS DEVICE DIRECT THERAPY UNIT AND ALEVE TENS GEL PAD FOR A NOT REPORTED INDICATION. THESE EVENTS ARE UNLISTED ACCORDING TO ALEVE TENS DEVICE DIRECT THERAPY AND ALEVE TENS GEL PAD REFERENCE SAFETY INFORMATION. THE PATIENT'S CONCURRENT CONDITIONS INCLUDED SPINAL FUSION NOS. PATIENT REPLACED THE PADS FOR ABOUT THE 10TH TIME, PUT THEM ON AND LAID DOWN, HAD THE DEVICE ON LEVEL 3 OR 4, AND REPORTED NON-SERIOUS DEVICE LEAKAGE (""HE SAID THAT WHATEVER IS IN THE GEL THAT LEAKED OUT MUST HAVE REACTED WITH MY SKIN"") FOLLOWED BY CHEMICAL INJURY. IN THIS CONTEXT, CONSIDERING THE TECHNICAL ISSUE AND THE CLOSE TEMPORAL RELATIONSHIP, CAUSALITY OF ALEVE TENS DEVICE DIRECT THERAPY AND ALEVE TENS GEL PAD CANNOT BE EXCLUDED, IN AGREEMENT WITH REPORTER. THESE EVENTS WERE REGARDED AS INCIDENTS. PTC INVESTIGATION: UNCONFIRMED QUALITY DEFECT",TENS (over-the-counter)
7083059,311964132,N,0,,"THIS SPONTANEOUS CASE WAS REPORTED BY A CONSUMER AND DESCRIBES THE OCCURRENCE OF DEVICE MATERIAL ISSUE (""DEVICE GETTING HOT ON ONE SIDE AND SMOKING, AND CHARRED THE BLACK PAD AND THE GEL PAD"") IN A FEMALE PATIENT WHO RECEIVED ALEVE TENS DEVICE DIRECT THERAPY UNIT (BATCH NO. 608549) FOR BACK PAIN. ON AN UNKNOWN DATE, THE PATIENT STARTED ALEVE TENS DEVICE DIRECT THERAPY UNIT. ON AN UNKNOWN DATE, THE PATIENT EXPERIENCED DEVICE MATERIAL ISSUE. THE REPORTER COMMENTED: I JUST CONTACTED CUSTOMER SERVICE DO TO MY DEVICE GETTING HOT AND SMOKING, LUCKILY I WAS NOT BURNT. THE DEVICE JUST GOT HOT ON ONE SIDE AND CHARRED THE BLACK PAD AND THE GEL PAD. I HAVE HAD THIS FOR 3 MONTHS WITHOUT ANY PROBLEMS THE LIST OF DEVICE SIMILAR INCIDENTS CONTAINS ALEVE TENS DEVICE DIRECT THERAPY UNIT REPORTS RECEIVED BY BAYER CODED WITH THE SAME MEDRA PREFERRED TERM. IN THIS PARTICULAR CASE A SEARCH IN THE DATABASE WAS PERFORMED ON 20-JUN-2018 FOR THE FOLLOWING MEDDRA PREFERRED TERM: PT DEVICE MATERIAL ISSUE: THE ANALYSIS IN THE GLOBAL SAFETY DATABASE REVEALED 0 CASES. BAYER IS CLOSELY MONITORING THE BENEFIT-RISK PROFILE OF ALEVE TENS DEVICE DIRECT THERAPY UNIT. A RECENT CUMULATIVE REVIEW OF ALL AVAILABLE DATA ON LEVE TENS DEVICE DIRECT THERAPY UNIT HAS NOT YIELDED ANY NEW SAFETY SIGNAL WITH REGARD TO THESE MEDDRA PT. QUALITY-SAFETY EVALUATION OF PTC: BASED ON THE TECHNICAL INVESTIGATION, A REVIEW OF THE DEVICE HISTORY FOR THIS SERIAL NUMBER WAS CONDUCTED AND NO DEFECTS WERE IDENTIFIED DURING THE MANUFACTURE OF THE DEVICE. THE DEVICE WAS RETURNED TO BAYER AND PASSED TESTING. REGARDING THE TENS GELPADS- THE CUSTOMER RETURNED 2 GEL PADS STUCK TOGETHER IN A SMALL ZIP LOCK BAG. THE DEVICE HISTORY RECORD (DHR) WAS REVIEWED, AND NO ABNORMAL PROCESS CONDITIONS WERE PRESENT DURING THE MANUFACTURING OF THE PRODUCT THAT COULD HAVE LED TO THE ISSUE DESCRIBED BY THE CUSTOMER. THE INVESTIGATION TEAM HAS REVIEWED THE EQUIPMENT, MATERIAL AND PROCESS AND THE PROBABLE ROOT CAUSE OF THE REPORTED CONDITION AS STATED BY THE CUSTOMER. VISUAL INSPECTION THROUGH THE MICROSCOPE CONFIRMED THE ELECTRODES WERE APPLIED TO PATIENTS AS DERMA WAS PRESENT. ONE GEL PAD HAD A DARK BROWN AREA WITH A SMALL AREA MISSING GEL WITH ONLY THE SCRIM PRESENT. WITHIN THAT AREA THERE APPEARED TO BE SOME EVIDENCE OF HARDENED GEL. THERE WAS VERY LITTLE ""TACK"" FROM THE GEL WHEN TOUCHED WITH A NITRILE GLOVE, THIS IS CONSISTENT WITH GEL PADS THAT HAVE BEEN USED. THE REPORTED CONDITION WAS NOT CONFIRMED. THROUGH THE PRODUCT ANALYSIS OF THE REPORTED CONDITION AS STATED BY THE CUSTOMER, IT HAS BEEN DETERMINED THAT THE PROBABLE ROOT CAUSE IS NOT RELATED TO THE GEL PAD. NO DEFECTS WERE IDENTIFIED ALL ALEVE DIRECT THERAPY TENS UNITS ARE MADE IN ACCORDANCE WITH CURRENT GOOD MANUFACTURING PRACTICES AND TO THE APPLICABLE FDA AND ISO REGULATIONS. ALL PRODUCT UNDERGOES 100% INSPECTION AND 100% FUNCTIONAL TESTING AT MULTIPLE POINTS THROUGHOUT THE MANUFACTURING PROCESS WHERE THE ASSOCIATED DATA AND DOCUMENTATION IS REVIEWED. THE PTC INVESTIGATION WAS INITIATED AND THE OUTCOME OF THE INVESTIGATION RESULTED IN AN UNCONFIRMED QUALITY DEFECT. FURTHER COMPANY FOLLOW-UP WITH THE CONSUMER IS NOT POSSIBLE. MOST RECENT FOLLOW-UP INFORMATION INCORPORATED ABOVE INCLUDES: ON 18-JUN-2018: DESPITE FOLLOW UP ATTEMPTS NO FURTHER INFORMATION COULD BE OBTAINED - CASE CLOSED THIS SPONTANEOUS REPORT REFERS TO A FEMALE PATIENT WHO USED ALEVE TENS DEVICE DIRECT THERAPY UNIT (TRANSCUTANEOUS ELECTRICAL NERVE STIMULATION (TENS THERAPY)) FOR SEVERE BACK PAIN ON UNSPECIFIED DATES. WITHIN 3 MONTHS OF USE WITHOUT ANY PROBLEM, DEVICE GOT HOT ON ONE SIDE AND SMOKING, AND CHARRED THE BLACK PAD AND THE GEL PAD. PATIENT WAS NOT BURNT. THE EVENT WAS CONSIDERED NON-SERIOUS AND IS LISTED ACCORDING ALEVE TENS DEVICE DIRECT THERAPY UNIT. AT THE TIME OF REPORTING, THERE IS NO EVIDENCE THAT A DEVICE-RELATED DEFECT OR MALFUNCTION CAUSED A DEATH OR SERIOUS INJURY. HOWEVER THERE WAS A POTENTIAL FOR HARM TO THE PATIENT IF THE DEVICE ISSUE HAPPENED WHILE IT WAS ATTACHED TO THE SKIN. NO FURTHER INFORMATION IS EXPECTED. THIS CASE WAS REGARDED AS INCIDENT. THE PTC INVESTIGATION WAS INITIATED AND THE OUTCOME OF THE INVESTIGATION RESULTED IN AN UNCONFIRMED QUALITY DEFECT.",TENS (over-the-counter)
7214782,98232172,D,1,,THE VERY FIRST TIME I USED THE DEVICE IT CAUSED SEVERE PAIN TO MY BACK. I WAS IN SUCH EXCRUCIATING PAIN THAT I COULD BARELY MOVE. I BOUGHT THIS ITEM FROM (B)(6) AT THE (B)(6) IN (B)(6). THEY SELL IT IN A BOX THAT SAYS 'MASSAGER' AND IT IS MADE BY A COMPANY CALLED (B)(6). THE APPARENT 'OWNER' ASSURED ME THAT THE PRODUCT WAS FDA CLEARED AND THEY WERE ALSO FDA REGISTERED. HE EVEN WENT AS FAR AS SHOWING ME HIS COMPANY 'FDA REGISTRATION'. AFTER DOING SOME RESEARCH I FOUND OUT THAT THEY ARE NOT FDA REGISTERED AND HE WAS SHOWING ME THE REGISTRATION INFORMATION FOR THE COMPANY THAT MAKES THE PRODUCT! THE FDA TOLD ME THAT AS AN INITIAL IMPORTER THEY SHOULD BE REGISTERED AND PAY A FEE TO LEGALLY IMPORT MEDICAL DEVICES INTO THE US. APPARENTLY THIS COMPANY DOES NOT CARE ABOUT THE LAW. HERE IS A LINK TO THE PRODUCT THAT INJURED ME. (B)(6) I HOPE THAT NOBODY ELSE GETS INJURED AS A RESULT OF THIS COMPANY BREAKING FDA REGULATIONS.,TENS (prescription)
7244557,99237711,D,1,,"WHILE PATIENT WAS USING REWALK FOR GAIT TRAINING, THE PELVIC BAND CRACKED AND DISENGAGED FROM THE DEVICE.",Powered exoskeleton
7273682,100178927,D,1,,"THIS SPONTANEOUS CASE WAS REPORTED BY A CONSUMER AND DESCRIBES THE OCCURRENCE OF BURNS THIRD DEGREE (""HE BELIEVES HE HAS THIRD DEGREE BURNS EVEN THOUGH IT HAS NOT BEEN VERIFIED BY HCP"") IN A (B)(6)-YEAR-OLD MALE PATIENT WHO RECEIVED ALEVE TENS DEVICE DIRECT THERAPY UNIT FOR BACK PAIN. THE OCCURRENCE OF ADDITIONAL NON-SERIOUS EVENTS IS DETAILED BELOW. OTHER PRODUCT OR PRODUCT USE ISSUES IDENTIFIED: DEVICE INEFFECTIVE ""THIS IS SUPPOSED TO RELIEVE PAIN NOT GIVE PAIN"" AND DEVICE STIMULATION ISSUE ""I WAS SHOCKED"" (SERIOUSNESS CRITERION MEDICALLY SIGNIFICANT) OVER A PERIOD OF 20 MIN. ON AN UNKNOWN DATE, THE PATIENT STARTED ALEVE TENS DEVICE DIRECT THERAPY UNIT. ON AN UNKNOWN DATE, THE PATIENT EXPERIENCED BURNS THIRD DEGREE (SERIOUSNESS CRITERION MEDICALLY SIGNIFICANT) WITH ERYTHEMA AND MOBILITY DECREASED (""THE SHOCK CAUSED ME TO BECOME IMMOBILE / LOSS OF MOVEMENT IN RIGHT SIDE BY SHOCK""). ALEVE TENS DEVICE DIRECT THERAPY UNIT WAS WITHDRAWN. AT THE TIME OF THE REPORT, THE BURNS THIRD DEGREE HAD NOT RESOLVED AND THE MOBILITY DECREASED HAD RESOLVED. THE REPORTER CONSIDERED BURNS THIRD DEGREE AND MOBILITY DECREASED TO BE RELATED TO ALEVE TENS DEVICE DIRECT THERAPY UNIT. THE REPORTER COMMENTED: THAT HE WAS ABOUT 5 MINUTES INTO USING THE DEVICE WHEN HE EXPERIENCED AN ELECTRICAL SHOCK THAT LASTED ABOUT 20 MINUTES OR SO, IT WAS STINGING TO THE POINT IT FELT LIKE IT WAS BURNING HIM. THE STINGING WAS SO EXCRUCIATING HE COULD NOT REACH THE REMOTE TO TURN IT OFF BECAUSE OF THE PAIN IT WAS GIVING AND IMMOBILIZED THE RIGHT SIDE OF HIS BODY WHICH LASTED SEVERAL MINUTES BEFORE HE COULD USE HIS WHOLE BODY AGAIN. REPORTER STATED IT LEFT RED MARKS WHERE THE PATCH WAS IN MY BACK AND HE THINK HE HAS THIRD DEGREE BURNS EVEN THOUGH IT HAS NOT BEEN VERIFIED BY AN HCP. HE USED THE DEVICE SEVERAL TIMES PRIOR TO HIS EXPERIENCE AND NEVER HAD THE EVENTS EXPERIENCED THIS LAST TIME AND HE HAS NOT RECEIVED MEDICAL TREATMENT OR IS USING ANYTHING TO TREAT THE RED MARKS OR THE THIRD DEGREE BURNS. DIAGNOSTIC RESULTS (NORMAL RANGES ARE PROVIDED IN PARENTHESIS IF AVAILABLE): BODY MASS INDEX WAS 20.8 KG/SQM. MOST RECENT FOLLOW-UP INFORMATION INCORPORATED ABOVE INCLUDES: ON (B)(4) 2018: FOLLOWING INTERNAL REVIEW THE CODE OF EVENT ""THE SHOCK CAUSED ME TO BECOME IMMOBILE / LOSS OF MOVEMENT IN RIGHT SIDE BY SHOCK"" WAS CHANGED FROM PT ""HEMIPARESTHESIA"" TO PT ""MOBILITY DECREASED"". ON (B)(6) 2018: NO NEW CLINICAL INFORMATION. ON (B)(6) 2018: NO NEW CLINICAL INFORMATION. THIS SPONTANEOUS REPORT REFERS TO A (B)(6) YEAR-OLD MALE PATIENT WHO USED ALEVE TENS DEVICE DIRECT THERAPY UNIT (TRANSCUTANEOUS ELECTRICAL NERVE STIMULATION (TENS THERAPY)) SINCE UNSPECIFIED DATE (USED THE DEVICE SEVERAL TIMES) FOR BACK PAIN. FIVE MINUTES INTO USING THE DEVICE, HE EXPERIENCED AN ELECTRICAL SHOCK THAT LASTED ABOUT 20 MINUTES OR SO, THE SHOCK CAUSED HIM TO BECOME IMMOBILE / LOSS OF MOVEMENT IN RIGHT SIDE BY SHOCK (NON-SERIOUS EVENT UPON FOLLOW-UP). REPORTER STATED IT LEFT RED MARKS WHERE THE PATCH WAS IN HIS BACK AND HE BELIEVES HE HAS THIRD DEGREE BURNS EVEN THOUGH IT HAS NOT BEEN VERIFIED BY HCP (HEALTH CARE PROFESSIONAL). THE EVENTS ARE CONSIDERED SERIOUS DUE TO MEDICAL IMPORTANCE AND ARE UNLISTED ACCORDING TO ALEVE TENS REFERENCE SAFETY INFORMATION. THIS CASE LACKS INFORMATION FOR A COMPREHENSIVE ASSESSMENT, INCLUDING INTENSITY AFTER TURNING THE DEVICE ON, TREATMENT MODE WHEN EVENT WAS EXPERIENCED AND PRESENCE OF ANY IMPLANTABLE ELECTRIC OR METALLIC DEVICE. HOWEVER CONSIDERING THE MECHANISMS OF ACTION OF SUSPECT PRODUCT, THE CLOSE TEMPORAL RELATIONSHIP AND THE NATURE OF REPORTED EVENT, CAUSAL OR CONTRIBUTORY ROLE OF ALEVE TENS TO THE EVENTS CANNOT BE EXCLUDED. FURTHER INFORMATION WAS REQUESTED. THIS CASE WAS REGARDED AS INCIDENT.",TENS (over-the-counter)
7297528,101002354,N,0,,"EXEMPTION NUMBER: E2013031. (B)(4). CONSUMER WAS ADVISED TO STOP USING THE UNIT. A POSTAGE PAID LABEL WAS SENT TO RETRIEVE THE UNIT FOR FURTHER INVESTIGATION AND VERBAL REQUEST FOR UNIT RETURN WAS MADE. THE U.S IMPORTER IS REQUESTING MANUFACTURE OF THE DEVICE TO FURTHER INVESTIGATE THIS INCIDENT. PER LABELING INSTRUCTIONS IN THE INSTRUCTION MANUAL ""DO NOT USE THIS UNIT WITH THESE OTHER DEVICES: (1). IF YOU HAVE A PACEMAKER, E IMPLANTED OTHER DEVICES: DEFIBRILLATOR, OR OTHER IMPLANTED METALLIC OR ELECTRONIC DEVICE. SUCH USE COULD CAUSE ELECTRIC SHOCK, BURNS, ELECTRICAL INTERFERENCE OR DEATH."". A ROOT CAUSE HAS NOT BEEN DETERMINED. IT HAS NOT BEEN CONFIRMED IF THE DEVICE CAUSED OR CONTRIBUTED TO THE REPORTED INCIDENT. HOWEVER, DUE TO THE CUSTOMER STATING THAT SHE WENT TO THE DOCTOR AND HER DOCTOR INCREASED HER PAIN MEDICATION AND GAVE MEDICATION FOR INFLAMMATION, THIS MEDWATCH IS BEING FILLED.",TENS (over-the-counter)
7297528,101002355,D,0,,"CONSUMER REPORTED SINCE SHE HAS BEEN USING UNIT, IT HAS CAUSED MORE PAIN. SHE HAS HAD BACK SURGERY AND HAS SCREWS, BOLTS AND RODS IN HER BACK. SHE HAS NOT SOUGHT TREATMENT FOR THE PAIN. SHE WAS NOT ABLE TO SIT UP BECAUSE IT CAUSED TOO MUCH PAIN. SHE DID NOT KNOW UNTIL AFTER SHE USED IT THAT SHE SHOULD NOT BE. SHE IS THE ONLY USER AND HAS BEEN USING THE UNIT ONCE A DAY. SHE STARTED USING THE UNIT ON (B)(6) 2018. SHE IS USING THE UNIT FOR 15 MINUTES EACH USE. PER CONSUMER, THE PADS WERE PLACED ON EACH SIDE OF HER SPINE ON HER LOWER BACK AND WERE PLACED ONE INCH APART. CONSUMER STATED THE INTENSITY LEVEL WAS ON 3 AND ON (B)(6) 2018 SHE HAD IT TURNED UP TO 5. CONSUMER WAS ADVISED TO STOP USING THE UNIT BY THE CUSTOMER SERVICE REPRESENTATIVE. CONSUMER WAS SENT POSTAGE PAID LABEL TO RETRIEVE THE UNIT. CONSUMER WAS ADVISED THE UNIT IS NOT RECOMMENDED TO USE WITH METAL ON HER BACK. CUSTOMER SERVICE REPRESENTATIVE ADVISED CONSUMER TO INFORM QUALITY DEPARTMENT IF SHE GOES TO DOCTOR. CONSUMER REQUESTED REFUND SINCE COULD NOT USE THE UNIT. DURING FOLLOW-UP WITH QUALITY ANALYST, CONSUMER STATED SHE IS EXPERIENCING PAIN FROM THE UNIT. CONSUMER CONFIRMED SHE HAS SCREWS, RODS AND BOLTS IN HER BACK. SHE HAD THE UNIT FOR 2 WEEKS, USED IT ONCE A DAY FOR 15 MINUTES AND IS THE ONLY USER. SHE STILL HAS THE PAIN AND IS GOING TO EMERGENCY ROOM TONIGHT. CONSUMER AGREED TO SEND THE UNIT FOR FURTHER INVESTIGATION. QA CALLED THE CONSUMER AGAIN TO GET MORE INFORMATION ABOUT HER ER VISIT. CONSUMER STATED SHE WAS IN EMERGENCY ROOM FOR 12 HOURS WAITING. SHE COULD NOT GET TREATMENT BECAUSE AFTER WAITING FOR SO LONG SHE HAD TO LEAVE. SHE IS GOING TO CALL HER RHEUMATOID ARTHRITIS DOCTOR AND SEE IF SHE CAN GET SOME PAIN MEDICATION. STATED SHE HAD BACK SURGERY IN (B)(6) OF LAST YEAR. DURING ANOTHER FOLLOW-UP CALL, CONSUMER STATED SHE DID GO TO DOCTOR FOR THE PAIN THAT SHE WAS EXPERIENCING AFTER USING THE TENS UNIT. PER THE CONSUMER, SHE HAD INFLAMMATION ON HER BACK AND THE PAIN KEPT WAKING HER UP AT NIGHT. SHE WAS RESTLESS. HER DOCTOR INCREASED HER PAIN MEDICATION AND GAVE HER MEDICATION FOR INFLAMMATION. CONSUMER STATED SHE WAS TOLD TO BE LESS MOBILE IN ORDER TO KEEP HER BODY FROM STRESSING IT. QA ASKED IF THE DOCTOR INDICATED OR ADVISED HER NOT USE THE UNIT OR NOT? CONSUMER STATED NO. CONSUMER CONFIRMED SHE HAD BACK SURGERY DUE TO BULGING DISK (S3, S4 AND S5) AND HER LOWER BACK WAS BROKEN. CONSUMER CONFIRMED SHE HAS BEEN ON DISABILITY PRIOR TO USING THE UNIT. SHE WAS USING PAIN MEDICATION PATCHES PRIOR TO USING THE TENS UNIT. THE PAIN PATCHES WERE COSTING HER (B)(6) SO SHE DECIDED TO TRY THE TENS UNIT. CONSUMER CONFIRMED THAT SHE WAS NOT AWARE THAT SHE SHOULD NOT USE THE UNIT UNTIL AFTER SHE EXPERIENCED INCREASED PAIN AND THEN SHE READ THE INSTRUCTION MANUAL.",TENS (over-the-counter)
7295950,101055384,D,1,,"THE PATIENT WAS PRESCRIBED AN EZ STRETCH DEVICE TO EXTEND THE RANGE OF MOTION IN HIS KNEE FOLLOWING KNEE SURGERY IN (B)(6) 2017. A DEVICE WAS DELIVERED TO HIS HOME ON (B)(6) 2017 AND WAS PICKED UP ON (B)(6) 2017. THE PATIENT ALSO ATTENDED REHAB SESSIONS WITH HIS PHYSICAL THERAPIST, (B)(6), AT (B)(6) MEDICAL CENTER, WHERE HE USED THE EZ STRETCH DEVICE THERE (SERIAL # (B)(4)). THE PATIENT INFORMED A FULL RANGE REHAB SERVICE REP ON (B)(6) 2017 THAT HIS ""NUMBERS"" ON THE EZ STRETCH WERE 0/100 (DEGREES OF EXTENSION/FLEXION), AND ASKED TO EXTEND THE USE OF THE DEVICE FOR ANOTHER MONTH. SOMETIME AFTER (B)(6) 2017, THE PATIENT MET WITH HIS PHYSICAL THERAPIST, (B)(6), AT (B)(6) MEDICAL CENTER. THE PHYSICAL THERAPIST SAT THE PATIENT ON THE DEVICE AND THE PHYSICAL THERAPIST OPERATED THE CONTROLS OF THE DEVICE HIMSELF. THE PHYSICAL THERAPIST TOOK THE PATIENT TO A MUCH FARTHER DEGREE OF FLEXION THAN THE PATIENT HAD PREVIOUSLY BEEN REACHING ON HIS OWN. THE PATIENT PROTESTED VEHEMENTLY AND TOLD THE PHYSICAL THERAPIST HE WAS IN HORRIBLE PAIN. THE PHYSICAL THERAPIST RESPONDED ""I'M THE THERAPIST HERE."" THE PHYSICAL THERAPIST INSTRUCTED THE PATIENT TO HOLD THE STRETCH FOR 25 MINUTES. THE PATIENT INSISTED THAT HE HAD BEEN INSTRUCTED BY THE FULL RANGE REHAB THAT HE WAS ONLY SUPPOSED TO USE THE EZ STRETCH DEVICE IN FIVE MINUTE INCREMENTS. THE PHYSICAL THERAPIST REPLIED IN A JOKING MANNER, ""I'M THE THERAPIST HERE, 25 MINUTES."" AND DID NOT STOP OR REDUCE THE STRETCH. AFTER THE ABOVE PHYSICAL THERAPY SESSION THE PATIENT WAS IN SIGNIFICANT PAIN AND ALL REHAB PROGRESS STOPPED. THE PATIENT STATED UP UNTIL THE ABOVE PHYSICAL THERAPY SESSION THAT HE HAD BEEN PROGRESSING WELL AND LIKED USING THE EZ STRETCH. THE PATIENT THEN MADE AN APPOINTMENT WITH HIS ORTHOPEDIC SURGEON, DR. (B)(6). THE DOCTOR PERFORMED A PHYSICAL EXAM AND TOOK X-RAYS. HIS FINDINGS WERE THAT THE PATIENT SUFFERED TORN LIGAMENTS AND A DISLOCATED PATELLA. WHEN THE DOCTOR COULDN'T EXPLAIN HOW THESE INJURIES OCCURRED, THE PATIENT THEN RELUCTANTLY TOLD HIM ABOUT THE PHYSICAL THERAPY SESSION WHERE THE ADVERSE EVENT OCCURRED. THE DOCTOR ACKNOWLEDGED THE PHYSICAL THERAPIST SHOULD NOT HAVE INSTRUCTED THE PATIENT TO HOLD THE STRETCH FOR 25 MINUTES, NOR SHOULD THE PHYSICAL THERAPIST HAVE OPERATED THE DEVICE. DR. (B)(6) PERFORMED RECONSTRUCTIVE SURGERY IN (B)(6) 2017 TO REPAIR LIGAMENTS AND REPLACE THE PATELLA FOR THE PATIENT. THIS ADVERSE EVENT OCCURRED AT THE (B)(6) MEDICAL CENTER IN (B)(6) 2017. IT WAS NOT REPORTED OR OTHERWISE LEARNED OF BY FULL RANGE REHAB UNTIL (B)(6) 2017. THE EZ STRETCH DEVICE LOCATED AT (B)(6) MEDICAL CENTER WAS USED ROUTINELY AFTER THE ADVERSE EVENT, WITH NO ADDITIONAL KNOWN INSTANCE OF INJURY OR MALFUNCTION. AFTER (B)(6) 2017 THE EZ STRETCH LOCATED AT (B)(6) MEDICAL CENTER WAS SERVICED BY A FULL RANGE REHAB SERVICE REP. THE SERVICE REP DID NOT NOTE ANY MALFUNCTION OF THE DEVICE OR DAMAGE TO IT. NO CORRECTIVE ACTIONS APPEARED TO BE NEEDED BY THE DEVICE.",Powered exercise equipment (incl. CPM)
7300559,101117891,N,0,,"EXEMPTION NUMBER: E2013031. (B)(4). UNIT HAS BEEN RECEIVED AND DEVICE EVALUATION IS IN PROGRESS. CONSUMER ADMITTED USING THE DEVICE OFF LABEL. THE U.S IMPORTER IS REQUESTING THE MANUFACTURER OF THE DEVICE TO FURTHER INVESTIGATE THIS INCIDENT. THE PRODUCT LABELING STATES THE FOLLOWING UNDER IMPORTANT SAFETY PRECAUTIONS AND WARNINGS: "" NEVER APPLY THE PADS TO THESE BODY AREAS: THE NECK OR ANY AREA OF THE THROAT BECAUSE THIS COULD CAUSE SEVERE MUSCLE SPASMS RESULTING IN CLOSURE OF THE AIRWAY, DIFFICULTY IN BREATHING, OR ADVERSE EFFECTS ON HEART RHYTHM OR BLOOD PRESSURE."" A ROOT CAUSE HAS NOT BEEN DETERMINED. IT HAS NOT BEEN CONFIRMED WHETHER THE DEVICE CAUSED OR CONTRIBUTED TO THE REPORTED INCIDENT. HOWEVER, DUE TO THE CUSTOMER USING THE DEVICE OFF LABEL AND CALLING AN AMBULANCE AND GETTING TREATMENT FOR INCREASED HEART RATE, THIS MEDWATCH IS BEING FILED.",TENS (over-the-counter)
7300559,101117892,D,0,,"CONSUMER REPORTED SHE USED HER UNIT FOR AN HOUR ON HER NECK AREA ON (B)(6) 2018. SHE WOKE UP WITH HER HEART RACING AND CALLED AN AMBULANCE. WHEN SHE WAS IN THE AMBULANCE, THEY HOOKED HER UP TO AN EKG AND IV. THEY GAVE HER MEDICATION BUT SHE DOES NOT KNOW WHAT IT WAS. THERE WAS NO CHANGE WITH SINGLE DOSE OF THE MEDICATION, SO THEY DOUBLED THE DOSE. CONSUMER STATED BY THE TIME SHE ARRIVED AT THE HOSPITAL, EVERYTHING WAS NORMAL. THEY DID EKG, X-RAY AND BLOOD WORK. SHE WAS ADVISED TO FOLLOW UP WITH HER PHYSICIAN. CONSUMER STATED WHEN SHE USED HER UNIT; SHE SAT ON HER RECLINER OR ROCKING CHAIR. SHE WAS USING THE UNIT FOR 15 MINUTES ONCE A DAY. CONSUMER STATED SHE HAS GIVEN THE UNIT TO HER DOCTOR BUT SHE WILL TRY TO GET IT BACK AND SEND IT FOR FURTHER INVESTIGATION. CUSTOMER SERVICE REPRESENTATIVE INFORMED CONSUMER THAT POSTAGE PAID LABEL IS SENT TO HER TO RETRIEVE THE UNIT. DURING FOLLOW-UP CALL WITH QUALITY ANALYST, CONSUMER STATED SHE PUT THE PADS ON HER NECK AND ENDED UP CALLING AN AMBULANCE AND GOING TO ER. SHE HAS HAD THE UNIT SINCE THE FALL, AND WAS THE ONLY USER, AND USED THE UNIT NORMALLY 5 TIMES A WEEK WITH 15 MINUTE SESSIONS. SHE USED THE UNIT ON HER TRAPEZIUS MUSCLES FOR AN HOUR STRAIGHT ON (B)(6). SHE HAS DEGENERATIVE DISKS SO SHE HAD TO USE IT ON HER TRAPEZIUS AREA. CONSUMER STATED THIS IS ALL HER FAULT BECAUSE SHE USED THE PADS FOR AN HOUR STRAIGHT AND READ THE INSTRUCTION MANUAL AFTER ALL OF THIS AND NOTICED IT STATES TO NOT PUT ON YOUR NECK AREA. CONSUMER STATED THE AMBULANCE GAVE HER PILLS BECAUSE HER HEART RATE WAS 212. WHEN SHE GOT TO HOSPITAL, THEY DID EKG, BLOOD WORK AND EVERYTHING CAME BACK NORMAL. SHE CALLED HER CARDIOLOGIST AND SHE HAD TO WEAR A HEART MONITOR AT NIGHT BUT THE RESULTS CAME BACK NORMAL. CONSUMER WOULD LIKE A REFUND. A POSTAGE PAID LABEL HAS BEEN SENT FOR RETRIEVAL OF THE HOME UNIT FOR INSPECTION. DURING FOLLOW-UP CALL ON (B)(6) 2018 WITH QUALITY DEPARTMENT CONSUMER STATED SHE HAS ALREADY MAILED THE UNIT BACK FOR INSPECTION SO CANNOT PROVIDE SERIAL LOT NUMBER. CONSUMER INSISTED THAT IT WAS HER OWN FAULT, SHE HAD MISUSED THE UNIT. SHE HAS BEEN ON ATENOLOL FOR HYPERTENSION AND LIPITOR FOR HIGH CHOLESTEROL. CONSUMER WAS USING THE UNIT SINCE FALL BUT WAS USING ON HER SHOULDER AND THIS TIME SHE USED IT ALL THE WAY UP ON HER NECK. CONSUMER REPEATEDLY STATED IT WAS HER FAULT. CONSUMER INDICATED WHEN SHE USED IT ""PROPERLY"" SHE REALLY LIKED IT AND IT HELPED HER A LOT; SHE WAS ABLE TO GET GOOD NIGHT SLEEP. CONSUMER DID NOT REMEMBER NAME OF THE MEDICATION SHE WAS GIVEN IN THE AMBULANCE BUT IT WAS TO CONTROL HER HEART RATE. SHE DOES NOT HAVE PACEMAKER OR ANY IMPLANTED METALLIC OR ELECTRONIC DEVICES. CONSUMER AGAIN STATED SHE IS A RETIRED TEACHER AND SHE SHOULD KNOW THAT SHE SHOULD BE READING THE INSTRUCTIONS PRIOR TO USING THE UNIT.",TENS (over-the-counter)
7273682,101175639,N,1,,"THIS SPONTANEOUS CASE WAS REPORTED BY A CONSUMER AND DESCRIBES THE OCCURRENCE OF BURNS THIRD DEGREE (""HE BELIEVES HE HAS THIRD DEGREE BURNS EVEN THOUGH IT HAS NOT BEEN VERIFIED BY HCP"") IN A (B)(6)-YEAR-OLD MALE PATIENT WHO RECEIVED ALEVE TENS DEVICE DIRECT THERAPY UNIT (BATCH NO. T0DZTX) FOR BACK PAIN. THE OCCURRENCE OF ADDITIONAL NON-SERIOUS EVENTS IS DETAILED BELOW. OTHER PRODUCT OR PRODUCT USE ISSUES IDENTIFIED: DEVICE INEFFECTIVE ""THIS IS SUPPOSED TO RELIEVE PAIN NOT GIVE PAIN"" AND DEVICE STIMULATION ISSUE ""I WAS SHOCKED"" (SERIOUSNESS CRITERION MEDICALLY SIGNIFICANT) OVER A PERIOD OF 20 MIN. ON AN UNKNOWN DATE, THE PATIENT STARTED ALEVE TENS DEVICE DIRECT THERAPY UNIT. ON AN UNKNOWN DATE, THE PATIENT EXPERIENCED BURNS THIRD DEGREE (SERIOUSNESS CRITERION MEDICALLY SIGNIFICANT) WITH ERYTHEMA AND MOBILITY DECREASED (""THE SHOCK CAUSED ME TO BECOME IMMOBILE / LOSS OF MOVEMENT IN RIGHT SIDE BY SHOCK""). ALEVE TENS DEVICE DIRECT THERAPY UNIT WAS WITHDRAWN. AT THE TIME OF THE REPORT, THE BURNS THIRD DEGREE HAD NOT RESOLVED AND THE MOBILITY DECREASED HAD RESOLVED. THE REPORTER CONSIDERED BURNS THIRD DEGREE AND MOBILITY DECREASED TO BE RELATED TO ALEVE TENS DEVICE DIRECT THERAPY UNIT. THE REPORTER COMMENTED: THAT HE WAS ABOUT 5 MINUTES INTO USING THE DEVICE WHEN HE EXPERIENCED AN ELECTRICAL SHOCK THAT LASTED ABOUT 20 MINUTES OR SO, IT WAS STINGING TO THE POINT IT FELT LIKE IT WAS BURNING HIM. THE STINGING WAS SO EXCRUCIATING HE COULD NOT REACH THE REMOTE TO TURN IT OFF BECAUSE OF THE PAIN IT WAS GIVING AND IMMOBILIZED THE RIGHT SIDE OF HIS BODY WHICH LASTED SEVERAL MINUTES BEFORE HE COULD USE HIS WHOLE BODY AGAIN. REPORTER STATED IT LEFT RED MARKS WHERE THE PATCH WAS IN MY BACK AND HE THINK HE HAS THIRD DEGREE BURNS EVEN THOUGH IT HAS NOT BEEN VERIFIED BY AN HCP. HE USED THE DEVICE SEVERAL TIMES PRIOR TO HIS EXPERIENCE AND NEVER HAD THE EVENTS EXPERIENCED THIS LAST TIME AND HE HAS NOT RECEIVED MEDICAL TREATMENT OR IS USING ANYTHING TO TREAT THE RED MARKS OR THE THIRD DEGREE BURNS. DIAGNOSTIC RESULTS (NORMAL RANGES ARE PROVIDED IN PARENTHESIS IF AVAILABLE): BODY MASS INDEX WAS 20.8 KG/SQM. QUALITY-SAFETY EVALUATION OF PTC: BASED ON THE TECHNICAL INVESTIGATION THIS PRODUCT TECHNICAL COMPLAINT CANNOT BE CONFIRMED AT THIS TIME. NO PRODUCT WAS RETURNED. GOOD FAITH ATTEMPTS WERE MADE TO RETRIEVE THE PRODUCT; NO FURTHER INFORMATION COULD BE OBTAINED. A REVIEW OF THE DEVICE HISTORY FOR THIS SERIAL NUMBER WAS CONDUCTED AND NO DEFECTS WERE IDENTIFIED DURING THE MANUFACTURE OF THE DEVICE. ALL ALEVE DIRECT THERAPY TENS UNITS ARE MADE IN ACCORDANCE WITH CURRENT GOOD MANUFACTURING PRACTICES AND TO THE APPLICABLE FDA AND ISO REGULATIONS. ALL PRODUCT UNDERGOES 100% INSPECTION AND 100% FUNCTIONAL TESTING AT MULTIPLE POINTS THROUGHOUT THE MANUFACTURING PROCESS WHERE THE ASSOCIATED DATA AND DOCUMENTATION IS REVIEWED TO ENSURE ALL RELEASED PRODUCT MEETS PRODUCT SPECIFICATIONS. THE PTC INVESTIGATION WAS CONDUCTED AND THE OUTCOME OF THE INVESTIGATION RESULTED IN AN UNCONFIRMED QUALITY DEFECT. MOST RECENT FOLLOW-UP INFORMATION INCORPORATED ABOVE INCLUDES: ON 21-FEB-2018: QUALITY-SAFETY EVALUATION OF PTC. THIS SPONTANEOUS REPORT REFERS TO A (B)(6) YEAR-OLD MALE PATIENT WHO USED ALEVE TENS DEVICE DIRECT THERAPY UNIT (TRANSCUTANEOUS ELECTRICAL NERVE STIMULATION (TENS THERAPY)) SINCE UNSPECIFIED DATE (USED THE DEVICE SEVERAL TIMES) FOR BACK PAIN. 5 MINUTES INTO USING THE DEVICE HE EXPERIENCED AN ELECTRICAL SHOCK THAT LASTED ABOUT 20 MINUTES OR SO, THE SHOCK CAUSED HIM TO BECOME IMMOBILE / LOSS OF MOVEMENT IN RIGHT SIDE BY SHOCK (NON-SERIOUS EVENT UPON FOLLOW-UP). REPORTER STATED IT LEFT RED MARKS WHERE THE PATCH WAS IN HIS BACK AND HE BELIEVES HE HAS THIRD DEGREE BURNS EVEN THOUGH IT HAS NOT BEEN VERIFIED BY HCP (HEALTH CARE PROFESSIONAL). THE EVENTS ARE CONSIDERED SERIOUS DUE TO MEDICAL IMPORTANCE AND ARE UNLISTED ACCORDING TO ALEVE TENS REFERENCE SAFETY INFORMATION. THIS CASE LACKS INFORMATION FOR A COMPREHENSIVE ASSESSMENT, INCLUDING INTENSITY AFTER TURNING THE DEVICE ON, TREATMENT MODE WHEN EVENT WAS EXPERIENCED AND PRESENCE OF ANY IMPLANTABLE ELECTRIC OR METALLIC DEVICE. HOWEVER CONSIDERING THE MECHANISMS OF ACTION OF SUSPECT PRODUCT, THE CLOSE TEMPORAL RELATIONSHIP AND THE NATURE OF REPORTED EVENT, CAUSAL OR CONTRIBUTORY ROLE OF ALEVE TENS TO THE EVENTS CANNOT BE EXCLUDED. FURTHER INFORMATION WAS REQUESTED. A PRODUCT TECHNICAL COMPLAINT INVESTIGATION RESULTED IN AN UNCONFIRMED QUALITY DEFECT. THIS CASE WAS REGARDED AS INCIDENT.",TENS (over-the-counter)
7346058,102711679,D,1,,"THIS END-USER STATES AS HE WAS TURNING THE INTENSITY DOWN ON THIS DEVICE, ONE CHANNEL AT A TIME, AND ALMOST AT ZERO ON EACH CHANNEL, THE DEVICE SHOT OUT THE HIGHEST INTENSITY FEELING AND PUSHED HIS SHOULDER BACK ON THE COUCH. IT TOOK HIM 10 SECONDS OR SO TO TURN THE DEVICE OFF. HE WAS SHAKING AND SWEATING. SINCE THEN THE MUSCLES IN HIS SHOULDER AND NECK ARE VERY SENSITIVE TO THE TOUCH. HE IS HAVING PAIN AND STATES PHYSIOTHERAPY IS NOT HELPING. X-RAYS WERE NORMAL. RESULTS FROM THE ULTRASOUND: A SMALL AMOUNT OF FLUID IS SEEN WITHIN THE BICEPS TENDON SHEATH SUGGESTING TENDINITIS. THE TENDON IS INTACT. THERE IS SOME FLUID IN THE BURSA ADJACENT TO THE BICEP TENDON AND SUBSCAPULARIS. THE SUBSCAPULARIS, INFRASPINATUS AND AC JOINT APPEAR NORMAL. THERE IS A HYPOECHOIC GAP IN THE SUPRASPINATUS MEASURING 13 X 5 MM CONSISTENT WITH A FULL THICKNESS TEAR. HE STATES HIS DOCTOR RECOMMENDS TO HAVE A CORTISONE SHOT TO RELIEVE THE INFLAMMATION AND THE PAIN. HE STATES HIS DOCTOR SAID IT PROBABLY AGGRAVATED HIS INJURY. HE HAD A CORTISONE SHOT IN THE BICEP TENDON FOR PAIN. THE DEVICE INVOLVED WITH THIS EVENT WAS RETURNED TO COMPASS HEALTH BRANDS ON (B)(6) 2018 AND THE CUSTOMER'S COMPLAINT WAS UNABLE TO BE DUPLICATED. THE DEVICE WAS TESTED FOR PRODUCT PERFORMANCE AND DETERMINED TO FALL WITHIN THE MANUFACTURER'S SPECIFICATIONS AS DEFINED IN THE PRODUCT'S USER MANUAL.",TENS (prescription)
7379632,103777020,D,1,,"CLINIC CALLED TODAY STATING THEY PURCHASED 3 INTENSITY EX4'S FROM THE ABOVE DISTRIBUTOR. THEY STATE THEY HAVE HAD MULTIPLE PATIENTS BURNED ON ALL THREE OF THEIR DEVICES. SHE IS USING LATEX FREE ELECTRODES FROM TOTAL MEDICAL RESOURCES. SHE USED A LOWER BRAND FROM THEM BUT THEN CHANGED TO THEIR PLATINUM VERSION. BURNS OCCURRED WITH BOTH. SHE IS USING THE ELECTRODES IN A CRISS-CROSS PATTERN. (THEY USE THE ELECTRODES BETWEEN 6"" ON THE NECK AND/OR LOW BACK. IN EACH CASE ONLY ONE ELECTRODE BURNED THE PATIENT.) OUR PRODUCT MANAGER SAID THESE ELECTRODES ARE NOT ""CLINICAL GRADE"" ELECTRODES. WHEN QUESTIONED ABOUT THE INTENSITY LEVELS THEY WERE USING I WAS TOLD THEY DO GO BY PATIENT FEEL. NONE OF THEIR PATIENTS FELT THEIR INTENSITY WAS TOO HIGH OR EVEN REALIZED THEY HAD A BURN UNTIL AN HOUR OR TWO LATER. THE WIDE VARIATION OF INTENSITY THEY HAVE USED GOES FROM 8-35, RARELY DO THEY GO ABOVE 40. A DAY AFTER THE INITIAL REPORT SHE ADMITS THEY DO NOT KNOW WHICH DEVICE(S) BURNED PATIENTS AS THEY DID NOT KEEP TRACK. THE CUSTOMER STATES THE PATIENT RECEIVED A 3RD DEGREE BURN.",TENS (prescription)
7379648,103777414,D,1,,"CLINIC CALLED TODAY STATING THEY PURCHASED 3 INTENSITY EX4'S FROM THE ABOVE DISTRIBUTOR. THEY STATE THEY HAVE HAD MULTIPLE PATIENTS BURNED ON ALL THREE OF THEIR DEVICES. SHE IS USING LATEX FREE ELECTRODES FROM TOTAL MEDICAL RESOURCES. SHE USED A LOWER BRAND FROM THEM BUT THEN CHANGED TO THEIR PLATINUM VERSION. BURNS OCCURRED WITH BOTH. SHE IS USING THE ELECTRODES IN A CRISS-CROSS PATTERN. (THEY USE THE ELECTRODES BETWEEN 6"" ON THE NECK AND/OR LOW BACK. IN EACH CASE ONLY ONE ELECTRODE BURNED THE PATIENT.) OUR PRODUCT MANAGER SAID THESE ELECTRODES ARE NOT ""CLINICAL GRADE"" ELECTRODES. WHEN QUESTIONED ABOUT THE INTENSITY LEVELS THEY WERE USING I WAS TOLD THEY DO GO BY PATIENT FEEL. NONE OF THEIR PATIENTS FELT THEIR INTENSITY WAS TOO HIGH OR EVEN REALIZED THEY HAD A BURN UNTIL AN HOUR OR TWO LATER. THE WIDE VARIATION OF INTENSITY THEY HAVE USED GOES FROM 8-35, RARELY DO THEY GO ABOVE 40. A DAY AFTER THE INITIAL REPORT SHE ADMITS THEY DO NOT KNOW WHICH DEVICE(S) BURNED PATIENTS AS THEY DID NOT KEEP TRACK. THE CUSTOMER STATES THE PATIENT RECEIVED A 3RD DEGREE BURN.",TENS (prescription)
7379634,103777900,D,1,,"CLINIC CALLED TODAY STATING THEY PURCHASED 3 INTENSITY EX4'S FROM THE ABOVE DISTRIBUTOR. THEY STATE THEY HAVE HAD MULTIPLE PATIENTS BURNED ON ALL THREE OF THEIR DEVICES. SHE IS USING LATEX FREE ELECTRODES FROM TOTAL MEDICAL RESOURCES. SHE USED A LOWER BRAND FROM THEM BUT THEN CHANGED TO THEIR PLATINUM VERSION. BURNS OCCURRED WITH BOTH. SHE IS USING THE ELECTRODES IN A CRISS-CROSS PATTERN. (THEY USE THE ELECTRODES BETWEEN 6"" ON THE NECK AND/OR LOW BACK. IN EACH CASE ONLY ONE ELECTRODE BURNED THE PATIENT.) OUR PRODUCT MANAGER SAID THESE ELECTRODES ARE NOT ""CLINICAL GRADE"" ELECTRODES. WHEN QUESTIONED ABOUT THE INTENSITY LEVELS THEY WERE USING I WAS TOLD THEY DO GO BY PATIENT FEEL. NONE OF THEIR PATIENTS FELT THEIR INTENSITY WAS TOO HIGH OR EVEN REALIZED THEY HAD A BURN UNTIL AN HOUR OR TWO LATER. THE WIDE VARIATION OF INTENSITY THEY HAVE USED GOES FROM 8-35, RARELY DO THEY GO ABOVE 40. A DAY AFTER THE INITIAL REPORT SHE ADMITS THEY DO NOT KNOW WHICH DEVICE(S) BURNED PATIENTS AS THEY DID NOT KEEP TRACK. THE CUSTOMER STATES THE PATIENT RECEIVED A 3RD DEGREE BURN.",TENS (prescription)
7379636,103777952,D,1,,"CLINIC CALLED TODAY STATING THEY PURCHASED 3 INTENSITY EX4'S FROM THE ABOVE DISTRIBUTOR. THEY STATE THEY HAVE HAD MULTIPLE PATIENTS BURNED ON ALL THREE OF THEIR DEVICES. SHE IS USING LATEX FREE ELECTRODES FROM TOTAL MEDICAL RESOURCES. SHE USED A LOWER BRAND FROM THEM BUT THEN CHANGED TO THEIR PLATINUM VERSION. BURNS OCCURRED WITH BOTH. SHE IS USING THE ELECTRODES IN A CRISS-CROSS PATTERN. (THEY USE THE ELECTRODES BETWEEN 6"" ON THE NECK AND/OR LOW BACK. IN EACH CASE ONLY ONE ELECTRODE BURNED THE PATIENT.) OUR PRODUCT MANAGER SAID THESE ELECTRODES ARE NOT ""CLINICAL GRADE"" ELECTRODES. WHEN QUESTIONED ABOUT THE INTENSITY LEVELS THEY WERE USING I WAS TOLD THEY DO GO BY PATIENT FEEL. NONE OF THEIR PATIENTS FELT THEIR INTENSITY WAS TOO HIGH OR EVEN REALIZED THEY HAD A BURN UNTIL AN HOUR OR TWO LATER. THE WIDE VARIATION OF INTENSITY THEY HAVE USED GOES FROM 8-35, RARELY DO THEY GO ABOVE 40. A DAY AFTER THE INITIAL REPORT SHE ADMITS THEY DO NOT KNOW WHICH DEVICE(S) BURNED PATIENTS AS THEY DID NOT KEEP TRACK. THE CUSTOMER STATES THE PATIENT RECEIVED A 3RD DEGREE BURN.",TENS (prescription)
7379636,103852650,D,1,,"THERAPIST STATES SHE ALWAYS USES THE PRESET FOR ACUTE PAIN/4 ELECTRODES. FIRST OUR PRODUCT MANAGER SAID THESE WERE NOT CLINICAL GRADE ELECTRODES BECAUSE WE SELL THE ELECTRODES, THE BRAND ELECTRODES THEY CLAIM TO BE USING. LATER SHE RECANTED AND SAID THEY ALSO PURCHASE ELECTRODES FROM OTHER MANUFACTURERS AND NOW SHE ISN'T SURE. A DAY AFTER THE INITIAL REPORT THE END-USER ADMITS THEY DO NOT KNOW WHICH DEVICE(S) BURNED PATIENTS AS THEY DID NOT KEEP TRACK. THE SERIAL NUMBERS FOR THESE DEVICES ARE (B)(4).",TENS (prescription)
7379648,103853424,D,1,,"THERAPIST STATES SHE ALWAYS USES THE PRESET FOR ACUTE PAIN/4 ELECTRODES. FIRST OUR PRODUCT MANAGER SAID THESE WERE NOT CLINICAL GRADE ELECTRODES BECAUSE WE SELL THE ELECTRODES, THE BRAND ELECTRODES THEY CLAIM TO BE USING. LATER SHE RECANTED AND SAID THEY ALSO PURCHASE ELECTRODES FROM OTHER MANUFACTURERS AND NOW SHE ISN'T SURE. A DAY AFTER THE INITIAL REPORT THE END-USER ADMITS THEY DO NOT KNOW WHICH DEVICE(S) BURNED PATIENTS AS THEY DID NOT KEEP TRACK. THE SERIAL NUMBERS FOR THESE DEVICES ARE (B)(4).",TENS (prescription)
7379634,103853731,D,1,,"THERAPIST STATES SHE ALWAYS USES THE PRESET FOR ACUTE PAIN/4 ELECTRODES. FIRST OUR PRODUCT MANAGER SAID THESE WERE NOT CLINICAL GRADE ELECTRODES BECAUSE WE SELL THE ELECTRODES, THE BRAND ELECTRODES THEY CLAIM TO BE USING. LATER SHE RECANTED AND SAID THEY ALSO PURCHASE ELECTRODES FROM OTHER MANUFACTURERS AND NOW SHE ISN'T SURE. A DAY AFTER THE INITIAL REPORT THE END-USER ADMITS THEY DO NOT KNOW WHICH DEVICE(S) BURNED PATIENTS AS THEY DID NOT KEEP TRACK. THE SERIAL NUMBERS FOR THESE DEVICES ARE (B)(4).",TENS (prescription)
7385462,103966638,D,1,,"UPON STANDING (THE COMPANY REPRESENTATIVE WHO WAS IN TOUCH WITH THE USER BELIEVES IT WAS THE SECOND SIT TO STAND DURING THE SESSION), THE LEFT HAND (LH) FRONT KNEE BRACKET (FKB) CRACKED AND THE DEVICE RETURNED TO SIT POSITION. THE USER WENT TO THE HOSPITAL AND WAS DIAGNOSED WITH BROKEN LEG (RIGHT LEG).",Powered exoskeleton
7385479,103968548,D,1,,"HE INCIDENT MAY HAVE HAPPENED DURING TRAINING. THE FRACTURES ARE ABOVE THE POSITION OF THE FRONT KNEE BRACKET (FKB) AND BELOW THE KNEE. ALSO, THERE IS A PRESSURE POINT IN THE HEIGHT OF THE SACROILIAC ON THE BACK.",Powered exoskeleton
7380897,103983619,D,1,,"PATIENT CALLED TO REPORT AN ADVERSE EVENT THAT TOOK PLACE WHILE USING A TENS SHOULDER THERAPY DEVICE. PATIENT STATED THAT AS SOON AS HER THERAPY STARTED WITH THE DEVICE, SHE BLACKED OUT AND HAD HEART FAILURE. PATIENT STATED SHE SPENT TIME IN THE ICU AND REHAB AND ALMOST DIED.",TENS (over-the-counter)
7273682,104162251,N,1,,"THIS SPONTANEOUS CASE WAS REPORTED BY A CONSUMER AND DESCRIBES THE OCCURRENCE OF BURNS THIRD DEGREE (""HE BELIEVES HE HAS THIRD DEGREE BURNS EVEN THOUGH IT HAS NOT BEEN VERIFIED BY HCP"") IN A (B)(6)-YEAR-OLD MALE PATIENT WHO RECEIVED ALEVE TENS DEVICE DIRECT THERAPY UNIT FOR BACK PAIN. THE OCCURRENCE OF ADDITIONAL NON-SERIOUS EVENTS IS DETAILED BELOW. OTHER PRODUCT OR PRODUCT USE ISSUES IDENTIFIED: DEVICE INEFFECTIVE ""THIS IS SUPPOSED TO RELIEVE PAIN NOT GIVE PAIN"" AND DEVICE STIMULATION ISSUE ""I WAS SHOCKED"" (SERIOUSNESS CRITERION MEDICALLY SIGNIFICANT) OVER A PERIOD OF 20 MIN. ON AN UNKNOWN DATE, THE PATIENT STARTED ALEVE TENS DEVICE DIRECT THERAPY UNIT. ON AN UNKNOWN DATE, THE PATIENT EXPERIENCED BURNS THIRD DEGREE (SERIOUSNESS CRITERION MEDICALLY SIGNIFICANT) WITH ERYTHEMA AND MOBILITY DECREASED (""THE SHOCK CAUSED ME TO BECOME IMMOBILE / LOSS OF MOVEMENT IN RIGHT SIDE BY SHOCK""). ALEVE TENS DEVICE DIRECT THERAPY UNIT WAS WITHDRAWN. AT THE TIME OF THE REPORT, THE BURNS THIRD DEGREE HAD NOT RESOLVED AND THE MOBILITY DECREASED HAD RESOLVED. THE REPORTER CONSIDERED BURNS THIRD DEGREE AND MOBILITY DECREASED TO BE RELATED TO ALEVE TENS DEVICE DIRECT THERAPY UNIT. THE REPORTER COMMENTED: THAT HE WAS ABOUT 5 MINUTES INTO USING THE DEVICE WHEN HE EXPERIENCED AN ELECTRICAL SHOCK THAT LASTED ABOUT 20 MINUTES OR SO, IT WAS STINGING TO THE POINT IT FELT LIKE IT WAS BURNING HIM. THE STINGING WAS SO EXCRUCIATING HE COULD NOT REACH THE REMOTE TO TURN IT OFF BECAUSE OF THE PAIN IT WAS GIVING AND IMMOBILIZED THE RIGHT SIDE OF HIS BODY WHICH LASTED SEVERAL MINUTES BEFORE HE COULD USE HIS WHOLE BODY AGAIN. REPORTER STATED IT LEFT RED MARKS WHERE THE PATCH WAS IN MY BACK AND HE THINK HE HAS THIRD DEGREE BURNS EVEN THOUGH IT HAS NOT BEEN VERIFIED BY AN HCP. HE USED THE DEVICE SEVERAL TIMES PRIOR TO HIS EXPERIENCE AND NEVER HAD THE EVENTS EXPERIENCED THIS LAST TIME AND HE HAS NOT RECEIVED MEDICAL TREATMENT OR IS USING ANYTHING TO TREAT THE RED MARKS OR THE THIRD DEGREE BURNS. DIAGNOSTIC RESULTS (NORMAL RANGES ARE PROVIDED IN PARENTHESIS IF AVAILABLE): BODY MASS INDEX WAS 20.8 KG/SQM. THE LIST OF DEVICE SIMILAR INCIDENTS CONTAINS ALEVE TENS DEVICE DIRECT THERAPY UNIT REPORTS RECEIVED BY BAYER CODED WITH THE SAME MEDRA PREFERRED TERM. IN THIS PARTICULAR CASE, A SEARCH IN THE DATABASE WAS PERFORMED ON 20-MAR-2018 FOR THE FOLLOWING MEDDRA PREFERRED TERM: BURNS THIRD DEGREE, THE ANALYSIS IN THE GLOBAL SAFETY DATABASE REVEALED 0 (ZERO) CASE(S). DEVICE STIMULATION ISSUE, THE ANALYSIS IN THE GLOBAL SAFETY DATABASE REVEALED 2 (TWO) CASE(S). BAYER IS CLOSELY MONITORING THE BENEFIT-RISK PROFILE OF ALEVE TENS DEVICE DIRECT THERAPY UNIT. A RECENT CUMULATIVE REVIEW OF ALL AVAILABLE DATA ON ALEVE TENS DEVICE DIRECT THERAPY UNIT HAS NOT YIELDED ANY NEW SAFETY SIGNAL WITH REGARD TO THESE MEDDRA PT. QUALITY-SAFETY EVALUATION OF PTC: BASED ON THE TECHNICAL INVESTIGATION, THE TENS DEVICE WAS RECEIVED. NO GELPADS OR GELPAD PACKAGING WAS RETURNED THAT WOULD IDENTIFY THE GELPAD LOT NUMBER. BASED ON THE TECHNICAL INVESTIGATION OF THE RETURNED DEVICE, THE PRODUCT PASSED ALL TEST RESULTS AND MET SPECIFICATIONS. ALL ALEVE DIRECT THERAPY TENS UNITS ARE MADE IN ACCORDANCE WITH CURRENT GOOD MANUFACTURING PRACTICES AND TO THE APPLICABLE FDA AND ISO REGULATIONS. ALL PRODUCT UNDERGOES 100% INSPECTION AND 100% FUNCTIONAL TESTING AT MULTIPLE POINTS THROUGHOUT THE MANUFACTURING PROCESS WHERE THE ASSOCIATED DATA AND DOCUMENTATION IS REVIEWED TO ENSURE ALL RELEASED PRODUCT MEETS PRODUCT SPECIFICATIONS. THIS ISSUE WILL BE MONITORED AND TRENDED TO POTENTIALLY IDENTIFY NEW FAILURE MODES. THE PTC INVESTIGATION WAS CONDUCTED AND THE OUTCOME OF THE INVESTIGATION RESULTED IN AN UNCONFIRMED QUALITY DEFECT. FURTHER COMPANY FOLLOW-UP WITH THE CONSUMER IS NOT POSSIBLE. MOST RECENT FOLLOW-UP INFORMATION INCORPORATED ABOVE INCLUDES: ON 16-MAR-2018: CASE CLOSED. REPORTER DECLINED TO PROVIDE FURTHER DETAILS, OR GIVE CONSENT TO CONTACT HIS PHYSICIAN. MOST RECENT FOLLOW-UP INFORMATION INCORPORATED ABOVE INCLUDES: ON 28-MAR-2018: QUALITY-SAFETY EVALUATION OF PTC: UNCONFIRMED QUALITY DEFECT. SAMPLE WAS RECEIVED. THIS SPONTANEOUS REPORT REFERS TO A (B)(6) YEAR-OLD MALE PATIENT WHO USED ALEVE TENS DEVICE DIRECT THERAPY UNIT (TRANSCUTANEOUS ELECTRICAL NERVE STIMULATION (TENS THERAPY)) SINCE UNSPECIFIED DATE (USED THE DEVICE SEVERAL TIMES) FOR BACK PAIN. 5 MINUTES INTO USING THE DEVICE HE EXPERIENCED AN ELECTRICAL SHOCK THAT LASTED ABOUT 20 MINUTES OR SO, THE SHOCK CAUSED HIM TO BECOME IMMOBILE / LOSS OF MOVEMENT IN RIGHT SIDE BY SHOCK (NON-SERIOUS EVENT UPON FOLLOW-UP). REPORTER STATED IT LEFT RED MARKS WHERE THE PATCH WAS IN HIS BACK AND HE BELIEVES HE HAS THIRD DEGREE BURNS EVEN THOUGH IT HAS NOT BEEN VERIFIED BY HCP (HEALTH CARE PROFESSIONAL). THE EVENTS ARE CONSIDERED SERIOUS DUE TO MEDICAL IMPORTANCE AND ARE UNLISTED ACCORDING TO ALEVE TENS REFERENCE SAFETY INFORMATION. THIS CASE LACKS INFORMATION FOR A COMPREHENSIVE ASSESSMENT, INCLUDING INTENSITY AFTER TURNING THE DEVICE ON, TREATMENT MODE WHEN EVENT WAS EXPERIENCED AND PRESENCE OF ANY IMPLANTABLE ELECTRIC OR METALLIC DEVICE. HOWEVER CONSIDERING THE MECHANISMS OF ACTION OF SUSPECT PRODUCT, THE CLOSE TEMPORAL RELATIONSHIP AND THE NATURE OF REPORTED EVENT, CAUSAL OR CONTRIBUTORY ROLE OF ALEVE TENS TO THE EVENTS CANNOT BE EXCLUDED. FURTHER INFORMATION IS NOT EXPECTED. A PRODUCT TECHNICAL COMPLAINT INVESTIGATION RESULTED IN AN UNCONFIRMED QUALITY DEFECT. THIS CASE WAS REGARDED AS INCIDENT.",TENS (over-the-counter)
7392332,104177618,D,1,,THE USER HAD A SWOLLEN ANKLE AFTER THE LAST REWALK TRAINING.,Powered exoskeleton
7393485,104213167,N,1,,"BASED ON THE FACTS AS TOLD BY THE USER, IT IS CONCLUDED THAT THE ROOT CAUSE FOR THIS ACCIDENT WAS THAT THE USER'S CRUTCH SLIPPED ON A WET LEAF THAT WAS BROUGHT IN TO THE APARTMENT ACCIDENTLY. THE COMPANION WAS NOT FOLLOWING THE RECOMMENDATION AS DESCRIBED IN THE USER MANUAL (SECTION 8) AND WAS NOT CLOSELY BY THE USER AND SO WAS NOT ABLE TO CATCH HIM. TO SUMMARIZE THERE ARE TWO CONCLUSIONS: THE USER SHOULD HAVE PAYED MORE ATTENTION NOT TO PLACE THE CRUTCH TIP ON THE WET LEAF, THE COMPANION (PT) SHOULD HAVE BEEN STANDING CLOSELY BEHIND THE USER TO SUPPORT HIM AS RECOMMENDED IN THE USER MANUAL. THE INCIDENT DID NOT OCCUR DUE TO SYSTEM MALFUNCTION.",Powered exoskeleton
7393485,104213168,D,1,,"WHILE WALKING WITH HIS REWALK, THE USER SLIPPED ON A LEAF THAT WAS BROUGHT INTO HIS HOUSE BY A VISITOR AND BROKE HIS ARM.",Powered exoskeleton
7393486,104215664,N,1,,THE USER FELL FROM AN UNKNOWN REASON. ACCORDING TO THE TESTIMONY THERE WAS NO SYSTEM ISSUES THAT CAUSED THE FALL AND THE INJURY. IN ADDITION: THE USER CRASHED AT HOME WHILE TRAINING WITH HIS CERTIFIED PHYSIOTHERAPIST. HE WANTED TO GO AROUND THE TABLE AND FELL FOR UNEXPLAINABLE REASONS. 2. THERE WERE NO SYSTEM DISTURBANCES RELATED TO THE FALL. THE FALL HAPPENED WHILE WALKING. AS A COMPANION IN THE TRAINING HIS CERTIFIED PHYSIOTHERAPIST WAS ON SITE. THE USER NEEDS LITTLE SUPPORT WHEN WALKING. HE IS ALREADY VERY INDEPENDENT IN THE TRAINING. THE PHYSIOTHERAPIST IS ALWAYS AT HIS SIDE DURING THE TRAINING. THE TWO HAVE COMPLETED ONE IN-HOUSE TRAINING. 5. THE DEVICE IS A PERSONAL SYSTEM. 6. THE USER HAS ALREADY BEEN IN HIS SYSTEM AND HAS BEEN TRAINING REGULARLY FOR MORE THAN A YEAR. HE HAS COMPLETED THE BASIC TRAINING AND IS ALREADY PARTLY IN THE ADVANCED TRAINING.,Powered exoskeleton
7393486,104215665,D,1,,THE USER HAS CRASHED IN HIS HOME WHILE TRAINING IN HIS SYSTEM P-60-1296. HE HAS TRAINED WITH HIS CERTIFIED PHYSIOTHERAPIST. HE WANTED TO GO AROUND THE TABLE AND FELL FOR UNEXPLAINABLE REASONS.,Powered exoskeleton
7394018,104253070,D,1,,"THE USER INITIALLY REPORTED THAT SHE HYPER-EXTENDED HER L KNEE DURING A TRANSFER INTO A TALL VEHICLE. THIS OCCURED AROUND THE END OF (B)(6) 2017, PRIOR TO THE DELIVERY OF HER REWALK. SHE HASN'T SEEN A DOCTOR TO HAVE THE KNEE EXAMINED. SHE HAS BEEN CONSISTENT WITH HER PERSONAL TRAINING SESSIONS WITH HER TRAINER SINCE THE INJURY BUT HASN'T NOTICED ANY CONCERNING ISSUES OTHER THAN THE SWELLING. THE CONCLUSION REACHED ON (B)(6) 2017 WAS THAT: FOLLOWING THE INVESTIGATION IT IS CONCLUDED THAT THE INJURY WAS NOT RELATED TO THE REWALK DEVICE NOR TO THE REWALK TRAINING. THE USER REACHED OUT TO REWALK ROBOTICS ON (B)(6) 2018 STATING SHE HAS FURTHER CLARIFICATION ON HER KNEE INJURY AND PROVIDED THE FOLLOWING; CHRONIC LATERAL FEMORAL CONDYLE FRACTURE WITH TEARS OF THE LATERAL COLLATERAL LIGAMENT AND POPLITEUS TENDON. LARGE JOINT EFFUSION WITH HEMORRHAGIC PRODUCTS. BECAUSE OF THE PLACEMENT OF THE BREAK, MY DOCTOR DOESN'T THINK IT HAPPENED BY FALLING OUT OF MY WHEELCHAIR. SOMETHING HAD TO PUSH MY LOWER LEG BONES INTO THE FEMUR TO CAUSE THE BREAK WHERE IT IS. HE WON'T RULE OUT THAT THE REWALK CAUSED THE FRACTURE. AND THE TIMELINE DOES MATCH WHEN HE THINKS THE BREAK OCCURRED. THIS ADDS ANOTHER POSSIBLE EVENT THAT OCCURED WITH THE USER OF HER FALLING OUT OF HER WHEEL CHAIR AS WELL AS THE POSSIBILITY THE PHYSICIAN RAISED THAT IT MAY HAVE BEEN CAUSED BY THE REWALK PERSONAL DEVICE.",Powered exoskeleton
7401093,104526397,N,1,,"THE INFORMATION PROVIDED HEREIN WAS DISCLOSED TO THE FDA ON 3 OCCASIONS IN A ROOT CAUSE ANALYSIS (B)(4) WHICH WAS PART OF; ADDITIONAL INFORMATION RESPONSE (MDR # 3007615665-2017-00003) DATED AUG 10, 2017. ADDITIONAL INFORMATION RESPONSE (MDR # 3007615665-2017-00004) DATED AUG 23, 2017. CLASS 2 DEVICE RECALL REWALK PERSONAL 6.0 (RECALL NUMBER Z-0944-2018, RECALL EVENT ID (B)(4)).",Powered exoskeleton
7401093,104526398,D,1,,"THE USER WALKED UNDER SUPERVISION WITH THE BUDDY. THE USER STOPPED AND THE BUDDY HAD TO GRASP THE BACKPACK TO KEEP BALANCE. BOTH THE USER AND THE BUDDY INDICATED THAT THE REWALK SYSTEM BEGAN TO FOLD DOWN (""GRACEFUL COLLAPSE""). THE USER WAS SET ON THE GROUND. ONCE GROUNDED THEY TRIED TO TURN THE SYSTEM ON AND EVENTUALLY GOT IT BACK TO A ""SIT"" POSITION (KNEES 90°, HIPS 90°). THE BUDDY STOOD BEHIND THE USER AND LIFTED HER TO A POSITION AS IF SHE WAS ON A SEAT. FROM THIS POSITION THEY TRIED TO GO BACK FROM SIT TO STAND. THE SYSTEM PRODUCED 3 BEEPS, BUT DID NOT FULLY ERECT, WENT BACK TO SIT, AND A RED LIGHT FLASHED. THEN THE SYSTEM FOLDED FURTHER THAN 90° (80°-70°) AND THEY HEARD A ""SNAPPING SOUND"". THE USER WENT TO THE (B)(6) FOR DIAGNOSIS. SHE WAS DIAGNOSED WITH A TIBIA PLATEAU FRACTURE OF THE LEFT KNEE, SEVERE BRUISING AND HAEMORRHAGES AT THE PELVIC AND SACRAL/LOWER LUMBAR AREA.",Powered exoskeleton
7379648,104573772,D,1,,"DEVICES (B)(4) WERE RETURNED AND INSPECTED ON 04/03/2018. THE WARRANTY SEALS WERE BROKEN ON BOTH DEVICES, NO COSMETIC DEFECTS WERE FOUND, AND BOTH DEVICES TESTED FOR PRODUCT PERFORMANCE AND DETERMINED TO FALL WITHIN THE MANUFACTURER'S SPECIFICATIONS AS DEFINED IN THE PRODUCT USER MANUAL.",TENS (prescription)
7379636,105295260,D,1,,"DEVICES SZ16070009000113 AND SZ16090009000191 WERE RETURNED AND INSPECTED ON 04/03/2018. THE WARRANTY SEALS WERE BROKEN ON BOTH DEVICES, NO COSMETIC DEFECTS WERE FOUND, AND BOTH DEVICES TESTED FOR PRODUCT PERFORMANCE AND DETERMINED TO FALL WITHIN THE MANUFACTURER'S SPECIFICATIONS AS DEFINED IN THE PRODUCT USER MANUAL.",TENS (prescription)
7379634,105295469,D,1,,"DEVICES SZ16070009000113 AND SZ16090009000191 WERE RETURNED AND INSPECTED ON 04/03/2018. THE WARRANTY SEALS WERE BROKEN ON BOTH DEVICES, NO COSMETIC DEFECTS WERE FOUND, AND BOTH DEVICES TESTED FOR PRODUCT PERFORMANCE AND DETERMINED TO FALL WITHIN THE MANUFACTURER'S SPECIFICATIONS AS DEFINED IN THE PRODUCT USER MANUAL.",TENS (prescription)
7443771,105938882,N,1,,"THE INFORMATION PROVIDED HEREIN WAS DISCLOSED TO THE FDA ON 3 OCCASIONS IN A ROOT CAUSE ANALYSIS ((B)(4)) WHICH WAS PART OF; ADDITIONAL INFORMATION RESPONSE (MDR # 3007615665-2017-00003) DATED AUG 10, 2017; ADDITIONAL INFORMATION RESPONSE (MDR # 3007615665-2017-00004) DATED AUG 23, 2017; CLASS 2 DEVICE RECALL REWALK PERSONAL 6.0 (RECALL NUMBER Z-0944-2018, RECALL EVENT ID (B)(4)).",Powered exoskeleton
7443771,105938883,D,1,,THE USER REPORTED SWOLLEN LEFT ANKLE.,Powered exoskeleton
7443790,105968484,N,1,,"THE INFORMATION PROVIDED HEREIN WAS DISCLOSED TO THE FDA ON 3 OCCASIONS IN A ROOT CAUSE ANALYSIS (RDD0030) WHICH WAS PART OF; ADDITIONAL INFORMATION RESPONSE (MDR # 3007615665-2017-00003) DATED AUG 10, 2017. ADDITIONAL INFORMATION RESPONSE (MDR # 3007615665-2017-00004) DATED AUG 23, 2017. CLASS 2 DEVICE RECALL REWALK PERSONAL 6.0 (RECALL NUMBER Z-0944-2018, (B)(4)).",Powered exoskeleton
7443790,105968485,D,1,,THE USER REPORTED HIS LEFT KNEE WAS SWOLLEN DAYS AFTER A REWALK TRAINING SESSION. ACCORDING TO THE PTS NOTHING EXTRAORDINARY HAPPENED DURING THE SESSION.,Powered exoskeleton
7443774,106002330,N,1,,"THE INFORMATION PROVIDED HEREIN WAS DISCLOSED TO THE FDA ON 3 OCCASIONS IN A ROOT CAUSE ANALYSIS ((B)(4)) WHICH WAS PART OF; ADDITIONAL INFORMATION RESPONSE (MDR # 3007615665-2017-00003) DATED AUG 10, 2017. ADDITIONAL INFORMATION RESPONSE (MDR # 3007615665-2017-00004) DATED AUG 23, 2017. CLASS 2 DEVICE RECALL REWALK PERSONAL 6.0 (RECALL NUMBER Z-0944-2018, RECALL EVENT ID (B)(4).",Powered exoskeleton
7443774,106002371,D,1,,"INITIAL FITTING AND TRAINING SESSION (B)(6) 2016. TWO ADDITIONAL TRAINING SESSIONS (B)(6) 2016. THE PATIENT HAD UNDERGONE THE SECOND TRAINING ON THE REWALK P-6.0 AT REWALK ROBOTICS INC.(B)(4) OFFICE. THE TARGET WAS TO TRAIN ON P-6.0 TO FURTHER INCREASE THE PATIENT SKILLS USING THE UNIT. THE PATIENT HAD UNDERGONE THE SECOND TRAINING ON THE REWALK P-6.0 AT REWALK ROBOTICS INC. (B)(4) OFFICE. THE TARGET WAS TO TRAIN ON P-6.0 TO FURTHER INCREASE THE PATIENT SKILLS USING THE UNIT. THE PATIENT USED THE UNIT FITTED ON (B)(6). THE PATIENT DONNED THE P-6.0 ASSISTED BY THE PT AND HAD THE CRUTCHES ADJUSTED. THE INITIAL 'SIT TO STAND' WAS INTERRUPTED BY WHAT SEEMED LIKE A MECHANICAL BLOCK THAT SOUNDED AN AUDIBLE CRACK (PLASTIC) FROM THE LEFT SIDE OF THE WAIST PACK/HIP JOINT. THERE SEEMED TO BE MORE KNEE FLEXION BILATERALLY THAN SHOULD BE DURING STANDING. THE PATIENT WAS TRANSFERRED OUT OF THE DEVICE. BOTH THE PATIENT AND THE DEVICE WERE CHECKED. THE PATIENT WAS OK WITH THE EXCEPTION OF SOME SORENESS TO THE UPPER TRAPEZIUS FROM THE CRUTCHES. NO VISIBLE DAMAGE OF THE REWALK WAS OBSERVED. THE PATIENT THEN WALKED (USING THE REWALK) FOR 15-20 MINUTES. THE PATIENT'S POSITION RELATIVE TO THE FKB WAS CHECKED BY OPENING THE ABOVE KNEE BUCKLES WHILE THE PATIENT WAS STANDING. NO POSITION SHIFT WAS NOTICED AND NO DISCOMFORT WAS REPORTED BY THE PATIENT. THREE ADJUSTMENTS WERE MADE (LOWER LIMB LENGTH, PELVIC POSITION, AND FKB) AND ANOTHER WALK SESSION BEGAN. WHILE STANDING THE PATIENT TILTED FORWARD BUMPING INTO AN ENGINEER WHO HELPED THE PATIENT REGAIN BALANCE. NO INJURIES OR ADVERSE EVENTS WERE NOTED. THE PATIENT WALKED FOR ANOTHER 15-20 MINUTES, WHEN THE PATIENT TIRED 'STAND TO SIT' WAS PERFORMED AND THE REWALK WAS DOFFED. THE PATIENT NOTED A RELEASE SENSATION AND A 'CURRENT' IN HER LEG WHEN THE RIGHT FKB WAS RELEASED. THE PATIENT WAS INSTRUCTED TO PERFORM A SKIN CHECK, SHE STATED THERE WERE NO ISSUES WITH HER FEET YET WOULD CHECK INDEPENDENTLY. THE PATIENT LEFT THE OFFICE AT 15:45 WITHOUT INCIDENT AND WITHOUT ANY NOTICEABLE PHYSICAL DEFORMITIES. THE PATIENT CALL AT 18:17 REPORTING WHITENESS AND SWELLING OF HER RIGHT KNEE AND LEG.",Powered exoskeleton
7445347,106004724,D,1,,PRIOR TO TEST SESSION PATIENT HAD RECEIVED MEDICAL CLEARANCE TO BE EVALUATED FOR SUITABILITY. ONE DAY AFTER THE TEST SESSION WITHOUT ANY PROBLEMS THE PATIENT REPORTED TO HAVE A SWELLING AT HER SOLE OF FOOT,Powered exoskeleton
7445930,106009091,N,1,,"THE DEVICE HISTORY RECORD WAS EXAMINED FOR THE SUBJECT DEVICE, THERE WERE NO PROBLEMS OBSERVED DURING THE MANUFACTURING OR TESTING NOTED IN THE DHR. THE DEVICE WAS RETURNED FOR ANALYSIS AND TESTING, THE PRODUCT PERFORMANCE AND OPERATION WAS DETERMINED TO FALL WITHIN THE MANUFACTURER'S SPECIFICATIONS.",TENS (prescription)
7445930,106009092,D,1,,"THIS END-USER STATES AS HE WAS TURNING THE INTENSITY DOWN ON THIS DEVICE, ONE CHANNEL AT A TIME, AND ALMOST AT ZERO ON EACH CHANNEL, THE DEVICE SHOT OUT THE HIGHEST INTENSITY FEELING AND PUSHED HIS SHOULDER BACK ON THE COUCH. IT TOOK HIM 10 SECONDS OR SO TO TURN THE DEVICE OFF. HE WAS SHAKING AND SWEATING. SINCE THEN THE MUSCLES IN HIS SHOULDER AND NECK ARE VERY SENSITIVE TO THE TOUCH. HE IS HAVING PAIN AND STATES PHYSIOTHERAPY IS NOT HELPING. X-RAYS WERE NORMAL. RESULTS FROM THE ULTRASOUND: A SMALL AMOUNT OF FLUID IS SEEN WITHIN THE BICEPS TENDON SHEATH SUGGESTING TENDINITIS. THE TENDON IS INTACT. THERE IS SOME FLUID IN THE BURSA ADJACENT TO THE BICEP TENDON AND SUBSCAPULARIS. THE SUBSCAPULARIS, INFRASPINATUS AND AC JOINT APPEAR NORMAL. THERE IS A HYPOECHOIC GAP IN THE SUPRASPINATUS MEASURING 13 X 5 MM CONSISTENT WITH A FULL THICKNESS TEAR. HE STATES HIS DOCTOR RECOMMENDS TO HAVE A CORTISONE SHOT TO RELIEVE THE INFLAMMATION AND THE PAIN. HE STATES HIS DOCTOR SAID IT PROBABLY AGGRAVATED HIS INJURY. HE HAD A CORTISONE SHOT IN THE BICEP TENDON FOR PAIN. THE DEVICE INVOLVED WITH THIS EVENT WAS RETURNED TO COMPASS HEALTH BRANDS ON 01/24/2018 AND THE CUSTOMER'S COMPLAINT WAS UNABLE TO BE DUPLICATED. THE DEVICE WAS TESTED FOR PRODUCT PERFORMANCE AND DETERMINED TO FALL WITHIN THE MANUFACTURER'S SPECIFICATIONS AS DEFINED IN THE PRODUCT'S USER MANUAL.",TENS (prescription)
7471170,106829663,N,1,,"WE CHECKED THE DHF AND DMR FOR MT2400, NO PROBLEMS WERE FOUND. AND THE DEVICE HISTORY RECORD WAS EXAMINED FOR THE SUBJECT DEVICE. THERE WERE NO PROBLEMS OBSERVED DURING THE MANUFACTURING OR TESTING NOTED IN THE DHR. WE HAVE BEEN FOLLOWING UP THIS EVENT AND ASK DISTRIBUTOR FOR MORE INFORMATION TO ANALYSIS.",TENS (prescription)
7471170,106829664,D,1,,"CLINIC CALLED TODAY STATING THEY PURCHASED 3 INTENSITY EX4'S FROM THE ABOVE DISTRIBUTOR. THEY STATE THEY HAVE HAD MULTIPLE PATIENTS BURNED ON ALL THREE OF THEIR DEVICES. SHE IS USING LATEX FREE ELECTRODES FROM (B)(4). SHE USED A LOWER BRAND FROM THEM BUT THEN CHANGED TO THEIR PLATINUM VERSION. BURNS OCCURRED WITH BOTH. SHE IS USING THE ELECTRODES IN A CRISS-CROSS PATTERN. (THEY USE THE ELECTRODES BETWEEN 6"" ON THE NECK AND/OR LOW BACK. IN EACH CASE, ONLY ONE ELECTRODE BURNED THE PATIENT.) OUR PRODUCT MANAGER SAID THESE ELECTRODES ARE NOT ""CLINICAL GRADE"" ELECTRODES. WHEN QUESTIONED ABOUT THE INTENSITY LEVELS, THEY WERE USING I WAS TOLD THEY DO GO BY PATIENT FEEL. NONE OF THEIR PATIENTS FELT THEIR INTENSITY WAS TOO HIGH OR EVEN REALIZED THEY HAD A BURN UNTIL AN HOUR OR TWO LATER. THE WIDE VARIATION OF INTENSITY THEY HAVE USED GOES FROM 8-35, RARELY DO THEY GO ABOVE 40. A DAY AFTER THE INITIAL REPORT, SHE ADMITS THEY DO NOT KNOW WHICH DEVICE(S) BURNED PATIENTS AS THEY DID NOT KEEP TRACK. THE CUSTOMER STATES THE PATIENT RECEIVED A 3RD DEGREE BURN. THERAPIST STATES SHE ALWAYS USES THE PRESET FOR ACUTE PAIN/4 ELECTRODES. FIRST OUR PRODUCT MANAGER SAID THESE WERE NOT CLINICAL GRADE ELECTRODES BECAUSE WE SELL THE ELECTRODES, THE BRAND ELECTRODES THEY CLAIM TO BE USING. LATER SHE RECANTED AND SAID THEY ALSO PURCHASE ELECTRODES FROM OTHER MANUFACTURERS AND NOW SHE ISN'T SURE. A DAY AFTER THE INITIAL REPORT, THE END-USER ADMITS THEY DO NOT KNOW WHICH DEVICE(S) BURNED PATIENTS AS THEY DID NOT KEEP TRACK. THE SERIAL NUMBERS FOR THESE DEVICES ARE (B)(4). DEVICES (B)(4) WERE RETURNED AND INSPECTED ON 04/03/2018. THE WARRANTY SEALS WERE BROKEN ON BOTH DEVICES, NO COSMETIC DEFECTS WERE FOUND, AND BOTH DEVICES TESTED FOR PRODUCT PERFORMANCE AND DETERMINED TO FALL WITHIN THE MANUFACTURER'S SPECIFICATIONS AS DEFINED IN THE PRODUCT USER MANUAL.",TENS (prescription)
7471171,106829721,N,1,,"WE CHECKED THE DHF AND DMR FOR MT2400, NO PROBLEMS WERE FOUND. AND THE DEVICE HISTORY RECORD WAS EXAMINED FOR THE SUBJECT DEVICE. THERE WERE NO PROBLEMS OBSERVED DURING THE MANUFACTURING OR TESTING NOTED IN THE DHR. WE HAVE BEEN FOLLOWING UP THIS EVENT AND ASK DISTRIBUTOR FOR MORE INFORMATION TO ANALYSIS.",TENS (prescription)
7471171,106829722,D,1,,"CLINIC CALLED TODAY STATING THEY PURCHASED 3 INTENSITY EX4'S FROM THE ABOVE DISTRIBUTOR. THEY STATE THEY HAVE HAD MULTIPLE PATIENTS BURNED ON ALL THREE OF THEIR DEVICES. SHE IS USING LATEX FREE ELECTRODES FROM TOTAL MEDICAL RESOURCES. SHE USED A LOWER BRAND FROM THEM BUT THEN CHANGED TO THEIR PLATINUM VERSION. BURNS OCCURRED WITH BOTH. SHE IS USING THE ELECTRODES IN A CRISS-CROSS PATTERN. (THEY USE THE ELECTRODES BETWEEN 6"" ON THE NECK AND/OR LOW BACK. IN EACH CASE ONLY ONE ELECTRODE BURNED THE PATIENT.) OUR PRODUCT MANAGER SAID THESE ELECTRODES ARE NOT ""CLINICAL GRADE"" ELECTRODES. WHEN QUESTIONED ABOUT THE INTENSITY LEVELS THEY WERE USING I WAS TOLD THEY DO GO BY PATIENT FEEL. NONE OF THEIR PATIENTS FELT THEIR INTENSITY WAS TOO HIGH OR EVEN REALIZED THEY HAD A BURN UNTIL AN HOUR OR TWO LATER. THE WIDE VARIATION OF INTENSITY THEY HAVE USED GOES FROM 8-35, RARELY DO THEY GO ABOVE 40. A DAY AFTER THE INITIAL REPORT SHE ADMITS THEY DO NOT KNOW WHICH DEVICE(S) BURNED PATIENTS AS THEY DID NOT KEEP TRACK. THE CUSTOMER STATES THE PATIENT RECEIVED A 3RD DEGREE BURN. THERAPIST STATES SHE ALWAYS USES THE PRESET FOR ACUTE PAIN/4 ELECTRODES. FIRST OUR PRODUCT MANAGER SAID THESE WERE NOT CLINICAL GRADE ELECTRODES BECAUSE WE SELL THE ELECTRODES, THE BRAND ELECTRODES THEY CLAIM TO BE USING. LATER SHE RECANTED AND SAID THEY ALSO PURCHASE ELECTRODES FROM OTHER MANUFACTURERS AND NOW SHE ISN'T SURE. A DAY AFTER THE INITIAL REPORT THE END-USER ADMITS THEY DO NOT KNOW WHICH DEVICE(S) BURNED PATIENTS AS THEY DID NOT KEEP TRACK. THE SERIAL NUMBERS FOR THESE DEVICES ARE (B)(4). DEVICES (B)(4) WERE RETURNED AND INSPECTED ON (B)(6) 2018. THE WARRANTY SEALS WERE BROKEN ON BOTH DEVICES, NO COSMETIC DEFECTS WERE FOUND, AND BOTH DEVICES TESTED FOR PRODUCT PERFORMANCE AND DETERMINED TO FALL WITHIN THE MANUFACTURER'S SPECIFICATIONS AS DEFINED IN THE PRODUCT USER MANUAL.",TENS (prescription)
7477073,107024932,N,1,,"WE CHECKED THE DHF AND DMR FOR MT2400, NO PROBLEMS WERE FOUND. AND THE DEVICE HISTORY RECORD WAS EXAMINED FOR THE SUBJECT DEVICE. THERE WERE NO PROBLEMS OBSERVED DURING THE MANUFACTURING OR TESTING NOTED IN THE DHR. WE HAVE BEEN FOLLOWING UP THIS EVENT AND ASK DISTRIBUTOR FOR MORE INFORMATION TO ANALYSIS.",TENS (prescription)
7477073,107024933,D,1,,"CLINIC CALLED TODAY STATING THEY PURCHASED 3 INTENSITY EX4'S FROM THE ABOVE DISTRIBUTOR. THEY STATE THEY HAVE HAD MULTIPLE PATIENTS BURNED ON ALL THREE OF THEIR DEVICES. SHE IS USING LATEX FREE ELECTRODES FROM TOTAL MEDICAL RESOURCES. SHE USED A LOWER BRAND FROM THEM BUT THEN CHANGED TO THEIR PLATINUM VERSION. BURNS OCCURRED WITH BOTH. SHE IS USING THE ELECTRODES IN A CRISS-CROSS PATTERN. (THEY USE THE ELECTRODES BETWEEN 6"" ON THE NECK AND/OR LOW BACK. IN EACH CASE ONLY ONE ELECTRODE BURNED THE PATIENT.) OUR PRODUCT MANAGER SAID THESE ELECTRODES ARE NOT ""CLINICAL GRADE"" ELECTRODES. WHEN QUESTIONED ABOUT THE INTENSITY LEVELS THEY WERE USING I WAS TOLD THEY DO GO BY PATIENT FEEL. NONE OF THEIR PATIENTS FELT THEIR INTENSITY WAS TOO HIGH OR EVEN REALIZED THEY HAD A BURN UNTIL AN HOUR OR TWO LATER. THE WIDE VARIATION OF INTENSITY THEY HAVE USED GOES FROM 8-35, RARELY DO THEY GO ABOVE 40. A DAY AFTER THE INITIAL REPORT SHE ADMITS THEY DO NOT KNOW WHICH DEVICE(S) BURNED PATIENTS AS THEY DID NOT KEEP TRACK. THE CUSTOMER STATES THE PATIENT RECEIVED A 3RD DEGREE BURN. THERAPIST STATES SHE ALWAYS USES THE PRESET FOR ACUTE PAIN/4 ELECTRODES. FIRST OUR PRODUCT MANAGER SAID THESE WERE NOT CLINICAL GRADE ELECTRODES BECAUSE WE SELL THE ELECTRODES, THE BRAND ELECTRODES THEY CLAIM TO BE USING. LATER SHE RECANTED AND SAID THEY ALSO PURCHASE ELECTRODES FROM OTHER MANUFACTURERS AND NOW SHE ISN'T SURE. A DAY AFTER THE INITIAL REPORT THE END-USER ADMITS THEY DO NOT KNOW WHICH DEVICE(S) BURNED PATIENTS AS THEY DID NOT KEEP TRACK. THE SERIAL NUMBERS FOR THESE DEVICES ARE (B)(4). 3 DEVICES (B)(4) WERE RETURNED AND INSPECTED ON 04/03/2018. THE WARRANTY SEALS WERE BROKEN ON BOTH DEVICES, NO COSMETIC DEFECTS WERE FOUND, AND BOTH DEVICES TESTED FOR PRODUCT PERFORMANCE AND DETERMINED TO FALL WITHIN THE MANUFACTURER'S SPECIFICATIONS AS DEFINED IN THE PRODUCT USER MANUAL.",TENS (prescription)
7477159,107027862,N,1,,"WE CHECKED THE DHF AND DMR FOR MT2400, NO PROBLEMS WERE FOUND. AND THE DEVICE HISTORY RECORD WAS EXAMINED FOR THE SUBJECT DEVICE. THERE WERE NO PROBLEMS OBSERVED DURING THE MANUFACTURING OR TESTING NOTED IN THE DHR. WE HAVE BEEN FOLLOWING UP THIS EVENT AND ASK DISTRIBUTOR FOR MORE INFORMATION TO ANALYSIS.",TENS (prescription)
7477159,107027863,D,1,,"CLINIC CALLED TODAY STATING THEY PURCHASED 3 INTENSITY EX4'S FROM THE ABOVE DISTRIBUTOR. THEY STATE THEY HAVE HAD MULTIPLE PATIENTS BURNED ON ALL THREE OF THEIR DEVICES. SHE IS USING LATEX FREE ELECTRODES FROM TOTAL MEDICAL RESOURCES. SHE USED A LOWER BRAND FROM THEM BUT THEN CHANGED TO THEIR PLATINUM VERSION. BURNS OCCURRED WITH BOTH. SHE IS USING THE ELECTRODES IN A CRISS-CROSS PATTERN. (THEY USE THE ELECTRODES BETWEEN 6"" ON THE NECK AND/OR LOW BACK. IN EACH CASE ONLY ONE ELECTRODE BURNED THE PATIENT.) OUR PRODUCT MANAGER SAID THESE ELECTRODES ARE NOT ""CLINICAL GRADE"" ELECTRODES. WHEN QUESTIONED ABOUT THE INTENSITY LEVELS THEY WERE USING I WAS TOLD THEY DO GO BY PATIENT FEEL. NONE OF THEIR PATIENTS FELT THEIR INTENSITY WAS TOO HIGH OR EVEN REALIZED THEY HAD A BURN UNTIL AN HOUR OR TWO LATER. THE WIDE VARIATION OF INTENSITY THEY HAVE USED GOES FROM 8-35, RARELY DO THEY GO ABOVE 40. A DAY AFTER THE INITIAL REPORT SHE ADMITS THEY DO NOT KNOW WHICH DEVICE(S) BURNED PATIENTS AS THEY DID NOT KEEP TRACK. THE CUSTOMER STATES THE PATIENT RECEIVED A 3RD DEGREE BURN. THERAPIST STATES SHE ALWAYS USES THE PRESET FOR ACUTE PAIN/4 ELECTRODES. FIRST OUR PRODUCT MANAGER SAID THESE WERE NOT CLINICAL GRADE ELECTRODES BECAUSE WE SELL THE ELECTRODES, THE BRAND ELECTRODES THEY CLAIM TO BE USING. LATER SHE RECANTED AND SAID THEY ALSO PURCHASE ELECTRODES FROM OTHER MANUFACTURERS AND NOW SHE ISN'T SURE. A DAY AFTER THE INITIAL REPORT THE END-USER ADMITS THEY DO NOT KNOW WHICH DEVICE(S) BURNED PATIENTS AS THEY DID NOT KEEP TRACK. THE SERIAL NUMBERS FOR THESE DEVICES ARE (B)(4). DEVICES (B)(4) WERE RETURNED AND INSPECTED ON 04/03/2018. THE WARRANTY SEALS WERE BROKEN ON BOTH DEVICES, NO COSMETIC DEFECTS WERE FOUND, AND BOTH DEVICES TESTED FOR PRODUCT PERFORMANCE AND DETERMINED TO FALL WITHIN THE MANUFACTURER'S SPECIFICATIONS AS DEFINED IN THE PRODUCT USER MANUAL.",TENS (prescription)
7478407,107068103,N,1,,"REWALK ROBOTICS RECEIVED THE FOLLOWING FROM (B)(6): (B)(6) HAD A CONSULTATION WITH THE USER, THE PHYSIOTHERAPIST, A SENIOR RESEARCHER, A REHABILITATION PHYSICIAN, AND A JUNIOR RESEARCHER. THE SITUATION WAS ANALYZED, VIDEOS OF THE TRAINING SESSION AND THE X-RAYS WERE REVIEWED. BECAUSE THE USER HAS A COMPLETE SPINAL CORD INJURY HE OBVIOUSLY DID NOT FEEL THE MOMENT OF THE FRACTURE, SO WHAT HAPPENED CAN ONLY BE GUESSED. THE USER INDICATED THAT HE DID NOT FALL OUT OF HIS WHEELCHAIR OR COULD THINK OF OTHER EXPLANATIONS (PART FROM THE EXOSKELETON USE) THAT COULD EXPLAIN THE FRACTURE. THE CONCLUSION REACHED WAS THAT AT THIS MOMENT THE REASON WHY THE PATIENT HAS BROKEN HIS ANKLE CANNOT SUFFICIENTLY BE EXPLAINED. THERE WERE NO INCIDENTS DURING OR AROUND THE TRAINING. THE PATIENT WAS ALREADY VERY SKILLED IN USING THE EXOSKELETON AND WALKED VERY WELL WITH THE EXOSKELETON. THE ROOT CAUSE IS STILL BEING INVESTIGATED AND THE DEVICE WILL BE EVALUATED",Powered exoskeleton
7478407,107068104,D,1,,"ON FRIDAY MORNING ((B)(6) 2018) THE USER RECEIVED HIS 6TH EXOSKELETON TRAINING, WITH THE REWALK REHABILITATION SYSTEM (REWALK 5.0). DURING THIS TRAINING SESSION THERE WERE NO INCIDENTS, THE TRAINING WAS SUCCESSFUL AND THE PARTICIPANT WALKED A LOT. PRIOR TO THE TRAINING AND AFTER THE TRAINING, THE PARTICIPANT INDICATED THAT THERE WAS SOME FLUID AROUND THE ANKLES. HOWEVER THIS WAS NOT SO MUCH THAT IT RAISED SUSPICION. ON MONDAY EVENING ((B)(6) 2018) THE PARTICIPANT SEND AN E-MAIL TO THE TREATMENT TEAM. IN THIS MAIL, THE PARTICIPANT INDICATED THAT THERE WAS FLUID UNDER THE RIGHT KNEE AND RIGHT ANKLE. MOREOVER, HE ATTACHED A PHOTO OF THE RIGHT ANKLE WHICH WAS BLUE. THE PARTICIPANT ALSO INDICATED THAT HE HAD BEEN TO THE DOCTOR'S OFFICE THAT AFTERNOON. IN THE MAIL, HE SIGNED OUT FOR THE TRAINING THE NEXT MORNING SO THAT HE COULD SEE HIS OWN DOCTOR.",Powered exoskeleton
7482524,107198855,D,1,,"THE END-USER RECEIVED ELECTRICAL MUSCLE STIMULATION (EMS) TREATMENT FROM A D.C., L.AC. THE END-USER ALLEGES THAT AS A RESULT OF THIS TREATMENT, SHE SUFFERED THIRD DEGREE BURNS ON HER NECK AND BACK, SUBSEQUENT INFECTION, A SKIN GRAFT, SCARRING AND DISFIGUREMENT.",TENS (prescription)
7525729,108996320,D,1,,"THIS SPONTANEOUS CASE WAS REPORTED BY A CONSUMER AND DESCRIBES THE OCCURRENCE OF MEDICAL DEVICE SITE DISCOLOURATION (""LEAVES MARKS ON MY BACK WHERE IT SHOCKS"") IN AN ELDERLY FEMALE PATIENT WHO RECEIVED ALEVE TENS DEVICE DIRECT THERAPY UNIT (UDI NO. (B)(4)). OTHER PRODUCT OR PRODUCT USE ISSUES IDENTIFIED: DEVICE STIMULATION ISSUE ""THIS DEVICE LITERALLY SHOCKS ME."" (SERIOUSNESS CRITERION MEDICALLY SIGNIFICANT). ON AN UNKNOWN DATE, THE PATIENT STARTED ALEVE TENS DEVICE DIRECT THERAPY UNIT. ON AN UNKNOWN DATE, THE PATIENT EXPERIENCED MEDICAL DEVICE SITE DISCOLOURATION. IT WAS UNKNOWN WHETHER ANY ACTION WAS TAKEN WITH ALEVE TENS DEVICE DIRECT THERAPY UNIT. AT THE TIME OF THE REPORT, THE MEDICAL DEVICE SITE DISCOLOURATION OUTCOME WAS UNKNOWN. THE REPORTER PROVIDED NO CAUSALITY ASSESSMENT FOR MEDICAL DEVICE SITE DISCOLOURATION WITH ALEVE TENS DEVICE DIRECT THERAPY UNIT. QUALITY-SAFETY EVALUATION OF PTC: BASED ON THE TECHNICAL INVESTIGATION, A REVIEW OF THE DEVICE HISTORY FOR THIS SERIAL NUMBER WAS CONDUCTED AND NO DEFECTS WERE IDENTIFIED DURING THE MANUFACTURE OF THE DEVICE. THIS PRODUCT TECHNICAL COMPLAINT CANNOT BE CONFIRMED AT THIS TIME. NO PRODUCT WAS RETURNED. GOOD FAITH ATTEMPTS WERE MADE TO RETRIEVE THE PRODUCT AND/OR OBTAIN PRODUCT INFORMATION HOWEVER NO FURTHER INFORMATION COULD BE OBTAINED. ALL ALEVE DIRECT THERAPY TENS UNITS AND GELPADS ARE MADE IN ACCORDANCE WITH CURRENT GOOD MANUFACTURING PRACTICES AND TO THE APPLICABLE FDA AND ISO REGULATIONS. ALL PRODUCT UNDERGOES 100% INSPECTION AND 100% FUNCTIONAL TESTING AT MULTIPLE POINTS THROUGHOUT THE MANUFACTURING PROCESS WHERE THE ASSOCIATED DATA AND DOCUMENTATION IS REVIEWED TO ENSURE ALL RELEASED PRODUCT MEETS PRODUCT SPECIFICATIONS. THE PTC INVESTIGATION WAS INITIATED AND THE OUTCOME OF THE INVESTIGATION RESULTED IN AN UNCONFIRMED QUALITY DEFECT. FURTHER COMPANY FOLLOW-UP WITH THE CONSUMER IS NOT POSSIBLE. MOST RECENT FOLLOW-UP INFORMATION INCORPORATED ABOVE INCLUDES: ON 16-MAY-2018: QUALITY-SAFETY EVALUATION OF PTC WAS RECEIVED. THIS SPONTANEOUS REPORT REFERS TO AN ELDERLY FEMALE PATIENT WHO USED ALEVE TENS DEVICE DIRECT THERAPY UNIT (TRANSCUTANEOUS ELECTRICAL NERVE STIMULATION (TENS THERAPY)) (DATES OF USE AND INDICATION WERE NOT PROVIDED). PATIENT INFORMED: ""THIS DEVICE LITERALLY SHOCKS ME (INTERPRETED AS ELECTRIC SHOCK), LEAVES MARKS ON MY BACK WHERE IT SHOCKS (ASSOCIATED NON-SERIOUS EVENT SINCE THERE WAS NO FURTHER DIAGNOSIS REGARDING THE MARKS)."" THIS DEVICE LITERALLY SHOCKS ME WAS CONSIDERED SERIOUS, IN A CONSERVATIVE APPROACH, SINCE IT COULD HAVE CAUSE A PERMANENT DAMAGE TO THE BODY. THE EVENTS ARE UNLISTED ACCORDING TO ALEVE TENS REFERENCE SAFETY INFORMATION. CONSIDERING THE MECHANISMS OF ACTION OF SUSPECT PRODUCT, THE CLOSE TEMPORAL RELATIONSHIP AND THE NATURE OF REPORTED EVENT, COMPANY DOES NOT EXCLUDE AN ASSOCIATION BETWEEN REPORTED EVENT AND ALEVE TENS DEVICE DIRECT THERAPY UNIT. NO FURTHER INFORMATION IS EXPECTED FROM THE REPORTER. THE PTC INVESTIGATION WAS INITIATED AND THE OUTCOME OF THE INVESTIGATION RESULTED IN AN UNCONFIRMED QUALITY DEFECT. NO FURTHER INFORMATION IS EXPECTED. THIS CASE WAS REGARDED AS INCIDENT.",TENS (over-the-counter)
7549033,109391511,N,1,,"AFTER SEVERAL ATTEMPTS TO CONTACT THE CUSTOMER (MR (B)(6)) CUSTOMER CARE MANAGED TO CONTACT THE MR (B)(6) ON APRIL 13, 2018 AND CONFIRMED THE FOLLOWING: A) HE HAD NEVER VISITED HIS DOCTOR OR HOSPITAL CONCERNING THIS REPORTED INCIDENT. B) THAT HE WAS SUFFERING FROM POOR CIRCULATION AND HAD A SELF-EXPANDING STENT SYSTEM PUT IN AND WAS NOT OVERWEIGHT. C) HE HAD SPOKEN TO CUSTOMER CARE ON HOW BEST USE THE DEVICE, USE LOTION, KEEP HYDRATED AND NOT TURN THE DEVICE UP TOO HIGH. D) ADMITTED THAT INITIALLY HE HAD NOT USED THE DEVICE CORRECTLY TURNING THE INTENSITY UP TOO HIGH. FOLLOWING HIS CONVERSATION WITH CUSTOMER CARE HE WAS NOW USING THE DEVICE CORRECTLY AS SPECIFIED IN THE IFU TO AVOID A SIMILAR RECURRENCE. E) HIS DOCTOR IS HAPPY THAT HIS CIRCULATION HAS IMPROVED AND THAT HE CONTINUES TO USE THE DEVICE.",TENS (over-the-counter)
7549033,109391512,D,1,,"PLEASE NOTE: FOLLOWING AN FDA INSPECTION AT ACTEGY LTD BETWEEN MARCH 5-8, 2018 BY MR (B)(6) IT WAS IDENTIFIED THIS INCIDENT SHOULD HAVE BEEN REPORTED TO FDA. THEREFORE, THE FOLLOWING INCIDENT IS BEING REPORTED RETROSPECTIVELY: CUSTOMER REPORTED ""ELECTRIC SHOCK IN HIS LEFT FOOT THAT WAS PAINFUL AND IT ALSO HAPPENED WITH THE REPLACEMENT. RIGHT AT THE END OF HIS BIG TOE AND AFTER ABOUT TEN MINUTES OF USE WHEN HE WAS ON THE PHONE WITH CUSTOMER CARE. WHEN HE FIRST USED THE REPLACEMENT MACHINE HE SUFFERED THE SHOCK SENSATION IMMEDIATELY.""",TENS (over-the-counter)
7552167,109481799,N,1,,UNFORTUNATELY FOLLOWING THE DEATH OF THE CUSTOMER NO FURTHER INFORMATION COULD BE OBTAINED.,TENS (over-the-counter)
7552167,109481800,D,1,,"PLEASE NOTE: FOLLOWING AN FDA INSPECTION AT ACTEGY LTD BETWEEN (B)(6) 2018 BY MR (B)(6) IT WAS IDENTIFIED THIS INCIDENT SHOULD HAVE BEEN REPORTED TO FDA. THEREFORE, THE FOLLOWING INCIDENT IS BEING REPORTED RETROSPECTIVELY: THE PATIENT NOTIFIED ACTEGY ON THE (B)(6) 2016 THAT HE HAD RECEIVED AN ELECTRIC SHOCK FROM THE DEVICE. FOLLOWING THE FDA FINDING AN ATTEMPT WAS MADE TO CONTACT THE CUSTOMER BUT WE WERE TOLD THAT SADLY HE HAD DIED (BUT NOT AS A RESULT OF THE REVITIVE IX CIRCULATION BOOSTER). ACTEGY CUSTOMERS ARE TYPICALLY AGED 70+ AND THIS OCCASIONALLY HAPPENS.",TENS (over-the-counter)
7552345,109491144,N,1,,"MANUFACTURERS DEVICE ANALYSIS RESULTS: THE DEVICE WAS TESTED ON THE 28-APR-2015 AND WAS FOUND TO BE WORKING IN SPECIFICATION. MEDICAL OPINION WAS SOUGHT FROM DR (B)(6) WHO ALONG WITH ACTEGY HAVE MADE SEVERAL ATTEMPTS TO CONTACT DR F. GOH FOR THE PATIENT MEDICAL HISTORY BUT HAS HAD NO RESPONSE TO DATE. BASED ON THE LIMITED INFORMATION AVAILABLE DR C. BAXTER WAS UNABLE TO FULLY ASSESS THE COMPLAINT DUE TO THE LACK OF MEDICAL INFORMATION, PRELIMINARY ASSESSMENT IS AS FOLLOWS: A (B)(6) MALE PATIENT WITH A HISTORY OF (B)(6) (BMI=33.75) AND HERNIA DESCRIBES BILATERAL FOOT PAIN AFTER 18 MONTHS USE OF THE REVITIVE CIRCULATION BOOSTER (CBV3) DEVICE. THE PATIENT HAS ATTENDED HIS PRIMARY CARE PHYSICIAN, WHERE HYPERURICAEMIA HAS BEEN EXCLUDED. THE PRESENCE OF VARICOSE VEINS IN THE LOWER LEGS WAS NOTED BY THE PATIENT'S PHYSICIAN. THERE IS NO EVIDENCE OF PERIPHERAL ARTERIAL DISEASE IN THE LEGS. THE PATIENT WAS PRESCRIBED ANALGESIA (WHICH HE HAS DISCONTINUED DUE TO UNSPECIFIED ADVERSE REACTIONS) AND A SPECIALIST REFERRAL MADE, ALTHOUGH THE NATURE OF THIS REFERRAL IS UNCLEAR (E.G. THE REFERRAL MAY HAVE BEEN TO A NEUROLOGIST FOR FURTHER INVESTIGATION AND NERVE CONDUCTION STUDIES, OR TO A SURGEON FOR TREATMENT OF VARICOSE VEINS). THERE HAS BEEN NO WRITTEN OR OTHER CONFIRMATION OF CAUSALITY BY THE PHYSICIAN CONCERNED. BEFORE THIS CASE CAN BE FULLY ASSESSED, FURTHER INFORMATION AND MEDICAL OPINION IS REQUIRED FROM THE TREATING PHYSICIAN, ESPECIALLY WITH REGARD TO THE NATURE OF THE PATIENT'S SYMPTOMS, CO-MORBIDITIES, CO-MEDICATIONS AND OTHER POSSIBLE EXPLANATIONS FOR THE SYMPTOMS DESCRIBED ABOVE AS PERIPHERAL NEUROPATHY IS A RELATIVELY COMMON CONDITION AND HAS MANY POSSIBLE AETIOLOGIES IN (B)(6) MALES. THERE IS INSUFFICIENT INFORMATION TO MAKE A FORMAL CAUSALITY ASSESSMENT. THE COMPLAINT IS BEING CLOSED DUE TO THE LACK OF INFORMATION AS IT CANNOT BE FULLY ASSESSED AND NO FIRM CONCLUSION BE REACHED. REMEDIAL ACTION/CORRECTIVE ACTION/PREVENTATIVE ACTION: DESPITE MULTIPLE REQUESTS FOR INFORMATION BY TELEPHONE, EMAIL AND LETTER FURTHER INFORMATION FROM THE PATIENT AND TREATING PHYSICIAN HAS NOT BEEN FORTHCOMING. OWING TO THE LACK OF DEFINITIVE MEDICAL INFORMATION FROM THE TREATING PHYSICIAN IT IS NOT POSSIBLE TO CONTINUE INVESTIGATION INTO THIS INCIDENT. INFORMATION TO DATE SUGGESTS THAT THE INCIDENT IS A RESULT OF UNDERLYING PATIENT CONDITION RATHER THAN DEVICE RELATED. THE DEVICE HAS BEEN CONFIRMED TO BE WORKING WITHIN INTENDED SPECIFICATIONS. NO PREVENTATIVE OR CORRECTIVE ACTION IS REQUIRED, HOWEVER ACTEGY RESERVE THE RIGHT TO RE-INVESTIGATE THE COMPLAINT IF NEW INFORMATION BECOMES AVAILABLE. EVENTS OF THIS NATURE WILL CONTINUE TO BE MONITORED THROUGH POST- MARKET SURVEILLANCE. CORRECTIVE ACTION TAKEN RELEVANT TO THE CARE OF THE PATIENT: PATIENT HAS DISCONTINUED USE OF THE DEVICE UPON ADVICE OF THE DOCTOR. PATIENT HISTORY (CO-MORBIDITIES & MEDICATION): PRIOR HISTORY OF HERNIA WHICH LIMITS MOBILITY, OTHERWISE NO PRIOR MEDICAL HISTORY. PATIENT OUTCOME: PATIENT IN RECEIPT OF PRESCRIPTION FOR ANALGESICS - SINCE DISCONTINUED DUE TO SIDE EFFECTS. REFERRAL TO SPECIALIST (B)(6) 2015 - AWAITING OUTCOME.",TENS (over-the-counter)
7552345,109491145,D,1,,"PLEASE NOTE: FOLLOWING AN FDA INSPECTION AT ACTEGY LTD BETWEEN MARCH 5-8, 2018 BY MR (B)(6) IT WAS IDENTIFIED THIS INCIDENT SHOULD HAVE BEEN REPORTED TO FDA. THEREFORE, THE FOLLOWING INCIDENT IS BEING REPORTED RETROSPECTIVELY: THE PATIENT NOTIFIED ACTEGY ON THE (B)(6) 2015 THAT HE HAD BEEN USING HIS REVITIVE DEVICE DAILY FOR 30 MINUTES ON INTENSITY 25 FOR APPROXIMATELY 18 MONTHS UNTIL HE STARTED TO FEEL PAIN IN HIS FEET, AFTER WHICH HE USED THE DEVICE ON THE SAME SETTINGS ONCE A WEEK FOR A FURTHER PERIOD OF 3 MONTHS. THE USER WENT TO HIS DOCTOR (B)(6) 2015 AS HE WAS CONCERNED ABOUT THE PAIN AND WAS TOLD THAT HE HAD SUFFERED ""IRREVERSIBLE DAMAGE TO THE NERVES IN HIS FEET"", HE WAS PRESCRIBED PAIN KILLERS - TRAMADOL AND VOLTAREN AND TOLD NOT TO USE THE DEVICE. THE PATIENT HAS SINCE DISCONTINUED PAIN KILLERS DUE TO SIDE EFFECTS. REFERRAL LETTER FROM PATIENT DOCTOR DATED (B)(6) 2015 STATES PATIENT PRESENTED EXPERIENCING PAIN AND SORENESS IN FEET AND CALVES, URIC ACID LEVELS NORMAL, SOME VARICOSE VEINS NOTED ON FEET EXTENDING TO MID CALVES WITH NO WARMTH OR SWELLING - PULSES INTACT AND PERIPHERAL CIRCULATION NORMAL.",TENS (over-the-counter)
7553039,109577945,N,1,,"INVESTIGATIVE ACTIONS AND TIMELINE: PATIENT'S DAUGHTER HAS REPORTED THAT THE PATIENT HAS A MEDICAL HISTORY OF GOOD HEALTH WITH NO REPORTED CO-MORBIDITIES, PREVIOUS ANNUAL CHECK UP REVEALED NO ISSUES AND REPORTED EXCELLENT HEALTH TAKING AGE INTO CONSIDERATION. DEVICE HAS BEEN REQUESTED FOR RETURN TO THE MANUFACTURER TO ENABLE FURTHER INVESTIGATION. DEVICE RECEIVED AND TESTED 24 OCT 2016 - NO FAULTS FOUND, DEVICE IS WORKING WITHIN SPECIFICATION. A MEDICAL OPINION HAS BEEN REQUESTED. UPDATE: MEDICAL OPINION HAS BEEN RECEIVED FROM PROFESSOR (B)(6), PROFESSOR OF PHYSIOTHERAPY. ""GIVEN THE NATURE OF THE APPLIED STIMULATION WITH THE REVITIVE FAMILY OF DEVICES, IT IS VERY DIFFICULT TO IDENTIFY A MECHANISM THROUGH WHICH THE STIMULATION COULD HAVE DIRECTLY CAUSED THE REPORTED PULMONARY EMBOLI. THE DEVICE APPEARS TO HAVE BEEN EMPLOYED USING THE FOOT PADS ONLY AND AT AN INTENSITY SUFFICIENT TO BRING ABOUT MUSCLE CONTRACTION(S) IN THE CALF. THE OPERATING CIRCUMSTANCES (TREATMENT TIME, TREATMENT FREQUENCY, TREATMENT INTENSITY) APPEAR TO BE ENTIRELY CONSISTENT WITH THE RECOMMENDATIONS IN THE DEVICE SUPPORTING LITERATURE. THE ONLY LINK I CAN PROPOSE (BUT WHICH CAN NOT BE ESTABLISHED FROM THE AVAILABLE DOCUMENTATION) IS THAT IF THE PATIENT HAD AN UNDIAGNOSED DVT IN THE CALF AND VIGOROUS NMES TYPE STIMULATION WAS APPLIED, IT IS A POSSIBILITY THAT THE CLOT OR A PART THEREOF, COULD HAVE BECOME DISLODGED AND GIVEN RISE OF THE REPORTED EMBOLI. THE DOCUMENTATION WHICH ACCOMPANIES THE DEVICE CLEARLY STATES THAT IT SHOULD NOT BE EMPLOYED IF THE USER HAS A DVT, AND FURTHERMORE, DESCRIBES, IN LAY TERMS, THE KEY FEATURES OF A DVT. THIS GUIDANCE IS CONSISTENT WITH THE DOCUMENTATION THAT IS PROVIDED WITH ALL SIMILAR MACHINES (FOR BOTH PROFESSIONAL AND OTC USE). THE PROFESSIONAL (THERAPIST) GUIDELINES AVAILABLE, INCLUDING THOSE SPECIFIC TO PHYSIOTHERAPISTS IN (B)(6) (ELECTROPHYSICAL AGENTS: CONTRAINDICATIONS AND PRECAUTIONS: AN EVIDENCE-BASED APPROACH TO CLINICAL DECISION MAKING IN PHYSICAL THERAPY, PHYSIOTHERAPY (B)(6) 62(5) SPECIAL ISSUE: 2010, ISSN-0300-0508, E-ISSN-1708-8313) STATES THAT NMES SHOULD NOT BE APPLIED TO PERSONS WITH ACTIVE DEEP VEIN THROMBOSIS OR THROMBOPHLEBITIS. THE RATIONALE (CITED FROM THE (B)(6) (2010) DOCUMENT, P30) STATES: ""MUSCLE CONTRACTION INDUCED BY NMES APPLIED NEAR A DVT COULD DISLODGE A THROMBUS THAT COULD THEN EMBOLIZE A VITAL ORGAN, CAUSING INFARCTION, SHORTNESS OF BREATH, STROKE, OR MAJOR ORGAN FAILURE. REFLEX VASODILATATION AND INCREASED BLOOD FLOW TO CONTRALATERAL LIMBS AND/OR PERIPHERAL SITES INDUCED BY E-STIM COULD ALSO EMBOLIZE A BLOOD CLOT. THE CSP GUIDELINES AND MANY OF THE RESOURCES SUGGEST THAT E-STIM IS SAFE PROVIDED THAT TREATMENT OF THE DVT AFFECTED LIMB IS AVOIDED (C-LOCAL). ALTHOUGH THE RISK OF E-STIM'S DISLODGING A THROMBUS IS LOW, THE CONSEQUENCES OF A THROMBUS'S TRAVELLING TO A VITAL ORGAN COULD BE CATASTROPHIC."" IT IS IMPORTANT TO EMPHASISE THE RISK OF NMES STIMULATION OVER AN AREA WHERE A DVT IS PRESENT GIVING RISE TO EMBOLI IS IDENTIFIED AS BEING LOW. THE ONLY WAY IN WHICH I CAN ENVISAGE FURTHER CLARIFICATION IS IF IT CAN BE IDENTIFIED FROM THE PATIENT MEDICAL RECORDS THAT A DVT WAS PRESENT (IT WOULD BE NORMAL FOR THE MEDIC RESPONSIBLE TO INVESTIGATE THIS SPECIFIC ISSUE). ALTHOUGH THIS MAY APPEAR TO CONSTITUTE A DIRECT CAUSE-EFFECT POTENTIAL, THE MAGNITUDE OF THE MUSCLE CONTRACTIONS IN THE CALF BROUGHT ABOUT BY THE REVITIVE STIMULATION IS NOT A CONTRACTION LEVEL OVER AND ABOVE THAT WHICH IS ACHIEVED IN NORMAL EVERYDAY FUNCTIONAL ACTIVITY (E.G. WALKING, STAIR CLIMBING), AND THEREFORE, IF THE DVT CLOT WAS 'UNSTABLE', IT IS ENTIRELY POSSIBLE THAT SOME OTHER ACTIVITY, NOT THE REVITIVE STIMULATION, MAY HAVE BEEN RESPONSIBLE FOR THE CLOT DISPLACEMENT. I DO NOT BELIEVE THERE IS ANY EVIDENCE THAT ELECTRICAL STIMULATION IN THE CALF CAN CAUSE A DVT OR ENHANCE ITS ONSET. THERE IS PUBLISHED RESEARCH EVIDENCE WHICH INDICATES THAT ELECTRICAL STIMULATION TO THE MUSCLE(S) IN THE CALF CAN IN FACT SIGNIFICANTLY REDUCE THE RISK OF DVT. WITHOUT FURTHER EVIDENCE FROM THE MEDICAL RECORD(S), IT IS NOT POSSIBLE TO STEP BEYOND THIS SPECULATIVE POSITION. EVEN IF THERE WAS EVIDENCE OF A DVT IN ONE OR OTHER CALF IN THIS PATIENT, IT WOULD NOT BE POSSIBLE, IN MY OPINION, TO STATE CATEGORICALLY, THAT THE APPLICATION OF THE REVITIVE STIMULATION WAS RESPONSIBLE FOR CLOT DISPLACEMENT. I BELIEVE THAT THE INFORMATION IN THE INFORMATION FOR USERS PROVIDED WITH THE DEVICE DOES IDENTIFY THAT REVITIVE SHOULD NOT BE EMPLOYED WHERE A DVT IS PRESENT OR IS SUSPECTED, AND DESCRIBES THE SIGNS AND SYMPTOMS OF A DVT IN LAY TERMS. PERMISSION FOR MEDICAL ADVISOR TO OBTAIN FURTHER INFORMATION FROM TREATING PHYSICIAN HAS ALSO BEEN REQUESTED FROM PATIENT'S DAUGHTER. PATIENT HAS REQUESTED TO WITHHOLD MEDICAL RECORDS UNTIL RESULTS FROM SPECIALIST HAVE BEEN RECEIVED. FINAL UPDATE: FURTHER REQUESTS HAVE BEEN MADE BOTH IN WRITING (RECORDED POST), PHONE AND EMAIL. FURTHER INVESTIGATION IS NOT POSSIBLE AS PERMISSION TO ACCESS MEDICAL RECORDS IS CURRENTLY DENIED. IF ACCESS TO MEDICAL RECORDS IS GRANTED, ACTEGY WILL RE-OPEN THE CASE TO ENABLE FURTHER INVESTIGATION.",TENS (over-the-counter)
7553039,109577946,D,1,,"PLEASE NOTE: FOLLOWING AN FDA INSPECTION AT ACTEGY LTD BETWEEN MARCH 5-8, 2018 BY MR. (B)(4) IT WAS IDENTIFIED THIS INCIDENT SHOULD HAVE BEEN REPORTED TO FDA. THEREFORE, THE FOLLOWING INCIDENT IS BEING REPORTED RETROSPECTIVELY: (B)(6) FEMALE PURCHASED A REVITIVE DEVICE (MODEL UNKNOWN) TO IMPROVE CIRCULATION IN HER LEGS. USED THE DEVICE ONCE A DAY FOR A PERIOD OF 20-30 MINUTES FOR 6 DAYS ((B)(6) 2016 INCLUSIVE). FOLLOWING USE OF THE DEVICE ON THE 6TH DAY ((B)(6) 2016) THE USER EXPERIENCED PAIN IN HER LEGS. DURING THE NIGHT OF (B)(6) THE PATIENT AWOKE WITH PAIN UNDER HER RIGHT RIB AND COULD NOT BREATHE DEEPLY. THE FOLLOWING DAY ((B)(6)), THE PATIENT DID NOT USE THE REVITIVE DEVICE, BUT AWOKE DURING THE NIGHT WITH THE SAME PROBLEM OF PAIN UNDER RIGHT RIB. THE PATIENT IS NO LONGER EXPERIENCING PAIN AND IS ABLE TO BREATHE NORMALLY. THE PATIENT HAS DISCONTINUED USE OF THE REVITIVE DEVICE.",TENS (over-the-counter)
7553406,109578043,N,1,,"MANUFACTURER'S ANALYSIS: THE DEVICE IS NOT CONTRAINDICATED FOR USE IN THE PRESENCE OF VARICOSITIES. THE INSTRUCTIONS FOR USE (IFU) DESCRIBES AN ADEQUATE SETTING AS WHEN THE INDIVIDUAL CAN ""FEEL THE MILD ELECTRICAL IMPULSES IN YOUR FEET AND THE MUSCLES IN THE CALF VISIBLY PULSING OR TWITCHING BUT AT A LEVEL THAT IS NOT UNCOMFORTABLE"". THE DEVICE INTENSITY RANGE IS 0-99 (0 BEING THE LOWEST, AND 99 BEING THE HIGHEST INTENSITY SETTING). THE INDIVIDUAL HAS STATED THAT THEY USED THE DEVICE AT AN INTENSITY OF ""9-12"". WE BELIEVE IT IS MOST LIKELY THAT THE USER IN THIS CASE, (B)(6), HAS NOT USED THE DEVICE AS DESCRIBED IN THE IFU. THE INTENSITY HAS NOT BEEN APPLIED AT A SUFFICIENTLY HIGH ENOUGH INTENSITY TO CREATE THE REQUIRED MUSCLE CONTRACTION. WE EXPECT THAT THE DEVICE WOULD HAVE HAD LITTLE EFFECT AT THIS LEVEL OF INTENSITY, IF AT ALL. THEREFORE WE BELIEVE THE MOST LIKELY CAUSE OF VARICOSE VEINS IN THIS (B)(6) LADY, IS THE NATURAL PROGRESSION OF HER UNDERLYING MEDICAL CONDITION. CASE CLOSED AS PATIENT UNDERLYING MEDICAL CONDITION IS NOT DEVICE RELATED.",TENS (over-the-counter)
7553406,109578044,D,1,,"PLEASE NOTE: FOLLOWING AN FDA INSPECTION AT ACTEGY LTD BETWEEN MARCH 5-8, 2018 BY MR. (B)(4) IT WAS IDENTIFIED THIS INCIDENT SHOULD HAVE BEEN REPORTED TO FDA. THEREFORE, THE FOLLOWING INCIDENT IS BEING REPORTED RETROSPECTIVELY: FOLLOWING THE PURCHASE OF THE NEW DEVICE AND USE FOR 6 MONTHS (B)(6) REPORTED THAT SHE HAS SUFFERED FROM VARICOSITIES ON BOTH HER LEGS AND THAT HER VEINS HAVE GRADUALLY INCREASED IN SIZE SINCE THE FIRST AND SUBSEQUENT USE OF THE DEVICE ((B)(6) 2017). ACCORDING TO (B)(6) THE DEVICE WAS PURCHASED TO RELIEVE A ""TINGLING SENSATION"" IN HER LEGS AND WAS BEING USED FOR 30 MINUTES EVERY DAY ON INTENSITY LEVELS BETWEEN 9 AND 12. ON (B)(6) 2017 (B)(6) DOCTOR PROVIDED A LETTER TO ACTEGY LTD ADVISING THAT HER PATIENTS VARICOSE VEIN CONDITION HAD OCCURRED FOLLOWING THE USE OF THE DEVICE WHICH HAD NOT EXISTED PRIOR TO THIS. THE DOCTOR ALSO ADVISED THAT THESE SYMPTOMS WOULD LIKELY REQUIRE SPECIALIST INTERVENTION (LASER OR LOCAL SCLEROSIS) FOLLOWING THE AESTHETIC CONCERNS RAISED BY HER PATIENT.",TENS (over-the-counter)
7556167,109617961,N,1,,"MEDICAL DEVICE CURRENT LOCATION/DISPOSITION: THE PATIENT IS STILL USING THE DEVICE. PATIENT OUTCOME: PATIENT HAS MADE A FULL RECOVERY. REMEDIAL ACTION TAKEN BY THE HEALTHCARE FACILITY RELEVANT TO THE CARE OF THE PATIENT: FOLLOWING THE INCIDENT MR (B)(6) DECIDED TO VISIT HIS PHYSIOTHERAPIST TO GET SOME PAIN RELIEF; HOWEVER, THERE WAS NO SIGNIFICANT IMPROVEMENT IN HIS CONDITION. MR (B)(6) THEN VISITED HIS GP WHO REFERRED HIM FOR AN ULTRASOUND EXAMINATION WHICH CAME BACK NEGATIVE. AFTER THE EXAMINATION, MR (B)(6)REPORTED LOSING THE ABILITY TO WALK ON THE HEEL OF HIS RIGHT FOOT MAKING WALKING DIFFICULT. MR (B)(6) THEN MADE AN APPOINTMENT WITH HIS RHEUMATOLOGIST (DR. (B)(6)) ON THE (B)(6) 2017 WHO DIAGNOSED AN ELONGATION OF THE PERONEAL NERVE. DR. (B)(6) PRESCRIBED 12 PHYSIOTHERAPY SESSIONS WITH MASSAGE AND ELECTROSTIMULATION OF THE RIGHT PERONEAL NERVE. FURTHER ADVICE WAS PROVIDED BY MR (B)(6)'S ANGIOLOGIST WHO ADVISED HIM TO ONLY USE THE DEVICE AGAIN AFTER INITIAL WARM UP EXERCISES.",TENS (over-the-counter)
7556167,109617962,D,1,,"PLEASE NOTE: FOLLOWING AN FDA INSPECTION AT ACTEGY LTD BETWEEN MARCH 5-8, 2018 BY MR  (B)(6), IT WAS IDENTIFIED THIS INCIDENT SHOULD HAVE BEEN REPORTED TO FDA. THEREFORE, THE FOLLOWING INCIDENT IS BEING REPORTED RETROSPECTIVELY: MR (B)(6) REPORTED PAINS IN LEGS AND CALVES AND STATED THAT HE WAS NOT ABLE TO WALK FOLLOWING USE OF THE DEVICE AND THAT HE NO LONGER HAD CONTROL OF MUSCLES CONTROLLING HIS ANKLE. DOPPLER ULTRASOUND CONFIRMED NO CIRCULATION RELATED CAUSE. HOSPITAL RHEUMATOLOGIST HAS PRESCRIBED PHYSIOTHERAPY AND THE CUSTOMER IS NO LONGER EXPERIENCING ANY PROBLEMS AND EXISTING MEDICAL CONDITIONS ARE STILL TO BE CONFIRMED.",TENS (over-the-counter)
7556818,109647065,N,1,,"PATIENT OUTCOME: PATIENT TREATED WITH STENT IMPLANT, RECOVERING AT HOME FOLLOWING HOSPITAL DISCHARGE 5 DAYS AFTER THE INCIDENT. PATIENT CORRECTIVE ACTION: PATIENT HAS DISCONTINUED USE OF THE DEVICE. MANUFACTURER'S PRELIMINARY ANALYSIS: DEVICE HAS BEEN RETURNED FOR TESTING AND WAS FOUND TO BE OPERATING WITHIN INTENDED SPECIFICATION. INITIAL CORRECTIVE ACTION: DEVICE RETURNED FOR INVESTIGATION. FURTHER INFORMATION REQUESTED TO ENABLE THOROUGH INVESTIGATION AND MEDICAL OPINION TO BE SOUGHT.",TENS (over-the-counter)
7556818,109647066,D,1,,"CUSTOMER PURCHASED THE DEVICE (B)(6) 2017 FOR DIABETIC NEUROPATHY. USED THE DEVICE FOR THE 2ND TIME ON (B)(6) 2017, SETTINGS UNKNOWN. ON THE MORNING OF (B)(6) 2017, JR SUFFERED A HEART ATTACK AND WAS HOSPITALISED. TREATMENT INCLUDED STENT IMPLANT, SPECIFIC LOCATION OF STENT UNKNOWN. (B)(6) DISCHARGED FROM HOSPITAL (B)(6) 2017. RECOVERING WELL AT HOME.",TENS (over-the-counter)
7573488,110222162,D,1,,"NO NOTICEABLE INCIDENT WAS OBSERVED DURING THE FIRST AND ONLY SESSION. LATER THAT NIGHT THE LEFT KNEE SWELLING BEGAN AT HOME. IT WORSENED, AND THEN REDUCED A BIT. IN PHYSICAL THERAPY TODAY, (B)(6), THE LEFT KNEE WAS HOT AND SWOLLEN, WORSE OVER THE PRETIBIAL AREA. THE THERAPIST NOTIFIED THE PHYSICIAN WHO SAW THE PATIENT IN THE EMERGENCY DEPARTMENT. THE PATIENT WAS NOT PUT ON THE REWALK FOR A SESSION ON (B)(6).",Powered exoskeleton
7572849,110224111,D,1,,"PATIENT WITH SPINAL CORD INJURY AND PARAPLEGIA USING EKSO BIONIC GAIT DEVICE ALONG WITH BILATERAL FOREARM CRUTCHES. PER REPORT OF PHYSICAL THERAPIST (PT), WHEN PATIENT ATTEMPTED THE SIT-TO-STAND PROCESS, THE EKSO DEVICE HESITATED. THE PATIENT WAS ASSISTED BACK TO SITTING WHERE THE SIT-TO-STAND PROCEDURE WAS COMPLETED AGAIN AND SUCCESSFUL. THE PATIENT AMBULATED APPROXIMATELY 60 FEET, THEN STATED THAT SHE FELT LIKE HER LEFT HIP WAS HIGHER THAN THE RIGHT HIP. THE PT ASSESSED THE DEVICE NOTING THE LEFT UPPER LEG LENGTH WAS OFF BY ""4"" NOTCHES. PER PT, THIS IS A VERY SMALL ADJUSTMENT. (IT IS UNKNOWN IF THE SETTING WAS INITIALLY OFF BY 4 OR IF THE CHANGE OCCURRED DURING THE ATTEMPTED SIT-TO-STAND PROCESS.) THE PATIENT WAS LOWERED TO SITTING IN CHAIR. THE LEFT LEG WAS RE-SET TO CORRECT SETTINGS. PER REPORT BY PT, THE PATIENT WAS NOTED TO HAVE MILD EDEMA IN RIGHT KNEE, BUT WANTED TO RESUME WALKING/THERAPY. AGAIN, THE PATIENT HAD DIFFICULTY WITH THE SIT-TO-STAND PROCEDURE. PT REPORTED THE DEVICE ""HESITATED"" AND MODERATE ASSISTANCE WAS REQUIRED TO ASSIST PATIENT TO STANDING. AFTER THIS, PATIENT AMBULATED APPROXIMATELY 200 FEET WITH TWO TIMES TO STOP AND RE-START HER GAIT PATTERN. PER THE PT REPORT, THE PATIENT DID CONTINUOUSLY RE-POSITION THE LEFT CRUTCH FOR RIGHT STANCE, AS SHE WAS NOT PLACING THE RIGHT CRUTCH LATERALLY ENOUGH TO ALLOW FULL WEIGHT SHIFT. THE PATIENT REQUIRED MODERATE TO MAX ASSIST WHILE ADVANCING THE LEFT CRUTCH. UP TIME = 27:29 MINUTES. WALK TIME = 14:04 MINUTES. TOTAL STEPS = 334. THE PATIENT COMPLETED PHYSICAL THERAPY. NO INCREASE IN EDEMA WAS NOTED. NO OPEN SKIN ISSUES WERE NOTED. PT REPORTED MILD PRESSURE MARKS ON TIBIAS THAT WENT AWAY WITHIN 2 MINUTES. NO CHANGES WERE APPRECIATED IN SPASTICITY, AND NO OTHER SIGNS AND SYMPTOMS WERE NOTED. FOLLOWING RETURN HOME, THE PATIENT CALLED THE PT TO REPORT SWELLING IN THE RIGHT KNEE. THIS WAS TREATED AT HOME WITH COLD PACK, E-STIM, AND ELEVATION BUT NO IMPROVEMENT WAS NOTED. THE NEXT DAY, THE PATIENT FOLLOWED UP WITH ORTHOPEDICS. IMAGING WAS COMPLETED SHOWING A RIGHT TIBIAL PLATEAU FRACTURE. THE PT ASSISTING THE PATIENT DENIED ANY ALARMS OR OTHER CONCERNS WITH THE EQUIPMENT. THE ONLY CONCERN NOTED WAS THE HESITATION WITH THE SIT TO STAND PROCEDURE THAT REQUIRED MODERATE ASSISTANCE TO GET THE PATIENT TO A STANDING POSITION. IN INTERVIEWS WITH THE PT INVOLVED, IT WAS REPORTED THE PATIENT HAS A ""STANDING PROGRAM"" AT HOME WHERE LONG LEG SPLINTS ARE USED.",Powered exoskeleton
7626734,111934448,D,1,,ON MONDAY THE (B)(6) 2018 WE HAD A TEST SESSION WITH THE PATIENT. THERE WERE NO PROBLEMS WITH THE TEST SESSION. LATER AT HOME THE PATIENT NOTICED THAT SOMETHING IS NOT RIGHT WITH HIS LEFT HIP. PATIENT INFORMED US TODAY THAT HE IS IN THE HOSPITAL AND WAS OPERATED ON HIS FRACTURED LEFT HIP HEAD.,Powered exoskeleton
7635320,112239969,D,1,,"THE CUSTOMER WAS USING THE DEVICE AND A PATIENT HAD IT AT 28 WHILE USING FABRIC TOP BLUEHAND ELECTRODES 2"" ROUND. THEY WERE PLACED WITHIN 4-6 INCHES APART FROM EACH OTHER. THE ELECTRODES WERE NEW AT THE TIME OF THE ACCIDENT. THE BURNS APPEARED IMMEDIATELY AFTER TREATMENT WAS COMPLETED. BURN LASTED TWO WEEKS. THEY DIDN'T SEEK ANY MEDICAL ATTENTION AND NO ALLERGIES WERE REPORTED. THE BURN IS APPROXIMATELY 1/2"" SIZE OVAL BURN. THE SKIN IS FLAKY ON THE OUTER RING, LIGHT PINK ON OUTSIDE OF THIS, THE INSIDE THEN HAS A BROWN/RED RING WITH A YELLOW COLOR ON THE INSIDE WITH A BROWN/RED CENTER. THE USER MANUAL STATES ""THE USE OF ACCESSORIES, TRANSDUCERS AND CABLES THAN THOSE SPECIFIED, WITH THE EXCEPTION OF TRANSDUCERS AND CABLES SOLD BY THE MANUFACTURER AS REPLACEMENT PARTS FOR INTERNAL COMPONENTS, MAY RESULT IN INCREASED EMISSIONS OR DECREASED IMMUNITY OF THE DEVICE. ON PAGE 10 OF THE MANUAL UNDER GENERAL PRECAUTIONS IT STATES THE FOLLOWING: USE THIS DEVICE ONLY WITH THE LEADS, ELECTRODES, AND ACCESSORIES RECOMMENDED BY THE MANUFACTURER. ON PAGE 32 OF THE MANUAL UNDER CAUTION IT STATES THE FOLLOWING: CONNECTION OF ACCESSORIES OTHER THAN THE ONES SPECIFIED BY THE MANUFACTURER CAN ADVERSELY AFFECT THE SAFETY OF THE PATIENT AND CORRECT FUNCTIONING OF THE EQUIPMENT, AND IS THEREFORE NOT PERMITTED. ON PAGE 46 UNDER CAUTION IT STATES THE FOLLOWING: ALWAYS USE THE ELECTRODES WITH CE MARK, OR ARE LEGALLY MARKETED IN THE US UNDER 510(K) PROCEDURE. THE 510(K) FOR THE BLUE HAND ELECTRODES STATES THEY ARE OTC ELECTRODES, NOT CLINICAL GRADE ELECTRODES.",TENS (prescription)
7635574,112284109,D,1,,"THE CUSTOMER WAS USING THE DEVICE AND A PATIENT HAD IT AT 37 WHILE USING FABRIC TOP BLUEHAND ELECTRODES 2"" ROUND. THEY WERE PLACED WITHIN 4-6 INCHES APART FROM EACH OTHER. THE ELECTRODES WERE NEW AT THE TIME OF THE ACCIDENT. THE BURNS APPEARED IMMEDIATELY AFTER TREATMENT WAS COMPLETED. THE BURN HAS LEFT A PERMANENT SCAR. THEY DIDN'T SEEK ANY MEDICAL ATTENTION AND NO ALLERGIES WERE REPORTED. THE FIRST BURN IS ON UPPER RIGHT SIDE OF NECK (BACK OF NECK). IT IS APPROXIMATELY 1/2"" OVAL SHAPE, FLAKY SKIN ON EDGES, PINK RING, THEN A WHITE CENTER WITH A BROWN DOT ON UPPER PORTION. THE SECOND BURN IS APPROXIMATELY 3"" BELOW THE FIRST BURN AND IS ON UPPER RIGHT SIDE OF SPINE ON UPPER SHOULDER AREA AND IS APPROXIMATELY A 1/2"" CIRCLE SHAPE, FLAKY SKIN ON EDGES, PINK RING, WITH A YELLOW/BROWN CENTER. THE THIRD BURN IS 1/2"" BELOW THE SECOND BURN AND IS APPROXIMATELY A 1"" CIRCLE SHAPE, FLAKY SKIN ON EDGES, PINK RING, WITH A DARK BROWN CENTER. THE USER MANUAL STATES ""THE USE OF ACCESSORIES, TRANSDUCERS AND CABLES THAN THOSE SPECIFIED, WITH THE EXCEPTION OF TRANSDUCERS AND CABLES SOLD BY THE MANUFACTURER AS REPLACEMENT PARTS FOR INTERNAL COMPONENTS, MAY RESULT IN INCREASED EMISSIONS OR DECREASED IMMUNITY OF THE DEVICE. ON PAGE 10 OF THE MANUAL UNDER GENERAL PRECAUTIONS IT STATES THE FOLLOWING: USE THIS DEVICE ONLY WITH THE LEADS, ELECTRODES, AND ACCESSORIES RECOMMENDED BY THE MANUFACTURER. ON PAGE 32 OF THE MANUAL UNDER CAUTION IT STATES THE FOLLOWING: CONNECTION OF ACCESSORIES OTHER THAN THE ONES SPECIFIED BY THE MANUFACTURER CAN ADVERSELY AFFECT THE SAFETY OF THE PATIENT AND CORRECT FUNCTIONING OF THE EQUIPMENT, AND IS THEREFORE NOT PERMITTED. ON PAGE 46 UNDER CAUTION IT STATES THE FOLLOWING: ALWAYS USE THE ELECTRODES WITH CE MARK, OR ARE LEGALLY MARKETED IN THE US UNDER 510(K) PROCEDURE. THE 510(K) FOR THE BLUE HAND ELECTRODES STATES THEY ARE OTC ELECTRODES, NOT CLINICAL GRADE ELECTRODES.",TENS (prescription)
7635320,113337112,D,1,,"DEVICE ITEM NUMBER WAS REPORTED INCORRECTLY. DEVICE WAS REPORTED AS A DQ8000 WHEN DEVICE IS ACTUALLY A DQ7000. NOTE: 96321B SUPPLEMENTAL ORIGINALLY SUBMITTED AS ""38"", 96321C SUPPLEMENTAL ORIGINALLY SUBMITTED AS ""40"". 96321D, THIS REPORT, SUBMITTED AS ACTUAL SUPPLEMENTAL TO ""36"". PLEASE REFERENCE GOING FORWARD.",TENS (prescription)
7675654,113620107,N,1,,"THE PT. (CONSUMER) INDICATED HE HAS ATRIAL FIBRILLATION FROM A PREEXISTING CONDITION. THE WARNINGS! SECTION OF THE INSTRUCTIONS FOR USE STATES: DO NOT USE THIS DEVICE IF YOU ARE SUSCEPTIBLE TO RHYTHM DISTURBANCES TO THE HEART UNLESS UNDER THE DIRECTION OF YOUR PHYSICIAN. THE PT. STATED HE PURCHASED THE DEVICE ON THE INTERNET WITHOUT OBTAINING HIS PHYSICIAN'S ADVICE. HE AGREED NOT TO CONTINUE USING THE DEVICE UNTIL HE OBTAINS ADVICE FROM HIS PHYSICIAN. THE PT. STATED HE HAS USED OTHER MANUFACTURERS TENS DEVICES WHICH HE OBTAINED THROUGH HIS PHYSICIAN AT THE (B)(6). THE REPORT WAS NOT A PROBLEM WITH THE DEVICE, THEREFORE, THE DEVICE WAS NOT RETURNED FOR EVALUATION. THE DHR WAS REVIEWED WHICH SHOWED THE DEVICE PERFORMED TO SPECIFICATION WHEN IT WAS MANUFACTURED. THERE ARE NO SIMILAR REPORTS OF ATRIAL FIBRILATION FROM USE OF THE DEVICE. THE CONCLUSION IS THIS IS AN ISOLATED EVENT RELATED TO A PT. PREEXISTING CONDITION AND THE PT. DID NOT READ THE WARNINGS! SECTION OF THE INSTRUCTIONS FOR USE: DO NOT USE THIS DEVICE IF YOU ARE SUSCEPTIBLE TO RHYTHM DISTURBANCES TO THE HEART UNLESS UNDER THE DIRECTION OF YOUR PHYSICIAN.",TENS (over-the-counter)
7675654,113620108,D,1,,I PURCHASED THE DEVICE ON (B)(6) AND I EXPERIENCED ISSUES WITH MY AFIB SHORTLY AFTER THE FIRST USE OF THE DEVICE. I CONTACTED MY PRIMARY CARE PHYSICIAN AT THE (B)(6) TO SEE IF I CAN CONTINUE USING THE DEVICE. I WILL STOP USING THE DEVICE UNTIL MY DOCTOR TELLS ME IF I CAN CONTINUE USING THE DEVICE.,TENS (over-the-counter)
7713118,114800430,N,1,,"WE CHECKED THE DHF AND DMR FOR MT2400, NO PROBLEMS WERE FOUND. AND THE DEVICE HISTORY RECORD WAS EXAMINED FOR THE SUBJECT DEVICE, THERE WERE NO PROBLEMS OBSERVED DURING THE MANUFACTURING OR TESTING NOTED IN THE DHR. WE FOUND THAT THE PATIENT USED A LOWER BRAND AND NON-CLINICAL GRADE ELECTRODES FROM THE COMPLAINT DESCRIPTION, SO WE ASSUMED THAT PATIENTS WAS BURNED DUE TO UNEVEN DISTRIBUTION OF THE NON-STANDARD, NON-CLINICAL GRADE COMMON ELECTRODE. WE HAVE BEEN FOLLOWING UP THIS EVENT AND ASK DISTRIBUTOR FOR MORE INFORMATION TO ANALYSIS.",TENS (prescription)
7713118,114800431,D,1,,"THE CUSTOMER WAS USING THE DEVICE AND A PATIENT HAD IT AT 37 WHILE USING FABRIC TOP BLUEHAND ELECTRODES 2"" ROUND. THEY WERE PLACED WITHIN 4-6 INCHES APART FROM EACH OTHER. THE ELECTRODES WERE NEW AT THE TIME OF THE ACCIDENT. THE BURNS APPEARED IMMEDIATELY AFTER TREATMENT WAS COMPLETED. THE BURN HAS LEFT A PERMANENT SCAR. THEY DIDN'T SEEK ANY MEDICAL ATTENTION AND NO ALLERGIES WERE REPORTED. THE FIRST BURN IS ON UPPER RIGHT SIDE OF NECK (BACK OF NECK). IT IS APPROXIMATELY 1/2"" OVAL SHAPE, FLAKY SKIN ON EDGES, PINK RING, THEN A WHITE CENTER WITH A BROWN DOT ON UPPER PORTION. THE SECOND BURN IS APPROXIMATELY 3"" BELOW THE FIRST BURN AND IS ON UPPER RIGHT SIDE OF SPINE ON UPPER SHOULDER AREA AND IS APPROXIMATELY A 1/2"" CIRCLE SHAPE, FLAKY SKIN ON EDGES, PINK RING, WITH A YELLOW/BROWN CENTER. THE THIRD BURN IS 1/2"" BELOW THE SECOND BURN AND IS APPROXIMATELY A 1"" CIRCLE SHAPE, FLAKY SKIN ON EDGES, PINK RING, WITH A DARK BROWN CENTER. THE TREATMENT WAS IF-4P ACUTE SETTING, ELECTRODES WERE IN THE X PATTERN, THE TREATMENT TIME WAS 5 MINUTES. THE USER MANUAL STATES ""THE USE OF ACCESSORIES, TRANSDUCERS AND CABLES THAN THOSE SPECIFIED, WITH THE EXCEPTION OF TRANSDUCERS AND CABLES SOLD BY THE MANUFACTURER AS REPLACEMENT PARTS FOR INTERNAL COMPONENTS, MAY RESULT IN INCREASED EMISSIONS OR DECREASED IMMUNITY OF THE DEVICE. ON PAGE 10 OF THE MANUAL UNDER GENERAL PRECAUTIONS IT STATES THE FOLLOWING: USE THIS DEVICE ONLY WITH THE LEADS, ELECTRODES, AND ACCESSORIES RECOMMENDED BY THE MANUFACTURER. ON PAGE 32 OF THE MANUAL UNDER CAUTION IT STATES THE FOLLOWING: CONNECTION OF ACCESSORIES OTHER THAN THE ONES SPECIFIED BY THE MANUFACTURER CAN ADVERSELY AFFECT THE SAFETY OF THE PATIENT AND CORRECT FUNCTIONING OF THE EQUIPMENT, AND IS THEREFORE NOT PERMITTED. ON PAGE 46 UNDER CAUTION IT STATES THE FOLLOWING: ALWAYS USE THE ELECTRODES WITH CE MARK, OR ARE LEGALLY MARKETED IN THE US UNDER 510(K) PROCEDURE. THE 510(K) FOR THE BLUE HAND ELECTRODES STATES THEY ARE OTC ELECTRODES, NOT CLINICAL GRADE ELECTRODES.",TENS (prescription)
7722351,115103347,N,1,,"IF INFORMATION IS PROVIDED IN THE FUTURE, A SUPPLEMENTAL REPORT WILL BE ISSUED.",TENS (prescription)
7722351,115103348,D,1,,"INFORMATION WAS RECEIVED FROM A HEALTHCARE PROFESSIONAL (HCP) REGARDING A PATIENT IN A CLINICAL STUDY WITH AN IMPLANTABLE NEUROSTIMULATOR (INS). IT WAS REPORTED THAT THE PATIENT EXPERIENCED HYPERTENSION, NAUSEA, AND VOMITING POST-IMPLANT PROCEDURE. THE PATIENT WAS ADMITTED TO THE HOSPITAL FOR MONITORING OVERNIGHT. THE FOLLOWING MEDICATIONS WERE ADMINISTERED: 30 MG LABETALOL, 5MG IV HYDRALAZINE, 1 MG IV HYDROMORPHONE, 1 MG IV HALOPERIDOL AND MG PO OLANZAPINE. IT WAS NOTED THAT THE BP WAS IN NORMAL RANGE, THE VOMITING CEASED ON (B)(6) 2018, AND THE NAUSEA DECREASED LATER IN THE EVENING. THE PATIENT HAD A POOR APPETITE FOR DAYS PRIOR TO THE SURGERY, A HISTORY OF HYPERTENSION, AND HAD BEEN OFF LISINOPRIL FOR 2 DAYS PRIOR TO THE PROCEDURE. THE PLAN WAS FOR EXTRA DOSE OF AMLODIPINE ON 7/16 PM, THEN CONTINUE HOME DOSE LISINOPRIL, PRN LABETALOL FOR SBP>180, PRN ONDANSETRON IF THE NAUSEA CONTINUED. IT WAS NOTED THAT THE NAUSEA WAS LIKELY RELATED TO THE ANESTHETICS AND OPIATES, AND THE EVENT WAS NOT RELATED TO THE DEVICE OR THERAPY AND RELATED TO THE IMPLANT PROCEDURE/SURGERY/ANESTHESIA. THE PATIENT WAS RELEASED TO GO HOME ON (B)(6) 2018 AND THE EVENT RESOLVED WITHOUT SEQUELAE. NO FURTHER COMPLICATIONS WERE REPORTED/ANTICIPATED.",TENS (prescription)
7752239,116402626,D,1,,"THIS REPORT WAS INITIALLY RECEIVED ON 28-FEB-2018. AT THE TIME, THE CASE WAS ONLY A PTC WITHOUT EVENT AND NOT CLASSIFIED AS INCIDENT (NO CRITERION FOR CASE CREATION). HOWEVER FOLLOWING PTC INVESTIGATION (FINALIZED ON 31-JUL-2018), THE DEVICE ELECTRICAL FINDING HAS BEEN IDENTIFIED AND CLASSIFIED AS INCIDENT, THEREFORE THE CASE HAS BEEN CREATED NOW. THIS SPONTANEOUS CASE WAS REPORTED BY A CONSUMER AND DESCRIBES THE OCCURRENCE OF DEVICE ELECTRICAL FINDING (""OUTPUT VOLTAGE OF THE PRODUCT WAS HIGHER THAN THE ALLOWABLE SPECIFICATION LIMIT"") AND DEVICE MALFUNCTION (""DEVICE WORKED FOR 2 DAYS (DEVICE FLASH GREEN, BUT THERE'S NO OUTPUT FROM THE DEVICE)"") IN A MALE PATIENT WHO RECEIVED ALEVE TENS DEVICE DIRECT THERAPY UNIT (BATCH NO. (B)(4)). ON AN UNKNOWN DATE, THE PATIENT STARTED ALEVE TENS DEVICE DIRECT THERAPY UNIT. ON AN UNKNOWN DATE, THE PATIENT EXPERIENCED DEVICE ELECTRICAL FINDING AND DEVICE MALFUNCTION. QUALITY-SAFETY EVALUATION OF PTC: BASED ON THE TECHNICAL INVESTIGATION, THE INITIALLY REPORTED COMPLAINT WAS FOR THE PRODUCT FAILING TO FUNCTION AFTER 2 DAYS OF USE. THE COMPLAINT SAMPLE WAS RETURNED FOR ANALYSIS AND TESTING. THE RETURNED PRODUCT FAILED THE INITIAL TESTING WHERE ADDITIONAL TESTING WAS PERFORMED BY THE MANUFACTURER. THE INITIAL AND ADDITIONAL EVALUATION OF THE TEST RESULTS SHOWED THAT THE OUTPUT VOLTAGE OF THE PRODUCT WAS HIGHER THAN THE ALLOWABLE SPECIFICATION LIMIT. THE DEVICE HISTORY RECORD WAS REVIEWED FOR TENS SERIAL NUMBER (B)(4) AND REMOTE SERIAL NUMBER (B)(4); THE UNIT PASSED PRINTED CIRCUIT BOARD ASSEMBLY LEVEL TESTING & HIGH LEVEL ASSEMBLY FUNCTIONAL TEST DURING MANUFACTURE WHERE NO DEVIATIONS OR NON-CONFORMANCES WERE NOTED DURING THE MANUFACTURING PROCESS. THE HAZARD ANALYSIS DOCUMENT WAS REVIEWED AND FAILURE MODES ASSOCIATED WITH OUTPUT RESULTING IN CURRENT EXCEEDING MAXIMUM VALUE IS CAPTURED WITHIN THE EXISTING RISK DOCUMENT AND DETERMINED TO BE BROADLY ACCEPTABLE. THOUGH A POTENTIAL EXISTS FOR CONSUMER INJURY OR HARM, THERE WERE NO ADVERSE EVENTS REPORTED WITH THE USE OF THIS DEVICE SERIAL NUMBER. REASON NO CAPA NECESSARY, THE UNIT PASSED HIGH LEVEL ASSEMBLY FUNCTIONAL TEST (TEST STEP SF1) BEFORE BEING SHIPPED. THIS DEFECT WAS NOT INDUCED IN PLEXUS AS THE UNITED TESTED PASS THE SF1 TEST. NO ADVERSE TRENDS FOR THIS FAILURE ANALYSIS TREND WAS OBSERVED. THIS IS THE FIRST CONFIRMED COMPLAINT OF THIS NATURE AND IS CONSIDERED AN ISOLATED INCIDENT SINCE DEFECTS OF THIS NATURE HAVE NOT BEEN PREVIOUSLY CONFIRMED. THIS DEFECT WILL CONTINUE TO BE MONITORED BY BAYER QUALITY ASSURANCE AND FURTHER ACTIONS WILL BE TAKEN IF REQUIRED. A PRODUCT QUALITY DEFECT WAS CONFIRMED. NO ADVERSE EVENTS WERE REPORTED WITH THE USE OF THIS DEVICE SERIAL NUMBER. MOST RECENT FOLLOW-UP INFORMATION INCORPORATED ABOVE INCLUDES: ON 31-JUL-2018: QUALITY-SAFETY EVALUATION OF PTC. EVENTS ARE LISTED IN THE REFERENCE SAFETY INFORMATION FOR ALEVE TENS DEVICE DIRECT THERAPY UNIT. GIVEN THIS DEVICE´S ELECTRICAL NATURE, BOTH EVENTS ARE CONSIDERED RELATED TO PRODUCT. FOLLOWING PTC RESULTS, IT WAS REPORTED THAT OUTPUT VOLTAGE OF THE PRODUCT WAS HIGHER THAN THE ALLOWABLE SPECIFICATION LIMIT, WHICH COULD LEAD TO PATIENT HARM, AND THEREFORE THIS CASE WAS REGARDED AS AN INCIDENT.",TENS (over-the-counter)
7780325,117140380,D,1,,"ON (B)(6) 2018, I ATTENDED AN APPT AT A CHIROPRACTIC CLINIC FOR ELECTRICAL STIMULATION THERAPY AND WAS WEARING AN IWATCH ON MY LEFT ARM WITH THE FACE OF THE WATCH TOWARDS MY WRIST. SHORTLY AFTER THE THERAPY STARTED, I RECEIVED A SHOOTING PAIN WHICH RADIATED FROM MY NECK WHERE THE STIMULATOR PADS WERE PLACED TO MY LEFT WRIST WHERE THE IWATCH WAS LOCATED. IT SUBSIDED AND I CONTINUED THERAPY FOR A FEW MINS. I HAVE SINCE HAD SHOOTING PAINS FROM MY NECK TO MY WRIST AND MUSCLE TWITCHING IN MY NECK WHICH IS MARKEDLY WORSE WHEN I AM WEARING THE IWATCH. AS SUCH, I HAVE STOPPED WEARING THE WATCH AND WILL BE REPORTING IT TO THE CHIROPRACTOR ON MONDAY. I AM A REGISTERED NURSE AND IT REALLY HAS ME CONCERNED, SOMETHING HAPPENED BETWEEN THE ELECTRICAL STIMULATION MACHINE AND THE IWATCH THAT WAS SIGNIFICANT ENOUGH TO EFFECT THE NERVES IN MY ARM NOW 2 DAYS POST TREATMENT. THIS MAY NOT BE THE RIGHT FORUM FOR ME TO RELAY THIS EXPERIENCE BUT I FEEL THAT IT'S IMPORTANT ENOUGH TO HAVE IT DOCUMENTED. I LOVE APPLE PRODUCTS AND HAVE OWNED AN IPHONE FOR MANY YEARS. I'M NOT SAYING THAT IWATCHES SHOULD BE PROHIBITED BUT IT MAY BE GOOD TO CAUTION PEOPLE TO NOT USE THEM WITH ELECTRICAL THERAPIES.",TENS (prescription)
7812323,118099749,D,1,,"THIS SPONTANEOUS CASE WAS REPORTED BY A CONSUMER AND DESCRIBES THE OCCURRENCE OF APPLICATION SITE EROSION (""TOP LAYER OF SKIN IS MISSING ON MY BACK"") AND APPLICATION SITE BURN (""IT BURNED MY BACK"") IN A (B)(6) FEMALE PATIENT WHO RECEIVED ALEVE TENS DEVICE DIRECT THERAPY UNIT (BATCH NO. 625302) FOR LOW BACK PAIN. THE OCCURRENCE OF ADDITIONAL NON-SERIOUS EVENTS IS DETAILED BELOW. OTHER PRODUCT OR PRODUCT USE ISSUES IDENTIFIED: DEVICE STIMULATION ISSUE ""THE DEVICE SHOCKED ME/ OUTPUT SURGED SO STRONGLY"" (SERIOUSNESS CRITERION MEDICALLY SIGNIFICANT) ON (B)(6) 2018, CONTRAINDICATED DEVICE USED ""USED ALEVE TENS WITH HISTORY OF METAL KNEE REPLACEMENT"" AND MEDICAL DEVICE MONITORING ERROR ""USED ALEVE TENS WITH HISTORY OF METAL KNEE REPLACEMENT"". THE PATIENT'S PAST MEDICAL HISTORY INCLUDED KNEE ARTHROPLASTY IN 2015. CONCURRENT CONDITIONS INCLUDED SPINAL COLUMN STENOSIS AND ARTHRITIS. CONCOMITANT PRODUCTS INCLUDED ACETYLSALICYLIC ACID (ASPIRIN) AND PARACETAMOL (TYLENOL) FOR PAIN. ON AN UNKNOWN DATE, THE PATIENT STARTED ALEVE TENS DEVICE DIRECT THERAPY UNIT. ON THE SAME DAY, THE PATIENT EXPERIENCED APPLICATION SITE EROSION (SERIOUSNESS CRITERION MEDICALLY SIGNIFICANT), APPLICATION SITE BURN (SERIOUSNESS CRITERION MEDICALLY SIGNIFICANT), APPLICATION SITE DRYNESS (""MY SKIN IS REALLY DRY NOW""), APPLICATION SITE PAIN (""IT HURTS TO TOUCH MY SKIN"") AND APPLICATION SITE EXFOLIATION (""MY SKIN IS PEELING/ MY SKIN IS FLAKING OFF""). THE PATIENT WAS TREATED WITH CORTISONE. AT THE TIME OF THE REPORT, THE APPLICATION SITE EROSION, APPLICATION SITE BURN, APPLICATION SITE DRYNESS, APPLICATION SITE PAIN AND APPLICATION SITE EXFOLIATION WAS RESOLVING. THE REPORTER CONSIDERED APPLICATION SITE BURN, APPLICATION SITE DRYNESS, APPLICATION SITE EROSION, APPLICATION SITE EXFOLIATION AND APPLICATION SITE PAIN TO BE RELATED TO ALEVE TENS DEVICE DIRECT THERAPY UNIT. THE REPORTER COMMENTED: PATIENT SAID THAT OUTPUT WAS SURGING FROM THE ENTIRE DEVICE AND IT SURGED SO STRONGLY. PATIENT REPORTED THAT SHE COULDN'T SEE HER BACK BUT HAD HER FRIEND LOOK AND THAT WAS HOW SHE KNEW IT WAS BURNT. SHE HAD A KNEE REPLACEMENT BUT SHE DID NOT BELIEVE THE METAL KNEE REPLACEMENT WOULD HAVE CAUSED THIS PROBLEM BUT WAS NOT SURE. SHE DID NOT SEEK MEDICAL ATTENTION. PATIENT SAID THAT SHE FELT AN ACTUAL SHOCK, IT FELT LIKE SHE PUT HER FINGER IN A LIGHT SOCKET PATIENT DID NOT READ THE USER MANUAL. SHE USED THE ALEVE GEL PADS (NEW OUT OF BOX) AND IT FULLY COVERED THE BLACK ELECTRODE AREA. SHE DID NOT USE ANY LUBRICANT OR FOREIGN SUBSTANCES ON GEL PADS OR HER BACK. ORIGINAL BATTERIES WERE USED AND THERE WAS NOT DAMAGE TO THE DEVICE. IT WAS NOT HER FIRST TIME USING THE DEVICE (SHE DID NOT KNOW HOW MANY PRIOR NUMBER OF USES SHE HAD), AND SAID SHE HAD SIMILAR ISSUE DURING PREVIOUS USE. DIAGNOSTIC RESULTS (NORMAL RANGES ARE PROVIDED IN PARENTHESIS IF AVAILABLE): BODY MASS INDEX WAS 27.9 KG/SQM. THE SERIOUS EVENTS IN THIS CASE ARE UNLISTED IN THE REFERENCE SAFETY INFORMATION FOR ALEVE TENS. USE OF ALEVE TENS WITH A HISTORY OF METAL KNEE REPLACEMENT MAY HAVE HYPOTHETICALLY LED TO AN ELECTRICAL CURRENT OVERFLOW. GIVEN THE ELECTRICAL NATURE OF THIS PRODUCT, COMPANY THEREFORE CANNOT EXCLUDE A POSSIBLE CAUSALITY AND ASSESSES EVENTS AS RELATED TO ALEVE TENS. THIS CASE WAS REGARDED AS AN INCIDENT. A PTC INVESTIGATION IS UNDERWAY, AND FURTHER INFORMATION IS EXPECTED.",TENS (over-the-counter)
7837124,119152251,D,1,,"AT APPROX 1:45 PM, THIS INDIVIDUAL WAS RECEIVING THERAPY AT (B)(6). AN E-STIM WAS BEING USED ON HER LEFT SHOULDER TO HER RIGHT KNEE, CURRENTLY. WHEN THE E-STIM WAS ACTIVATED, AN INCREASED SHOCK WAS FELT TO HER LEFT ARM WITH SHARP SHOOTING PAIN TRAVELING UP TO HER NECK AND DOWN TO HER FINGERTIPS. THE SHOCK JERKED HER ARM UPWARD AND SHE YELLED OUT. ONCE THE E-STIM WAS TURNED OFF, THE SHARP PAIN CEASED, BUT HER LEFT ARM WAS STILL STIFF AND TINGLING. THIS WAS REPORTED IMMEDIATELY AND THE E-STIM WAS TAKEN OUT OF SERVICE, AND NOW SEQUESTERED INDEFINITELY. (B)(4) ARE AWARE. RELEVANT THERAPY NOTE: ""ESTIM WAS APPLIED TO L SHOULDER AND R KNEE IN ORDER TO DECREASE PAIN. PARAMETERS: INTERFERENTIAL CURRENT, CV, 4000 HZ, 80/150 HZ, AUTOMATIC VECTOR SCAN, 40%. SHOULDER - 5.8 VOLTS X 13 MINUTES, KNEE 6.8 VOLTS X 10 MINUTES. PT REPORTED SEVERE SHOOTING PAIN / L SHOULDER. AS PER PT, ""ELECTRIC SHOCK PAIN - L HAND TO THE NECK."" DISCONTINUED ELECTRICAL STIMULATION TREATMENT IMMEDIATELY AND APPLIED CRYOTHERAPY TO L SHOULDER AND NECK IN ORDER TO DECREASE ACUTE PAIN. PT REPORTED 7/10 PAIN AFTER THE TREATMENT TODAY. NO CHANGE IN SKIN CONDITION AFTER OR BEFORE APPLICATION OF ESTIM OR AFTER SURGE."" DATES OF USE: (B)(6) 2018, (B)(6) 2018. DIAGNOSIS OR REASON FOR USE: WORK RELATED INJURIES TO SHOULDER AND KNEE.",Powered muscle stimulator
7928077,122453981,N,1,,(B)(4).,Powered exoskeleton
7928077,122453982,D,1,,"PT IS A T4 SCI. SHE HAS A REGULAR STANDING PROGRAM AND WALKS WITH KAFOS. SHE HAD USED THE EKSO LAST (B)(6) 2017 AND DID WELL BUT HAD A R ANKLE SPRAIN AS HER R ANKLE TRIED TO SUPINATE IN THE EKSO. SHE RETURNED TO TRY THE EKSO AGAIN IN (B)(6) 2017 AND THIS TIME HAS BEEN WEARING A R ANKLE BRACE TO PREVENT THIS AND HAS HAD NO ISSUES. SHE HAS BEEN USING THE EKSO 1 X WEEK MOST OF THIS TIME. SHE HAS BEEN DOING WELL WITH NO ISSUES. ON (B)(6) 2018, WE HAD DIFFICULTY WITH SIT TO STAND WITH NOT BEING ABLE TO COMPLETE STANDING. ON THE THIRD ATTEMPT WE WERE ABLE TO LEAN FORWARD MORE AND PUSH UP TO STAND WITH THE DEVICE SLOW TO ACKNOWLEDGE STANDING. PT WAS ABLE TO AMBULATE 60FT. PAUSE DUE TO FEELING OF HIPS BEING OFF. PT ADJUSTED L LEG LENGTH 4 POINTS AS IS WAS SLIGHTLY LONGER THAN THE R. (IN SITTING). AGAIN HAD DIFFICULTY WITH SIT TO STAND, BUT ABLE TO PUSH UP WITH EXTRA ASSIST BY PT AND PT ON 2ND ATTEMPT. ONCE UP PT WAS ABLE TO AMBULATE ANOTHER 100FT. LOWERED TO SIT AND EKSO REMOVED. NOTED R KNEE SWELLING. SWELLING REMAINED OVERNIGHT AND PT SENT TO DR. X-RAY SHOWED R TIBIA PLATEAU FX.",Powered exoskeleton
7722351,122556920,N,1,,"IF INFORMATION IS PROVIDED IN THE FUTURE, A SUPPLEMENTAL REPORT WILL BE ISSUED.",TENS (prescription)
7937827,122835974,D,1,,"THERAPIST APPLIED ELECTRIC STIMULATION TO A PATIENT'S LOWER BACK (EXCEL UNIT, INTERFERENTIAL SETTING 80-150 HZ) COMBINED WITH MOIST HEAT. PATIENT WAS IN SITTING POSITION. I INCREASED THE INTENSITY OF THE ESTIM TO WITHIN PATIENT'S COMFORT LEVEL VERBALIZED TO ME (APPROX. UPPER 30S IN MA) AFTER APPROXIMATELY 3 MINUTES OF TREATMENT, THE PATIENT STATED HE WAS UNCOMFORTABLE (PT. MOTIONED HIMSELF FORWARD IN THE CHAIR) AND THAT THE INTENSITY OF THE MACHINE HAD SUDDENLY INCREASED ON IT'S OWN. I TURNED THE ESTIM MACHINE OFF IMMEDIATELY, NOTING THE INTENSITY WAS AT 55 MA. PATIENT STATED HE WAS OK. I CHECKED PATIENT'S SKIN AT AREA OF THERAPY, WHICH WAS INTACT. PATIENT NOTED THAT LOWER RIGHT PAD WAS THE ONE THAT WAS UNCOMFORTABLE. I ASKED IF PATIENT WANTED TO RESUME REMAINDER OF ESTIM RX OR STOP. PATIENT STATED HE WAS COMFORTABLE WITH CONTINUING THE REMAINDER OF ESTIM RX. I APPLIED NEW ELECTRODES AND UTILIZED THE OTHER SIDE OF THE UNIT FOR ESTIM. PATIENT WAS ABLE TO COMPLETE THE REMAINING 12 MINUTES OF TREATMENT WITHOUT ANY PROBLEMS OR DISCOMFORT. SKIN INTACT POST TREATMENT. UT POST-IT NOTE ON ESTIM MACHINE TO NOT BE USED UNTIL CHECKED BY CLINICAL ENGINEERING. PHONED CLINICAL ENGINEERING TO REPORT THIS AND HAVE ESTIM MACHINE CHECKED.",TENS (prescription)
7956337,123708642,D,1,,"STARTED USING H-WAVE AND HEADACHE INCREASED. FLOATERS STARTED AGAIN IN LEFT EYE, NERVE SENSATIONS ON HEAD AND SCALP WON'T TURN OFF NOW. HAD BEEN BETTER.",TENS (prescription)
7969513,123837194,D,1,,"CUSTOMER STATED THAT HIS TENS UNIT EXPLODED WHILE HE WAS USING IT TO TREAT HIS PERSISTENT NECK PAIN. THE EXPLOSION OCCURRED AT 3AM ON THE MORNING OF MONDAY, (B)(6) 2018 IN THE BEDROOM OF HIS RESIDENCE. HE STATES THAT HE HAS POLICE AND FIRE DEPARTMENT REPORTS. HE STATES THAT HE WAS AWAKENED IN THE WEE-HOURS BY NECK PAIN, AND PROCEEDED TO APPLY THE LEADS TO THE PAINFUL AREA (THE APPROXIMATE SITES SHOWN IN THE UPPER PAIR OF ELECTRODES IN OPTION 1 OF THE ILLUSTRATION FOR NECK PAIN PLACEMENT WHICH ACCOMPANIED THE DEVICE AND INSTRUCTIONS). HE TURNED THE TIME TO C, AND THEN THE INTENSITY TO 12, SETTINGS HE HAD PREVIOUSLY USED MANY TIMES WITH CONSIDERABLE BENEFIT. WHILE HE DID NOT RECORD THE EXACT TIME HE APPLIED THE DEVICE, HE WOULD ESTIMATE IT TO HAVE BEEN AROUND 1:30AM. HE THEN STARTED TO READ HIS RECENT ISSUE OF THE ECONOMIST, WHILE WAITING FOR THE PAIN TO DIMINISH TO A LEVEL WHERE SLEEP WAS POSSIBLE - BU THE ENSUING BANG!, FLASH OF FLAMES AND BILLOWING, ACRID SMOKE DASHED ANY HOPE OF SLEEP FOR THE REST OF THE NIGHT! AS SOON AS HE HAD EXTINGUISHED THE FLAMES, WHICH HE STATES TOOK 30+- SECONDS, AND OPENED WINDOWS TO CLEAR THE ROOM OF SMOKE, HE CALLED 911 AND THE FIRE DEPARTMENT RESPONDED WITHIN MINUTES, THE POLICE MINUTES LATER. THE DEVICE WAS ABOUT 1/3 DESTROYED: WHAT WASN'T DESTROYED WAS SEVERELY SCORCHED, AND MOLTEN CASE AND WIRES WERE BLOWN SOME DISTANCE FROM THE SITE OF THE ACTUAL EXPLOSION, 1/2 OF THE PARTIALLY MELTED BATTERY WAS IMBEDDED IN THE CARPET ABOUT 4 FEET AWAY. WHILE HE STATES HE WAS ONLY THE LENGTH OF THE ELECTRODE WIRES AWAY FROM THE DEVICE WHEN IT BLEW, HE WAS NOT SERIOUSLY INJURED. HE REPORTS AN ""ACID BURN"" ON THE LOWER PART OF HIS RIGHT ARM, ACCORDING TO THE FIRE CHIEF. THE DEVICE IS CURRENTLY IN POSSESSION OF THE INSURANCE COMPANY FOR INVESTIGATION.",TENS (prescription)
7722351,123990810,N,1,,"IF INFORMATION IS PROVIDED IN THE FUTURE, A SUPPLEMENTAL REPORT WILL BE ISSUED.",TENS (prescription)
7999293,124953319,D,1,,"WHEN INSPECTING UNIT AT DEPARTMENT OPENING, IT WAS NOTED THE SEAT WAS NOT WORKING PROPERLY. THE UNIT WAS PULLED OUT OF SERVICE FOR BIOMED INSPECTION PRIOR TO ANY PATIENT USE.",Powered exercise equipment (incl. CPM)
8008538,125096381,D,1,,"THIS SPONTANEOUS CASE WAS REPORTED BY A LAWYER AND DESCRIBES THE OCCURRENCE OF MEDICAL DEVICE SITE BURN (""HORRIBLE BURNS/SKIN GOT BURNED AT THE APPLICATION SITE"") IN A (B)(6)YEAR-OLD FEMALE PATIENT WHO RECEIVED ALEVE TENS DEVICE DIRECT THERAPY UNIT FOR SCIATICA. OTHER PRODUCT OR PRODUCT USE ISSUES IDENTIFIED: DEVICE USE ISSUE ""ALEVE TENS USED FOR SCIATICA PAIN"" ON (B)(6) 2018 AND DEVICE MALFUNCTION ""DEVICE MALFUNCTION"". MEDICAL CONDITIONS: NO CONCOMITANT DRUGS. ON AN UNKNOWN DATE, THE PATIENT STARTED ALEVE TENS DEVICE DIRECT THERAPY UNIT. ON (B)(6) 2018, THE PATIENT EXPERIENCED MEDICAL DEVICE SITE BURN (SERIOUSNESS CRITERION MEDICALLY SIGNIFICANT) WITH MEDICAL DEVICE SITE ERYTHEMA AND MEDICAL DEVICE SITE PAIN. THE PATIENT WAS TREATED WITH NAPROXEN SODIUM (ALEVE CAPLET). AT THE TIME OF THE REPORT, THE MEDICAL DEVICE SITE BURN HAD NOT RESOLVED. THE REPORTER CONSIDERED MEDICAL DEVICE SITE BURN TO BE RELATED TO ALEVE TENS DEVICE DIRECT THERAPY UNIT. THE REPORTER COMMENTED: SCIATICA PAIN DIAGNOSED IN (B)(6) 2018. IT WAS THE FIRST TIME PATIENT USED THE ALEVE TENS. PATIENT CAREFULLY READ THE INSTRUCTIONS. DEVICE PURCHASED ON (B)(6) 2018 AND USED ON THE SAME DAY (30 MINUTES CYCLE DURING THE NIGHT). WHILE SHE WAS IN THE SHOWER IN THE MORNING ON (B)(6) 2018, SHE NOTICED THE AREAS WHERE THE GEL PAD WAS BEING SENSITIVE. LATER ON WHEN SHE LOOKED AT THE MIRROR SHE NOTICED THAT IT WAS RED AND BURNED. ACCORDING TO PATIENT NO EXCESSIVE OR UNUSUAL DEVICE OUTPUT NOTICED DURING TREATMENT, NO LUBRICANT OR FOREIGN SUBSTANCES OR CLEANING AGENTS USED ON THE GEL PAD AND DEVICE WAS NOT DAMAGED. GEL PADS LOT NUMBER AND EXPIRATION DATE UNKNOWN. DIAGNOSTIC RESULTS (NORMAL RANGES ARE PROVIDED IN PARENTHESIS IF AVAILABLE): BODY MASS INDEX WAS 20.7 KG/SQM. MOST RECENT FOLLOW-UP INFORMATION INCORPORATED ABOVE INCLUDES: ON(B)(6) 2018: THIS CASE BECAME POTENTIAL LEGAL CASE AND DEVICE MALFUNCTION WAS ADDED AS EVENT. THIS (B)(6)-YEAR-OLD FEMALE PATIENT USED ALEVE TENS DEVICE DIRECT THERAPY UNIT FOR SCIATICA PAIN AND EXPERIENCED MEDICAL DEVICE SITE BURN. THE EVENT IS UNLISTED IN REFERENCE SAFETY INFORMATION FOR SUSPECT PRODUCT. CONSIDERING PROBABLE TEMPORAL RELATIONSHIP, RELATION OF THE SITE OF APPLICATION AND THE ELECTRIC NATURE OF THIS DEVICE, COMPANY CANNOT EXCLUDE CAUSALITY OF SUSPECT PRODUCT. THIS CASE WAS REGARDED AS INCIDENT.",TENS (over-the-counter)
8094646,128255685,D,1,,"THIS SPONTANEOUS CASE WAS REPORTED BY A CONSUMER AND DESCRIBES THE OCCURRENCE OF DEVICE MATERIAL ISSUE (""I THINK IT GOT HOT OR WARM, I'M NOT SURE"") IN AN ADULT MALE PATIENT WHO RECEIVED ALEVE TENS DEVICE DIRECT THERAPY UNIT FOR PAIN. ON AN UNKNOWN DATE, THE PATIENT STARTED ALEVE TENS DEVICE DIRECT THERAPY UNIT. ON AN UNKNOWN DATE, THE PATIENT NOTICED DEVICE MATERIAL ISSUE (SERIOUSNESS CRITERIA MEDICALLY SIGNIFICANT) . IT WAS UNKNOWN WHETHER ANY ACTION WAS TAKEN WITH ALEVE TENS DEVICE DIRECT THERAPY UNIT. AT THE TIME OF THE REPORT, THE DEVICE MATERIAL ISSUE OUTCOME WAS UNKNOWN. THE REPORTER PROVIDED NO CAUSALITY ASSESSMENT FOR DEVICE MATERIAL ISSUE WITH ALEVE TENS DEVICE DIRECT THERAPY UNIT. FURTHER COMPANY FOLLOW-UP WITH THE CONSUMER IS NOT POSSIBLE. MOST RECENT FOLLOW-UP INFORMATION INCORPORATED ABOVE INCLUDES: ON 14-NOV-2018: UPON INTERNAL REVIEW OF INFORMATION ORIGINALLY RECEIVED ON 14-NOV-2018. THE EVENT OF I THINK IT GOT HOT OR WARM, I'M NOT SURE WAS UPGRADED TO INCIDENT EVENT. DEVICE MATERIAL ISSUE IS LISTED ACCORDING ALEVE TENS DEVICE DIRECT THERAPY UNIT AND RELATED TO THE DEVICE DUE TO FORMAL REASONS. AT THE TIME OF REPORTING, THERE IS NO EVIDENCE THAT A DEVICE-RELATED DEFECT OR MALFUNCTION CAUSED A DEATH OR SERIOUS INJURY. HOWEVER THERE WAS A POTENTIAL FOR HARM TO THE PATIENT IF THE DEVICE ISSUE HAPPENED WHILE IT WAS ATTACHED TO THE SKIN. THIS CASE WAS REGARDED AS INCIDENT.",TENS (over-the-counter)
8145105,129749680,D,1,,"THE USER BROKE HIS TIBIA, THERE IS NO ADDITIONAL DATA REPORTED TILL NOW.",Powered exoskeleton
8145104,129749687,D,1,,"THE USER BROKE HIS TIBIA, THERE IS NO ADDITIONAL DATA REPORTED TILL NOW.",Powered exoskeleton
8139663,129898171,N,1,,A FOLLOW-UP REPORT WILL BE SUBMITTED UPON COMPLETION OF EVALUATION.,Powered muscle stimulator
8139663,129898172,D,1,,"IT WAS REPORTED THAT THE ""DEVICE BURNED A HOLE ON THE SIDE OF THE UNIT."" FURTHER INFORMATION HAS BEEN REQUESTED.",Powered muscle stimulator
8152426,129967275,N,1,,"BASED ON EVALUATION TESTING OF THE DEVICE, THERE IS NO PROBLEM WITH THE DEVICE AS IT MEETS ALL FUNCTIONAL TEST SPECIFICATIONS. THE ELECTRODE; LEAD WIRES; ACCESSORIES IN USE WITH THE DEVICE DID SHOW HEAVY WEAR AND UNEXPECTED CHANGES IN ""RESITANCE"" WHEN MEASURED. THE RESITANCE CHANGE IN THE WIRE WOULD LEAD TO A CHANGE IN OUTPUT OF THE STIMULATOR. THE RESITANCE CHANGE IN THE LEAD WIRE IS THE MOST PLAUSIBLE EXPLANATION FOR THE REPORTED EVENT, AS A CHANGE IN RESITANCE COULD LEAD TO AN UNEXPECTED CHANGE IN OUTPUT TO THE PATIENT, WHICH COULD ""CASUE"" HIGHER THAN INTENDED ENERGY LEVELS RESULTING IN BURNS. THE ""MANUFCATURE"" PUBLISHES LEAD CORD ""MAINTENACNE"" WITH THE DEVICE AND PROVIDES LABELLING WITH THE LEAD CORDS FOR THE USER TO ADD DATE LEAD CORDS WERE PUT INTO SERVICE AND A ""REPLACE BY"" DATE ONE YEAR FROM THE IN SERVICE DATE. FURTHERMORE, THE MANUFACTURE RECOMMENDS LEAD CORDS BE TESTED MONTHLY FOR MAINTENANCE. (B)(4).",Powered muscle stimulator
8152426,129967276,D,1,,"DISTRIBUTOR REPORTED THE FOLLOWING STATEMENT TO COMPASS RICHMAR TECHNICAL SERVICE ON 11/14/2018: ""PATIENT REPORTED INCREASED INTENSITY DURING TREATMENT. TREATMENT WAS STOPPED AND WOULD NOT RESET. REDNESS NOTED NEXT VISIT. WOUND PROGRESSED TO PRESENT WITH BLACK SCAR. 'PATEINT' REFERED TO PCP WHEN NO SIGNIFICANT HEALING OCCURRED. PT TOLD: FULL-THICKNESS (3RD DEGREE) ELECTRICAL BURNS."" LOCATION OF THE INJURY IS ON THE KNEE.",Powered muscle stimulator
8155073,130049061,N,1,,"THE CAUSE FOR THE USER FALL WAS LOSS OF BALANCE; HOWEVER, IT IS NOT CLEAR HOW THE USER LOST HER BALANCE. WITH THE AVAILABLE DATA IT CAN BE CONCLUDED THAT: THE SYSTEM WAS INSPECTED AND NO MALFUNCTION WAS FOUND. THE USER TRIED TO WALK ALONE - WHICH IS AGAINST OUR RECOMMENDATIONS THAT EVERY REWALK USER, NO MATTER HOW SKILLED, SHOULD HAVE A TRAINED REWALK COMPANION ASSIST HIM DURING USE. THE CAUSE FOR THE FALL WAS THE USER'S MOMENTARY LOSS OF BALANCE, PROBABLY WHILE TURNING AROUND TO CLIMB THE STAIRS. A FITTING ADJUSTMENT WAS DONE ABOUT 20 MIN BEFORE THE FALL AND WAS APPROVED BY THE USER - ACCORDING TO THE WW TRAINING MANAGER THIS FITTING COULD MAKE AN IMPACT ON BALANCE BUT IS UNLIKELY TO CAUSE THE FALL.",Powered exoskeleton
8155073,130049062,D,1,,DURING WALKING WITH THE REWALK DEVICE THE PATIENT LOST BALANCE AND FELL BACKWARDS; THE PATIENT (SHE) HIT THE GROUND WITH THE BACK OF HER HEAD. THE HEALTH SITUATION WAS UNCLEAR AND SHE WAS TAKEN TO THE HOSPITAL. THE IMMEDIATE OUTCOME AFTER THE FALL WAS: BRACHIAL PLEXUS STRETCH LEFT AND RIGHT; BRACHIAL PLEXUS COMPRESSION LEFT DUE TO A HEMATOMA; HEADACHE' THE USER WAS HOSPITALIZED AND RELEASED AFTER FEW DAYS.,Powered exoskeleton
8183930,130979149,D,1,,"AFTER TRAINING ON THE REWALK DEVICE THE USER NOTICED THAT HER LEFT KNEE WAS SWOLLEN, AN X-RAY IMAGING TEST IDENTIFIED A TIBIAL PLATEAU FRACTURE.",Powered exoskeleton
8197646,131489855,D,1,,"BURNS [BURNS THIRD DEGREE] ([DEVICE USE ISSUE]). BLISTERS [BLISTER]. SCABS [SCAB]. EXPIRED DEVICE USED [EXPIRED DEVICE USED]. CASE NARRATIVE: INITIAL INFORMATION RECEIVED ON 08-JUN-2018 REGARDING AN UNSOLICITED VALID SERIOUS CASE RECEIVED FROM A CONSUMER FROM UNITED STATES. THIS CASE INVOLVES FEMALE PATIENT WHO EXPERIENCED BURNS, BLISTERS AND SCABS, WHILE SHE WAS USING OF MEDICAL DEVICE SMART RELIEF TENS THERAPY [ICY HOT SMART RELIEF TENS THERAPY BACK STARTER KIT AND EXPIRED DEVICE WAS USED. THE PATIENT'S PAST MEDICAL HISTORY, MEDICAL TREATMENT(S), VACCINATION(S) AND FAMILY HISTORY WERE NOT PROVIDED. ON AN UNKNOWN DATE, THE PATIENT STARTED USING ICY HOT SMART RELIEF TENS THERAPY BACK STARTER KIT (SMART RELIEF TENS THERAPY) DOSAGE UNKNOWN (LOT - 15G115 EXPIRY DATE: 30-SEP-2017 (EXPIRED DEVICE USED). THE PATIENT DEVELOPED AN EVENT OF A SERIOUS BURNS (BURNS THIRD DEGREE) BLISTERS (BURN BLISTER), SCABS (SCAB). THE PATIENT MENTIONED THAT HE HAS TITANIUM RODS IN HIS BACK (DEVICE USE ISSUE) AND HE WAS INFORMED THAT USE OF SMART RELIEF TENS THERAPY WAS NOT RECOMMEND TO CUSTOMERS WITH ANY METAL IMPLANTS, RODS OR CARDIAC PACEMAKERS (DEVICE USE ISSUE). SERIOUSNESS CRITERIA: MEDICALLY SIGNIFICANT FOR ALL EXCEPT EXPIRED DEVICE USED. IT WAS NOT REPORTED IF THE PATIENT RECEIVED A CORRECTIVE TREATMENT. OUTCOME: NOT APPLICABLE FOR DEVICE USE ISSUE; UNKNOWN FOR ALL OTHER EVENTS. QA RESULTS RECEIVED ON 03-AUG-2018 FROM THE QA DEPARTMENT: LOT BATCH NUMBER: 15G115, EXPIRY DATE: 30-SEP-2017, SAMPLE STATUS: NOT AVAILABLE (DEVICE NOT RETURNED). QA FINDINGS REVEALED: A THOROUGH INVESTIGATION ((IHSR, CAPA PROTOCOL AND REVIEW OF (B)(4) [2014]) HAS BEEN DONE TO INVESTIGATE THE LIKELIHOOD OF THE IHSR PRODUCING BURNS IN SOME USERS. THIS INVESTIGATION FOUND THAT IT IS HIGHLY UNLIKELY FOR THE SMART RELIEF TO PRODUCE TISSUE TRAUMA. THE MAXIMUM CURRENT AND POWER DENSITY CALCULATED FOR THE SMARTRELIEF IS A TINY FRACTION OF THE LIMITS IN THE FDA GUIDANCE. THE COMPLETE INVESTIGATION IS LOCATED IN THE DEVICE FILES. IT WAS ALSO REPORTED THAT THE CONSUMER USED THE DEVICE IN THE PRESENCE OF TITANIUM RODS IN HIS BACK. THE WARNINGS ON THE CARTON OF THE DEVICE STATE, DO NOT USE THIS DEVICE UNDER ANY CIRCUMSTANCE IF YOU HAVE A CARDIAC PACEMAKER, IMPLANTED DEFIBRILLATOR, OR OTHER IMPLANTED METALLIC OR ELECTRONIC DEVICE. THE CONSUMER ALSO REPORTED THAT WHEN THEY WERE SWEATING, THE PAD SEEMED TO BE MELTING COMPLETELY. IF THE GEL BECOMES OVER-HYDRATED DUE TO MOISTURE ON THE SKIN OR APPLICATION OF OTHER TOPICALS, IT MAY BEGIN TO CHANGE CONSISTENCY AND PEEL AWAY FROM THE PAD. ADDITIONALLY, THE PROVIDED LOT NUMBER (15G115) INDICATES AN EXPIRY DATE OF 9/30/2017. DEVICES ARE NOT TESTED FOR SAFETY OR EFFICACY BEYOND DATE OF EXPIRY. THE COA FOR ELECTRODE LOT B-14-08-07A CONFIRMED THAT ALL INSPECTION ITEMS WERE PASSED. DEVICE RETURN IS NOT EXPECTED AT THIS TIME; THEREFORE, INVESTIGATION CANNOT PROCEED. ADDITIONAL FOLLOW UP INFORMATION RECEIVED ON 03-AUG-2018 FROM QA DEPARTMENT: QA FINDINGS RECEIVED. ADDITIONAL EVENT - EXPIRED DEVICE ADDED. TEXT AMENDED ACCORDINGLY.",TENS (over-the-counter)
8188569,131938171,N,1,,"BY ANALYZING THE CIRCUIT DESIGN OF DI1010, THE COMPONENT THAT CAUSES EXPLOSION IS CAPACITORS AND BATTERY. WE CONDUCTED A PRINCIPLE ANALYSIS OF THE POSSIBILITY OF EXPLOSION OF CAPACITORS AND BATTERY, ELIMINATING THE POSSIBILITY OF CAPACITORS AND CONFIRMING THE EXPLOSION CAUSED BY THE BATTERY. CSR TEAM FEEDBACK THE END USER USING THE ""GREEN"" BATTERY , BUT WE CHECKED THE OUTER SKIN OF THE BATTERY (TENS CELL) IS OCHER. AND ALSO, FROM THE PHOTO ON THE SCENE, AFTER THE EXPLOSION, WE CAN FOUND THE COLORS OF THE BATTERY THAT REMOVING THE OUTER SKIN PACKAGING IS SILVER. BUT THE TENS CELL BATTERY IS BLACK. BASED ON THE ABOVE ANALYSIS, THE END USER USING THE OTHER BRAND BATTERY TO SUPPLY DEVICE CAUSE THIS EXPLOSION AND DON'T FOLLOW UP THE INSTRUCTION MANUAL CAUTIONS. DURING THE PAGES OF THE 15, SECTIONS 4.1 BATTERY CAUTIONS, WE RECOMMENDS THE USER REPLACE THE SAME TYPE BATTERY. WE CHECKED CSR TEAM TO HELP TO ASK THE END USER FOR BATTERY INFORMATION AND SAMPLES FOR FURTHER ANALYSIS, BUT UP TILL NOW, WE CAN NOT GET IT.",TENS (prescription)
8188569,131938172,D,1,,"CUSTOMER STATED THAT HIS TENS UNIT EXPLODED WHILE HE WAS USING IT TO TREAT HIS PERSISTENT NECK PAIN. THE EXPLOSION OCCURRED AT 3 AM ON THE MORNING OF MONDAY, (B)(6) 2018 IN THE BEDROOM OF HIS RESIDENCE. HE STATES THAT HE HAS POLICE AND FIRE DEPARTMENT REPORTS. HE STATES THAT HE WAS AWAKENED IN THE WEE-HOURS BY NECK PAIN, AND PROCEEDED TO APPLY THE LEADS TO THE PAINFUL AREA (THE APPROXIMATE SITES SHOWN IN THE UPPER PAIR OF ELECTRODES IN OPTION 1 OF THE ILLUSTRATION FOR NECK PAIN PLACEMENT WHICH ACCOMPANIED THE DEVICE AND INSTRUCTIONS). HE TURNED THE TIME TO C, AND THEN THE INTENSITY TO 12, SETTINGS HE HAD PREVIOUSLY USED MANY TIMES WITH CONSIDERABLE BENEFIT. WHILE HE DID NOT RECORD THE EXACT TIME HE APPLIED THE DEVICE, HE WOULD ESTIMATE IT TO HAVE BEEN AROUND 1:30 AM. HE THEN STARTED TO READ HIS RECENT ISSUE OF THE ECONOMIST, WHILE WAITING FOR THE PAIN TO DIMINISH TO A LEVEL WHERE SLEEP WAS POSSIBLE - BU THE ENSUING BANG!, FLASH OF FLAMES AND BILLOWING, ACRID SMOKE DASHED ANY HOPE OF SLEEP FOR THE REST OF THE NIGHT! AS SOON AS HE HAD EXTINGUISHED THE FLAMES, WHICH HE STATES TOOK 30+- SECONDS, AND OPENED WINDOWS TO CLEAR THE ROOM OF SMOKE, HE CALLED 911 AND THE FIRE DEPARTMENT RESPONDED WITHIN MINUTES, THE POLICE MINUTES LATER. THE DEVICE WAS ABOUT 1/3 DESTROYED: WHAT WASN'T DESTROYED WAS SEVERELY SCORCHED, AND MOLTEN CASE AND WIRES WERE BLOWN SOME DISTANCE FROM THE SITE OF THE ACTUAL EXPLOSION, 1/2 OF THE PARTIALLY MELTED BATTERY WAS IMBEDDED IN THE CARPET ABOUT 4 FEET AWAY. WHILE HE STATES HE WAS ONLY THE LENGTH OF THE ELECTRODE WIRES AWAY FROM THE DEVICE WHEN IT BLEW, HE WAS NOT SERIOUSLY INJURED. HE REPORTS AN ""ACID BURN"" ON THE LOWER PART OF HIS RIGHT ARM, ACCORDING TO THE FIRE CHIEF.",TENS (prescription)
8094646,292709260,N,0,,"THIS SPONTANEOUS CASE WAS REPORTED BY A CONSUMER AND DESCRIBES THE OCCURRENCE OF DEVICE MATERIAL ISSUE (""I THINK IT GOT HOT OR WARM, I'M NOT SURE"") IN AN ADULT FEMALE PATIENT WHO RECEIVED ALEVE TENS DEVICE DIRECT THERAPY UNIT FOR PAIN. THE OCCURRENCE OF ADDITIONAL NON-SERIOUS EVENTS IS DETAILED BELOW. ON AN UNKNOWN DATE, THE PATIENT STARTED ALEVE TENS DEVICE DIRECT THERAPY UNIT. THE DEVICE MATERIAL ISSUE (SERIOUSNESS CRITERIA MEDICALLY SIGNIFICANT AND INTERVENTION REQUIRED) AND DEVICE MALFUNCTION (""DEVICE IS NOT TURNING ON AT ALL"") OCCURRED ON AN UNKNOWN DATE. IT WAS UNKNOWN WHETHER ANY ACTION WAS TAKEN WITH ALEVE TENS DEVICE DIRECT THERAPY UNIT. FURTHER COMPANY FOLLOW-UP WITH THE CONSUMER IS NOT POSSIBLE. MOST RECENT FOLLOW-UP INFORMATION INCORPORATED ABOVE INCLUDES: ON 20-NOV-2018: PATIENT'S GENDER AMENDED TO FEMALE. NEW EVENT ADDED: 'DEVICE IS NOT TURNING ON AT ALL' WAS ADDED. DEVICE MATERIAL ISSUE IS LISTED ACCORDING ALEVE TENS DEVICE DIRECT THERAPY UNIT AND RELATED TO THE DEVICE DUE TO FORMAL REASONS. AT THE TIME OF REPORTING, THERE IS NO EVIDENCE THAT A DEVICE-RELATED DEFECT OR MALFUNCTION CAUSED A DEATH OR SERIOUS INJURY. HOWEVER THERE WAS A POTENTIAL FOR HARM TO THE PATIENT IF THE DEVICE ISSUE HAPPENED WHILE IT WAS ATTACHED TO THE SKIN. THIS CASE WAS REGARDED AS INCIDENT.",TENS (over-the-counter)
8094646,292786545,N,0,,"THIS SPONTANEOUS CASE WAS REPORTED BY A CONSUMER AND DESCRIBES THE OCCURRENCE OF DEVICE MATERIAL ISSUE (""I THINK IT GOT HOT OR WARM, I'M NOT SURE"") IN AN ADULT FEMALE PATIENT WHO RECEIVED ALEVE TENS DEVICE DIRECT THERAPY UNIT FOR PAIN. THE OCCURRENCE OF ADDITIONAL NON-SERIOUS EVENTS IS DETAILED BELOW. ON AN UNKNOWN DATE, THE PATIENT STARTED ALEVE TENS DEVICE DIRECT THERAPY UNIT AT AN UNSPECIFIED DOSE AND FREQUENCY. THE DEVICE MATERIAL ISSUE (SERIOUSNESS CRITERIA MEDICALLY SIGNIFICANT AND INTERVENTION REQUIRED) AND DEVICE MALFUNCTION (""DEVICE IS NOT TURNING ON AT ALL"") OCCURRED ON AN UNKNOWN DATE. IT WAS UNKNOWN WHETHER ANY ACTION WAS TAKEN WITH ALEVE TENS DEVICE DIRECT THERAPY UNIT. (B)(4). QUALITY-SAFETY EVALUATION OF PTC: BASED ON THE TECHNICAL INVESTIGATION THE COMPLAINT SAMPLE WAS NOT RETURNED FOR ANALYSIS. A REVIEW OF THE DEVICE HISTORY FOR THIS SERIAL NUMBER WAS CONDUCTED AND NO DEFECTS WERE IDENTIFIED DURING THE MANUFACTURE OF THE DEVICE. THIS PRODUCT TECHNICAL COMPLAINT CANNOT BE CONFIRMED AT THIS TIME. GOOD FAITH ATTEMPTS WERE MADE TO RETRIEVE THE PRODUCT AND/OR OBTAIN PRODUCT INFORMATION HOWEVER NO FURTHER INFORMATION COULD BE OBTAINED. ALL ALEVE DIRECT THERAPY TENS UNITS AND GELPADS ARE MADE IN ACCORDANCE WITH CURRENT GOOD MANUFACTURING PRACTICES AND TO THE APPLICABLE FDA AND ISO REGULATIONS. ALL PRODUCT UNDERGOES 100% INSPECTION AND 100% FUNCTIONAL TESTING AT MULTIPLE POINTS THROUGHOUT THE MANUFACTURING PROCESS WHERE THE ASSOCIATED DATA AND DOCUMENTATION IS REVIEWED TO ENSURE ALL RELEASED PRODUCT MEETS PRODUCT SPECIFICATIONS. WITHOUT A RETURNED SAMPLE, NO FURTHER INVESTIGATION IS POSSIBLE. THIS ISSUE WILL BE MONITORED AND TRENDED TO IDENTIFY POTENTIAL ISSUES. NO COMPLAINT SAMPLE WAS AVAILABLE FOR INVESTIGATION. INVESTIGATION OF DEVICE HISTORY AND ANALYSIS OF PRODUCTION RECORDS CONDUCTED AND THE OUTCOME OF THE INVESTIGATION RESULTED IN AN UNCONFIRMED QUALITY DEFECT. FURTHER COMPANY FOLLOW-UP WITH THE CONSUMER IS NOT POSSIBLE. THE REPORT WAS AMENDED ON (B)(6) 2018 FOR THE FOLLOWING REASON: THE CCC WAS AMENDED, AS THERE WAS NO RETURNED SAMPLE, THIS STATEMENT WAS DELETED. ADDITIONALLY, THE REMOTE SERIAL NUMBER (B)(4) WAS ADDED. NO NEW FOLLOW-UP INFORMATION WAS RECEIVED FROM THE REPORTER. WE RECEIVED SERIAL NUMBER IN THIS CASE. A TECHNICAL INVESTIGATION WILL BE CONDUCTED, INCLUDING A BATCH REVIEW, AND A REVIEW OF COMPLAINT RECORDS AND OTHER NON-CONFORMANCES DATA; SHOULD ANY NEW AND REPORTABLE INFORMATION BECOME AVAILABLE AS A RESULT, THIS WILL BE PROVIDED IN A SUPPLEMENTARY REPORT.",TENS (over-the-counter)
7379632,295802998,D,0,,"THERAPIST STATES SHE ALWAYS USES THE PRESET FOR ACUTE PAIN/4 ELECTRODES. FIRST OUR PRODUCT MANAGER SAID THESE WERE NOT CLINICAL GRADE ELECTRODES BECAUSE WE SELL THE ELECTRODES, THE BRAND ELECTRODES THEY CLAIM TO BE USING. LATER SHE RECANTED AND SAID THEY ALSO PURCHASE ELECTRODES FROM OTHER MANUFACTURERS AND NOW SHE ISN'T SURE. A DAY AFTER THE INITIAL REPORT THE END-USER ADMITS THEY DO NOT KNOW WHICH DEVICE(S) BURNED PATIENTS AS THEY DID NOT KEEP TRACK. THE SERIAL NUMBERS FOR THESE DEVICES ARE (B)(4).",TENS (prescription)
7379632,295966230,D,0,,"DEVICES (B)(4) WERE RETURNED AND INSPECTED ON (B)(6) 2018.  THE WARRANTY SEALS WERE BROKEN ON BOTH DEVICES, NO COSMETIC DEFECTS WERE FOUND, AND BOTH DEVICES TESTED FOR PRODUCT PERFORMANCE AND DETERMINED TO FALL WITHIN THE MANUFACTURER'S SPECIFICATIONS AS DEFINED IN THE PRODUCT USER MANUAL.",TENS (prescription)
8139663,309860768,N,0,,"ONE INTELECT MOBILE 2-CHANNEL STIM INTERNATIONAL STANDARD UNIT WAS RETURNED FOR EVALUATION. THE POWER SUPPLY UNIT (PSU) WAS NOTED TO HAVE BEEN HELD BY ONE SCREW INSTEAD OF TWO AS NORMAL. THIS IS INDICATIVE OF INSUFFICIENT ELECTRICAL INSTALLATION BY THE END USER SITE. THE PSU WAS SHIFTED ON ONE SIDE. THE BURN STARTED BY THE 230 VOLT INPUT. AN INTERNAL METAL STRUCTURAL COMPONENT WAS FOUND TO HAVE RUSTED. THERE IS WHITE RESIDUE IN CONJUNCTION WITH THE RUST, WHICH INDICATES WATER INGRESS HAD OCCURRED. IT IS MOST LIKELY THAT WATER ENTERED THE UNIT, CAUSING A SHORT-CIRCUIT.",Powered muscle stimulator
7297528,310512699,N,0,,"EXEMPTION NUMBER: E2013031. OMRON HEALTHCARE. INC. (IMPORTER) IS SUBMITTING THE REPORT ON BEHALF OF OMRON (DALIAN) CO., LTD. (PLANT 2) (MANUFACTURER). REGISTRATION NUMBER: (B)(4). THE UNIT WAS RETURNED ON 03/07/2018. THE RETURNED UNIT WAS EVALUATED BY IMPORTER (U.S AGENT) AND IT PASSED THE INITIAL EVALUATION. THE CUSTOMER RETURNED UNIT WAS THEN SENT TO THE DEVICE MANUFACTURER FOR FURTHER INVESTIGATION. HERE IS THE SUMMARY OF THE MANUFACTURER DEVICE INVESTIGATION: THE UNIT WAS TESTED AND IT PASSED ALL SPECIFICATION TESTS. THE MANUFACTURER REVIEWED THE QA TEST DATA AND COMPLAINT HISTORY FOR SIMILAR ISSUES. NO ISSUE OR INCREASING TREND WAS NOTED. IT WAS DETERMINED THAT USER MISUSE OF THE DEVICE CAUSED THIS EVENT. THE INSTRUCTION MANUAL INCLUDES THE INSTRUCTIONS RELATED TO THE USE OF THE DEVICE WITH IMPLANTED METALLIC OR ELECTRONIC DEVICE. THE RISK ANALYSIS DOCUMENT WAS REVIEWED AND IT WAS DETERMINED THAT NO UPDATE TO RISK MANAGEMENT DOCUMENTS IS REQUIRED. SINCE THERE WAS NO ISSUE FOUND WITH RETURNED DEVICE; FURTHER INVESTIGATION AND CORRECTION IS NOT NECESSARY.",TENS (over-the-counter)
7300559,311427822,N,0,,"EXEMPTION NUMBER: E2013031. OMRON HEALTHCARE. INC. (IMPORTER) IS SUBMITTING THE REPORT ON BEHALF OF OMRON (DALIAN) CO., LTD. (PLANT 2) (MANUFACTURER). REGISTRATION NUMBER: (B)(4). THE UNIT WAS RETURNED ON 02/27/2018. THE RETURNED UNIT WAS EVALUATED BY IMPORTER (U.S AGENT). THEN THE CUSTOMER RETURNED DEVICE WAS SENT TO THE DEVICE MANUFACTURER FOR FURTHER INVESTIGATION. HERE IS THE SUMMARY OF THE MANUFACTURER DEVICE INVESTIGATION: THE MANUFACTURER APPLIED 3.0 V WITH STABILIZED POWER SUPPLY, BUT THE DEVICE WOULD NOT TURN ON. WHEN THE UNIT WAS DISASSEMBLED AND THE INTERNAL PARTS CHECKED; THE FUSE WAS FOUND TO BE BLOWN. BASED ON FURTHER TESTING, IT WAS DETERMINED THAT THE FUSE HAD BLOWN DUE TO INCREASE OF CONSUMPTION CURRENT INSIDE THE CPU. THE SEVERITY OF HARM OF THIS MALFUNCTION IS JUDGED TO BE ""NONE"" BECAUSE THE MAIN UNIT DOES NOT OPERATE DUE TO DISCONNECTION OF THE FUSE. THEREFORE, CORRECTION IS UNNECESSARY. THE MANUFACTURER WAS UNABLE TO PERFORM FURTHER TESTING. THE STATE OF PRODUCT WAS POSSIBLY CHANGED DURING TRANSPORTATION FROM IMPORTER TO MANUFACTURER. THE MANUFACTURER REVIEWED THE QA TEST DATA AND COMPLAINT HISTORY FOR SIMILAR ISSUES. NO ISSUE OR INCREASING TREND WAS NOTED. THE RISK ANALYSIS DOCUMENT WAS REVIEWED AND IT WAS DETERMINED NO UPDATE TO RISK MANAGEMENT DOCUMENTS IS REQUIRED. THE COMPLAINT COULD NOT BE CONFIRMED. NO FURTHER INVESTIGATION REQUIRED.",TENS (over-the-counter)
7635574,311829469,D,0,,"DEVICE ITEM NUMBER WAS REPORTED INCORRECTLY. DEVICE WAS REPORTED AS A DQ8000 WHEN DEVICE IS ACTUALLY A DQ7000. NOTE: 96322B SUPPLEMENTAL ORIGINALLY SUBMITTED AS ""39"". 96322C, THIS REPORT, SUBMITTED AS ACTUAL SUPPLEMENTAL TO ""37"". PLEASE REFERENCE GOING FORWARD.",TENS (prescription)
7812323,311963573,N,0,,"THIS SPONTANEOUS CASE WAS REPORTED BY A CONSUMER AND DESCRIBES THE OCCURRENCE OF APPLICATION SITE EROSION (""TOP LAYER OF SKIN IS MISSING ON MY BACK"") AND APPLICATION SITE BURN (""IT BURNED MY BACK"") IN A 75-YEAR-OLD FEMALE PATIENT WHO RECEIVED ALEVE TENS DEVICE DIRECT THERAPY UNIT (BATCH NO. 625302) FOR LOW BACK PAIN. THE OCCURRENCE OF ADDITIONAL NON-SERIOUS EVENTS IS DETAILED BELOW. OTHER PRODUCT OR PRODUCT USE ISSUES IDENTIFIED: DEVICE STIMULATION ISSUE ""THE DEVICE SHOCKED ME/ OUTPUT SURGED SO STRONGLY"" (SERIOUSNESS CRITERION MEDICALLY SIGNIFICANT) ON (B)(6) 2018, MEDICAL DEVICE MONITORING ERROR ""USED ALEVE TENS WITH HISTORY OF METAL KNEE REPLACEMENT"" AND CONTRAINDICATED DEVICE USED ""USED ALEVE TENS WITH HISTORY OF METAL KNEE REPLACEMENT"". THE PATIENT'S MEDICAL HISTORY INCLUDED KNEE ARTHROPLASTY IN 2015. CONCURRENT CONDITIONS INCLUDED SPINAL COLUMN STENOSIS AND ARTHRITIS. CONCOMITANT PRODUCTS INCLUDED ACETYLSALICYLIC ACID (ASPIRIN) AND PARACETAMOL (TYLENOL) FOR PAIN. ON (B)(6) 2018, THE PATIENT RECEIVED ALEVE TENS DEVICE DIRECT THERAPY UNIT, A FEW MINUTES. ON (B)(6) 2018, THE PATIENT EXPERIENCED APPLICATION SITE EROSION (SERIOUSNESS CRITERION MEDICALLY SIGNIFICANT), APPLICATION SITE BURN (SERIOUSNESS CRITERION MEDICALLY SIGNIFICANT), APPLICATION SITE DRYNESS (""MY SKIN IS REALLY DRY NOW""), APPLICATION SITE PAIN (""IT HURTS TO TOUCH MY SKIN"") AND APPLICATION SITE EXFOLIATION (""MY SKIN IS PEELING/ MY SKIN IS FLAKING OFF""). THE PATIENT WAS TREATED WITH CORTISONE. AT THE TIME OF THE REPORT, THE APPLICATION SITE EROSION, APPLICATION SITE BURN, APPLICATION SITE DRYNESS, APPLICATION SITE PAIN AND APPLICATION SITE EXFOLIATION WAS RESOLVING. THE REPORTER CONSIDERED APPLICATION SITE BURN, APPLICATION SITE DRYNESS, APPLICATION SITE EROSION, APPLICATION SITE EXFOLIATION AND APPLICATION SITE PAIN TO BE RELATED TO ALEVE TENS DEVICE DIRECT THERAPY UNIT. THE REPORTER COMMENTED: PATIENT SAID THAT OUTPUT WAS SURGING FROM THE ENTIRE DEVICE AND IT SURGED SO STRONGLY. PATIENT REPORTED THAT SHE COULDN'T SEE HER BACK BUT HAD HER FRIEND LOOK AND THAT WAS HOW SHE KNEW IT WAS BURNT. SHE HAD A KNEE REPLACEMENT BUT SHE DID NOT BELIEVE THE METAL KNEE REPLACEMENT WOULD HAVE CAUSED THIS PROBLEM BUT WAS NOT SURE. SHE DID NOT SEEK MEDICAL ATTENTION. PATIENT SAID THAT SHE FELT AN ACTUAL SHOCK, IT FELT LIKE SHE PUT HER FINGER IN A LIGHT SOCKET PATIENT DID NOT READ THE USER MANUAL. SHE USED THE ALEVE GEL PADS (NEW OUT OF BOX) AND IT FULLY COVERED THE BLACK ELECTRODE AREA. SHE DID NOT USE ANY LUBRICANT OR FOREIGN SUBSTANCES ON GEL PADS OR HER BACK. ORIGINAL BATTERIES WERE USED AND THERE WAS NOT DAMAGE TO THE DEVICE. IT WAS NOT HER FIRST TIME USING THE DEVICE (SHE DID NOT KNOW HOW MANY PRIOR NUMBER OF USES SHE HAD), AND SAID SHE HAD SIMILAR ISSUE DURING PREVIOUS USE. DIAGNOSTIC RESULTS (NORMAL RANGES ARE PROVIDED IN PARENTHESIS IF AVAILABLE): BODY MASS INDEX WAS 27.9 KG/SQM. QUALITY-SAFETY EVALUATION OF PTC: BASED ON THE TECHNICAL INVESTIGATION THE PURPORTED DEVICE WAS RETURNED TO BAYER. ALL DEVIATIONS AND NON-CONFORMANCES HAVE ALSO BEEN REVIEWED BY BAYER QUALITY ASSURANCE TO IDENTIFY POTENTIAL PRODUCT QUALITY CONCERNS, WITH NONE IDENTIFIED FOR ANY RELEASED LOT. A REVIEW OF THE DEVICE HISTORY FOR THIS SERIAL NUMBER WAS CONDUCTED AND NO DEFECTS WERE IDENTIFIED DURING THE MANUFACTURE OF THE DEVICE THE RETURNED UNIT WAS TESTED AND NO DEFECTS WERE IDENTIFIED. ALL ALEVE DIRECT THERAPY TENS UNITS AND GELPADS ARE MADE IN ACCORDANCE WITH CURRENT GOOD MANUFACTURING PRACTICES AND TO THE APPLICABLE FDA AND ISO REGULATIONS. ALL PRODUCT UNDERGOES 100% INSPECTION AND 100% FUNCTIONAL TESTING AT MULTIPLE POINTS THROUGHOUT THE MANUFACTURING PROCESS WHERE THE ASSOCIATED DATA AND DOCUMENTATION IS REVIEWED TO ENSURE ALL RELEASED PRODUCT MEETS PRODUCT SPECIFICATIONS. THE PTC INVESTIGATION WAS CONDUCTED AND THE OUTCOME OF THE INVESTIGATION RESULTED IN AN UNCONFIRMED QUALITY DEFECT. MOST RECENT FOLLOW-UP INFORMATION INCORPORATED ABOVE INCLUDES: ON 11-DEC-2018: THE PRODUCT TECHNICAL COMPLAINT INVESTIGATION WAS CONDUCTED AND THE OUTCOME OF THE INVESTIGATION RESULTED IN AN UNCONFIRMED QUALITY DEFECT. SAMPLE WAS PROVIDED FOR EVALUATION. WE RECEIVED A SERIAL NUMBER ((B)(4)) AND RETURNED SAMPLE IN THIS CASE. A TECHNICAL INVESTIGATION WILL BE CONDUCTED, INCLUDING A BATCH REVIEW, AND A REVIEW OF COMPLAINT RECORDS AND OTHER NON-CONFORMANCES DATA; SHOULD ANY NEW AND REPORTABLE INFORMATION BECOME AVAILABLE AS A RESULT, THIS WILL BE PROVIDED IN A SUPPLEMENTARY REPORT.",TENS (over-the-counter)
7812323,311964599,N,0,,"THIS SPONTANEOUS CASE WAS REPORTED BY A CONSUMER AND DESCRIBES THE OCCURRENCE OF APPLICATION SITE EROSION (""TOP LAYER OF SKIN IS MISSING ON MY BACK"") AND APPLICATION SITE BURN (""IT BURNED MY BACK"") IN A 75-YEAR-OLD FEMALE PATIENT WHO RECEIVED ALEVE TENS DEVICE DIRECT THERAPY UNIT (BATCH NO. 625302) FOR LOW BACK PAIN. THE OCCURRENCE OF ADDITIONAL NON-SERIOUS EVENTS IS DETAILED BELOW. OTHER PRODUCT OR PRODUCT USE ISSUES IDENTIFIED: DEVICE STIMULATION ISSUE ""THE DEVICE SHOCKED ME/ OUTPUT SURGED SO STRONGLY"" (SERIOUSNESS CRITERION MEDICALLY SIGNIFICANT) ON (B)(6) 2018, MEDICAL DEVICE MONITORING ERROR ""USED ALEVE TENS WITH HISTORY OF METAL KNEE REPLACEMENT"" AND CONTRAINDICATED DEVICE USED ""USED ALEVE TENS WITH HISTORY OF METAL KNEE REPLACEMENT"". THE PATIENT'S PAST MEDICAL HISTORY INCLUDED KNEE ARTHROPLASTY IN 2015. CONCURRENT CONDITIONS INCLUDED SPINAL COLUMN STENOSIS AND ARTHRITIS. CONCOMITANT PRODUCTS INCLUDED ACETYLSALICYLIC ACID (ASPIRIN) AND PARACETAMOL (TYLENOL) FOR PAIN. FROM (B)(6) 2018, THE PATIENT RECEIVED ALEVE TENS DEVICE DIRECT THERAPY UNIT, A FEW MINUTES. ON (B)(6) 2018, THE PATIENT EXPERIENCED APPLICATION SITE EROSION (SERIOUSNESS CRITERION MEDICALLY SIGNIFICANT), APPLICATION SITE BURN (SERIOUSNESS CRITERION MEDICALLY SIGNIFICANT), APPLICATION SITE DRYNESS (""MY SKIN IS REALLY DRY NOW""), APPLICATION SITE PAIN (""IT HURTS TO TOUCH MY SKIN"") AND APPLICATION SITE EXFOLIATION (""MY SKIN IS PEELING/ MY SKIN IS FLAKING OFF""). THE PATIENT WAS TREATED WITH CORTISONE. AT THE TIME OF THE REPORT, THE APPLICATION SITE EROSION, APPLICATION SITE BURN, APPLICATION SITE DRYNESS, APPLICATION SITE PAIN AND APPLICATION SITE EXFOLIATION WAS RESOLVING. THE REPORTER CONSIDERED APPLICATION SITE BURN, APPLICATION SITE DRYNESS, APPLICATION SITE EROSION, APPLICATION SITE EXFOLIATION AND APPLICATION SITE PAIN TO BE RELATED TO ALEVE TENS DEVICE DIRECT THERAPY UNIT. THE REPORTER COMMENTED: PATIENT SAID THAT OUTPUT WAS SURGING FROM THE ENTIRE DEVICE AND IT SURGED SO STRONGLY. PATIENT REPORTED THAT SHE COULDN'T SEE HER BACK BUT HAD HER FRIEND LOOK AND THAT WAS HOW SHE KNEW IT WAS BURNT. SHE HAD A KNEE REPLACEMENT BUT SHE DID NOT BELIEVE THE METAL KNEE REPLACEMENT WOULD HAVE CAUSED THIS PROBLEM BUT WAS NOT SURE. SHE DID NOT SEEK MEDICAL ATTENTION. PATIENT SAID THAT SHE FELT AN ACTUAL SHOCK, IT FELT LIKE SHE PUT HER FINGER IN A LIGHT SOCKET PATIENT DID NOT READ THE USER MANUAL. SHE USED THE ALEVE GEL PADS (NEW OUT OF BOX) AND IT FULLY COVERED THE BLACK ELECTRODE AREA. SHE DID NOT USE ANY LUBRICANT OR FOREIGN SUBSTANCES ON GEL PADS OR HER BACK. ORIGINAL BATTERIES WERE USED AND THERE WAS NOT DAMAGE TO THE DEVICE. IT WAS NOT HER FIRST TIME USING THE DEVICE (SHE DID NOT KNOW HOW MANY PRIOR NUMBER OF USES SHE HAD), AND SAID SHE HAD SIMILAR ISSUE DURING PREVIOUS USE. DIAGNOSTIC RESULTS (NORMAL RANGES ARE PROVIDED IN PARENTHESIS IF AVAILABLE): BODY MASS INDEX WAS 27.9 KG/SQM. MOST RECENT FOLLOW-UP INFORMATION INCORPORATED ABOVE INCLUDES: ON 3-OCT-2018: DEVICE RETURN RECEIVED FROM PATIENT. MODEL NUMBER ADDED (1613538). THE SERIOUS EVENTS IN THIS CASE ARE UNLISTED IN THE REFERENCE SAFETY INFORMATION FOR ALEVE TENS. USE OF ALEVE TENS WITH A HISTORY OF METAL KNEE REPLACEMENT MAY HAVE HYPOTHETICALLY LED TO AN ELECTRICAL CURRENT OVERFLOW. GIVEN THE ELECTRICAL NATURE OF THIS PRODUCT, COMPANY THEREFORE CANNOT EXCLUDE A POSSIBLE CAUSALITY AND ASSESSES EVENTS AS RELATED TO ALEVE TENS. THIS CASE WAS REGARDED AS AN INCIDENT. A PTC INVESTIGATION IS UNDERWAY, AND FURTHER INFORMATION IS EXPECTED.",TENS (over-the-counter)
8008538,311964900,N,0,,"THIS SPONTANEOUS CASE WAS REPORTED BY A LAWYER AND DESCRIBES THE OCCURRENCE OF MEDICAL DEVICE SITE BURN (""HORRIBLE BURNS/SKIN GOT BURNED AT THE APPLICATION SITE"") IN A 47-YEAR-OLD FEMALE PATIENT WHO RECEIVED ALEVE TENS DEVICE DIRECT THERAPY UNIT (BATCH NO. T0K6M8) FOR SCIATICA. OTHER PRODUCT OR PRODUCT USE ISSUES IDENTIFIED: DEVICE USE ISSUE ""ALEVE TENS USED FOR SCIATICA PAIN"" ON (B)(6) 2018 AND DEVICE MALFUNCTION ""DEVICE MALFUNCTION"". MEDICAL CONDITIONS: NO CONCOMITANT DRUGS. ON AN UNKNOWN DATE, THE PATIENT STARTED ALEVE TENS DEVICE DIRECT THERAPY UNIT. ON (B)(6)2018, THE PATIENT EXPERIENCED MEDICAL DEVICE SITE BURN (SERIOUSNESS CRITERION MEDICALLY SIGNIFICANT) WITH MEDICAL DEVICE SITE ERYTHEMA AND MEDICAL DEVICE SITE PAIN. THE PATIENT WAS TREATED WITH NAPROXEN SODIUM (ALEVE CAPLET). AT THE TIME OF THE REPORT, THE MEDICAL DEVICE SITE BURN HAD NOT RESOLVED. THE REPORTER CONSIDERED MEDICAL DEVICE SITE BURN TO BE RELATED TO ALEVE TENS DEVICE DIRECT THERAPY UNIT. THE REPORTER COMMENTED: SCIATICA PAIN DIAGNOSED IN (B)(6) 2018. IT WAS THE FIRST TIME PATIENT USED THE ALEVE TENS. PATIENT CAREFULLY READ THE INSTRUCTIONS. DEVICE PURCHASED ON (B)(6) 2018 AND USED ON THE SAME DAY (30 MINUTES CYCLE DURING THE NIGHT). WHILE SHE WAS IN THE SHOWER IN THE MORNING ON (B)(6) 2018, SHE NOTICED THE AREAS WHERE THE GEL PAD WAS BEING SENSITIVE. LATER ON WHEN SHE LOOKED AT THE MIRROR SHE NOTICED THAT IT WAS RED AND BURNED. ACCORDING TO PATIENT NO EXCESSIVE OR UNUSUAL DEVICE OUTPUT NOTICED DURING TREATMENT, NO LUBRICANT OR FOREIGN SUBSTANCES OR CLEANING AGENTS USED ON THE GEL PAD AND DEVICE WAS NOT DAMAGED. GEL PADS LOT NUMBER AND EXPIRATION DATE UNKNOWN. DIAGNOSTIC RESULTS (NORMAL RANGES ARE PROVIDED IN PARENTHESIS IF AVAILABLE): BODY MASS INDEX WAS 20.7 KG/SQM. QUALITY-SAFETY EVALUATION OF PTC: BASED ON THE TECHNICAL INVESTIGATION THE UNIT WAS RECEIVED BY THE MANUFACTURER WHO CONCLUDED THAT THE UNIT WAS RETESTED AND ABLE TO PASS SF1 AND THERE WERE NO COSMETIC DEFECTS OBSERVED. AN INVESTIGATION OF THE REPORTED CONDITION WAS PERFORMED. THE DEVICE HISTORY RECORD (DHR) WAS REVIEWED AND NO ABNORMAL PROCESS CONDITIONS WERE PRESENT DURING THE MANUFACTURING OF THE PRODUCT THAT COULD HAVE LED TO THE ISSUE DESCRIBED BY THE CUSTOMER. THE DHR REVIEW SHOWED THAT ALL ACCEPTANCE CRITERIA INSPECTIONS PER ESTABLISHED SAMPLING LEVELS WERE WITHIN ACCEPTABLE LIMITS DURING THE PRODUCTION PROCESS. THE ELECTRODES WERE NOT RETURNED IN THE ORIGINAL POUCH BUT WERE SENT IN A CLEAR ZIPLOCK POUCH. THE RETURNED GEL PADS APPEARED USED. THE GEL PADS WERE FOLDED OVER AND STUCK TO THEMSELVES. THERE WERE NO INDICATIONS THE PRODUCT WAS NOT MANUFACTURED PROPERLY DURING THE VISUAL INSPECTION. THE HYDROGEL FELT STICKY WHEN TOUCHED WEARING NITRILE GLOVES. THROUGH THE PRODUCT ANALYSIS OF THE REPORTED CONDITION AS STATED BY THE CUSTOMER, IT HAS BEEN DETERMINED THAT THE PROBABLE ROOT CAUSE IS NOT RELATED TO THE GEL PAD. CORRECTIVE ACTION WILL BE LIMITED TO THE MANUFACTURING AWARENESS. NO FURTHER CORRECTIVE ACTION IS REQUIRED AT THIS TIME. THIS COMPLAINT WILL BE RECORDED FOR TRACKING AND TRENDING. PURPOSES. THE PTC INVESTIGATION WAS CONDUCTED AND THE OUTCOME OF THE INVESTIGATION RESULTED IN AN UNCONFIRMED QUALITY DEFECT. MOST RECENT FOLLOW-UP INFORMATION INCORPORATED ABOVE INCLUDES: ON 9-NOV-2018: QUALITY-SAFETY EVALUATION OF PTC. THIS 47-YEAR-OLD FEMALE PATIENT USED ALEVE TENS DEVICE DIRECT THERAPY UNIT FOR SCIATICA PAIN AND EXPERIENCED MEDICAL DEVICE SITE BURN. THE EVENT IS UNLISTED IN REFERENCE SAFETY INFORMATION FOR SUSPECT PRODUCT. CONSIDERING PROBABLE TEMPORAL RELATIONSHIP, RELATION OF THE SITE OF APPLICATION AND THE ELECTRIC NATURE OF THIS DEVICE, COMPANY CANNOT EXCLUDE CAUSALITY OF SUSPECT PRODUCT. THIS CASE WAS REGARDED AS INCIDENT. PRODUCT TECHNICAL COMPLAINT EVALUATION RESULTED IN AN UNCONFIRMED QUALITY DEFECT.",TENS (over-the-counter)
7812323,311965062,N,0,,"THIS SPONTANEOUS CASE WAS REPORTED BY A CONSUMER AND DESCRIBES THE OCCURRENCE OF APPLICATION SITE EROSION (""TOP LAYER OF SKIN IS MISSING ON MY BACK"") AND APPLICATION SITE BURN (""IT BURNED MY BACK"") IN A 75-YEAR-OLD FEMALE PATIENT WHO RECEIVED ALEVE TENS DEVICE DIRECT THERAPY UNIT (BATCH NO. 625302) FOR LOW BACK PAIN. THE OCCURRENCE OF ADDITIONAL NON-SERIOUS EVENTS IS DETAILED BELOW. OTHER PRODUCT OR PRODUCT USE ISSUES IDENTIFIED: DEVICE STIMULATION ISSUE ""THE DEVICE SHOCKED ME/ OUTPUT SURGED SO STRONGLY"" (SERIOUSNESS CRITERION MEDICALLY SIGNIFICANT) ON (B)(6) 2018, MEDICAL DEVICE MONITORING ERROR ""USED ALEVE TENS WITH HISTORY OF METAL KNEE REPLACEMENT"" AND CONTRAINDICATED DEVICE USED ""USED ALEVE TENS WITH HISTORY OF METAL KNEE REPLACEMENT"". THE PATIENT'S MEDICAL HISTORY INCLUDED KNEE ARTHROPLASTY IN 2015. CONCURRENT CONDITIONS INCLUDED SPINAL COLUMN STENOSIS AND ARTHRITIS. CONCOMITANT PRODUCTS INCLUDED ACETYLSALICYLIC ACID (ASPIRIN) AND PARACETAMOL (TYLENOL) FOR PAIN. ON AN UNKNOWN DATE, THE PATIENT STARTED ALEVE TENS DEVICE DIRECT THERAPY UNIT. ON (B)(6)2018, THE PATIENT EXPERIENCED APPLICATION SITE EROSION (SERIOUSNESS CRITERION MEDICALLY SIGNIFICANT), APPLICATION SITE BURN (SERIOUSNESS CRITERION MEDICALLY SIGNIFICANT), APPLICATION SITE DRYNESS (""MY SKIN IS REALLY DRY NOW""), APPLICATION SITE PAIN (""IT HURTS TO TOUCH MY SKIN"") AND APPLICATION SITE EXFOLIATION (""MY SKIN IS PEELING/ MY SKIN IS FLAKING OFF""). THE PATIENT WAS TREATED WITH CORTISONE. AT THE TIME OF THE REPORT, THE APPLICATION SITE EROSION, APPLICATION SITE BURN, APPLICATION SITE DRYNESS, APPLICATION SITE PAIN AND APPLICATION SITE EXFOLIATION WAS RESOLVING. THE REPORTER CONSIDERED APPLICATION SITE BURN, APPLICATION SITE DRYNESS, APPLICATION SITE EROSION, APPLICATION SITE EXFOLIATION AND APPLICATION SITE PAIN TO BE RELATED TO ALEVE TENS DEVICE DIRECT THERAPY UNIT. THE REPORTER COMMENTED: PATIENT SAID THAT OUTPUT WAS SURGING FROM THE ENTIRE DEVICE AND IT SURGED SO STRONGLY. PATIENT REPORTED THAT SHE COULDN'T SEE HER BACK BUT HAD HER FRIEND LOOK AND THAT WAS HOW SHE KNEW IT WAS BURNT. SHE HAD A KNEE REPLACEMENT BUT SHE DID NOT BELIEVE THE METAL KNEE REPLACEMENT WOULD HAVE CAUSED THIS PROBLEM BUT WAS NOT SURE. SHE DID NOT SEEK MEDICAL ATTENTION. PATIENT SAID THAT SHE FELT AN ACTUAL SHOCK, IT FELT LIKE SHE PUT HER FINGER IN A LIGHT SOCKET. PATIENT DID NOT READ THE USER MANUAL. SHE USED THE ALEVE GEL PADS (NEW OUT OF BOX) AND IT FULLY COVERED THE BLACK ELECTRODE AREA. SHE DID NOT USE ANY LUBRICANT OR FOREIGN SUBSTANCES ON GEL PADS OR HER BACK. ORIGINAL BATTERIES WERE USED AND THERE WAS NOT DAMAGE TO THE DEVICE. IT WAS NOT HER FIRST TIME USING THE DEVICE (SHE DID NOT KNOW HOW MANY PRIOR NUMBER OF USES SHE HAD), AND SAID SHE HAD SIMILAR ISSUE DURING PREVIOUS USE. DIAGNOSTIC RESULTS (NORMAL RANGES ARE PROVIDED IN PARENTHESIS IF AVAILABLE): BODY MASS INDEX WAS 27.9 KG/SQM. QUALITY-SAFETY EVALUATION OF PTC: BASED ON THE TECHNICAL INVESTIGATION THE PURPORTED DEVICE WAS RETURNED TO BAYER. ALL DEVIATIONS AND NON-CONFORMANCES HAVE ALSO BEEN REVIEWED BY BAYER QUALITY ASSURANCE TO IDENTIFY POTENTIAL PRODUCT QUALITY CONCERNS, WITH NONE IDENTIFIED FOR ANY RELEASED LOT. A REVIEW OF THE DEVICE HISTORY FOR THIS SERIAL NUMBER WAS CONDUCTED AND NO DEFECTS WERE IDENTIFIED DURING THE MANUFACTURE OF THE DEVICE THE RETURNED UNIT WAS TESTED AND NO DEFECTS WERE IDENTIFIED. ALL ALEVE DIRECT THERAPY TENS UNITS AND GELPADS ARE MADE IN ACCORDANCE WITH CURRENT GOOD MANUFACTURING PRACTICES AND TO THE APPLICABLE FDA AND ISO REGULATIONS. ALL PRODUCT UNDERGOES 100% INSPECTION AND 100% FUNCTIONAL TESTING AT MULTIPLE POINTS THROUGHOUT THE MANUFACTURING PROCESS WHERE THE ASSOCIATED DATA AND DOCUMENTATION IS REVIEWED TO ENSURE ALL RELEASED PRODUCT MEETS PRODUCT SPECIFICATIONS. THE PTC INVESTIGATION WAS CONDUCTED AND THE OUTCOME OF THE INVESTIGATION RESULTED IN AN UNCONFIRMED QUALITY DEFECT. MOST RECENT FOLLOW-UP INFORMATION INCORPORATED ABOVE INCLUDES: ON 12-FEB-2019: CASE CLOSED. WE RECEIVED A SERIAL NUMBER ((B)(4)) AND RETURNED SAMPLE IN THIS CASE. A TECHNICAL INVESTIGATION WILL BE CONDUCTED, INCLUDING A BATCH REVIEW, AND A REVIEW OF COMPLAINT RECORDS AND OTHER NON-CONFORMANCES DATA; SHOULD ANY NEW AND REPORTABLE INFORMATION BECOME AVAILABLE AS A RESULT, THIS WILL BE PROVIDED IN A SUPPLEMENTARY REPORT.",TENS (over-the-counter)
8197646,312983011,D,0,,"BURNS [BURNS THIRD DEGREE] ([DEVICE USE ISSUE]). BLISTERS. SCABS. EXPIRED DEVICE USED. CASE NARRATIVE: BASED ON THE AMENDMENT RECEIVED ON 09-JAN-2019, ADDITIONAL SERIOUSNESS CRITERIA INTERVENTION REQUIRED WAS MARKED. INITIAL INFORMATION RECEIVED ON 08-JUN-2018 REGARDING AN UNSOLICITED VALID SERIOUS CASE RECEIVED FROM A CONSUMER FROM UNITED STATES. THIS CASE INVOLVES FEMALE PATIENT WHO EXPERIENCED BURNS, BLISTERS AND SCABS, WHILE SHE WAS USING OF MEDICAL DEVICE SMART RELIEF TENS THERAPY [ICY HOT SMART RELIEF TENS THERAPY BACK STARTER KIT AND EXPIRED DEVICE WAS USED. THE PATIENT'S PAST MEDICAL HISTORY, MEDICAL TREATMENT(S), VACCINATION(S) AND FAMILY HISTORY WERE NOT PROVIDED. ON AN UNKNOWN DATE, THE PATIENT STARTED USING ICY HOT SMART RELIEF TENS THERAPY BACK STARTER KIT (SMART RELIEF TENS THERAPY) DOSAGE UNKNOWN (LOT - 15G115 EXPIRY DATE: 30-SEP-2017 (EXPIRED DEVICE USED). THE PATIENT DEVELOPED AN EVENT OF A SERIOUS BURNS (BURNS THIRD DEGREE) BLISTERS (BURN BLISTER), SCABS (SCAB). THE PATIENT MENTIONED THAT HE HAS TITANIUM RODS IN HIS BACK (DEVICE USE ISSUE) AND HE WAS INFORMED THAT USE OF SMART RELIEF TENS THERAPY WAS NOT RECOMMEND TO CUSTOMERS WITH ANY METAL IMPLANTS, RODS OR CARDIAC PACEMAKERS (DEVICE USE ISSUE). SERIOUSNESS CRITERIA: MEDICALLY SIGNIFICANT AND INTERVENTION REQUIRED FOR ALL EXCEPT EXPIRED DEVICE USED. IT WAS NOT REPORTED IF THE PATIENT RECEIVED A CORRECTIVE TREATMENT. OUTCOME: NOT APPLICABLE FOR DEVICE USE ISSUE; UNKNOWN FOR ALL OTHER EVENTS. QA RESULTS RECEIVED ON (B)(6) 2018 FROM THE QA DEPARTMENT: LOT BATCH NUMBER: 15G115, EXPIRY DATE: 30-SEP-2017, SAMPLE STATUS:NOT AVAILABLE (DEVICE NOT RETURNED) QA FINDINGS REVEALED: A THOROUGH INVESTIGATION (RICHARD WILLIS, CAPA PROTOCOL AND REVIEW OF IHSR [2014]) HAS BEEN DONE TO INVESTIGATE THE LIKELIHOOD OF THE IHSR PRODUCING BURNS IN SOME USERS. THIS INVESTIGATION FOUND THAT IT IS HIGHLY UNLIKELY FOR THE SMART RELIEF TO PRODUCE TISSUE TRAUMA. THE MAXIMUM CURRENT AND POWER DENSITY CALCULATED FOR THE SMARTRELIEF IS A TINY FRACTION OF THE LIMITS IN THE FDA GUIDANCE. THE COMPLETE INVESTIGATION IS LOCATED IN THE DEVICE FILES. IT WAS ALSO REPORTED THAT THE CONSUMER USED THE DEVICE IN THE PRESENCE OF TITANIUM RODS IN HIS BACK. THE WARNINGS ON THE CARTON OF THE DEVICE STATE, DO NOT USE THIS DEVICE UNDER ANY CIRCUMSTANCE IF YOU HAVE A CARDIAC PACEMAKER, IMPLANTED DEFIBRILLATOR, OR OTHER IMPLANTED METALLIC OR ELECTRONIC DEVICE. THE CONSUMER ALSO REPORTED THAT WHEN THEY WERE SWEATING, THE PAD SEEMED TO BE MELTING COMPLETELY. IF THE GEL BECOMES OVER-HYDRATED DUE TO MOISTURE ON THE SKIN OR APPLICATION OF OTHER TOPICALS, IT MAY BEGIN TO CHANGE CONSISTENCY AND PEEL AWAY FROM THE PAD. ADDITIONALLY, THE PROVIDED LOT NUMBER (15G115) INDICATES AN EXPIRY DATE OF 9/30/2017. DEVICES ARE NOT TESTED FOR SAFETY OR EFFICACY BEYOND DATE OF EXPIRY. THE COA FOR ELECTRODE LOT B-14-08-07A CONFIRMED THAT ALL INSPECTION ITEMS WERE PASSED. DEVICE RETURN IS NOT EXPECTED AT THIS TIME; THEREFORE, INVESTIGATION CANNOT PROCEED. THIS SUSPECTED ADVERSE REACTION REPORT IS SUBMITTED AND CLASSIFIED AS A MEDICATION ERROR SOLELY AND EXCLUSIVELY TO ENSURE THE MARKETING AUTHORIZATION HOLDER'S COMPLIANCE WITH THE REQUIREMENTS SET OUT IN DIRECTIVE 2001/83/EC AND MODULE VI OF THE GOOD PHARMACOVIGILANCE PRACTICES. THE CLASSIFICATION AS A MEDICAL ERROR IS IN NO WAY INTENDED, NOR SHOULD IT BE INTERPRETED OR CONSTRUED AS AN ALLEGATION OR CLAIM MADE BY THE MARKETING AUTHORIZATION HOLDER THAT ANY THIRD PARTY HAS CONTRIBUTED TO OR IS TO BE HELD LIABLE FOR THE OCCURRENCE OF THIS MEDICATION ERROR. ADDITIONAL FOLLOW UP INFORMATION RECEIVED ON 03-AUG-2018 FROM QA DEPARTMENT: QA FINDINGS RECEIVED. ADDITIONAL EVENT EXPIRED DEVICE ADDED. TEXT AMENDED ACCORDINGLY.",TENS (over-the-counter)
8188569,313527066,N,0,,"WE GOT THE FEEDBACK FROM CSR TEAM THAT THE END USER USE THE RECHARGEABLE BATTERY WHICH IS NOT RECOMMENDED BY US. THE DEVICE IS TO BE USED WITH A 9.0 V ALKALINE BATTERY, TYPE: 6LR61 WHICH IS STATED IN USER MANUAL, WHILE THE END USER USE THE NI-MH RECHARGEABLE BATTERY, 250 MAH 9V.",TENS (prescription)
8308514,135150018,D,1,,"AN INSURANCE COMPANY CALLED (B)(4), (B)(6) 2019. THE INSURANCE COMPANY DEFENDING A CASE REGARDING A INTENSITY IF COMBO DEVICE, DI4738 - THEY REQUESTED ASSISTANCE PROVING THIS DEVICE CANNOT CAUSE ATRIAL FIBRILLATION IN A PATIENT. THEY ARE ATTEMPTING TO PROVE THE PHYSICAL THERAPIST USING THIS DEVICE WAS NEGLIGENT IN USING IT. THE INSURANCE COMPANY CALLED TO SEE IF ANYONE IN OUR COMPANY CAN DISPUTE CAUSATION & IS LOOKING FOR SOMEONE TO TESTIFY AND DEFEND THAT THE DEVICE CANNOT CAUSE ATRIAL FIBRILLATION IN A PATIENT. NO ALLEGED PRODUCT PROBLEM IS BEING REPORTED AT THIS TIME (AS MENTIONED ABOVE, THE INSURANCE COMPANY IS ATTEMPTING TO PROVE THE PHYSICAL THERAPIST USING THIS DEVICE WAS NEGLIGENT IN USING IT). NO FURTHER DETAILS REGARDING THE USER'S CONDITION BEFORE OR REGARDING THIS ALLEGED EVENT AVAILABLE AT THIS TIME.",TENS (prescription)
8297054,136875209,D,1,,"THE UNIT DID NOT CONTRACT DURING NMES TREATMENT. THE UNIT WAS TURNED UP TO 100 MA WITH NO EFFECT; THE UNIT WAS TURNED BACK DOWN TO 50 MA, THE PATIENT EXPERIENCED WHAT SHE DESCRIBED AS SWEEPING PAIN UP HER BODY THROUGH HER TORSO. A CHECK CONNECTIONS ERROR DISPLAYED PRIOR TO THE EVENT ON CHANNEL 2. PT USED REUSABLE SELF-ADHESIVE ORIGINAL ELECTRODES. PATIENT HAS EXPERIENCED AN ELEVATED HEART RATE SINCE THE EVENT. PATIENT NOTED THE FOLLOWING: PAIN, NOTED TENSION IN LOW TO MID BACK AND NAUSEA AT THE END OF SESSION, BUT THIGH AND BACK PAIN HAD EASED SOME. SINCE THE EVENT, THE PATIENT HAS REPORTED AN ELEVATED HEART RATE BEYOND HER USUAL VALUE (WHICH SHE STATES IS USUALLY IN 70-72 BPM RANGE AND REPORTED PCP CONFIRMED) ALONG WITH DISCOMFORT IN HER LOW AND MID BACK. ON (B)(6) 2017: THE PATIENT NOTED MILD HEADACHE, FELT HER HEART RATE WAS ELEVATED AND VITALS AS FOLLOWS: HR 104 BPM, BP 140/80 MMHG (1ST READING) AND THEN 130/70 MMHG (SECOND READING), RESPIRATORY RATE 12 CYCLES PER MINUTE. ON (B)(6) 2017: RESTING HEART RATE 92 BPM, BLOOD PRESSURE 135/80 MM HG, NO BURN MARKS NOTED UNDER ELECTRODE SITES, BUT MUSCLE TENDERNESS AND GUARDING IN THE LUMBAR, THORACIC AND CERVICAL REGIONS. ON (B)(6) 2017: VIA PHONE CONVERSATION, THE PATIENT STATED HAD FOLLOW-UP APPOINTMENT WITH PCP WHO ORDERED EKG WHICH SHOWED A CHANGE VS. THE ONE PERFORMED PRIOR TO SURGERY AND PCP DEEMED IT ""NOT SIGNIFICANT"" BUT WAS SENDING TO CARDIOLOGIST FOR FURTHER CONSULT. ON (B)(6) 2017: HER HEART RATE WAS 86 BPM, AND BP 128/82 MMHG. ON (B)(6) 2017: SHE STATED SHE WENT TO EMERGENCY ROOM (HR 108 BPM) AND WAS FITTED WITH HOLTER MONITOR AND WOULD UNDERGO A STRESS TEST. ON (B)(6) 2017: PT WAS SCHEDULED FOR A PHYSICAL THERAPY EVALUATION TO TREAT HER SPINAL COMPLAINTS BUT THE PATIENT CANCELED AS HER HEART RATE HAD CLIMBED AGAIN AND DID NOT FEEL SHE COULD PHYSICALLY HANDLE THE DEMANDS OF THE EVALUATION. ON (B)(6) 2017: VIA PHONE, PATIENT REPORTED CONTINUED CARDIAC ISSUES WITH HR 120 BPM. ON (B)(6) 2017: REPORTED CONTINUES TO WEAR HOLTER MONITOR, HAD STRESS TEST AND CT SCAN (RESULTS NOT KNOWN) AND WOULD BE CONSULTING WITH CARDIOLOGIST.",Powered muscle stimulator
8366615,137252027,D,1,,"REPORTER ALLEGES USED THIS DEVICE IN THE MORNING FOR ABOUT 3 MINUTES, STARTING WITH LOW STIMULATIONS AND INCREASING STIMULATIONS GRADUALLY. AFTER 3 MINUTES, SHE EXPERIENCED SHOOTING PAIN IN HER HEART AND TURNED OFF THE DEVICE. SHE WENT TO TAKE A SHOWER, WHILST TAKING A SHOWER SHE FELT NUMBER AT HER LEFT SIDE AND THOUGHT SHE WAS GOING TO HAVE A HEART ATTACK. HER DAUGHTER HELPED CALL 911. THE PARAMEDICS CAME AND ACCESSED HER BY TAKING HER VITALS SAID SHE WAS FINE AND IT WAS AN ANXIETY/PANIC ATTACK. THE PARAMEDICS SAID SHE HAS TRIED TO RETURN THE DEVICE. REPORTER ADVISED SHE HAS TRIED TO RETURN THE DEVICE AND SPOKE TO THE (B)(6). SHE IS WAITING FOR RMA NUMBER TO RETURN THE DEVICE.",Powered muscle stimulator
8366460,137314808,D,1,,"THIS DEVICE REQUIRES YOU TO GRIP IT ONE HAND THEN THE OTHER FOR A 12 MINUTE ROUTINE AS HARD AS YOU CAN. THIS DEVICE HAS INJURED THE LOWER PART OF THE THUMB WHERE THE THUMB IS THICKEST AND CONNECTS TO THE HAND. AWAITING AN APPOINTMENT WITH A HAND SURGEON. THE MANUFACTURER RECOMMENDS USING THIS PRODUCT FOR A MINIMUM OF 5 DAYS PER WEEK-ONE PER DAY. THEY SAY DO THIS FOR 12 WEEKS. I DID EXACTLY THIS , I STOPPED USING IT (B)(6) 2018. AS I WRITE, IT IS VERY PAINFUL FOR ME TO HOLD A PEN OR TO DO SIMPLE TASKS LIKE UNSCREWING A JAR TOP . MOST TIMES MY THUMBS HURT WHEN NOT USING THEM. I ASKED THE MANUFACTURER FOR MY MONEY BACK AND THEY REFUSED.",Powered exercise equipment (incl. CPM)
8394098,138085404,D,1,,"ATTACHED TENS OTC UNIT TO MY BACK AS USUAL AND POWERED IT ON. RECEIVED A PAINFUL, STUNNING SHOCK. UNIT WOULDN¿T POWER OFF AND I COULDN¿T REMOVE IT MYSELF DUE TO MUSCLE SPASMS, UNTIL THE DEVICE SPONTANEOUSLY CHANGED TO AN INTERMITTENT MODE. THE INTENSITY SETTING WAS AT 1, THE LOWEST LEVEL. DEVICE: ACCURELIEF ACRL-9100, COMPASS HEALTH BRANDS, CAREX HEALTH BRANDS LOT: SZ1510799. PAD EXP 31/05/2020.",Powered muscle stimulator
8540056,143033800,N,1,,"DETAILED AND PRECISE INFORMATION ABOUT EVENT AND PATIENT INFORMATION FROM CUSTOMER IS STILL MISSING. WE HAVE ATTEMPTED TO GET ADDITIONAL INFORMATION FROM CUSTOMER SEVERAL TIMES VIA EMAIL AND PHONE, BUT UNTIL NOW, INFORMATION WAS NOT PROVIDED. FURTHER ANALYSIS ACCORDING TO INSPECTION DETAILS ARE THEREFORE ONGOING. ROOT CAUSE ANALYSIS IS NOT COMPLETED.",Powered exercise equipment (incl. CPM)
8540056,143033801,D,1,,"DURING A TREATMENT SESSION (GAIT REHABILITATION), THE YOKE (ATTACHMENT POINT OF THE PATIENT HARNESS) OF THE MEDICAL DEVICE (BODY WEIGHT SUPPORT (BWS) LIGHT) CAME LOOSE AND FELL OFF. THE PATIENT DID NOT GET INJURED. POSSIBLE RISK IS THAT THE YOKE DURING TREATMENT CAN DETACH AND FALL TO THE PATIENT HEAD FROM DISTANCE OF ABOUT 15 CM, WHICH CAN BE VERY DANGEROUS FOR SPECIFIC PATIENT POPULATION (PATIENTS AFTER RECENT CRANIOTOMY/CRANIECTOMY SURGERY). IT IS IMPORTANT TO NOTE THAT PATIENT HARNESS IS ALSO ATTACHED TO A SAFETY LINE TO PREVENT PATIENTS FROM FALLING, AND THIS SAFETY SYSTEM WAS NOT AFFECTED AND STAYED OPERATIONAL THROUGHOUT.",Powered exercise equipment (incl. CPM)
8707008,148278872,D,1,,PATIENT HAD A SMALL SHOCK FROM EQUIPMENT. EQUIPMENT WAS SEQUESTERED AND RETIRED BECAUSE OF AGE OF UNIT.,Powered muscle stimulator
8795403,151200394,N,1,,THIS COMPLAINT WAS FOUND ON THE INTERNET DURING POSTMARKET SURVEILLANCE OF ANONYMOUS CUSTOMER REVIEWS WITH LIMITED INFORMATION PROVIDED FOR AN INVESTIGATION.,TENS (over-the-counter)
8795403,151200395,D,1,,SOME TIMES WILL INCREASE THE PAIN.,TENS (over-the-counter)
8796178,151265286,N,1,,THIS COMPLAINT WAS FOUND ON THE INTERNET DURING POSTMARKET SURVEILLANCE OF ANONYMOUS CUSTOMER REVIEWS WITH LIMITED INFORMATION PROVIDED FOR AN INVESTIGATION.,TENS (over-the-counter)
8796178,151265290,D,1,,"THESE ARE THIN. THEY DON'T ADHERE WELL. AND, THEY ARE SO UNEVEN THAT YOU END UP WITH HORRIBLE SHOOTING PAINS IN SOME AREAS WHILE USING THEM. I APPRECIATE THE PRICE, BUT VERY UNHAPPY THAT THEY'RE NOT RETURNABLE. THEIR INCONSISTENCY MAKES THEM UNUSABLE FOR ME. I DON'T RECOMMEND THESE.",TENS (over-the-counter)
8816734,151946755,N,1,,THIS COMPLAINT WAS FOUND ON THE INTERNET DURING POSTMARKET SURVEILLANCE OF ANONYMOUS CUSTOMER REVIEWS WITH LIMITED INFORMATION PROVIDED FOR AN INVESTIGATION. THE CERTIFICATES OF COMPLIANCE FOR THE GEL PADS WERE REVIEWED BY THE QMS MANAGEMENT REPRESENTATIVE FOR A PERIOD OF TWO YEARS PRIOR TO THE DATE OF THE ANNONYMOUS CUSTOMER REVIEW DATE SHOWN ON THE INTERNET. THIS REVIEW SHOWED THE GEL PADS WERE SUPPLIED TO SPECIFICATION.,TENS (over-the-counter)
8816734,151946756,D,1,,"THESE PADS MADE MY BACK BREAK OUT AND BURN AND STING. I WILL NEVER ORDER AGAIN, BUT I NOTICED THEY ARE NOT BEING MADE ANYMORE. THE ORIGINAL ONES I GOT FROM SHARPER IMAGE DID NOT HAVE THIS EFFECT NON MY BACK.",TENS (over-the-counter)
8816732,151946776,N,1,,THIS COMPLAINT WAS FOUND ON THE INTERNET DURING POSTMARKET SURVEILLANCE OF ANONYMOUS CUSTOMER REVIEWS WITH LIMITED INFORMATION PROVIDED FOR AN INVESTIGATION. THE CERTIFICATES OF COMPLIANCE FOR THE GEL PADS WERE REVIEWED BY THE QMS MANAGEMENT REPRESENTATIVE FOR A PERIOD OF TWO YEARS PRIOR TO THE DATE OF THE ANONYMOUS CUSTOMER REVIEW DATE SHOWN ON THE INTERNET. THIS REVIEW SHOWED THE GEL PADS WERE SUPPLIED TO SPECIFICATION.,TENS (over-the-counter)
8816732,151946777,D,1,,THESE PADS ARE APPARENTLY NOT LATEX FREE. AFTER SEVERAL USES MY BACK BECAME RED AND IRRITATED WHERE THE PADS HAD BEEN.,TENS (over-the-counter)
8843245,152760785,N,1,,THIS COMPLAINT WAS FOUND ON THE INTERNET DURING POSTMARKET SURVEILLANCE OF ANONYMOUS CUSTOMER REVIEWS WITH LIMITED INFORMATION PROVIDED FOR AN INVESTIGATION. THE CERTIFICATES OF COMPLIANCE FOR THE GEL PADS WERE REVIEWED BY THE QMS MANAGEMENT REPRESENTATIVE FOR A PERIOD OF TWO YEARS PRIOR TO THE DATE OF THE ANONYMOUS CUSTOMER REVIEW DATE SHOWN ON THE INTERNET. THIS REVIEW SHOWED THE GEL PADS WERE SUPPLIED TO SPECIFICATION.,TENS (over-the-counter)
8843245,152760786,D,1,,THE PADS ARE FINE BUT THEY GIVE ME A BAD RASH AND OTHERS MAY EXPERIENCE THAT AS WELL.,TENS (over-the-counter)
8992816,158638813,D,1,,"I WAS SUPPLIED WITH A TENS UNIT BY (B)(6) (THROUGH MY PHYSICAL THERAPIST'S OFFICE) IN APPROX (B)(6) OF 2018. MY INSURANCE COMPANY PAID FOR THE UNIT. SHORTLY AFTER I RECEIVED THE UNIT, I BEGAN RECEIVING MONTHLY SUPPLIES OF BATTERIES, EXTRA CORDS, AND ELECTRODE PATCHES. MY INSURANCE WAS BILLED MONTHLY FOR THESE SUPPLIES ($(B)(6)). THE BATTERIES WERE DEFECTIVE, ESSENTIALLY ALL OF THEM WERE DEAD. I WOULD PUT THEM INTO THE TENS UNIT, AND IF IT WAS A GOOD DAY, THE BATTERY WOULD WORK FOR 10 SECONDS. OTHER BATTERIES DIDN'T WORK AT ALL. NOT ONLY THAT, THE QUALITY OF THE ELECTRODE PATCHES WAS SO POOR THAT THEY DIDN'T ADHERE TO MY SKIN FOR LONGER THAN 30 MINS. THESE SUPPLIES WERE ESSENTIALLY UNUSABLE. EACH MONTH, I WOUND UP BUYING MY OWN ELECTRODES, AND ALSO PURCHASED RECHARGEABLE 9-VOLT BATTERIES (THROUGH (B)(6)). I PAID APPROX $(B)(6) FOR THE SAME AMOUNT, IF NOT MORE, ELECTRODES THAN THIS COMPANY SENT ME. I CONTACTED THE COMPANY ON A NUMBER OF OCCASIONS, AND LEFT MESSAGES. THEY DID NOT INITIALLY CALL ME BACK. THEN THEY DID CALL ME BACK, AND I EXPLAINED TO THEM THAT THE SUPPLIER THEY WERE SENDING WERE DEFECTIVE. I ALSO TOLD THEM THAT I THOUGHT THEY WERE COMMITTING INSURANCE FRAUD BECAUSE THERE WAS NO WAY THAT THESE SUPPLIES WERE WORTH WHAT THEY WERE BILLING, NOR WHAT THE INSURANCE WAS PAYING FOR THEM (SINCE I MANAGED TO GET THE SAME SUPPLIES FOR SUBSTANTIALLY LESS MONEY; I WOULD ESTIMATE THE SAME SUPPLIES COST APPROX $(B)(6) A MONTH WHEN ALL IS SAID AND DONE). I SPOKE WITH A PERSON IN BILLING, AND A SALES MGR. I WROTE THE COMPANY LETTERS IN ADDITION TO THE MESSAGES I LEFT COMPLAINING ABOUT THE DEFECTIVE ITEMS. I DOCUMENTED SOME OF THE CONVERSATIONS, ONE OF WHICH WAS WITH AN EMPLOYEE NAMED ""SUMMER"" ON (B)(6) 2019. I ALSO SENT THE COMPANY A LETTER IN (B)(6) OF 2019. I ALSO SPOKE WITH A WOMAN NAMED (B)(6) AND A MAN NAMED (B)(6) (DOCUMENTED IN MY (B)(6) 2019 LETTER). I ASKED THEM TO STOP BILLING ME FOR THESE PRODUCTS, AND TO STOP SENDING THEM. SINCE THEY SENT ME WORTHLESS MERCHANDISE, AND WERE INFORMED REPEATEDLY, I DO NOT BELIEVE THAT I OWE THEM ANY MONEY. I FACT, WHEN I SPOKE WITH (B)(6), SHE TOLD ME THAT THEY WOULD CORRECT THE CLAIMS THEY SENT TO (B)(6) (THEY NEVER DID THIS AND HAVE CONTINUED TO BILL ME). MY PHYSICAL THERAPIST STOPPED WORKING WITH THE COMPANY BECAUSE SHE RECEIVED NUMEROUS COMPLAINTS OF A SIMILAR NATURE FROM OTHER PTS. THIS COMPANY WILL NOT LEAVE ME ALONE, AND IS NOW THREATENING TO SEND ME TO COLLECTIONS. THEY ARE COMMITTING INSURANCE FRAUD. IF I SENT WORTHLESS MERCHANDISE TO A PERSON, AND THEN BILL AN INSURANCE COMPANY, I AM COMMITTING INSURANCE FRAUD. I TOLD THEM SO. THEY'VE CONTINUED TO BILL ME AS IF THERE HAS NEVER BEEN ANY CONTACT BETWEEN MYSELF AND THEM, AND NOW JEOPARDIZING MY FINANCIAL REPUTATION. TO BE CLEAR, I AM NOT COMPLAINING ABOUT THE TENS UNIT ITSELF (FOR WHICH THE COMPANY WAS PAID); I AM COMPLAINING ABOUT THE QUALITY OF THE SUPPLIES THEY SENT ME, AND CONTINUE TO BILL ME FOR. (B)(6). FDA SAFETY REPORT ID# (B)(4).",TENS (prescription)
8920084,159816573,N,1,,THE DEVICE WAS NOT RETURNED FOR ANALYSIS. WE HAVE BEEN FOLLOWING UP THIS EVENT AND ASK DISTRIBUTOR FOR MORE INFORMATION TO INVESTIGATE.,TENS (prescription)
8920084,159816594,D,1,,"LEGAL DOCUMENTS RECEIVED STATING: IN THE COURSE OF THIS TREATMENT, DEFENDANTS FAILED TO EXERCISE REASONABLE CARE AND WERE NEGLIGENT IN PERFORMING TREATMENT WHILE USING AN ELECTROTHERAPY DEVICE. INTENSITY EX4, MODEL DQ7000. PLAINTIFF CLAIMS SEVERE INJURIES INCLUDING SEVERE BURNS TO HER BACK. ON (B)(6) 2019, PLAINTIFF FILED HER FIRST AMENDED COMPLAINT NAMING (B)(4) AS DEFENDANT ALLEGING THE ELECTROTHERAPY DEVICE USED BY DEFENDANTS FOR PLAINTIFF'S TREATMENT WAS DEFECTIVE AND/OR NOT PROPERLY MAINTAINED. THE CHIROPRACTOR WAS HIRED ON (B)(6) 2018, TO PERFORM MEDICAL SERVICES AND/OR TREATMENT. SAID INJURIES WILL RESULT IN SOME PERMANENT DISABILITY. SHE WILL BE REQUIRED TO HAVE IT EXAMINED, TREATED, AND CARED FOR.",TENS (prescription)
9213525,163020557,D,1,,"THE VARISTIM III NERVE LOCATOR WAS TURNED ON, BUT IT DID NOT APPEAR TO BE FUNCTIONING CORRECTLY. UNABLE TO GET DEVICE TO SUCCESSFULLY STIMULATE. SURGEON AND SURGERY TECHNICIAN ATTEMPTED TO TROUBLESHOOT THE DEVICE, BUT THEY WERE UNABLE TO RETURN THE VARI-STIM TO AN OPERATIONAL STATUS. THE VARISTIM WAS RED BAGGED AND REMOVED FROM SERVICE. THERE WAS NO INJURY TO THE PATIENT AS A RESULT OF THE VARISTIM OPERATIONAL FAILURE. THE DEVICE WAS PICKED UP BY OUR MEDTRONIC REPRESENTATIVE.",TENS (prescription)
9266356,165037473,D,1,,"MY ACUPUNCTURIST USED ALPHA-STIM ON MY EARLOBES FOR 20 MIN. DURING ACUPUNCTURE TREATMENT, I EXPERIENCED INTESTINAL SPASMS AND BLOATING FOR 12 HOURS. ALSO INSOMNIA, REQUIRED 2 F/U ACUPUNCTURE VISITS TO ALLEVIATE SYMPTOMS.",TENS (prescription)
9458764,170729278,D,1,,DURING PATIENT VISIT E-STIM MACHINE USED ON PATIENT. WHEN PATIENT WENT HOME SHE NOTICED 4 DISTINCT BURN MARKS ON HER BACK WHERE THE E-STIM PADS HAD BEEN PLACED. PATIENT WENT TO URGENT CARE WHERE SHE WAS DX WITH PARTIAL THICKNESS BURNS AND SILVADENE DRESSING PLACED ALONG WITH ORDER TO FOLLOW UP WITH HER PCP AND WOUND CARE CLINIC. INITIAL TESTS BY IN-HOUSE BIOMEDICAL ENGINEERING DEPARTMENT ON THE CHATTANOOGA INTELLECT LEGEND XT S: T1117 CONCLUDED ERRATIC WAVEFORMS AND OL ON THE OUTPUTS WITH 2K LOAD. MACHINE LIKELY TO BE SENT TO MANUFACTURER FOR FURTHER EVALUATION. FDA SAFETY REPORT ID # (B)(4).,Powered muscle stimulator
9354148,189885235,N,1,,"NO DEVICE WAS RETURNED FOR EVALUATION. IF THE DEVICE IS RECEIVED, A FOLLOW-UP REPORT WILL BE SUBMITTED UPON COMPLETION OF PRODUCT EVALUATION.",Powered muscle stimulator
9354148,189885236,D,1,,IT WAS REPORTED THAT INTENSITY ON ELECTROSTIMULATION JUMPS UP WITHOUT WARNING DURING TREATMENT. THERE WAS REPORTEDLY NO PATIENT HARM.,Powered muscle stimulator
9354170,189885809,N,1,,"NO DEVICE WAS RETURNED FOR EVALUATION. IF THE DEVICE IS RECEIVED, A FOLLOW-UP REPORT WILL BE SUBMITTED UPON COMPLETION OF PRODUCT EVALUATION.",Powered muscle stimulator
9354170,189885810,D,1,,IT WAS REPORTED THAT INTENSITY ON ELECTROSTIMULATION JUMPS UP WITHOUT WARNING DURING TREATMENT. THERE WAS REPORTEDLY NO PATIENT HARM.,Powered muscle stimulator
9519379,195446643,N,1,,"NO DEVICE WAS RETURNED FOR EVALUATION. IF THE DEVICE IS RECEIVED, A FOLLOW-UP REPORT WILL BE SUBMITTED UPON COMPLETION OF PRODUCT EVALUATION.",Powered muscle stimulator
9519379,195446644,D,1,,"IT WAS REPORTED THAT DURING A TREATMENT, THE INTENSITY ROSE UP TO 30MA AND THEN IMMEDIATELY SHUT OFF"". THERE WAS NO REPORTED PATIENT HARM. NO FURTHER INFORMATION IS CURRENTLY AVAILABLE.",Powered muscle stimulator
9529951,198560956,N,1,,"HEALTH PROFESSIONAL: UNKNOWN. OCCUPATION: UNKNOWN. NO DEVICE WAS RETURNED FOR EVALUATION. IF THE DEVICE IS RECEIVED, A FOLLOW-UP REPORT WILL BE SUBMITTED UPON COMPLETION OF PRODUCT EVALUATION.",Powered muscle stimulator
9529951,198560957,D,1,,"IT WAS REPORTED THAT THE ""E-STIM MACHINE IS JUMPING WITH THE CURRENT BEING DELIVERED. CUSTOMER DOES NOT GET ANY ERROR CODE AND UNIT DOES NOT STOP TREATMENT. THEREFORE, SAFETY FEATURE FAIL TO ACTIVATE."" THERE WAS NO REPORTED PATIENT HARM.",Powered muscle stimulator
9304482,206956173,D,1,,THE PRONG FROM THE MALE END OF THE POWER CORD BROKE OFF AND IS STUCK INTO THE FEMALE END.,TENS (prescription)
9225565,208332472,N,1,,"NO DEVICE WAS RETURNED FOR EVALUATION. IF THE DEVICE IS RECEIVED, A FOLLOW-UP REPORT WILL BE SUBMITTED UPON COMPLETION OF PRODUCT EVALUATION.",Powered muscle stimulator
9225565,208332493,D,1,,"IT WAS REPORTED THAT UPON INCREASING THE INTENSITY, WHILE SET ON STIMULATION, THE UNIT RAISES ALL THE WAY TO ITS MAXIMUM. THE UNIT WAS QUICKLY TURNED OFF AND THERE WAS REPORTEDLY NO PATIENT HARM. NO FURTHER INFORMATION IS CURRENTLY AVAILABLE.",Powered muscle stimulator
9191773,209805730,D,1,,"THE END-USER HAS A DEVICE THAT SEEMS TO BE NOT WORKING. WHEN YOU TURN IT ON, THERE IS A SMELL COMING FROM THE MACHINE THAT SMELLS LIKE BURNING ELECTRONICS. THIS IS JUST AS THE MACHINE IS ON AND NOT THAT YOU HAVE PROGRAMMED IN ANYTHING SUCH AS STIM OR US. THE SCREEN SEEMS TO BE FINE, BUT THE ATHLETIC TRAINER AT THE SCHOOL SAID HE THOUGHT HE SAW SMOKE COMING FROM THE VENT AT THE TOP.",TENS (prescription)
9191773,315693861,D,0,,THE DEVICE WAS RETURNED FOR REPAIR. CONFIRMED THERE WAS A BURNING SMELL COMING FROM THE UNIT AND THE FAN WAS NOT RUNNING. THERE WAS A CAPACITOR ON THE ULTRASOUND BOARD THAT BURNT UP CAUSING THE SMOKE AND BURING SMELL ALSO THE BURNT UP CAPACITOR CAUSED THE FAN TO GO OUT DUE TO THE UNIT NOT OPERATIONABLE THE UNIT WAS SHUT OFF AND REPAIRED BEFORE THE STIM SIDE WAS TESTED. AFTER THE ULTRASOUND BOARD WAS REPLACED THE UNIT WAS TESTED AND PASSED ALL FUNCTIONAL TESTS. THE DECAL ON THE FRONT OF THE UNIT WAS DAMAGED FROM EXCESSIVE HEAT IN THE TOP RIGHT CORNER SO THE DECAL WAS REPLACED. THE APPLICATOR WAS TESTED THAN CALIBRATED.,TENS (prescription)
9694283,179406099,D,1,,"SKIN BURNED BY THE TENS ELECTRODES!!!! I. WE ARE REPORTING UNLAWFUL SALES OF MEDICAL PRODUCTS ON THE INTERNET; THE REPORTED DEVICE BEING SOLD ON (B)(6) DOES NOT MEET THE SPECIFICATIONS IN THE 510 (K) PREMARKET SUBMISSION; THE REPORTED DEVICE IS BEING SOLD ON (B)(6) BEFORE THE 510 (K) CLEARANCE IS GRANTED. THE REPORTED (B)(6) SELLER SHENZHEN HUAYAN E-COMMERCE CO., LTD DOES NOT REGISTER THEIR ESTABLISHMENT ON FDA. II. INFORMATION ABOUT THE SELLER, PRODUCT, MANUFACTURER WHICH ARE BEING REPORTED; PRODUCT AND SELLER¿S INFORMATION ON (B)(6). PRODUCT PAGE LINK FROM (B)(6). SELLER NAME ON (B)(6), BRAND NAME: BELIFU. SELLER¿S COMPANY NAME: SHENZHEN HUAYAN E-COMMERCE CO., LTD. ONE PRIMARY ID NUMBER FROM PHOTOS OF PRODUCT REVIEWS? (B)(4)? PLEASE REFER TO THE LINK OF REVIEW: (B)(6); MANUFACTURER¿S INFORMATION FROM FDA? HTTPS://WWW.ACCESSDATA.FDA.GOV/SCRIPTS/CDRH/CFDOCS/CFRL/RL.CFM?START_SEARCH=1&SHOWLIST+1&ESTABLISHMENTNAME=®NUM=&STATENAME=&COUNTRYNAME=®ISTRATIONNUMBER=3010402752&OWNEROPERATORNUMBER=&OWNEROPERATORNAME=&PRODUCTCODE=&DEVICENAME=&PROPIETARYNAME=&ESTABLISHMENTTYPE=&PAGENUM=10&SORTCOLUMN=ESTABLISHMENTNAME20%25ASC. DEVICE FOREIGN MANUFACTURER: HONG QIANGXING (SHEN ZHEN) ELECTRONICS LIMITED 4F, (B)(4). DEVICE FOREIGN MANUFACTURER REGISTRATION NUMBER (DEV#): (B)(4). MANUFACTURER¿S LEGAL REPRESENTATIVE: (B)(4)- ALL 510 (K) NUMBERS OWNED BY THE MANUFACTURER: K 121719, K 133979, K 133108, K 183154, K 171821; PRODUCT INFORMATION FROM GUDIDI?HTTPS://ACCESSGUDID.NLM.NIH.GOV/DEVICES/00321911080500. BRAND NAME: BELIFU. VERSION OR MODEL: TENS. PRIMARY DI NUMBER: (B)(4). FDA PREMARKET SUBMISSION NUMBER: K121719. COMPANY NAME: HONG QIANGXING (SHEN ZHEN) ELECTRONICS LIMITED; PRODUCT SPECIFICATIONS FROM 510 (K) SUMMARY: HTTPS://WWW.ACCESSDATA.FDA,GOV/CDRH_DOCS/PDF12/K 121719.PDF. III. EVIDENCES REGARDING THE UNLAWFUL SALES OF MEDICAL PRODUCTS ON THE INTERNET; (B)(6) SELLER SHENZHEN HUAYANE E-COMMERCE CO., LTD HAVE NOT REGISTERED FACILITY ON FDA. ALL MEDICAL DEVICE ESTABLISHMENTS, SUCH AS MANUFACTURERS, DISTRIBUTORS, REPACKAGERS AND RELABERS, AND FOREIGN FIRMS, ARE REQUIRED TO REGISTER THEIR ESTABLISHMENT AND LIST THEIR GENERIC PRODUCT WITH THE FDA. THIS REQUIREMENT IS APPLICABLE FOR ALL MEDICAL DEVICES, EVEN THOSE DEVICES THAT FALL INTO A GENERIC CATEGORY OF EXEMPTED CLASS I DEVICES OR CLASS II 510 (K) PREMARKET EXEMPT DEVICES; THE REPORTED DEVICE BEING SOLD ON (B)(6) DOES NOT MEET THE SPECIFICATIONS IN THE 510 (K) PREMARKET SUBMISSION. AS YOU MAY SEE THE PRODUCT, WHICH IS SELLING NOW ON (B)(6), IS TESTED WITH 190?S MAX PULSE WIDTH WHILE THE 510 (K) SUMMARY FOR K 121719 CLEARLY STATE THAT THE MAX PULSE WIDTH IS 100?S. IN OTHER WORDS, THE MAX PULSE WIDTH FOR THIS PRODUCT IS ALMOST TWICE THAN THE LIMITATION IN K 121719 510(K) SUMMARY. IV. PLAN OF ACTION PROPOSED; PLEASE CHECK RANDOMLY ON THE SELLER¿S (B)(6) INVENTORY TO SEE WHETHER THE SPECIFICATIONS OF THE PRODUCTS BEING SOLD ARE CONSISTENT WITH 510 (K) SUMMARY. PRODUCT PAGE LINK FROM (B)(6). ASK (B)(6) FOR COOPERATION TO CHECK WHETHER THE SELLER BELIFU (SHENZHEN HUAYAN E-COMMERCE CO., LTD) HAS ALREADY HAD FACILITY REGISTERED ON FDA; FDA TEAM AT US CUSTOMS SHOULD INVESTIGATE PRODUCTS AND ASK FOR RECALL FOR ILLEGAL PRODUCTS. THE MANUFACTURER USES (A) COMPANY NAME HONG QIANGXING ELECTRONICS AND PRODUCT NAME MINI MASSAGER AND BODY MASSAGER TO MAKE CUSTOMER CLEARANCE; PLEASE ALERT (B)(6) TO SUSPEND ILLEGAL PRODUCT SALES TO KEEP AMERICAN CONSUMERS SAFE. FDA SAFETY REPORT ID # (B)(4).",TENS (prescription)
9774524,181771908,D,1,,"DURING ELECTRICAL SLIM TREATMENT RESIDENT COMPLAINED OF PAIN AT ELECTRODE SITE. TREATMENT STOPPED, AREA INSPECTED. FOUND ELECTRODE WIRE HAD SEPARATED FROM GEL PAD. SKIN INSPECTED AND FOUND TO HAVE 1.5"" INNER-SHAPED BURN TO THIGH. FDA SAFETY REPORT ID # (B)(4).",Powered muscle stimulator
9786070,182366733,D,1,,"CHIROPRACTOR HAD ME HOOKED UP TO A MACHINE CALLED ACCELERATED PERFORMANCE RECOVERY (ARP) FOR ELECTRIC STIMULATION FOR SORE SHOULDER. AFTER 3 MINS, I BLACKED OUT, A TOTAL FAINT FOR A FEW MINS. FDA SAFETY REPORT ID# (B)(4).",Powered muscle stimulator
9864812,184492113,N,1,,"NO DEVICE WAS RETURNED FOR EVALUATION. IF THE DEVICE IS RECEIVED, A FOLLOW-UP REPORT WILL BE SUBMITTED UPON COMPLETION OF PRODUCT EVALUATION.",Powered muscle stimulator
9864812,184492134,D,1,,IT WAS REPORTED THAT THE INTENSITY GOES UP ON ITS OWN AND CANNOT BE CONTROLLED; IT GETS VERY HIGH AND SHOCKED A PATIENT. NO FURTHER INFORMATION IS CURRENTLY AVAILABLE.,Powered muscle stimulator
9829647,184639258,D,1,,PT WENT TO ER AFTER THERAPY TREATMENT AT OUR OFFICE TO RIGHT SHOULDER FOR BURN INJURY. PT TREATED AND RELEASED. DEVICE TAKEN OUT OF TREATMENT AREA NOT IN. NOT AS OF (B)(6) 2019.,TENS (prescription)
10000746,189171195,D,1,,"THE TENS UNIT DOESN'T WORK PROPERLY, AND IN RESEARCHING IT, THIS SEEMS TO BE A COMMON OCCURRENCE WITH THE ICYHOT SMART RELIEF SYSTEM. YOU ARE TO SNAP THE POWER UNIT ONTO ADHESIVE PAD, BUT WHILE ONE SNAPS AND GOES ON FINE, THE OTHER SIDE DOESN'T MATCH UP QUITE RIGHT SO YOU HAVE TO MOVE IT AROUND A LITTLE TO GET IT TO SNAP ON. THIS PUT A SMALL WRINKLE IN THE PAD BY BOTH SNAPS, VERY SLIGHTLY. WHEN YOU PLACE THE PAD ON THE BACK OR HIP, INSTEAD OF THE STIMULATION OF NERVES THAT SHOULD BE FELT, THERE IS A THUMPING FEELING LIKE SOMEONE TAPPING FINGER ON YOU COUPLED WITH INTERMITTENT STIMULATION SENSATION. TRYING TO USE THE BUTTON TO INCREASE TO THE 63 SETTINGS ALSO DOESN'T WORK BECAUSE IT FEELS LIKE THE THUMPING TAKES THE SETTING I TRIED TO USE BACK DOWN TO ZERO OVER AND OVER. I HAVE TRIED THIS 3 TIMES TODAY AND EACH TIME THIS HAS HAPPENED. THIS IS THE MAIN COMPLAINT WITH THIS TENS SYSTEM IN READING REVIEWS ON VARIOUS PLACES, THAT THE UNIT ELECTRODE AND POWER SYSTEM DOESN'T WORK CORRECTLY. FDA SAFETY REPORT ID# (B)(4).",TENS (over-the-counter)
10050473,190747329,N,1,,THE INVESTIGATION IS STILL IN PROCESS. THE DEVICE WILL BE INSPECTED IN THE NEAR FUTURE.,Powered exoskeleton
10050473,190747330,D,1,,"AFTER PATIENT FINISHED HER 3RD TRAINING SESSION IN REWALK P6.0 (NEW USER), ON (B)(6) 2019 SHE NOTICED HER LEFT KNEES WAS SWOLLEN. ON (B)(6) 2019 REWALK ROBOTICS WAS UPDATED BY PATIENT THAT SHE WAS DIAGNOSED WITH A SMALL LATERAL TIBIAL PLATEAU FRACTURE IN HER LEFT KNEE.",Powered exoskeleton
10096340,193045811,D,1,,"I PURCHASED THE HEALY. THE WEBSITE IS WWW.HEALYWORLD.NET/IN/WELLNESS VIDEO IS (B)(6) I ORDERED IT ONLINE AND IT ARRIVES IN MY HOME IN (B)(6). IT IS A 'MEDICALLY CERTIFIED' WEARABLE BRACKET THAT CONNECTS TO FREQUENCY GENERATOR. THE PRODUCERS STATED THAT IT COULD HELP WITH MY DEPRESSION. I STOPPED TAKING MY MEDICATION THINKING THE DEVICE COULD REPLACE THEM. AFTER 4 WEEKS MY SYMPTOMS GOT WORSE AND I AM NOW ON A HIGHER DOSE. THIS PRODUCT COMPLETELY FAILED IN ITS THERAPEUTIC CLAIMS. WHEN MY WIFE SAW WHAT WAS HAPPENING TO ME, SHE THREW OUT THE DEVICE AND FORCED ME BACK ON MY MEDICATION. I AM NOW STABLE AGAIN, BUT AT A HIGHER DOSAGE THAN PREVIOUSLY. NOTE: TIMEWAVER AND HEALY (B)(4) ARE (B)(4). MANUFACTURING PARTNERS FOR (B)(4). FDA SAFETY REPORT ID# (B)(4).",TENS (over-the-counter)
10118258,194011441,N,1,,"OCCUPATION: UNKNOWN. NO DEVICE WAS RETURNED FOR EVALUATION. IF THE DEVICE IS RECEIVED, A FOLLOW-UP REPORT WILL BE SUBMITTED UPON COMPLETION OF PRODUCT EVALUATION.",Powered muscle stimulator
10118258,194011442,D,1,,"IT WAS REPORTED THAT THE UNIT WAS ""SHOCKING PATIENTS DURING TREATMENT."" THERE HAS BEEN NO REPORTED PATIENT INJURY OR HARM AT THIS TIME. THE DEVICE HAS NOT BEEN RETURNED TO THE MANUFACTURER FOR EVALUATION. IF THE DEVICE IS RETURNED, A FOLLOW-UP REPORT WILL BE SUBMITTED UPON COMPLETION OF DEVICE EVALUATION.",Powered muscle stimulator
10137796,194870287,D,1,,"MY DAUGHTER ORDERED AND STARTED USING THE LIVIA PRODUCT (COMPANY IPULSE MEDICAL LTD) IN LATE (B)(6) 2019. IT STOPPED WORKING IN EARLY (B)(6), ABOUT 6 WEEKS LATER. SHE CONTACTED THE COMPANY FOR REPLACEMENT AS IT WAS WELL WITHIN THE 3 MONTH WARRANTY. LIVIA WAS VERY NON-RESPONSIVE. THEY HAVE NO PHONE CONTACT OR CUSTOMER SUPPORT, ONLY EMAIL. EVENTUALLY THEY EMAILED US AUTHORIZATION AND INSTRUCTIONS TO RETURN THE DEVICE FOR REPLACEMENT. WE WERE REQUIRED TO PAY RETURN POSTAGE BUT THEY SAID THEY WOULD REPLACE IT. WHEN WE RETURNED IT TO THE ADDRESS THEY PROVIDED, THE RETURN WAS DENIED BY THE COMPANY AND SENT BACK TO US. WE CONTACTED THEM MANY TIMES AGAIN. EVENTUALLY THEY WERE VERY APOLOGETIC AND SAID THEY HAD A NEW SYSTEM IN PLACE AND WE WERE TO SHIP BACK TO THEM COD AND THEY WOULD REIMBURSE US POSTAGE UPON RECEIPT. I WAS VERY RELUCTANT TO DO THIS AS IT WAS VERY EXPENSIVE ((B)(6) SHIPPING AND COD FEE). ONCE AGAIN THEY REFUSED THE SHIPMENT AND RETURNED IT TO US. I SENT THEM AN EMAIL IN EARLY (B)(6) AND TOLD THEM IF WE DIDN'T RECEIVE OUR REPLACEMENT DEVICE BY THE END OF (B)(6) WE WOULD FILE A COMPLAINT WITH THE FDA FOR THE MAUDE DATABASE. ADDITIONALLY, WE TRIED POSTING A REVIEW ON THEIR SITE BUT THEY HAVE TO APPROVE ALL REVIEWS AND ONLY POST THE POSITIVE ONES. WE FOUND ONLINE FORUMS WHERE MANY HAVE POSTED THIS COMPANY IS A SCAM. IN MY RESEARCH THEIR CEO, (B)(6) IS BASED IN (B)(6). THE WEB ADDRESS FOR THE COMPANY IS IN (B)(6). I AM BEGINNING TO DOUBT THEY HAVE ANY ACTUAL PRESENCE IN THE UNITED STATES, OTHER THAN A SHIPPING WAREHOUSE IN (B)(6), IF THAT. I TRIED CONTACTING THE CUSTOMER SUPPORT MANAGER VIA (B)(6), BUT NO REPLY. THE WEB PAGE IS HTTPS://MYLIVIA.COM/ZA/CONTACT-US-2/. FDA SAFETY REPORT ID# (B)(4).",TENS (over-the-counter)
10178685,195913183,N,1,,"HEALTH CARE PROFESSIONAL/OCCUPATION: UNKNOWN. NO DEVICE WAS RETURNED FOR EVALUATION. IF THE DEVICE IS RECEIVED, A FOLLOW-UP REPORT WILL BE SUBMITTED UPON COMPLETION OF PRODUCT EVALUATION.",Powered muscle stimulator
10178685,195913184,D,1,,"IT WAS REPORTED THAT A PATIENT WAS BURNED ON THE LATERAL COMPONENT OF THE RIGHT KNEE DISTAL TO THE JOINT LINE WHILE ON IFC. THE INTENSITY LEVEL OF THE TREATMENT WAS NOT DOCUMENTED WITHIN THE REPORTER'S NOTES, BUT THE PATIENT HAD INDICATED THAT THE STIMULATION WAS ""STRONG BUT COMFORTABLE."" IT WAS REPORTED THAT THE REPORTER WAS NOT SURE WHICH ELECTRODE PADS WERE USED FOR THIS TREATMENT, BUT THEY WERE A SIZE 2 X 2. THE DEVICE HAS NOT BEEN RECEIVED BY THE MANUFACTURER AT THIS TIME. MANUFACTURER IS IN THE PROCESS OF OBTAINING ADDITIONAL INFORMATION CONCERNING THIS EVENT AND THE COMPLAINT IS STILL UNDER INVESTIGATION. A FINAL REPORT WILL BE SUBMITTED ONCE THE INVESTIGATION IS COMPLETE.",Powered muscle stimulator
9836506,196414538,N,1,,"QA INVESTIGATION INCLUDED REVIEWING DHR'S FOR BOTH ELECTRODES AND BIOSTIM SD. WE REQUESTED DEVICE RECORDS FROM THE ELECTRODE MANUFACTURER AND THE DEVICE SUBCONTRACTOR. WHEN DEVICE MASTER RECORDS WERE REVIEWED, ELECTRODES #EERC200M LOT #B170617 FROM GMDASZ MANUFACTURING COMPANY AND SERIAL # (B)(4) JOB # (B)(4) FROM FUJI DYNAMICS BOTH PASSED IN PROCESS INSPECTIONS, FINAL INSPECTIONS AND SHOWED NO SIGN OF MALFUNCTION. THERE WERE NO RECORDS OF DEVIATIONS FROM THE KITTING PROCESS. BMLS HAS SOLD OVER (B)(4) UNITS OF TENS UNITS AND HAS NOT EXPERIENCED COMPLAINTS OF BURNS. EVEN SO, THERE ARE CONTRAINDICATIONS FOR USE IN THE PRODUCT MANUALS. THE DEVICE WAS RETURNED FROM (B)(6) AT (B)(6) AND INSPECTED UPON ITS ARRIVAL. FURTHERMORE, IT WAS THOROUGHLY TESTED BY THE ENGINEERING DEPT. THE COMPLAINT/BURNS COULD NOT BE RECREATED AND THE DEVICE WAS PERFORMING TO SPECIFICATIONS. PHYSICAL THERAPIST (B)(6) REVIEWED PHOTO SENT IN BY (B)(6) AT (B)(6) MEDICAL FROM THE END USER, (B)(6), AND IN HIS PROFESSIONAL OPINION IT SEEMS THAT THE USER PLACED THE ELECTRODES ON AN EXISTING ""INCISION OR BROKEN/SKIN."" CAPA (B)(4) WAS INITIATED AND COMPLETED TO DOCUMENT THE INVESTIGATION. CAPA WAS INITIATED TO MONITOR AND REVIEW WARNINGS AND USE OF BIOSTIM SD AND CONTRAINDICATIONS PORTION OF THE MANUAL, REPORT SENT TO HEALTH (B)(4). THE DEVICE WAS RETURNED TO THE CUSTOMER (END USER). CAPA (B)(4) WAS INITIATED TO ADDRESS THE FACT THAT THE MEDWATCH FORM 3500A WAS SENT TO BMLS TEST ACCOUNT IN ERROR.",TENS (prescription)
9836506,196414539,D,1,,"OUR CUSTOMER, (B)(6) FROM (B)(6) MEDICAL EMAILED IN JANUARY 2019 US THAT ONE OF HER CUSTOMERS, (B)(6), HAD USED BIOSTIM SD TENS UNIT AND PLACED THE ELECTRODES ON HER BUTTOCKS. THE EXACT DATE WAS NOT SUPPLIED. SHE SAID IT WAS PROBABLY (B)(6) 2018. PATIENT COMPLAINED THAT SHE ENCOUNTERED BURNS WITHIN 5 MINUTES OF USING THE DEVICE. THE USER TOLD (B)(6) ABOUT IT WHO CONTACTED BIOMEDICAL LIFE SYSTEMS (BMLS) AND SENT IN THE PHOTO. WE ASKED (B)(6) TO OBTAIN INFORMATION FROM (B)(6) WITH DETAILS OF THE INCIDENT. SHE DECLINED. BMLS CONTACTED (B)(6) TO OBTAIN DETAILS OF THE EVENT.",TENS (prescription)
9835882,196427783,N,1,,"ON (B)(6) 2020, A CLINICAL SUBJECT REPORTED AN ELECTRODE BURN TO THE SITE WHICH WAS DOCUMENTED AS AN ADVERSE EVENT. UPON FURTHER DISCUSSIONS WITH THE CRC ON (B)(6) 2020, IT WAS DISCOVERED THE SUBJECT WAS APPLYING AN EXCESSIVE AMOUNT OF ELECTRODE GEL WHICH WOULD CAUSE ELECTRODE DAMAGE. THE CRC POTENTIALLY HAD INSTRUCTED THE SUBJECT TO APPLY SKIN LOTION SINCE SHE HAS INSTRUCTED OTHER SUBJECTS TO DO THE SAME. THE SPONSOR DISCUSSED WITH THE CRC THAT APPLYING LOTION BEFORE A TREATMENT COULD GENERATE ADDITIONAL HEAT AND CAUSE SKIN IRRITATION AND/OR BURN. THE CRC WAS ASKED TO CONTACT THE SUBJECT AND HAVE HER STOP APPLYING SKIN LOTION AND AN EXCESSIVE AMOUNT OF ELECTRODE GEL. THE SPONSOR ALSO INSTRUCTED THE CRC TO COMMUNICATE TO THE SUBJECT, AT ANY SIGN OF ELECTRODE DAMAGE THE ELECTRODES MUST BE REPLACED. THE SUBJECT IS CURRENTLY ENROLLED IN THE CLINICAL TRIAL AND WAS INSTRUCTED BY THE PRINCIPAL INVESTIGATOR TO STOP USING THE DEVICE FOR TWO DAYS. AT THE CONCLUSION OF THE TWO DAYS, THE SUBJECT CAN RESUME USING THE DEVICE AND REMAIN IN THE STUDY.",TENS (prescription)
9835882,196427784,D,1,,"THE PATIENT/SUBJECT IS CURRENTLY ENROLLED IN (B)(6) CLINICAL STUDY ((B)(6)). ON (B)(6) 2020, THE SUBJECT NOTIFIED THE SITE THAT SHE HAD MARKS CONSISTENT WITH A BURN IN THE LOCATION OF THE DEVICE ELECTRODES. TREATMENT WAS TEMPORARILY STOPPED FOR 2 DAYS THEN RESUMED ON (B)(6) 2020 UNDER THE CARE OF THE PRINCIPAL INVESTIGATOR.",TENS (prescription)
10250481,198395585,D,1,,"LIVIA IS A PERIOD PAIN REDUCTION UNIT. THIS TENS UNIT DOES WORK BUT THE COMPANY IS SCAMMING THOUSANDS OF WOMEN. THE SITE CONTAINS NO ADDRESS OR PHONE NUMBER. THEY TAKE YOUR MONEY AND SEND NO PRODUCT. THERE IS A SUBSCRIPTION SERVICE, THEY ARE TAKING OUT THE (B)(6) A MONTH CONSISTENTLY BUT NOT PROVIDING ANY OF THE TOOLS NEEDED TO KEEP USING THE PRODUCT. I HAVE EMAILED DOZENS OF TIMES AND THEY SIMPLY WILL NOT RESPOND. (B)(4).",TENS (over-the-counter)
9659576,198528792,N,1,,"HEALTH PROFESSIONAL: UNKNOWN. OCCUPATION: UNKNOWN. NO DEVICE WAS RETURNED FOR EVALUATION. IF THE DEVICE IS RECEIVED, A FOLLOW-UP REPORT WILL BE SUBMITTED UPON COMPLETION OF PRODUCT EVALUATION.",Powered muscle stimulator
9659576,198528853,D,1,,"IT WAS REPORTED THAT ""WHEN INCREASING OR DECREASING INTENSITY KNOB, THE INTENSITY WILL FLUCTUATE INCREASING AND DECREASING THE INTENSITY. INTENSITY IS NOT STABLE WHEN NOT MOVING THE KNOB."" THIS REPORTEDLY OCCURRED DURING TREATMENT, BUT NO PATIENT HARM WAS REPORTED.",Powered muscle stimulator
9574840,198609459,D,1,,CUSTOMER SAID THE GROUND POST WAS BROKEN OFF THE RECEPTACLE.,TENS (prescription)
9666584,198895123,D,1,,COMPLAINT IS HANDS FREE CORD IS FRAYED.,TENS (prescription)
10326535,200431515,N,1,,"NO DEVICE WAS RETURNED FOR EVALUATION. IF THE DEVICE IS RECEIVED, A FOLLOW-UP REPORT WILL BE SUBMITTED UPON COMPLETION OF PRODUCT EVALUATION.",Powered muscle stimulator
10326535,200431516,D,1,,IT WAS REPORTED THAT THE DEVICE SHOCKED A PATIENT WHILE IN ELECTROTHERAPY TREATMENT. DEVICE NOT RECEIVED MANUFACTURER AT THIS TIME. MANUFACTURER IS IN THE PROCESS OF OBTAINING ADDITIONAL INFORMATION CONCERNING THIS EVENT AND THE COMPLAINT IS STILL UNDER INVESTIGATION. A FINAL REPORT WILL BE SUBMITTED ONCE THE INVESTIGATION IS COMPLETE.,Powered muscle stimulator
9621402,200671478,D,1,,THE ULTRASOUND HAS EXPOSED WIRES UNDER THE STRAIN RELIEF AT THE SOUNDHEAD HANDLE.,TENS (prescription)
10361689,201767098,D,1,,I PURCHASED THE HEALY HOPING IT WOULD HELP ME WITH MY DEPRESSION. IT DIDN'T WORK FOR ME AT ALL. I (B)(6) THEM YESTERDAY AND SAW THAT THEIR PRODUCT WAS PULLED FROM THE MARKET IN EUROPE. JUST THOUGHT THAT THE FDA SHOULD KNOW IT IS STILL ON SALE IN THE US. HTTPS://WWW.HEALYWORLD.NET/IN/CHOOSE-YOUR-LANGUAGE/. FDA SAFETY REPORT ID # (B)(4).,TENS (over-the-counter)
10454299,204460629,N,1,,"INVESTIGATION DETERMINED THIS ADVERSE EVENT MOST LIKELY OCCURRED AS A RESULT OF USE ERROR. A CALL WAS CONDUCTED WITH THE CLINIC, WHICH INDICATED THAT NO MALFUNCTION OF THE DEVICE WAS OBSERVED DURING EITHER SESSION AND NO DAMAGE TO THE DEVICE WAS NOTED BEFORE OR AFTER THE SESSION IN QUESTION. THE CLINIC ALSO INDICATED THAT THE PATIENT HAS A TENDENCY OF WALKING ON THE OUTSIDE OF HIS FEET, WHICH COULD CAUSE THIS TYPE OF INJURY. UPON REVIEW WITH THE PARKER HMC CLINICAL AFFAIRS MANAGER, IT WAS INDICATED THAT DURING TRAINING WITH THE DEVICE, THERE IS SPECIFIC FOCUS ON PROPER FIT AND POSITIONING OF THE FEET. THE PARKER HMC CLINICAL MANAGER ALSO INDICATED THAT THE TRAINING INCLUDES DISCUSSION OF METHODS FOR CORRECTING IMPROPER FOOT POSITION AND THE IMPORTANCE OF STOPPING A SESSION IMMEDIATELY IF IT IS DETERMINED THAT THE PATIENT HAS INVERSION OR EVERSION OF THE FOOT OR ANKLE. PLEASE NOTE THAT THIS RECORD IS BEING SUBMITTED LATE DUE TO A LOSS OF ACCESS TO WEBTRADER RESULTING FROM A CHANGE OVER IN MANAGEMENT REPRESENTATIVE. THE REPRESENTATIVE PREVIOUSLY RESPONSIBLE FOR SUBMISSIONS IS NO LONGER WITH THE COMPANY, AND THEREFORE NO ACCESS TO WEBTRADER IS CURRENTLY AVAILABLE. A TICKET WAS SUBMITTED WITH THE ESG HELP DESK TO CREATE A NEW ACCOUNT, BUT AS OF THE DUE DATE OF THIS RECORD, ACCOUNT SET UP WAS STILL IN PROCESS. A PRODUCTION ACCOUNT FOR WEBTRADER WAS GRANTED ON 08/26/2020.",Powered exoskeleton
10454299,204460630,D,1,,"THE PATIENT WAS USING THE INDEGO THERAPY DEVICE DURING A THERAPY SESSION WHEN HE FELT DISCOMFORT IN HIS FOOT. THE THERAPIST STOPPED THE SESSION UPON NOTICING THAT THE PATIENT'S RIGHT FOOT WAS SWOLLEN, AND CONTACTED THE PATIENT'S DOCTOR. THE DOCTOR SENT THE PATIENT FOR X-RAYS, WHICH ALLEGEDLY INDICATED THAT THE PATIENT HAD A BROKEN FIFTH METATARSAL ON THE RIGHT FOOT. NO CASTING WAS APPLIED TO THE BROKEN BONE. THE X-RAYS WERE REQUESTED BY PARKER HMC, BUT HAVE NOT BEEN PROVIDED. THE PATIENT HAD PREVIOUSLY COMPLETED SIX SESSIONS WITH THE INDEGO THERAPY. THE CLINIC INDICATED THAT THE PATIENT HAD A TENDENCY TO WALK ON THE OUTSIDE OF THEIR FOOT.",Powered exoskeleton
10454301,204521187,N,1,,"INVESTIGATION DETERMINED THIS ADVERSE EVENT MOST LIKELY OCCURRED AS A RESULT OF USE ERROR. A CALL WAS CONDUCTED WITH THE CLINIC, WHICH INDICATED THAT NO MALFUNCTION OF THE DEVICE WAS OBSERVED DURING EITHER SESSION AND NO DAMAGE TO THE DEVICE WAS NOTED BEFORE OR AFTER THE SESSION IN QUESTION. THE CLINIC ALSO INDICATED THAT THE PATIENT HAS A TENDENCY OF WALKING ON THE OUTSIDE OF HER FEET, WHICH COULD CAUSE THIS TYPE OF INJURY. UPON REVIEW WITH THE PARKER HMC CLINICAL AFFAIRS MANAGER, IT WAS INDICATED THAT DURING TRAINING WITH THE DEVICE, THERE IS SPECIFIC FOCUS ON PROPER FIT AND POSITIONING OF THE FEET. THE PARKER HMC CLINICAL MANAGER ALSO INDICATED THAT THE TRAINING INCLUDES DISCUSSION OF METHODS FOR CORRECTING IMPROPER FOOT POSITION AND THE IMPORTANCE OF STOPPING A SESSION IMMEDIATELY IF IT IS DETERMINED THAT THE PATIENT HAS INVERSION OR EVERSION OF THE FOOT OR ANKLE. PLEASE NOTE THAT THIS RECORD IS BEING SUBMITTED LATE DUE TO A LOSS OF ACCESS TO WEBTRADER RESULTING FROM A CHANGE OVER IN MANAGEMENT REPRESENTATIVE. THE REPRESENTATIVE PREVIOUSLY RESPONSIBLE FOR SUBMISSIONS IS NO LONGER WITH THE COMPANY, AND THEREFORE NO ACCESS TO WEBTRADER WAS AVAILABLE. A TICKET WAS SUBMITTED WITH THE ESG HELP DESK TO CREATE A NEW ACCOUNT, BUT AS OF THE DUE DATE OF THIS RECORD, ACCOUNT SET UP WAS STILL IN PROCESS. A PRODUCTION ACCOUNT FOR WEBTRADER WAS GRANTED ON 08/26/2020.",Powered exoskeleton
10454301,204521188,D,1,,"THE PATIENT WAS USING THE DEVICE WITH NO ISSUES NOTED DURING THE THERAPY SESSION. THE DAY AFTER THE SESSION, THE PATIENT NOTICED SWELLING IN HER RIGHT FOOT AND CONSULTED WITH HER DOCTOR, WHO SENT HER FOR AN X-RAY. THE X-RAY WAS REQUESTED BY PARKER HMC BUT HAS NOT BEEN PROVIDED AND ALLEGEDLY CONFIRMED FRACTURE OF THE FIFTH METATARSAL. THE PATIENT'S DOCTOR APPLIED A CAST TO THE PATIENT'S FOOT. IT IS UNKNOWN IF THE DEVICE WAS INVOLVED IN THE INJURY. THE CLINIC INDICATED THAT HE PATIENT HAD A TENDENCY TO WALK ON THE OUTSIDE OF HER FEET. THE PATIENT HAD PREVIOUSLY COMPLETED MULTIPLE SESSIONS WITH THE DEVICE.",Powered exoskeleton
10513807,206520517,D,1,,I USED AN EMSCULPT DEVICE PER PROTOCOL AND SUBSEQUENTLY DEVELOPED OVARIAN FAILURE AND MENOPAUSE AT THE AGE OF (B)(6) YR OLD DUE TO THE HIGH INTENSITY ELECTROMAGNETIC WAVES USED BY THIS MACHINE. I HAD A FULLY FUNCTIONING NORMAL CYCLES AND SUDDENLY DEVELOPED MENOPAUSAL STAMP YIN'S. I PURSUED MUCH TESTING TO EVALUATE IF THERE WAS AN ORGANIC CAUSE FOR THIS OVARIAN FAILURE BUT ALL TESTING WAS NORMAL AND MY ONLY EXPOSURE WAS TO THIS DEVICE. I AM THIN AND THE DEVICE WAS DIRECTLY ON MY OVARIES. I HAVE ALLOW SINCE FOUND MANY STUDIES THAT REPORT OVARIAN INJURY AND FAILURE AND RATS AFTER HIGH INTENSITY ELECTROMAGNETIC WAVES; PELVIC ULTRASOUND. FDA SAFETY REPORT ID# (B)(4).,Powered muscle stimulator
10326152,208191501,D,1,,"MY SHOULDER NEVER BOTHERED ME, SO WHY IT'S A PROBLEM NOW MAKES NO SENSE [UNSPECIFIED DISORDER OF JOINT OF SHOULDER REGION]. CASE NARRATIVE: INITIAL INFORMATION RECEIVED ON14-JUL-2020 FROM UNITED STATES REGARDING AN UNSOLICITED VALID SERIOUS CASE RECEIVED FROM THE PATIENT. THIS CASE INVOLVES AN UNKNOWN AGE FEMALE PATIENT WHO REPORTED THAT HER SHOULDER NEVER BOTHERED HER, SO WHY IT'S A PROBLEM NOW MAKES NO SENSE, WHILE SHE WAS USING MEDICAL DEVICE SMART RELIEF TENS THERAPY (ICY HOT SMART RELIEF BACK REFILL PADS). THE PATIENT'S PAST MEDICAL HISTORY, MEDICAL TREATMENT(S), VACCINATION(S), CONCOMITANT MEDICATIONS AND FAMILY HISTORY WERE NOT PROVIDED. ON AN UNKNOWN DATE, THE PATIENT STARTED USING SMART RELIEF TENS THERAPY PADS (STRENGTH, DOSE, ROUTE, FREQUENCY, LOT/BATCH NUMBER: UNKNOWN) FOR AN UNKNOWN INDICATION. THE PATIENT REPORTED THAT SHE HAD ICY HOT TENS THAT WAS EFFECTIVE ON MY LOWER BACK. SINCE THE PATIENT NEED NEW PADS, SHE HAD NOT USED IT LATELY. PATIENT REPORTED THAT HE DID EXERCISE A LOT, USING A PLETHORA OF METHODS FROM TAI CHI TO FENCING AND SO HE WOULD NOT BE HAVING AS MANY PHYSICAL PROBLEMS. SHE EVEN CARRIED UP TO 80 LB BOXES/CRATES OF CONSTRUCTION EQUIPMENT PARTS, HER SHOULDER NEVER BOTHERED HER SO WHY IT WAS A PROBLEM NOW MAKES NO SENSE TO HER (ONSET DATE AND LATENCY: UNKNOWN). ACTION TAKEN: UNKNOWN. CORRECTIVE TREATMENT: NOT REPORTED. EVENT OUTCOME: UNKNOWN SERIOUSNESS CRITERIA: MEDICALLY SIGNIFICANT",TENS (over-the-counter)
10575069,208196058,N,1,,THERE HAS BEEN NO REPORTED PATIENT INJURY OR HARM AT THIS TIME. DEVICE NOT RECEIVED MANUFACTURER AT THIS TIME. MANUFACTURER IS IN THE PROCESS OF OBTAINING ADDITIONAL INFORMATION CONCERNING THIS EVENT AND THE COMPLAINT IS STILL UNDER INVESTIGATION. A FINAL REPORT WILL BE SUBMITTED ONCE THE INVESTIGATION IS COMPLETE.,Powered muscle stimulator
10575069,208196059,D,1,,"IT WAS REPORTED THAT ""THE UNIT WAS SHOCKING PATIENTS."" DEVICE NOT RECEIVED MANUFACTURER AT THIS TIME. MANUFACTURER IS IN THE PROCESS OF OBTAINING ADDITIONAL INFORMATION CONCERNING THIS EVENT AND THE COMPLAINT IS STILL UNDER INVESTIGATION. A FINAL REPORT WILL BE SUBMITTED ONCE THE INVESTIGATION IS COMPLETE.",Powered muscle stimulator
10575070,208196407,N,1,,DEVICE NOT RECEIVED MANUFACTURER AT THIS TIME. MANUFACTURER IS IN THE PROCESS OF OBTAINING ADDITIONAL INFORMATION CONCERNING THIS EVENT AND THE COMPLAINT IS STILL UNDER INVESTIGATION. A FINAL REPORT WILL BE SUBMITTED ONCE THE INVESTIGATION IS COMPLETE.,Powered muscle stimulator
10575070,208196408,D,1,,"IT WAS REPORTED THAT THE ""MUSCLE STIM INTENSITY INCREASES RANDOMLY."" DEVICE NOT RECEIVED MANUFACTURER AT THIS TIME. MANUFACTURER IS IN THE PROCESS OF OBTAINING ADDITIONAL INFORMATION CONCERNING THIS EVENT AND THE COMPLAINT IS STILL UNDER INVESTIGATION. A FINAL REPORT WILL BE SUBMITTED ONCE THE INVESTIGATION IS COMPLETE.",Powered muscle stimulator
10713187,212348527,N,1,,"ON OCTOBER 7, 2020, (B)(6), CONTACTED CYMEDICA ORTHOPEDICS STATING THE FOLLOWING: ""WE HAD TO CANCEL A PATIENT'S SURGERY TODAY DUE TO WOUNDS ON HIS UPPER LEG WHICH HE BELIEVES WERE FROM THE E-VIVE MACHINE. PICTURES OF THE WOUNDS ARE ATTACHED. HE BEGAN USING THE MACHINE 2 WEEKS AGO AND HAD BEEN USING IT EVERY DAY, TWICE PER DAY FOR 20 MINUTES AT A TIME. HE DEVELOPED THE WOUNDS 3 DAYS AGO BUT COULDN'T RECALL IF IT WAS FROM THE STRAP OR A POSSIBLE BURN?"" THE ABOVE STATEMENT FROM THE PA MENTIONS AN E-VIVE MACHINE; HOWEVER, THIS DEVICE WAS A QB1 SYSTEM AND NOT AN E-VIVE SYSTEM. EVENT TIMELINE: FITTING DATE: (B)(6) 2020 INJURY NOTIFICATION DATE: 10/6/20 ((B)(6) 2020 LAST TREATMENT) ~13 DAYS TREATMENT TIME: 8HRS 49MIN TREATMENTS COMPLETED: 26.45 TREATMENT LEVEL: INITIALLY LEVELS AT 50-60, SUSTAINED LEVELS AT 100 AVG DAILY TREATMENTS: 2 PER DAY NO GEL USAGE ORIGINAL ELECTRODES CYMEDICA CUSTOMER SERVICE CONTACTED THE PATIENT ON 07-OCT-2020 AND OBTAINED ADDITIONAL DETAILS RELATED TO THIS EVENT. PATIENT STATED THAT HE HAD BEEN USING THE SAME ORIGINAL SET OF ELECTRODES SINCE (B)(6) 2020, APPROXIMATE TREATMENT SESSIONS OF 23 TIMES. PATIENT STATED HE HAD APPLIED THE TREATMENT INTENSITIES AT MAXIMUM INTENSITY LEVELS OF 100 FOR BOTH KNEE AND THIGH AREAS. A REVIEW OF DEVICE HISTORY RECORD (DHR) SHOWED THIS DEVICE INCLUDING THE STIM GENERATOR, GARMENT, AND ELECTRODES HAD MET ALL THE APPLICABLE MANUFACTURING SPECIFICATIONS. ADDITIONAL INVESTIGATION AND BENCH TESTING OF THE RETURNED DEVICE WAS PERFORMED TO ASSURE THE DEVICE HAD NOT BEEN DAMAGED WHEN IN USE. DEVICE INFO: SHIPPED OUT 8/23/20, RETURNED 10/13/20; STIM GENERATOR OR USER INTERFACE (UI) SHOWS 8 HOURS 49 MINUTES RUNTIME UPON RECEIPT. ON OCTOBER 15, 2020, DURING THE RETURNED DEVICE INVESTIGATION, IT WAS FOUND THAT THE COMPLAINT COULD NOT BE RE-CREATED. INITIAL IMPRESSIONS: ELECTRODES APPEARED A BIT DRY; UI FUNCTIONED NORMALLY AND RECOGNIZED GARMENT NMES BOARD; ELECTRODE LEAD WIRES ARE CONTINUOUS; UI WAS ABLE TO PERFORM 2 FULL 20 MINUTE STIMULATION CYCLES NMES BOARD RESISTANCE MEASUREMENTS (RF: 1.603KOHM, VMO: 1.601KOHM) WITHIN ACCEPTABLE RANGE (1575-1625OHM). THE TEST EQUIPMENT INCLUDED ASSET 078; DUE 10/20/20, ASSET 015; DUE 2/11/21). USER INTERFACE MEASUREMENTS FOUND TO BE WITHIN MANUFACTURING SPECIFICATIONS FOR 500 OHM, 2K OHM, AND 10K OHM TO DATA FROM QB-0035-048. THE TEST EQUIPMENT INCLUDED ASSET 015; DUE 2/11/21. WAVEFORM CAPTURES AT INTENSITY LEVELS 1, 50, AND 100 FOUND TO HAVE A CORRECT AND EXPECTED WAVEFORM SHAPE. USING THE SAME RETURNED DEVICE, A STIMULATION SESSION EXERCISED ON TESTER WITH NEW ELECTRODES AND FOUND TO BE COMFORTABLE WITH AS-EXPECTED EXPERIENCE. NO SKIN BURNS OR DAMAGE WAS OBSERVED UNDER THE ELECTRODES. THE COMPLAINT DEVICE ELECTRODES WERE EXAMINED FOR WRINKLES, BREAKS, GEL DAMAGE, DRYNESS, ADHESION, INCORRECT ELECTRODE PLACEMENT AND ELECTRODE DESIGN. ·WRINKLES: NO SIGN OF DAMAGE ·BREAKS: NO SIGN OF DAMAGE ·DRYNESS: THE ELECTRODES APPEARED DRY. ·ADHESION: COMPROMISED, INDICATIVE OF REPEATED APPLICATION AND REMOVAL OF ELECTRODES WHEN COMPARED TO FRESH ELECTRODES. ·INCORRECT ELECTRODE PLACEMENT: UNKNOWN, PHOTOS OF INJURIES SUGGEST CORRECT PLACEMENT ON LEG. THE COMPLAINT DEVICE WAS EXAMINED FOR: ·ABNORMAL ENERGY OUTPUT INTENSITIES AND WAVEFORM SHAPE ARE WITHIN TOLERANCE. ·FAULT CONDITIONS, NONE REPORTED. ·USER INTERFACE MEASUREMENTS ARE WITHIN TOLERANCE. - NMES PCBA IS WITHIN TOLERANCE. ·WIRE CONTINUITY PASS INSPECTION. ·BOARD RESISTANCE AND USER INTERFACE MEASUREMENTS ARE WITHIN TOLERANCE. ·GARMENT INSPECTED, NO ABNORMALITIES ·THERAPY APPLIED (NEW ELECTRODES) BY INVESTIGATOR, NO ABNORMALITIES. ROOT CAUSES: WE BELIEVE USE OF THE DEVICE AT MAXIMUM INTENSITIES OF 100 AND NOT CHANGING THE ELECTRODES FOR A LONG PERIOD OF TIME SINCE THEIR INITIAL USE BY THE PATIENT CAUSED THE ULTIMATE SKIN DAMAGE. THE ELECTRODES PROVIDED WITH THE QB1 SYSTEM ARE HYDROGEL BASED ELECTRODES. THEY WATER CONTENT IN THE HYDROGEL CAN DRY UP WITH TIME ESPECIALLY WHEN EXPOSED IN THE AIR. THIS PROCESS ACCELERATES WHEN THE ELECTRODES ARE IN USE AND SPECIALLY WHEN HIGH LEVELS OF TREATMENT INTENSITIES ARE APPLIED. AS THE ELECTRODES ARE USED, MOISTURE IS LOST DUE TO THERMAL HEATING. CONSEQUENTLY, INCREASING RESISTANCE, WHICH THEN REQUIRES ELEVATED INTENSITY LEVELS TO ACHIEVE STRONG CONTRACTIONS. THIS LEADS TO A GREATER ELECTRICAL POTENTIAL AND THUS A PROPENSITY OF HIGHER CURRENT DENSITIES. QB1 SYSTEM INSTRUCTIONS FOR USE (IFU OR USER GUIDE) PROVIDES INFORMATION ABOUT THE ELECTRODES AND FREQUENCY NEEDED TO CHANGE THE ELECTRODES. IN ADDITION, THE PATIENTS ARE TRAINED ABOUT ELECTRODES CHANGE DURING THE DEVICE DISPENSING PROCESS. MITIGATION STRATEGIES: 1)UPDATE IFU AND SUPPORTING LITERATURE TO REINFORCE THE REQUIREMENTS FOR HYDROGEL USAGE AND FREQUENT ELECTRODE REPLACEMENT.",Powered muscle stimulator
10713187,212348528,D,1,,"ON (B)(6) 2020, (B)(6) CONTACTED CYMEDICA ORTHOPEDICS AND REPORTED THE FOLLOWING. ""WE HAD TO CANCEL A PATIENT'S SURGERY TODAY DUE TO WOUNDS ON HIS UPPER LEG WHICH HE BELIEVES WERE FROM THE E-VIVE MACHINE. HE BEGAN USING THE MACHINE 2 WEEKS AGO AND HAD BEEN USING IT EVERYDAY, TWICE PER DAY FOR 20 MINUTES AT A TIME. HE DEVELOPED THE WOUNDS 3 DAYS AGO BUT COULDN'T RECALL IF IT WAS FROM THE STRAP OR A POSSIBLE BURN?""",Powered muscle stimulator
10837737,216411736,D,1,,"REPORTS HAS HAD SHARP PAINS, SKIN IRRITATION BURNS, ITCHING, REDNESS, FOR SEVERAL DAYS AFTER USING THIS DEVICE.",TENS (over-the-counter)
10853001,216650302,N,1,,"COMPLAINT FAILURE WAS NOT ABLE TO BE RECREATED - COMPLAINT UNIT WAS NOT RETURNED TO CYMEDICA FOR FURTHER INVESTIGATION. PER CUSTOMER SERVICE, REPLACEMENT ELECTRODES WERE SENT TO CUSTOMER FOR REPLACEMENT OF OLD ELECTRODES FROM COMPLAINT UNIT. PER E-MAIL COMMUNICATION, PATIENT USED SAME SET OF ELECTRODES SINCE LATE AUGUST 08/2020 WITHOUT APPLICATION OF ELECTRODE GEL. IMAGES OF ELECTRODES SUPPLIED BY CUSTOMER EXHIBITED WORN HYDROGEL SURFACE. EDGES OF HYDROGEL LAYER FOUND PEELING AWAY/MISSING AT ELECTRODE EDGES. WORN/DRY ELECTRODES RESULT IN POOR CONDUCTION REQUIRING HIGHER LEVELS OF STIMULATION WITH POTENTIAL OF DISCOMFORT AND BURNING. DRY ELECTRODES ARE TO BE REPLACED WITH FRESH ELECTRODES. CS COMMUNICATION WITH CUSTOMER EMPHASIZED NEED TO CLEAN ELECTRODES, UTILIZE COVERS POST-USE TO RETAIN HYDROGEL SURFACE MOISTURE/CLEANLINESS, AND APPLICATION OF ELECTRODE GEL TO AID ELECTRODE CONDUCTION AND MOISTURE.",Powered muscle stimulator
10853001,216650303,D,1,,"ON OCTOBER 29, 2020 PATIENT CONTACTED CYMEDICA CUSTOMER SERVICE REGARDING BURNS HE RECEIVED FROM THE ELECTRODES. THE ""BURN"" MARKS ARE HEALED NOW; PLEASE TAKE NOTE THAT HE USED THE SAME SET OF PADS SINCE LATE AUGUST. THE PATIENT DID NOT USE GEL. CUSTOMER SERVICE SHIPPED HIM NEW ELECTRODES AND RE-EDUCATED HIM ON USE/CARE ETC.",Powered muscle stimulator
10920525,218715453,N,1,,"THE OBSERVED TRAUMA IS INDICATIVE OF AN ACUTE LOCALIZED INCREASE IN CURRENT DENSITY AS A RESULT OF LOSS OF PAD CONDUCTIVITY ACROSS ITS SURFACE AREA. MANY POTENTIAL SOURCES EXIST OF ACCIDENTAL HIGH CURRENT DENSITIES. WRINKLES OR BREAKS IN ELECTRODE CONDUCTORS, NON-UNIFORM GEL LAYER OR DAMAGE, DRYING OUT, ELECTRODES PARTIALLY PEELING OFF THE SKIN (LOSS OF ADHESION), INCORRECT ELECTRODE PLACEMENT AND ELECTRODE DESIGN CAN CREATE PREFERENTIAL CURRENT THROUGH A REDUCED SURFACE AREA INTO THE PATIENT RESULTING UNSAFE CURRENT DENSITIES AND SUBSEQUENT TISSUE DAMAGE. THIS CAN OCCUR EVEN AT SAFE THERAPEUTIC IMPULSES DUE TO THE REDUCTION OF THE CONDUCTIVE SURFACE AREA RESULTING IN UNSAFE CURRENT DENSITIES. IN THE ABSENCE OF THE PHYSICAL COMPLAINT DEVICE TO INVESTIGATE, PHOTO AND TESTIMONY EVIDENCE WAS INVESTIGATED AS FOLLOWS: THE COMPLAINT DEVICE ELECTRODE PHOTOS WERE EXAMINED AS FOLLOWS: WRINKLES: NO SIGN OF DAMAGE. BREAKS: NO SIGN OF DAMAGE. GEL: SUBSTANTIAL PERIMETER DAMAGE INDICATIVE OF EXCESSIVE USE AND POOR MAINTENANCE DRYNESS: PHOTOS ARE COMMENSURATE WITH DRY ELECTRODES. ADHESION: PHOTOS ARE COMMENSURATE WITH COMPROMISED ADHESION DUE TO DRYNESS. INCORRECT ELECTRODE PLACEMENT: UNKNOWN, PHOTOS OF INJURIES SUGGEST CORRECT PLACEMENT ON LEG. THE COMPLAINT DEVICE WAS EXAMINED FOR: GARMENT INSPECTED, NO ABNORMALITIES. FAULT CONDITIONS, NO OVERVOLTAGE FAULTS REPORTED. ROOT CAUSES: PATIENT NEGLIGENCE OF REPLACING DRY ELECTRODES. AS THE ELECTRODES ARE USED, MOISTURE IS LOST DUE TO THERMAL HEATING. CONSEQUENTLY, INCREASING RESISTANCE, WHICH THEN REQUIRES ELEVATED INTENSITY LEVELS TO ACHIEVE STRONG CONTRACTIONS. THIS LEADS TO A GREATER ELECTRICAL POTENTIAL AND THUS A PROPENSITY OF HIGHER CURRENT DENSITIES. PATIENT NEGLIGENCE OF USING ELECTRODE GEL TO FACILITATE CURRENT DENSITY DISTRIBUTION AT HIGHER THERAPY LEVELS.",Powered muscle stimulator
10920525,218715454,D,1,,"ON (B)(6) 2020 PATIENT CONTACTED CYMEDICA CUSTOMER SERVICE REGARDING BURNS HE RECEIVED FROM THE ELECTRODES. THE ""BURN"" MARKS ARE HEALED NOW; PLEASE TAKE NOTE THAT HE USED THE SAME SET OF PADS SINCE LATE AUGUST. THE PATIENT DID NOT USE GEL. CUSTOMER SERVICE SHIPPED HIM NEW ELECTRODES AND RE-EDUCATED HIM ON USE/CARE ETC.",Powered muscle stimulator
10976020,220753942,D,1,,"I GOT A SHARP PAIN WHEN I AM USING THE TENS UNIT AND SAW THE PADS LEFT MILD BURNS ON MY SKIN. IT IS LIKE ALLERGY SYMPTOMS AND THE SKIN WAS ITCHING AND REDNESS FOR SEVERAL DAYS AND RECOVERED IF I STOPPED USING IT. BUT IF I RESTART USING IT, IT LEFT BURNS ON THE SKINS AGAIN. FDA SAFETY REPORT ID # (B)(4).",TENS (prescription)
10983479,220971758,D,1,,"I GOT A SHARP PAIN WHEN I AM USING THE TENS UNIT AND SAW THE PADS LEFT MILD BURNS ON MY SKIN. IT IS LIKE ALLERGY SYMPTOMS AND SKIN WAS ITCHING AND REDNESS FOR SEVERAL DAYS AND RECOVERED IF I STOPPED USING IT. BUT IF I RESTART USING IT, IT LEFT BURNS ON THE SKINS AGAIN. SO I TRIED TO CHECK THIS SELLER IN THE FDA DATABASE AND FOUND THAT THIS (B)(6) SELLER IS NOT REGISTERED WITH FDA . HOWEVER, THEY ARE STILL SELLING THE CLASS II MEDICAL DEVICE WHICH IS ATTACHING TO HUMAN SKINS AND HAS A POTENTIAL THREAT TO TENS OF THOUSANDS OF CUSTOMERS. THIS SELLING BEHAVIOR IS ILLEGAL BASED ON FDA REGULATION AND SHOULD BE FORBIDDEN IN THE US IMMEDIATELY. (B)(6). FDA SAFETY REPORT ID # (B)(4).",TENS (prescription)
10991679,221736394,D,1,,IT IS A TENS PRODUCT. BOUGHT ON (B)(6) FOR TRAPS AND NECK PAIN. USED ONCE ON A FRIDAY AND WOKE UP SATURDAY WITH SKIN PETECHIA/ELECTRICAL BURNS ON LEFT HAND AND FOREARM. THE PRODUCT LINK IS (B)(6). FDA SAFETY REPORT ID# (B)(4).,TENS (prescription)
11019252,222091573,D,1,,"USED IT FOR 10 MINUTES ON MY LOWER BACK ONLY FOR THE PADS TO BECOME SUPER ITCHY. LEFT RED INFLAMED PATCHES THE EXACT SIZE OF THE PADS FOR 2 WEEKS. SINCE THE SWELLING HAS WENT DOWN THERE ARE DARK ALMOST ""TANNED"" PATCHES THAT SEEM LIKE THEY WILL NEVER GO AWAY. IT'S BEEN OVER 2 MONTHS. BOUGHT ON (B)(6), THE LINK WAS (B)(6). FDA SAFETY REPORT ID # (B)(4).",TENS (over-the-counter)
9621402,315694609,D,0,,THE DEVICE WAS RETURNED AND COMPLAINT CONFIRMED. THE APPLICATOR CABLE WAS DAMAGED. DEVICE WAS REPAIRED AND RETURNED TO CUSTOMER.,TENS (prescription)
9864812,317997674,N,0,,"INVESTIGATION REVEALED A DEFECTIVE ULTRASOUND PROBE CABLE AND RUBBER BODY SEPARATING. PARTS WERE REPLACED AND APPLICATOR WAS CALIBRATED. CLEANED UP UNIT, CONTACTS, AND RE-SEATED BOARDS. FULL FUNCTIONAL TEST WAS RAN.",Powered muscle stimulator
10326152,319256562,D,0,,"MY SHOULDER NEVER BOTHERED ME, SO WHY IT'S A PROBLEM NOW MAKES NO SENSE [UNSPECIFIED DISORDER OF JOINT OF SHOULDER REGION]. CASE NARRATIVE: BASED ON ADDITIONAL INFORMATION RECEIVED ON 24-JUL-2020; THIS CASE QUALIFIES FOR NULLIFICATION (THE TENS WAS NEVER THE PROBLEM, BUT IT WAS DISAPPOINTING TO HEAR IT HAS BEEN DISCONTINUED) INITIAL INFORMATION RECEIVED ON 14-JUL-2020 FROM UNITED STATES REGARDING AN UNSOLICITED VALID SERIOUS CASE RECEIVED FROM THE PATIENT. THIS CASE INVOLVES AN UNKNOWN AGE FEMALE PATIENT WHO REPORTED THAT HER SHOULDER NEVER BOTHERED HER, SO WHY IT'S A PROBLEM NOW MAKES NO SENSE, WHILE SHE WAS USING MEDICAL DEVICE SMART RELIEF TENS THERAPY (ICY HOT SMART RELIEF BACK REFILL PADS). THE PATIENT'S PAST MEDICAL HISTORY, MEDICAL TREATMENT(S), VACCINATION(S), CONCOMITANT MEDICATIONS AND FAMILY HISTORY WERE NOT PROVIDED. ON AN UNKNOWN DATE, THE PATIENT STARTED USING SMART RELIEF TENS THERAPY PADS (STRENGTH, DOSE, ROUTE, FREQUENCY, LOT / BATCH NUMBER: UNKNOWN) FOR AN UNKNOWN INDICATION. THE PATIENT REPORTED THAT SHE HAD ICY HOT TENS THAT WAS EFFECTIVE ON MY LOWER BACK. SINCE THE PATIENT NEED NEW PADS, SHE HAD NOT USED IT LATELY. PATIENT REPORTED THAT HE DID EXERCISE A LOT, USING A PLETHORA OF METHODS FROM TAI CHI TO FENCING AND SO HE WOULD NOT BE HAVING AS MANY PHYSICAL PROBLEMS. SHE EVEN CARRIED UP TO 80 LB BOXES / CRATES OF CONSTRUCTION EQUIPMENT PARTS, HER SHOULDER NEVER BOTHERED HER SO WHY IT WAS A PROBLEM NOW MAKES NO SENSE TO HER (ONSET DATE AND LATENCY: UNKNOWN). UPON FOLLOW UP, PATIENT REPORTED THAT HE HAS RETURNED THE ICY HOT PATCHES. SHE SAID THAT TENS WAS NEVER THE PROBLEM. ACTION TAKEN: UNKNOWN. CORRECTIVE TREATMENT: NOT REPORTED. EVENT OUTCOME: UNKNOWN. SERIOUSNESS CRITERIA: MEDICALLY SIGNIFICANT. ADDITIONAL INFORMATION RECEIVED ON 24-JUL-2020 FROM THE PATIENT: THIS CASE QUALIFIES FOR NULLIFICATION (THE TENS WAS NEVER THE PROBLEM, BUT IT WAS DISAPPOINTING TO HEAR IT HAS BEEN DISCONTINUED). NO ADVERSE EVENT. LOCAL COMMENTS: DOWNGRADE.",TENS (over-the-counter)
11154437,226648512,D,1,,"BURN(S); ERYTHEMA; ITCHING, IT IS A TENS PRODUCT. MODEL NO. AS8012. BOUGHT ON (B)(6) FOR TRAPS AND NECK PAIN. USED ONCE ON A FRIDAY AND WOKE UP SATURDAY WITH SKIN PETECHIAE/ELECTRICAL BURNS ON LEFT HAND AND FOREARM. THE BRAND NAME IS (B)(6). THE PRODUCT LINK IS (B)(6) THE SELLER NAME IS: (B)(4). MANUFACTURER IS: SHENZHEN AS-TEC TECHNOLOGY CO., LTD. FDA SAFETY REPORT ID #: (B)(4).",TENS (over-the-counter)
11170158,227477597,D,1,,"PRODUCT NAME IS AUVON DUAL CHANNEL TENS UNIT MUSCLE STIMULATOR MACHINE? MODEL NO. AS8012; I BOUGHT IT ON (B)(6), THE LINK IS: (B)(6) PROBLEM: I GOT A SHARP PAIN WHEN I AM USING THE TENS UNIT AND SAW THE PADS LEFT MILD BURNS ON MY SKIN. IT IS LIKE ALLERGY SYMPTOMS AND THE SKIN WAS ITCHING AND REDNESS FOR SEVERAL DAYS AND RECOVERED IF I STOPPED USING IT. BUT IF I RESTART USING IT, IT LEFT BURNS ON THE SKINS AGAIN. COMPANY NAME IS SHENZHEN YUWEN E-COMMERCE CO., LTD. MANUFACTURER: SHENZHEN AS-TEC TECHNOLOGY CO, LTD. FDA SAFETY REPORT ID # (B)(4).",TENS (over-the-counter)
11398150,234221397,D,1,,SPR PERIPHERAL NERVE STIMULATOR LEAD WAS REMOVED DURING OFFICE VISIT AND PATIENT TOLERATED THE LEAD REMOVAL WITHOUT ISSUE. IT WAS NOT ENTIRELY CLEAR IF THE LEAD TIP WAS INTACT. RIGHT SIDED PELVIC X-RAY ORDERED TO POSSIBLY DETERMINE IF LEAD TIP IS INDEED RETAINED. SPR DEVICE REP NOTIFIED AS WELL. PATIENT GIVEN MRI SAFETY CARD IN THE EVENT HE WOULD NEED TO HAVE THIS FOR THE FUTURE.,TENS (prescription)
11156049,234476985,D,1,,"FOR SOME REASON THE EARTH METAL PRONG ON THE UNIT POWER MODULE WITH ON/OFF SWITCH PER #7 IN THE MANUAL (PG 7) BROKE OFF AND I NEED A REPLACEMENT MODULE FOR THIS. THE MACHINE STILL WORKS BUT, OBVIOUSLY, WITHOUT THE GROUND PLACES THE PATIENT IS AT RISK.",Powered muscle stimulator
11552390,241753926,D,1,,"THIS SPONTANEOUS CASE WAS REPORTED BY A CONSUMER AND DESCRIBES THE OCCURRENCE OF MEDICAL DEVICE SITE BURN ('THERE IS ONE LITTLE SECTION ON BACK THAT LOOKS LIKE IT BURNT OFF A COUPLE OF LAYERS OF SKIN/ DOCTOR SAID I HAD 1ST AND POSSIBLY 2ND DEGREE BURNS ON MY BACK') IN A (B)(6)-YEAR-OLD FEMALE PATIENT WHO RECEIVED ALEVE TENS DEVICE DIRECT THERAPY UNIT (BATCH NUMBER TOLURN) FOR PAIN. THE OCCURRENCE OF ADDITIONAL NON-SERIOUS EVENTS IS DETAILED BELOW. OTHER PRODUCT OR PRODUCT USE ISSUES IDENTIFIED: DEVICE MALFUNCTION ""ALEVE TENS UNIT MALFUNCTION"". ON AN UNKNOWN DATE, THE PATIENT STARTED ALEVE TENS DEVICE DIRECT THERAPY UNIT. ON 27-DEC-2020, THE PATIENT EXPERIENCED MEDICAL DEVICE SITE BURN (SERIOUSNESS CRITERIA MEDICALLY SIGNIFICANT AND INTERVENTION REQUIRED) WITH BLISTER, SKIN WOUND AND PAIN AND MEDICAL DEVICE SITE PAIN (""GOT ALMOST ALL THE WAY THROUGH THE CYCLE AND ALL OF A SUDDEN IT HURTS AS IF I WAS BEING STUNG BY A BUNCH OF BEES""). ON AN UNKNOWN DATE, THE PATIENT EXPERIENCED SENSORY DISTURBANCE (""NERVE ENDINGS ON BACK ARE NOW SUPER SENSITIVE TO ANY FORM OF HEAT""). THE PATIENT WAS TREATED WITH SULFADIAZINE SILVER (SILVADENE). AT THE TIME OF THE REPORT, THE MEDICAL DEVICE SITE BURN HAD RESOLVED WITH SEQUELAE AND THE SENSORY DISTURBANCE HAD NOT RESOLVED. THE REPORTER CONSIDERED MEDICAL DEVICE SITE BURN, MEDICAL DEVICE SITE PAIN AND SENSORY DISTURBANCE TO BE RELATED TO ALEVE TENS DEVICE DIRECT THERAPY UNIT. THE REPORTER COMMENTED: PATIENT STATED SHE SAW HER DOCTOR BY THE TIME OF THIS REPORT AND HER DOCTOR SAID SHE HAD 1ST AND POSSIBLY 2ND DEGREE BURNS ON MY BACK. NO INFORMATION ABOUT TREATMENT WAS GIVEN. LOT NUMBER WAS PROVIDED AS TOLURN. ON ADDITION INFORMATION RECEIVED FROM PATIENT, SHE STATED THAT NOW SHE IS UNABLE TO USE A HEATING PAD OR EVEN TAKE A HOT SHOWER. IT SEEMS THAT HER NERVE ENDINGS ARE HOW HYPER SENSITIVE TO ANY FORM OF HEAT. SHE SAID THAT THE PRODUCT WAS THE SOLE CONTRIBUTOR OF HER INJURIES. SHE WENT TO THE DOCTOR BECAUSE THE BLISTER GOT BIGGER AND QUITE PAINFUL, AND SHE WAS CONCERNED ABOUT INFECTION. HER DOCTOR PRESCRIBED SILVADENE CREAM TO BE APPLIED TWICE DAILY UNTIL THE WOUNDS WERE COMPLETELY HEALED. SHE ALSO SAID THAT IT APPEARS AT THIS POINT THAT SHE IS GOING TO HAVE PERMANENT SCARRING ACROSS HER LOWER BACK. SHE HOPES THAT THE HYPER SENSITIVITY WILL EVENTUALLY FADE. MANUFACTURER NUMBERS: 00325866565044; 161130. MOST RECENT FOLLOW-UP INFORMATION INCORPORATED ABOVE INCLUDES: ON (B)(6) 2021: THE EVENT ALEVE TENS UNIT MALFUNCTION; NERVE ENDINGS ARE NOW SUPER SENSITIVE TO ANY FORM OF HEAT WERE ADDED. WOUNDS AND PAIN WERE ADDED AS SYMPTOMS. TREATMENT DRUG WAS ADDED. OUTCOME FOR THE EVENT THERE IS ONE LITTLE SECTION ON BACK THAT LOOKS LIKE IT BURNT OFF A COUPLE OF LAYERS OF SKIN/ DOCTOR SAID I HAD 1ST AND POSSIBLY 2ND DEGREE BURNS ON MY BACK WAS UPDATED. REPORTER CAUSALITY COMMENTS WERE ADDED. A TECHNICAL INVESTIGATION WILL BE CONDUCTED, INCLUDING A BATCH REVIEW, AND A REVIEW OF COMPLAINT RECORDS AND OTHER RELEVANT DATA; SHOULD ANY NEW AND REPORTABLE INFORMATION BECOME AVAILABLE FROM OUR INVESTIGATION, THIS WILL BE PROVIDED IN A SUPPLEMENTARY REPORT.",TENS (over-the-counter)
11541707,241924431,D,1,,"I HAVE BEEN HAVING PROBLEMS WITH THE NEUROMD DEVICE. MULTIPLE TIMES I FELT A STRONG BURN/SHOCK SENSATION. PLUS, THE DEVICE STIMULATION TAPPERS OFF BEFORE IT SHOULD. I HAVE SPOKEN THREE TIMES TO THEIR CUSTOMER SERVICE REPS. FIRST TIME THEY ADMITTED THERE WAS A BAD PART IN THE DEVICE AND SENT ME A NEW ONE. RECEIVED THAT AND NOW THE SAME THING IS HAPPENING AGAIN REP ONLY TELLS ME IT'S BECAUSE THE GEL PAD ISN'T STUCK ON MY BACK WILL ENOUGH. TO TRY ANOTHER PAD. THE PADS ARE (B)(6) FOR 3 OF THEM, I CAN'T THROW AWAY A PAD AFTER 3 USES. THEY SAY THE PADS LAST FOR 20 OR SO USES. THE REP ISN'T HELPFUL. I FEEL LIKE A GUINEA PIG. I HIGHLY DOUBT THEY ARE KEEPING A COMPLAINT FILE. THE BURN/ SHOCK REALLY HURTS. PLEASE CHECK THEM OUT. THIS BURN/SHOCK HAS HAPPENED ABOUT 4 TIMES NOW. IT IS THE SECOND TIME A PART HAS FAILED. THEY DENY IT IS FAILING. FDA SAFETY REPORT ID # (B)(4).",TENS (prescription)
11614535,243794767,N,1,,"A POSTAGE PAID LABEL WAS SENT TO RETRIEVE THE UNIT FOR FURTHER INVESTIGATION AND VERBAL REQUEST FOR UNIT RETURN WAS MADE. A ROOT CAUSE HAS NOT BEEN DETERMINED. IT HAS NOT BEEN CONFIRMED IF THE DEVICE CAUSED OR CONTRIBUTED TO THE REPORTED INCIDENT. HOWEVER, DUE TO THE CUSTOMER REPORTING HAVING PAIN THAT IS CONSTANT AND IS AFFECTING HIS WALKING AND SLEEPING AND GETTING PRESCRIBED MUSCLE RELAXANT THIS MEDWATCH IS BEING FILED. THE PRODUCT INSTRUCTION MANUAL INCLUDES FOLLOWING WARNINGS: IF YOU HAVE HAD MEDICAL OR PHYSICAL TREATMENT FOR YOUR PAIN, CONSULT WITH YOUR PHYSICIAN BEFORE USING THIS DEVICE. IF YOUR PAIN DOES NOT IMPROVE, BECOMES SERIOUSLY CHRONIC OR SEVERE, OR CONTINUES FOR MORE THAN FIVE DAYS, STOP USING THE DEVICE AND CONSULT WITH YOUR PHYSICIAN. THE MERE EXISTENCE OF PAIN FUNCTIONS AS A VERY IMPORTANT WARNING TELLING US THAT SOMETHING IS WRONG. THEREFORE, IF YOU SUFFER FROM ANY SERIOUS ILLNESS, CONSULT YOUR PHYSICIAN IN ORDER TO CONFIRM THAT IT IS ADVISABLE FOR YOU TO USE THIS ELECTROTHERAPY UNIT. THE U.S IMPORTER IS REQUESTING THE MANUFACTURER OF THE DEVICE TO FURTHER INVESTIGATE THIS INCIDENT.",TENS (over-the-counter)
11614535,243794768,D,1,,"CONSUMER CALLED AND REPORTED THAT UNIT IS GIVING HIM PAIN ON HIS HIP AND THIGH. HE HAS USED THE UNIT IN OTHER PARTS OF BODY AND DID FINE (NO ISSUE). HE CAN ONLY USE THE UNIT ON HIS HIP AND THIGH FOR 10 MINUTES BEFORE THE UNIT STARTS TO HURT HIM. HE DID GO TO THE DOCTOR AND THE DOCTOR GAVE HIM MUSCLE RELAXER FOR THE PAIN ABOUT A MONTH AGO AND THAT DID NOT REALLY HELP HIM. HE IS THE ONLY USER OF THE UNIT. ALL THIS HAPPENED ABOUT TWO MONTH AGO. HE IS UNABLE TO LAY ON HIS SIDE AT NIGHT TO SLEEP DUE THE PAIN. CONSUMER STATED THE SKIN IS DRY AND CLEAN IN THE AREA OF THE PADS. HE CLEANS THE PADS AT LEAST ONCE A WEEK AND PLACES THE PADS ABOUT 4"" PART. HE IS USING DURACELL HIGH EFFICACY BATTERIES WITH THE UNIT. CONSUMER WAS SENT A POSTAGE PAID LABEL VIA EMAIL TO RETRIEVE THE UNIT FOR TESTING. DURING FOLLOW-UP CALL, CONSUMER STATED HE USED THE PRODUCT ON HIS BACK, KNEE, AND SCIATICA AND NEVER HAD ANY ISSUES. HE STARTED USING IT ON HIS HIP AND IT STATED TO CAUSE HIM PAIN. HE PLACED THE PADS EXACTLY THE WAY THEY WERE PLACED ON THE DIAGRAM. HE FOLLOWS INSTRUCTIONS IN THE MANUAL VERY CAREFULLY. HE TRIED IT ON THE HIP ONE TIME, HAD IT ON FOR 5 MINUTES, AND TOOK IT OFF BECAUSE OF THE PAIN. PER CONSUMER, IT WAS 2 MONTHS AGO, THAT HE GOT THE PAIN AND IT IS STILL PRESENT. HE HAS NOT USED IT ON HIS HIP SINCE THEN BUT HAS USED IT IN THE OTHER LOCATIONS NO ISSUES. THE PAIN IS CONSTANT AND IS AFFECTING HIS WALKING AND SLEEPING. HE IS USED TO WALKING 3 MILES A DAY AND SINCE THIS HAPPENED HE CANNOT WALK MORE THAN 10 MINUTES WITHOUT THE PAIN BECOMING VERY INTENSE. HE CANNOT SLEEP ON HIS RIGHT HIP BECAUSE OF THE PAIN IS SO INTENSE. HE DID SEE HIS DOCTOR REGARDING THE PAIN AND HE WAS PRESCRIBED MUSCLE RELAXANT. THAT DID NOT RELIEVE PAIN THOUGH AND THAT WAS ABOUT ONE MONTH AGO. THE PAIN IS THROBBING, ACHING, AND CONSTANT. CONSUMER STATED HE DOES TRY TO LAY ON THE RIGHT SIDE AND IT IS A BURNING PIERCING PAIN. HE HAS NOT BEEN BACK TO DOCTOR FOR FOLLOW-UP YET. THE DOCTOR'S APPOINTMENTS ARE LIKE CURBSIDE PICKUPS RIGHT NOW AND ALL THEY WILL DO IS PRESCRIBE MORE MEDICATION AND IF ONE DID NOT HELP WHY WOULD ANOTHER. HE HAS TRIED TO USE HEAT AND ICE TO RELIEVE PAIN AND THAT DOES NOT HELP EITHER. CONSUMER STATED HE DOES HAVE A FRIEND THAT IS A DOCTOR AND A MALPRACTICE ATTORNEY AND HE IS GOING TO CHECK WITH HIM AND SEE WHY HE HAD THIS REACTION ON HIS HIP BUT THE UNIT WORKS FINE EVERYWHERE ELSE ON HIS BODY THAT HE HAS TRIED IT. CONSUMER REQUESTED THAT OMRON SENDS HIM A NEW TENS UNIT. OMRON REPRESENTATIVE SENT HIM A NEW UNIT AND SENT A POSTAGE PAID LABEL TO RETRIEVE HIS UNIT FOR FURTHER INVESTIGATION.",TENS (over-the-counter)
11655192,245081609,N,1,,"DURING A RECENT REVIEW, WE REALIZED THIS EVENT SHOULD HAVE BEEN REPORTED.",Powered exoskeleton
11655192,245081610,D,1,,THE CUSTOMER HAS INFORMED REWALK BUSINESS DEVELOPMENT MANAGER THAT THE WAISTPACK OF THE DEVICE (WHERE THE LI-ION BATTERY PACKS ARE LOCATED) CAUGHT FIRE WHILE IT WAS BEING CHARGED FOR APPROXIMATELY 48 HOURS AT HIS HOUSE. THE CUSTOMER WAS NOT USING THE SYSTEM WHEN THE INCIDENT OCCURRED (THE DEVICE INCLUDES A SAFETY MEASURE THAT PREVENTS POWERING ON THE DEVICE WHILE IT IS BEING CHARGED). THERE WERE NO INJURIES AS A RESULT OF THE INCIDENT AND THERE WAS MINOR DAMAGE CAUSED TO THE FLOOR WHERE THE DEVICE WAS STORED. THE DEVICE WAS MAINLY DAMAGED IN THE WAISTPACK AREA.,Powered exoskeleton
11655212,245083051,N,1,,DURING A RECENT REVIEW WE REALIZED THIS EVENT SHOULD HAVE BEEN REPORTED,Powered exoskeleton
11655212,245083052,D,1,,THE CUSTOMER HAS INFORMED REWALK CLINICAL TRAINER THAT THE WAISTPACK OF THE DEVICE (WHERE THE LI-ION BATTERY PACKS ARE LOCATED) CAUGHT FIRE WHILE IT WAS BEING CHARGED FOR APPROXIMATELY 6 HOURS AT HIS HOUSE. THE CUSTOMER WAS NOT USING THE SYSTEM WHEN THE INCIDENT OCCURRED (THE DEVICE INCLUDES A SAFETY MEASURE THAT PREVENTS POWERING ON THE DEVICE WHILE IT IS BEING CHARGED). THERE WERE NO INJURIES AS A RESULT OF THE INCIDENT AND THERE WAS MINOR DAMAGE CAUSED TO THE FLOOR WHERE THE DEVICE WAS STORED. THE DEVICE WAS MAINLY DAMAGED IN THE WAISTPACK AREA.,Powered exoskeleton
11424988,247724641,N,1,,"IT WAS REPORTED THAT THE PATIENT ALLEGEDLY HAD TO UNDERGO A SECOND SURGERY ON HER SHOULDER AFTER UTILIZING THE CONTINUOUS PASSIVE MOTION (CPM) MACHINE, SETUP IN HER HOME BY THE SUPPLIER REFERRED BY HER PHYSICIAN. THE INVESTIGATION IS ONGOING AND DJO WILL PROVIDE A SUPPLEMENTAL REPORT UPON COMPLETION.",Powered exercise equipment (incl. CPM)
11424988,247724642,D,1,,"IT WAS REPORTED THAT THE PATIENT ALLEGEDLY HAD TO UNDERGO A SECOND SURGERY ON HER SHOULDER AFTER UTILIZING THE CONTINUOUS PASSIVE MOTION (CPM) MACHINE, SETUP IN HER HOME BY THE SUPPLIER REFERRED BY HER PHYSICIAN.",Powered exercise equipment (incl. CPM)
11710211,247772738,D,1,,"THIS SPONTANEOUS CASE WAS REPORTED BY A CONSUMER AND DESCRIBES THE OCCURRENCE OF DEVICE STIMULATION ISSUE ('IT FELT LIKE A SHOCK') IN A (B)(6)-YEAR-OLD FEMALE PATIENT WHO RECEIVED ALEVE TENS DEVICE DIRECT THERAPY UNIT (BATCH NO. T0KZFP) FOR PAIN. THE OCCURRENCE OF ADDITIONAL NON-SERIOUS EVENTS IS DETAILED BELOW. ACCORDING TO THE REPORTER, THE PATIENT HAD NO RELEVANT MEDICAL HISTORY OR CONCURRENT CONDITIONS. ON AN UNKNOWN DATE, THE PATIENT STARTED ALEVE TENS DEVICE DIRECT THERAPY UNIT. THE DEVICE STIMULATION ISSUE (SERIOUSNESS CRITERION MEDICALLY SIGNIFICANT) AND DEVICE MALFUNCTION (""TOUCHED THE + BUTTON ONCE TO INCREASE THE SPEED THEN IT JUST JUMPED TO THE HIGHEST SETTING."") OCCURRED ON AN UNKNOWN DATE. IT WAS UNKNOWN WHETHER ANY ACTION WAS TAKEN WITH ALEVE TENS DEVICE DIRECT THERAPY UNIT. THE REPORTER COMMENTED: I HAVE THIS FOR ABOUT 3/4 YEARS NOW AND I WAS USING IT LAST NIGHT ON A FEW CYCLES, I TOUCHED THE "" +"" BUTTON ONCE TO INCREASE THE SPEED THEN IT JUST JUMPED TO THE HIGHEST SETTING. I TOOK IT OFF AT THE VERY MOMENT THEN USED THE REMOTE TO STOP IT. THE CONSUMER ENQUIRES DOES THAT MEAN IT'S NOW DEFECTIVE? MOST RECENT FOLLOW-UP INFORMATION INCORPORATED ABOVE INCLUDES: ON 12-APR-2021: ELECTRICAL SHOCK IS CONSIDERED AS SERIOUS. A TECHNICAL INVESTIGATION WILL BE CONDUCTED, INCLUDING A BATCH REVIEW, AND A REVIEW OF COMPLAINT RECORDS AND OTHER RELEVANT DATA; SHOULD ANY NEW AND REPORTABLE INFORMATION BECOME AVAILABLE FROM OUR INVESTIGATION, THIS WILL BE PROVIDED IN A SUPPLEMENTARY REPORT.",TENS (over-the-counter)
11639521,259426034,N,1,,"A POSTAGE PAID LABEL WAS SENT TO RETRIEVE THE UNIT FOR FURTHER INVESTIGATION AND VERBAL REQUEST FOR UNIT RETURN WAS MADE. A ROOT CAUSE HAS NOT BEEN DETERMINED. IT HAS NOT BEEN CONFIRMED IF THE DEVICE CAUSED OR CONTRIBUTED TO THE REPORTED INCIDENT. HOWEVER, DUE TO THE CUSTOMER REPORTING HAVING PAIN THAT IS CONSTANT AND IS AFFECTING HIS WALKING AND SLEEPING AND GETTING PRESCRIBED MUSCLE RELAXANT THIS MEDWATCH IS BEING FILED. THE PRODUCT INSTRUCTION MANUAL INCLUDES FOLLOWING WARNINGS: IF YOU HAVE HAD MEDICAL OR PHYSICAL TREATMENT FOR YOUR PAIN, CONSULT WITH YOUR PHYSICIAN BEFORE USING THIS DEVICE. IF YOUR PAIN DOES NOT IMPROVE, BECOMES SERIOUSLY CHRONIC OR SEVERE, OR CONTINUES FOR MORE THAN FIVE DAYS, STOP USING THE DEVICE AND CONSULT WITH YOUR PHYSICIAN. THE MERE EXISTENCE OF PAIN FUNCTIONS AS A VERY IMPORTANT WARNING TELLING US THAT SOMETHING IS WRONG. THEREFORE, IF YOU SUFFER FROM ANY SERIOUS ILLNESS, CONSULT YOUR PHYSICIAN IN ORDER TO CONFIRM THAT IT IS ADVISABLE FOR YOU TO USE THIS ELECTROTHERAPY UNIT.",TENS (over-the-counter)
11639521,259426035,D,1,,"CONSUMER CALLED AND REPORTED THAT UNIT IS GIVING HIM PAIN ON HIS HIP AND THIGH. HE HAS USED THE UNIT IN OTHER PARTS OF BODY AND DID FINE (NO ISSUE). HE CAN ONLY USE THE UNIT ON HIS HIP AND THIGH FOR 10 MINUTES BEFORE THE UNIT STARTS TO HURT HIM. HE DID GO TO THE DOCTOR AND THE DOCTOR GAVE HIM MUSCLE RELAXER FOR THE PAIN ABOUT A MONTH AGO AND THAT DID NOT REALLY HELP HIM. HE IS THE ONLY USER OF THE UNIT. ALL THIS HAPPENED ABOUT TWO MONTH AGO. HE IS UNABLE TO LAY ON HIS SIDE AT NIGHT TO SLEEP DUE THE PAIN. CONSUMER STATED THE SKIN IS DRY AND CLEAN IN THE AREA OF THE PADS. HE CLEANS THE PADS AT LEAST ONCE A WEEK AND PLACES THE PADS ABOUT 4"" PART. HE IS USING DURACELL HIGH EFFICACY BATTERIES WITH THE UNIT. CONSUMER WAS SENT A POSTAGE PAID LABEL VIA EMAIL TO RETRIEVE THE UNIT FOR TESTING. DURING FOLLOW-UP CALL, CONSUMER STATED HE USED THE PRODUCT ON HIS BACK, KNEE, AND SCIATICA AND NEVER HAD ANY ISSUES. HE STARTED USING IT ON HIS HIP AND IT STATED TO CAUSE HIM PAIN. HE PLACED THE PADS EXACTLY THE WAY THEY WERE PLACED ON THE DIAGRAM. HE FOLLOWS INSTRUCTIONS IN THE MANUAL VERY CAREFULLY. HE TRIED IT ON THE HIP ONE TIME, HAD IT ON FOR 5 MINUTES, AND TOOK IT OFF BECAUSE OF THE PAIN. PER CONSUMER, IT WAS 2 MONTHS AGO, THAT HE GOT THE PAIN AND IT IS STILL PRESENT. HE HAS NOT USED IT ON HIS HIP SINCE THEN BUT HAS USED IT IN THE OTHER LOCATIONS NO ISSUES. THE PAIN IS CONSTANT AND IS AFFECTING HIS WALKING AND SLEEPING. HE IS USED TO WALKING 3 MILES A DAY AND SINCE THIS HAPPENED HE CANNOT WALK MORE THAN 10 MINUTES WITHOUT THE PAIN BECOMING VERY INTENSE. HE CANNOT SLEEP ON HIS RIGHT HIP BECAUSE OF THE PAIN IS SO INTENSE. HE DID SEE HIS DOCTOR REGARDING THE PAIN AND HE WAS PRESCRIBED MUSCLE RELAXANT. THAT DID NOT RELIEVE PAIN THOUGH AND THAT WAS ABOUT ONE MONTH AGO. THE PAIN IS THROBBING, ACHING, AND CONSTANT. CONSUMER STATED HE DOES TRY TO LAY ON THE RIGHT SIDE AND IT IS A BURNING PIERCING PAIN. HE HAS NOT BEEN BACK TO DOCTOR FOR FOLLOW-UP YET. THE DOCTOR'S APPOINTMENTS ARE LIKE CURBSIDE PICKUPS RIGHT NOW AND ALL THEY WILL DO IS PRESCRIBE MORE MEDICATION AND IF ONE DID NOT HELP WHY WOULD ANOTHER. HE HAS TRIED TO USE HEAT AND ICE TO RELIEVE PAIN AND THAT DOES NOT HELP EITHER. CONSUMER STATED HE DOES HAVE A FRIEND THAT IS A DOCTOR AND A MALPRACTICE ATTORNEY AND HE IS GOING TO CHECK WITH HIM AND SEE WHY HE HAD THIS REACTION ON HIS HIP BUT THE UNIT WORKS FINE EVERYWHERE ELSE ON HIS BODY THAT HE HAS TRIED IT. CONSUMER REQUESTED THAT OMRON SENDS HIM A NEW TENS UNIT. OMRON REPRESENTATIVE SENT HIM A NEW UNIT AND SENT A POSTAGE PAID LABEL TO RETRIEVE HIS UNIT FOR FURTHER INVESTIGATION.",TENS (over-the-counter)
12106444,263821003,N,1,,"WE ASKED FOR FURTHER INFORMATION FOR ANALYSIS FOR TWICE, BUT NO INFORMATION WAS OBTAINED.",TENS (prescription)
12106444,263821004,D,1,,"CUSTOMER STATES UNIT CAUSED A BURN ON A RESIDENTS LOWER BACK. CUSTOMER WANTED TO MAKE NOTE THAT AT THE TIME OF THE INCIDENT, THE MACHINE TURNED ITSELF OFF AND SHOWED AN ERROR MESSAGE. LOOKING AT THE MANUAL, I BELIEVE IT WAS THE ERROR, ""THE OUTPUT CURRENT EXCEEDS THE SETTING CURRENT VALUE."" I HAD NOT SEEN THIS ERROR CODE BEFORE. AFTER SEEING THIS MESSAGE, THE DEVICE WAS RESTARTED AND THE TREATMENT WAS CONTINUED FOR 8 MORE MINUTES AT 53V. WHEN THE ELECTRODE PADS WERE REMOVED, THERE WAS NO EVIDENCE OF ABNORMALITY ON THE SKIN. THE ELECTRODES USED WERE VALUTRODE, REF #CF5050. THEY ALSO WANTED TO EMPHASIZE THAT THE PACK WAS NEW FOR THAT TREATMENT. THE MACHINE WAS OPERATED BY A PHYSICAL THERAPIST. RELEVANT MEDICAL CONDITIONS: S/P CERVICAL AND LUMBAR LAMINECTOMIES W/ HISTORY OF SEVER STENOSIS C2-C5. THE BURNS ARE DESCRIBED AS '4 FULL-THICKNESS BURNS UNDER PLACEMENT OF ELECTRODES. THE INTERFERENTIAL WAVEFORM WAS BEING USED AT INTENSITY OF 64 MILLIAMPS WITH NO MODULATED PULSE. THE LEADS HAD NOT BEEN REPLACED IN THE LAST 6 MONTHS. NO OINTMENT OR SOLVENT WAS APPLIED PRIOR TO ELECTRODES. THE DEVICE WAS POWERED DOWN WHEN THE ELECTRODES WERE MOVED. THEY HAVE READ THE INSTRUCTION MANUAL. THE BURNS ARE ONGOING, 2 WEEKS, AND THE PATIENT WAS REFERRED TO A WOUND SPECIALIST BY A NURSE. THEY WERE USING 4 ELECTRODES THAT WERE ABOUT 4 INCHES APART. FURTHER CLARIFIES THE SETTING AS '64V AT PRESET SETTINGS: 80HZ TO 150HZ FOR 1 MINUTE. THE PATIENT DID NOT HAVE METAL IMPLANTS, AS FAR AS THE END USER IS AWARE. 'THE ELECTRODES USED WERE 2"" X 2"" CLOTH SQUARE VALUTRODE ELECTRODES. ALL FOUR WERE PLACED 1.5"" BILATERALLY OF THE SPINAL COLUMN AT LEVEL L3-L5, APPROXIMATELY 3 INCHES APART VERTICALLY.",TENS (prescription)
12496789,272652045,D,1,,"CALLER STATED ON (B)(6) 2020 HE VISITED THE HOSPITAL FOR AN APPOINTMENT WHERE THE BIOWAVE GO NERVE STIMULATOR WAS USED ON HIM. HE HAS PREVIOUSLY COMPLAINED OF PAIN, EVER SINCE HE HAS EXPERIENCED AND CONTINUE TO EXPERIENCE NEGATIVE SIDE EFFECTS THAT HAS IMMOBILIZED HIM. HE ALSO STATED THAT HIS HEALTH HAS BEEN DECLINING BECAUSE OF THE USE OF THE DEVICE.",TENS (prescription)
12568082,274478582,D,1,,PATIENT RENTED KNEE CPM MACHINE FOR HOME USE. PLUG CAUGHT ON FIRE WHILE PLUGGED INTO THE WALL. DAMAGE TO PATIENT HOME WELL AND OUTLET. EVENT ABATED AFTER USE STOPPED OR DOSE REDUCED? YES.,Powered exercise equipment (incl. CPM)
12575757,274918470,N,1,,"THIS DEVICE WAS A USED SYSTEM PURCHASED FROM AN OUTSIDE SOURCE. DIAGNOSTICS AND TESTING WERE OFFERED TO VERIFY DEVICE FUNCTIONING APPROPRIATELY. CLIENT WANTED TO REPLACE ALL ACCESSORIES WITHOUT TESTING IN APRIL OF 2021. INVOICE WAS ""TOO EXPENSIVE"" AND THE ACCESSORIES WERE CANCELLED AND A REMINDER TO TEST THOSE ACCESSORIES PRIOR TO USE WAS GIVEN. ON AUGUST 5TH CLIENT CALLED TO REPLACE ""DEFECTIVE"" ACCESSORY. ON 8/6/2021 IT WAS DISCOVERED THE REPLACEMENT WAS DUE TO AN INJURY. IT WAS ESTABLISHED TESTING WAS NOT PROPERLY DONE AND THE ELECTRODE WAS NOT IN GOOD CONDITION. THE DEVICE FUNCTIONS AS INTENDED AND THERE ARE NO REPORTS OF ISSUES OUTSIDE THE ACCESSORY.",TENS (prescription)
12575757,274918471,D,1,,"PATIENT DEVELOPED BURN WOUND ON LEFT WRIST POST TREATMENT ON (B)(6) 2021. PATIENT EXPRESSED FEELING DISCOMFORT DURING TREATMENT AND INTENSITY LEVELS WERE ADJUSTED. PATIENT WAS REFERRED TO WOUND CARE CENTER. PATIENT PRESENTED WITH REDNESS AND BLISTERING. EXPERIENCED DISCOMFORT IN LEFT WRIST FOR A COUPLE WEEKS, NEEDED DRAINAGE, DRESSINGS AND ANTIBIOTICS. REPORTED AS DOING BETTER - (B)(6) 2021.",TENS (prescription)
12665515,277949911,D,1,,"DEVICES ILLEGALLY PLACED IN MY NECK THAT IS DAMAGED MY MIND AND IS CAUSING PAIN MENTAL AND PHYSICAL ABUSE. I AM LINKED THROUGH A CELL TOWER OR RFID OPEN AI AND NEURALINK I BELIEVE IS RESPONSIBLE NO ONE WILL ANSWER MY QUESTIONS OR BROTHERS QUESTIONS WHEN WE TRIED TO CALL THE COMPANY. I AM IN NEED OF MEDICAL AND LEGAL HELP AND PROTECTION. I'VE REPORTED OVER AND OVER AGAIN I AM VICTIM OF A VERY CRUEL AND UNUSUAL CRIME IT'S MEDICAL THAT I HAVE NO CONTROL OVER AND SCIENTIFIC THAT IS PAINFUL AND SCARY. LIKE A DR PLACED THE DEVICES FOR SOME ILLEGAL CLINICAL TRIAL OR SOMETHING. I HAVE NO CLEAR UNDERSTANDING OF ANYTHING OTHER THAN ITS MEDICAL MANAGES MY OVERALL HEALTH AND SCIENTIFIC AND VERY ODD AND SCARY AND ABUSIVE. PLEASE HELP ME FIND AWAY TO IDENTIFY THESE DEVICES AND GET THEM SAFELY OUT OF MY BODY. ""NEED RFID SCANNER, MEDICAL ASSISTANCE, SURGERY, IMMEDIATE HELP."" I BELIEVE TO BE NEURALACE, I NEED AN INVESTIGATION IMMEDIATELY IN ST PETERSBURG FL. ""NONE, DEVICE'S MANAGE OVER ALL HEALTH CARE."" MY LIFE IS LITERALLY IN DANGER STRANGERS, UNKNOWN PEOPLE HAVE MY LIFE IN THEIR HANDS. THEY HURT ME WITH THEIR SCIENCE ASPECT OF THEIR EXPERIMENT. FDA SAFETY REPORT ID # (B)(4).",Powered muscle stimulator
12843964,281110123,D,0,,"I WAS PRESCRIBED A KNEEHAB DEVICE (HTTPS://WWW.KNEEHAB.COM/) ON (B)(6) 2021 AFTER MY RIGHT KNEE ACL AND MENISCUS SURGERY ON (B)(6) 2021. I DEVELOPED PAIN AND TENDINITIS IN MY RIGHT LOWER ADDUCTOR MUSCLES ON MY POST OP LEG AROUND (B)(6) 2021 USING THE KNEEHAB RELIGIOUSLY FOR A FEW WEEKS. THE PAIN IN MY RIGHT LOWER INNER THIGH, MEDIAL PART OF THE KNEE AND THE MEDIAL PART BELOW THE KNEE CREASE WAS MILD AT FIRST AND GOT PROGRESSIVELY WORSE AND BECAME SEVERE AROUND (B)(6) 2021. I HAD TO STOP ALL ACTIVITIES INCLUDING PHYSICAL THERAPY AND WALKING BECAUSE OF SEVERE PAIN. I HAD TO REST, ELEVATE, APPLY ICE AND VOLTAREN, MASSAGE THE AREA AND TAKE NSAIDS. SINCE I DID NOT SUSTAIN A SPRAIN OR ADDITIONAL PHYSICAL INJURY, THE ONLY POSSIBLE REASON I CAN THINK OF IS THAT VASTUS MEDIALIS OBLIQUE (VMO) LEAD OF THE KNEEHAB IS ALSO STIMULATING THE NEARBY ADDUCTORS BECAUSE THE CUFF AND LEADS ARE STILL TOO BIG FOR ME. I AM (B)(6) WOMAN WITH SIGNIFICANT POSTOP QUAD WASTING. THE KNEEHAB SLEEVE AND LEADS COME IN ONE SIZE ONLY AND SEEMS TO BE MADE FOR AVERAGE TO ATHLETIC MEN. THE ONLY ADJUSTMENT KNEEHAB OFFERS IS TO MOVE THE POSITION OF THE LEADS FOR SMALLER PEOPLE BUT THE ACTUAL CUFF SIZE AND LEAD SIZE STAYS THE SAME. IT IS MY BELIEF THAT THE LARGE KNEEHAB VMO LEAD ALSO OVERSTIMULATED MY LOWER ADDUCTOR MUSCLES AND TENDONS RESULTING IN PROGRESSIVE SEVERE PAIN AND TENDINITIS. (B)(6). FEEL FREE TO CONTACT ME AT (B)(6). FDA SAFETY REPORT ID# (B)(4).",Powered muscle stimulator
12607175,281276525,D,0,,"THE CUSTOMER REPORTED SEVERE SHOCK FROM THE DEVICE RESULTING IN PAIN DOWN HER LEFT LEG, HIP AND FOOT. FOR CONTEXT, THE DEVICE COMES IN TWO COMPONENTS: 1) THE BODY OF THE DEVICE, AND 2) THE COMPRESSION PADS WHICH ADHERE TO THE SKIN. THE GELS ON THE PADS NEED TO BE REPLACED WHEN THEY LOSE THEIR 'STICKINESS'. THE CUSTOMER CLAIMS SHE EXPERIENCED THIS ISSUE WHEN SHE REPLACED THE STICKY GELS ON THE PADS. THE CUSTOMER REPORTED SHOCK FROM THE DEVICE RESULTING IN PAIN DOWN HER LEFT LEG, HIP AND FOOT. THE NEXT DAY, SHE EXPERIENCED PAIN IN HER LEFT LEG, FOOT, CHEST AND ARM. SHE SOUGHT MEDICAL ATTENTION AND THE ER DOCTOR ADVISED IT WAS NERVE DAMAGE. THE CUSTOMER HAS NOT EXPERIENCED ANY ISSUES WITH THE DEVICE PRIOR TO THIS INCIDENT. WE ARE AWAITING FOR THE DEVICE, PADS AND ACCESSORIES TO BE SENT BACK TO THE MANUFACTURER FOR FURTHER INTERNAL INVESTIGATION.",TENS (over-the-counter)
11156049,321945582,D,0,,"DEVICE RETURNED. INSPECTION: DEVICE HAD GROUND PRONG BROKEN OFF AS STATED BY CUSTOMER, COMPLAINT CONFIRMED. REPLACED IEC INLET/POWER MODULE. NO APPLICATOR OR LEADS WERE SENT IN FOR TESTING. REPLACED BOTH STIM PCBAS AND TRANSFORMER FOR NOISY MICROCURRENT AND ALL OTHER WAVEFORMS ONCE ACTIVATED (AROUND 900MV PK-PK). DEVICE PASSED ALL FUNCTIONAL AND ELECTRICAL TESTING AFTER REPAIR.",Powered muscle stimulator
11552390,324171416,N,0,,"THIS SPONTANEOUS CASE WAS REPORTED BY A CONSUMER AND DESCRIBES THE OCCURRENCE OF MEDICAL DEVICE SITE BURN ('THERE IS ONE LITTLE SECTION ON BACK THAT LOOKS LIKE IT BURNT OFF A COUPLE OF LAYERS OF SKIN/ DOCTOR SAID I HAD 1ST AND POSSIBLY 2ND DEGREE BURNS ON MY BACK') IN A 61-YEAR-OLD FEMALE PATIENT WHO RECEIVED ALEVE TENS DEVICE DIRECT THERAPY UNIT (BATCH NO. 629503) FOR PAIN. THE OCCURRENCE OF ADDITIONAL NON-SERIOUS EVENTS IS DETAILED BELOW. OTHER PRODUCT OR PRODUCT USE ISSUES IDENTIFIED: DEVICE ISSUE ""ALEVE TENS UNIT MALFUNCTION/ UNEXPECTED INTENSITY CHANGES."" ON AN UNKNOWN DATE, THE PATIENT STARTED ALEVE TENS DEVICE DIRECT THERAPY UNIT. ON (B)(6) 2020, THE PATIENT EXPERIENCED MEDICAL DEVICE SITE BURN (SERIOUSNESS CRITERIA MEDICALLY SIGNIFICANT AND INTERVENTION REQUIRED) WITH BLISTER, SKIN WOUND AND PAIN AND MEDICAL DEVICE SITE PAIN (""GOT ALMOST ALL THE WAY THROUGH THE CYCLE AND ALL OF A SUDDEN IT HURTS AS IF I WAS BEING STUNG BY A BUNCH OF BEES""). ON AN UNKNOWN DATE, THE PATIENT EXPERIENCED SENSORY DISTURBANCE (""NERVE ENDINGS ON BACK ARE NOW SUPER SENSITIVE TO ANY FORM OF HEAT""). THE PATIENT WAS TREATED WITH SULFADIAZINE SILVER (SILVADENE). AT THE TIME OF THE REPORT, THE MEDICAL DEVICE SITE BURN HAD RESOLVED WITH SEQUELAE AND THE SENSORY DISTURBANCE HAD NOT RESOLVED. THE REPORTER CONSIDERED MEDICAL DEVICE SITE BURN, MEDICAL DEVICE SITE PAIN AND SENSORY DISTURBANCE TO BE RELATED TO ALEVE TENS DEVICE DIRECT THERAPY UNIT. THE REPORTER COMMENTED: PATIENT STATED SHE SAW HER DOCTOR BY THE TIME OF THIS REPORT AND HER DOCTOR SAID SHE HAD 1ST AND POSSIBLY 2ND DEGREE BURNS ON MY BACK. NO INFORMATION ABOUT TREATMENT WAS GIVEN. LOT NUMBER WAS PROVIDED AS TOLURN. ON ADDITION INFORMATION RECEIVED FROM PATIENT, SHE STATED THAT NOW SHE IS UNABLE TO USE A HEATING PAD OR EVEN TAKE A HOT SHOWER. IT SEEMS THAT HER NERVE ENDINGS ARE HOW HYPER SENSITIVE TO ANY FORM OF HEAT. SHE SAID THAT THE PRODUCT WAS THE SOLE CONTRIBUTOR OF HER INJURIES. SHE WENT TO THE DOCTOR BECAUSE THE BLISTER GOT BIGGER AND QUITE PAINFUL, AND SHE WAS CONCERNED ABOUT INFECTION. HER DOCTOR PRESCRIBED SILVADENE CREAM TO BE APPLIED TWICE DAILY UNTIL THE WOUNDS WERE COMPLETELY HEALED. SHE ALSO SAID THAT IT APPEARS AT THIS POINT THAT SHE IS GOING TO HAVE PERMANENT SCARRING ACROSS HER LOWER BACK. SHE HOPES THAT THE HYPER SENSITIVITY WILL EVENTUALLY FADE. MANUFACTURER NUMBERS: 00325866565044; 161130 . QUALITY SAFETY EVALUATION OF PTC: BASED ON TECHNICAL INVESTIGATION THE GEL PAD LOT# 629503 WAS PACKAGED WITH THE TENS DEVICE. THE DHR (DEVICE HISTORY RECORD) WAS REVIEWED, AND NO ABNORMAL PROCESS CONDITIONS WERE PRESENT DURING THE MANUFACTURING OF THE PRODUCT. THE DHR REVIEW SHOWED THAT ALL ACCEPTANCE CRITERIA INSPECTIONS PER ESTABLISHED SAMPLING LEVELS WERE WITHIN ACCEPTABLE LIMITS DURING THE PRODUCTION PROCESS. THE PRODUCT MET QC (QUALITY CONTROL) RELEASE SPECIFICATION. DUE TO THAT FACT THAT NO SAMPLE WAS PROVIDED, NO COMPLAINT TREND EXISTS, AND A ROOT CAUSE FOR THE REPORTED CONDITION CANNOT BE SPECIFICALLY IDENTIFIED; THEREFORE, CORRECTIVE ACTION WILL BE LIMITED TO THE MANUFACTURING AWARENESS. THIS COMPLAINT WILL BE RECORDED FOR TRACKING AND TRENDING PURPOSES. NO COMPLAINT SAMPLE OR PHOTOS WERE RECEIVED FOR INVESTIGATION AT RESPONSIBLE QUALITY UNIT (RQU). INVESTIGATION OF THE DEVICE HISTORY RECORD (DHR) WAS CONDUCTED AND THE OUTCOME OF THE INVESTIGATION RESULTED IN AN UNCONFIRMED QUALITY DEFECT. MOST RECENT FOLLOW-UP INFORMATION INCORPORATED ABOVE INCLUDES: ON 6-APR-2021: UPDATE OF PTC EVENT ALEVE TENS UNIT MALFUNCTION TO DEVICE ISSUE. ADDED LOT# 629503 FOR THE DEVICE. QUALITY-SAFETY EVALUATION: UNCONFIRMED QUALITY DEFECT. A TECHNICAL INVESTIGATION WAS CONDUCTED, INCLUDING A BATCH REVIEW, AND A REVIEW OF COMPLAINT RECORDS AND OTHER RELEVANT DATA; SHOULD ANY NEW AND REPORTABLE INFORMATION BECOME AVAILABLE FROM OUR INVESTIGATION, THIS WILL BE PROVIDED IN A SUPPLEMENTARY REPORT.",TENS (over-the-counter)
11639521,324237791,N,0,,"ADDITIONAL INFORMATION ADDED TO SECTION G2, G6, H2, H6 AND H10. A POSTAGE PAID LABEL WAS SENT TO RETRIEVE THE UNIT FOR FURTHER INVESTIGATION FROM IMPORTER. THE MANUFACTURER REVIEWED THE QA TEST DATA/SHIPPING INSPECTION DATA AND COMPLAINT HISTORY FOR SIMILAR ISSUES. NO ISSUE/PROBLEM WAS NOTED DURING DATA REVIEWED BY THE MANUFACTURER. THE RISK ANALYSIS DOCUMENT WAS REVIEWED AND SIMILAR RISK HAS BEEN ANALYZED. AS OF JUN 4, 2021, UNIT WAS NOT RETURNED BY CONSUMER. THE DEVICE WAS NOT RECEIVED FOR EVALUATION; THEREFORE, A DEVICE ANALYSIS COULD NOT BE COMPLETED. NO FURTHER INVESTIGATION REQUIRED.",TENS (over-the-counter)
11552390,324929064,N,0,,"THIS SPONTANEOUS CASE WAS REPORTED BY A CONSUMER AND DESCRIBES THE OCCURRENCE OF MEDICAL DEVICE SITE BURN ('THERE IS ONE LITTLE SECTION ON BACK THAT LOOKS LIKE IT BURNT OFF A COUPLE OF LAYERS OF SKIN/ DOCTOR SAID I HAD 1ST AND POSSIBLY 2ND DEGREE BURNS ON MY BACK') IN A 61-YEAR-OLD FEMALE PATIENT WHO RECEIVED ALEVE TENS DEVICE DIRECT THERAPY UNIT (BATCH NO. 629503) FOR PAIN. THE OCCURRENCE OF ADDITIONAL NON-SERIOUS EVENTS IS DETAILED BELOW. OTHER PRODUCT OR PRODUCT USE ISSUES IDENTIFIED: DEVICE ISSUE ""ALEVE TENS UNIT MALFUNCTION/ UNEXPECTED INTENSITY CHANGES"". FROM 2018 UNTIL (B)(6) 2020, THE PATIENT RECEIVED ALEVE TENS DEVICE DIRECT THERAPY UNIT AT AN UNSPECIFIED DOSE AND FREQUENCY. ON (B)(6) 2020, THE PATIENT EXPERIENCED MEDICAL DEVICE SITE BURN (SERIOUSNESS CRITERIA MEDICALLY SIGNIFICANT AND INTERVENTION REQUIRED) WITH BLISTER, SKIN WOUND AND PAIN AND MEDICAL DEVICE SITE PAIN (""GOT ALMOST ALL THE WAY THROUGH THE CYCLE AND ALL OF A SUDDEN IT HURTS AS IF I WAS BEING STUNG BY A BUNCH OF BEES""). ON AN UNKNOWN DATE, THE PATIENT EXPERIENCED SENSORY DISTURBANCE (""NERVE ENDINGS ON BACK ARE NOW SUPER SENSITIVE TO ANY FORM OF HEAT""). THE PATIENT WAS TREATED WITH SULFADIAZINE SILVER (SILVADENE). AT THE TIME OF THE REPORT, THE MEDICAL DEVICE SITE BURN HAD RESOLVED WITH SEQUELAE AND THE SENSORY DISTURBANCE HAD NOT RESOLVED. THE REPORTER CONSIDERED MEDICAL DEVICE SITE BURN, MEDICAL DEVICE SITE PAIN AND SENSORY DISTURBANCE TO BE RELATED TO ALEVE TENS DEVICE DIRECT THERAPY UNIT. THE REPORTER COMMENTED: PATIENT STATED SHE SAW HER DOCTOR BY THE TIME OF THIS REPORT AND HER DOCTOR SAID SHE HAD 1ST AND POSSIBLY 2ND DEGREE BURNS ON MY BACK. NO INFORMATION ABOUT TREATMENT WAS GIVEN. LOT NUMBER WAS PROVIDED AS TOLURN. ON ADDITION INFORMATION RECEIVED FROM PATIENT, SHE STATED THAT NOW SHE IS UNABLE TO USE A HEATING PAD OR EVEN TAKE A HOT SHOWER. IT SEEMS THAT HER NERVE ENDINGS ARE HOW HYPER SENSITIVE TO ANY FORM OF HEAT. SHE SAID THAT THE PRODUCT WAS THE SOLE CONTRIBUTOR OF HER INJURIES. SHE WENT TO THE DOCTOR BECAUSE THE BLISTER GOT BIGGER AND QUITE PAINFUL, AND SHE WAS CONCERNED ABOUT INFECTION. HER DOCTOR PRESCRIBED SILVADENE CREAM TO BE APPLIED TWICE DAILY UNTIL THE WOUNDS WERE COMPLETELY HEALED. SHE ALSO SAID THAT IT APPEARS AT THIS POINT THAT SHE IS GOING TO HAVE PERMANENT SCARRING ACROSS HER LOWER BACK. SHE HOPES THAT THE HYPER SENSITIVITY WILL EVENTUALLY FADE. MANUFACTURER NUMBERS: 00325866565044; 161130. QUALITY-SAFETY EVALUATION OF PTC: BASED ON TECHNICAL INVESTIGATION THE GEL PAD LOT# 629503 WAS PACKAGED WITH THE TENS DEVICE. THE DHR (DEVICE HISTORY RECORD) WAS REVIEWED, AND NO ABNORMAL PROCESS CONDITIONS WERE PRESENT DURING THE MANUFACTURING OF THE PRODUCT. THE DHR REVIEW SHOWED THAT ALL ACCEPTANCE CRITERIA INSPECTIONS PER ESTABLISHED SAMPLING LEVELS WERE WITHIN ACCEPTABLE LIMITS DURING THE PRODUCTION PROCESS. THE PRODUCT MET QC (QUALITY CONTROL) RELEASE SPECIFICATION. DUE TO THAT FACT THAT NO SAMPLE WAS PROVIDED, NO COMPLAINT TREND EXISTS, AND A ROOT CAUSE FOR THE REPORTED CONDITION CANNOT BE SPECIFICALLY IDENTIFIED; THEREFORE, CORRECTIVE ACTION WILL BE LIMITED TO THE MANUFACTURING AWARENESS. THIS COMPLAINT WILL BE RECORDED FOR TRACKING AND TRENDING PURPOSES. NO COMPLAINT SAMPLE OR PHOTOS WERE RECEIVED FOR INVESTIGATION AT RESPONSIBLE QUALITY UNIT (RQU). INVESTIGATION OF THE DEVICE HISTORY RECORD (DHR) WAS CONDUCTED AND THE OUTCOME OF THE INVESTIGATION RESULTED IN AN UNCONFIRMED QUALITY DEFECT. MOST RECENT FOLLOW-UP INFORMATION INCORPORATED ABOVE INCLUDES: ON 2-JUN-2021: ALL REQUIRED ATTEMPT WERE COMPLETED. CASE CLOSED. A TECHNICAL INVESTIGATION WAS CONDUCTED, INCLUDING A BATCH REVIEW, AND A REVIEW OF COMPLAINT RECORDS AND OTHER RELEVANT DATA; SHOULD ANY NEW AND REPORTABLE INFORMATION BECOME AVAILABLE FROM OUR INVESTIGATION, THIS WILL BE PROVIDED IN A SUPPLEMENTARY REPORT.",TENS (over-the-counter)
11614535,324940201,D,0,,"CONSUMER CALLED AND REPORTED THAT UNIT IS GIVING HIM PAIN ON HIS HIP AND THIGH. HE HAS USED THE UNIT IN OTHER PARTS OF BODY AND DID FINE (NO ISSUE). HE CAN ONLY USE THE UNIT ON HIS HIP AND THIGH FOR 10 MINUTES BEFORE THE UNIT STARTS TO HURT HIM. HE DID GO TO THE DOCTOR AND THE DOCTOR GAVE HIM MUSCLE RELAXER FOR THE PAIN ABOUT A MONTH AGO AND THAT DID NOT REALLY HELP HIM. HE IS THE ONLY USER OF THE UNIT. ALL THIS HAPPENED ABOUT TWO MONTH AGO. HE IS UNABLE TO LAY ON HIS SIDE AT NIGHT TO SLEEP DUE THE PAIN. CONSUMER STATED THE SKIN IS DRY AND CLEAN IN THE AREA OF THE PADS. HE CLEANS THE PADS AT LEAST ONCE A WEEK AND PLACES THE PADS ABOUT 4"" PART. HE IS USING DURACELL HIGH EFFICACY BATTERIES WITH THE UNIT. CONSUMER WAS SENT A POSTAGE PAID LABEL VIA EMAIL TO RETRIEVE THE UNIT FOR TESTING. DURING FOLLOW-UP CALL, CONSUMER STATED HE USED THE PRODUCT ON HIS BACK, KNEE, AND SCIATICA AND NEVER HAD ANY ISSUES. HE STARTED USING IT ON HIS HIP AND IT STATED TO CAUSE HIM PAIN. HE PLACED THE PADS EXACTLY THE WAY THEY WERE PLACED ON THE DIAGRAM. HE FOLLOWS INSTRUCTIONS IN THE MANUAL VERY CAREFULLY. HE TRIED IT ON THE HIP ONE TIME, HAD IT ON FOR 5 MINUTES, AND TOOK IT OFF BECAUSE OF THE PAIN. PER CONSUMER, IT WAS 2 MONTHS AGO, THAT HE GOT THE PAIN AND IT IS STILL PRESENT. HE HAS NOT USED IT ON HIS HIP SINCE THEN BUT HAS USED IT IN THE OTHER LOCATIONS NO ISSUES. THE PAIN IS CONSTANT AND IS AFFECTING HIS WALKING AND SLEEPING. HE IS USED TO WALKING 3 MILES A DAY AND SINCE THIS HAPPENED HE CANNOT WALK MORE THAN 10 MINUTES WITHOUT THE PAIN BECOMING VERY INTENSE. HE CANNOT SLEEP ON HIS RIGHT HIP BECAUSE OF THE PAIN IS SO INTENSE. HE DID SEE HIS DOCTOR REGARDING THE PAIN AND HE WAS PRESCRIBED MUSCLE RELAXANT. THAT DID NOT RELIEVE PAIN THOUGH AND THAT WAS ABOUT ONE MONTH AGO. THE PAIN IS THROBBING, ACHING, AND CONSTANT. CONSUMER STATED HE DOES TRY TO LAY ON THE RIGHT SIDE AND IT IS A BURNING PIERCING PAIN. HE HAS NOT BEEN BACK TO DOCTOR FOR FOLLOW-UP YET. THE DOCTOR'S APPOINTMENTS ARE LIKE CURBSIDE PICKUPS RIGHT NOW AND ALL THEY WILL DO IS PRESCRIBE MORE MEDICATION AND IF ONE DID NOT HELP WHY WOULD ANOTHER. HE HAS TRIED TO USE HEAT AND ICE TO RELIEVE PAIN AND THAT DOES NOT HELP EITHER. CONSUMER STATED HE DOES HAVE A FRIEND THAT IS A DOCTOR AND A MALPRACTICE ATTORNEY AND HE IS GOING TO CHECK WITH HIM AND SEE WHY HE HAD THIS REACTION ON HIS HIP BUT THE UNIT WORKS FINE EVERYWHERE ELSE ON HIS BODY THAT HE HAS TRIED IT. CONSUMER REQUESTED THAT OMRON SENDS HIM A NEW TENS UNIT. OMRON REPRESENTATIVE SENT HIM A NEW UNIT AND SENT A POSTAGE PAID LABEL TO RETRIEVE HIS UNIT FOR FURTHER INVESTIGATION.",TENS (over-the-counter)
11614535,324940202,N,0,,"A POSTAGE PAID LABEL WAS SENT TO RETRIEVE THE UNIT FOR FURTHER INVESTIGATION AND VERBAL REQUEST FOR UNIT RETURN WAS MADE. A ROOT CAUSE HAS NOT BEEN DETERMINED. IT HAS NOT BEEN CONFIRMED IF THE DEVICE CAUSED OR CONTRIBUTED TO THE REPORTED INCIDENT. HOWEVER, DUE TO THE CUSTOMER REPORTING HAVING PAIN THAT IS CONSTANT AND IS AFFECTING HIS WALKING AND SLEEPING AND GETTING PRESCRIBED MUSCLE RELAXANT THIS MEDWATCH IS BEING FILED. THE PRODUCT INSTRUCTION MANUAL INCLUDES FOLLOWING WARNINGS: IF YOU HAVE HAD MEDICAL OR PHYSICAL TREATMENT FOR YOUR PAIN, CONSULT WITH YOUR PHYSICIAN BEFORE USING THIS DEVICE. IF YOUR PAIN DOES NOT IMPROVE, BECOMES SERIOUSLY CHRONIC OR SEVERE, OR CONTINUES FOR MORE THAN FIVE DAYS, STOP USING THE DEVICE AND CONSULT WITH YOUR PHYSICIAN. THE MERE EXISTENCE OF PAIN FUNCTIONS AS A VERY IMPORTANT WARNING TELLING US THAT SOMETHING IS WRONG. THEREFORE, IF YOU SUFFER FROM ANY SERIOUS ILLNESS, CONSULT YOUR PHYSICIAN IN ORDER TO CONFIRM THAT IT IS ADVISABLE FOR YOU TO USE THIS ELECTROTHERAPY UNIT. THE U.S IMPORTER IS REQUESTING THE MANUFACTURER OF THE DEVICE TO FURTHER INVESTIGATE THIS INCIDENT. UPDATED INFORMATION IN SECTION H10 AFTER FURTHER INVESTIGATION BY MANUFACTURER: A POSTAGE PAID LABEL WAS SENT TO RETRIEVE THE UNIT FOR FURTHER INVESTIGATION. CONSUMER DID NOT RETURN THE UNIT BACK. THE MANUFACTURER REVIEWED THE QA TEST DATA/SHIPPING INSPECTION DATA AND COMPLAINT HISTORY FOR SIMILAR ISSUES. NO ISSUE/PROBLEM WAS NOTED DURING DATA REVIEWED BY THE MANUFACTURER. THE RISK ANALYSIS DOCUMENT WAS REVIEWED AND SIMILAR RISK HAS BEEN ANALYZED. THE DEVICE WAS NOT RECEIVED FOR EVALUATION; THEREFORE, A DEVICE ANALYSIS COULD NOT BE COMPLETED. NO FURTHER INVESTIGATION REQUIRED.",TENS (over-the-counter)
11710211,325575768,N,0,,"THIS SPONTANEOUS CASE WAS REPORTED BY A CONSUMER AND DESCRIBES THE OCCURRENCE OF DEVICE EFFECT INCREASED ('TOUCHED THE + BUTTON ONCE TO INCREASE THE SPEED THEN IT JUST JUMPED TO THE HIGHEST SETTING.') AND DEVICE STIMULATION ISSUE ('IT FELT LIKE A SHOCK') IN A 53-YEAR-OLD FEMALE PATIENT WHO RECEIVED ALEVE TENS DEVICE DIRECT THERAPY UNIT (BATCH NO. T0KZFP) FOR PAIN. ACCORDING TO THE REPORTER, THE PATIENT HAD NO RELEVANT MEDICAL HISTORY OR CONCURRENT CONDITIONS. ON AN UNKNOWN DATE, THE PATIENT STARTED ALEVE TENS DEVICE DIRECT THERAPY UNIT. THE DEVICE STIMULATION ISSUE AND DEVICE EFFECT INCREASED OCCURRED ON AN UNKNOWN DATE. IT WAS UNKNOWN WHETHER ANY ACTION WAS TAKEN WITH ALEVE TENS DEVICE DIRECT THERAPY UNIT. THE REPORTER COMMENTED: I HAVE THIS FOR ABOUT 3/4 YEARS NOW AND I WAS USING IT LAST NIGHT ON A FEW CYCLES, I TOUCHED THE "" +"" BUTTON ONCE TO INCREASE THE SPEED THEN IT JUST JUMPED TO THE HIGHEST SETTING. I TOOK IT OFF AT THE VERY MOMENT THEN USED THE REMOTE TO STOP IT. THE CONSUMER ENQUIRES DOES THAT MEAN IT'S NOW DEFECTIVE? QUALITY-SAFETY EVALUATION OF PTC: BASED ON TECHNICAL INVESTIGATION BATCH DOCUMENTATION HAS BEEN REVIEWED BY BAYER QUALITY ASSURANCE FOR ALL RELEASED BATCHES. ALL DEVIATIONS AND NON-CONFORMANCES HAVE ALSO BEEN REVIEWED BY BAYER QUALITY ASSURANCE TO IDENTIFY POTENTIAL PRODUCT QUALITY CONCERNS, WITH NONE IDENTIFIED FOR ANY RELEASED LOT. THE COMPLAINT SAMPLE WAS NOT RETURNED. RETAIN SAMPLES WERE NOT EVALUATED SINCE EACH UNIT IS INDIVIDUALLY SERIALIZED AND ARE NOT PART OF A PRODUCTION LOT, THEREFORE RETAIN SAMPLES ARE NOT AVAILABLE. THE ALEVE TENS UNIT WAS DISCONTINUED IN (B)(6) 2019. NO FURTHER PRODUCT IS BEING MANUFACTURED OR DISTRIBUTED. THIS COMPLAINT FAILURE MODE WAS PREVIOUSLY INVESTIGATED, AND NO FURTHER INVESTIGATION IS REQUIRED. BAYER WILL CONTINUE TO MONITOR COMPLAINTS FOR PRODUCT REMAINING ON THE MARKET. NO COMPLAINT SAMPLE OR PHOTOS WERE RECEIVED FOR INVESTIGATION AT RESPONSIBLE QUALITY UNIT (RQU). INVESTIGATION OF THE DEVICE HISTORY RECORD (DHR) WAS CONDUCTED AND THE OUTCOME OF THE INVESTIGATION RESULTED IN AN UNCONFIRMED QUALITY DEFECT. MOST RECENT FOLLOW-UP INFORMATION INCORPORATED ABOVE INCLUDES: ON 6-JUL-2021: QUALITY-SAFETY EVALUATION OF PTC: UNCONFIRMED QUALITY DEFECT. CASE WAS DOWNGRADED SINCE EVENT DEVICE STIMULATION ISSUE WAS CONCLUDED TO BE NON-SERIOUS INJURY. WHILE DEVICE STIMULATION ISSUE IS UNLISTED, DEVICE EFFECT INCREASED IS LISTED ACCORDING TO TRANSCUTANEOUS ELECTRICAL NERVE STIMULATION (TENS THERAPY) REFERENCE SAFETY INFORMATION. CAUSAL RELATIONSHIP BETWEEN THE EVENTS AND SUSPECT PRODUCT CANNOT BE EXCLUDED. A TECHNICAL INVESTIGATION WAS CONDUCTED AND ALL DEVIATIONS AND NON-CONFORMANCES WERE REVIEWED BY BAYER QUALITY ASSURANCE TO IDENTIFY POTENTIAL PRODUCT QUALITY CONCERNS, WITH NONE IDENTIFIED FOR ANY RELEASED LOT. THIS COMPLAINT FAILURE MODE WAS PREVIOUSLY INVESTIGATED, AND NO FURTHER INVESTIGATION IS REQUIRED. BASED ON THE INFORMATION AVAILABLE, THE CASE IS CONCLUDED TO BE A NON-SERIOUS INCIDENT, AS THE EVENTS DID NOT LEAD, OR COULD NOT HAVE LED TO DEATH OR SERIOUS INJURY.",TENS (over-the-counter)
13198893,283474860,D,0,,"IT WAS REPORTED THAT THE DEVICE ALLEGEDLY EXPERIENCED AN ERROR CODE, BURNED A PATIENT AND THE UNIT SHUTS OFF DURING TREATMENT.",Powered muscle stimulator
13198893,283474861,N,0,,"IT WAS REPORTED THAT THE DEVICE ALLEGEDLY EXPERIENCED AN ERROR CODE, BURNED A PATIENT AND THE UNIT SHUTS OFF DURING TREATMENT. DJO PERFORMED AN INSPECTION ON THE ACTUAL DEVICE RETURNED. THE UNIT PASSED FUNCTIONAL TESTING. THE LEADWIRES TESTED WITHIN TOLERANCE AND A NEW LEADWIRE KIT WILL BE SENT TO THE CUSTOMER. THE ELECTRODES WERE NON-DJO ELECTRODES. THE FOAM ELECTRODES WERE IN BAD SHAPE, AND BOTH THE FOAM AND CLOTH ELECTRODES WERE NOT VERY STICKY. LARGE VARIANCE IN RESISTANCE OF THE ELECTRODES MAY HAVE CONTRIBUTED TO THE INCIDENT.",Powered muscle stimulator
13977353,288382067,N,0,,"DURING A RECENT REVIEW OF INCIDENTS, IT WAS DETERMINED THAT ALTHOUGH AN MDR FORM WAS COMPLETED AT THE TIME OF THE INCIDENT, IT WAS NOT SUCCESSFULLY SUBMITTED TO FDA. BECAUSE THE INCIDENT WAS DETERMINED TO BE REPORTABLE, IT IS BEING RETROACTIVELY REPORTED.",Powered exoskeleton
13977353,288382068,D,0,,"PATIENT HAD A FEMUR FRACTURE IN (B)(6) 2020. BEGAN WALKING AGAIN UNTIL A MASSIVE STROKE IN APRIL. BEGAN PHYSICAL THERAPY IN SEPTEMBER WITH A FOLLOW UP X-RAY IN (B)(6) IN WHICH THE DOCTOR STATED THE BONE HAD NOT COMPLETELY HEALED BUT SHE WAS GIVEN A BONE SIMULATOR AND CLEARED FOR PHYSICAL THERAPY. PATIENT PARTICIPATED IN ABOUT 2 WEEKS OF UTILIZING THE TILT TABLE AND 3 WEEKS OF UTILIZING THE STANDING FRAME AND WAS ABLE TO TOLERATE 20 MINUTES IN THE STANDING FRAME PRIOR TO ATTEMPTING TO USE THE EKSO DEVICE. SHE DID NOT HAVE ANY ISSUES WITH WEIGHT BEARING IN EITHER THE STANDING FRAME OR TILT TABLE. WHILE BEGINNING TO STAND IN THE EKSO, THE PATIENT REPORTED PAIN IN HER LOWER BACK. SHE WAS SEATED AND THE PAIN SUBSIDED. THE PATIENT GENERALLY HAS BACK PAIN WITH ALL TRANSFERS THAT SUBSIDE SO IT WAS NOT UNUSUAL FOR HER TO HAVE PAIN. AN ATTEMPT FOR A SECOND STAND WAS ATTEMPTED, BUT THE PATIENT STATED SHE WAS IN TOO MUCH PAIN TO CONTINUE. THE PATIENT WAS TRANSFERRED TO A WHEEL CHAIR AND EXPERIENCED PAIN AGAIN IN HER LEG THAT WAS PREVIOUSLY FRACTURED WHEN IT WAS PLACED ONTO THE LEG REST. ONCE SITUATED, SUBSEQUENT X-RAY THE NEXT DAY FOUND THE FEMUR WAS STILL FRACTURED. SURGERY WAS RECOMMENDED BUT HAS NOT BEEN SCHEDULED DUE TO HER CONDITION REGARDING THE STROKE.",Powered exoskeleton
14576024,293364231,D,0,,"EXACERBATION OF PAIN; I SAW DR (B)(6) ON (B)(6) 2022 AT HIS OFFICE ON (B)(6). I HAVE CHRONIC PAIN FROM PERIPHERAL NEUROPATHY IN MY FEET. DR. (B)(6), I LATER FOUND OUT IS NOT DOCTOR ONE OF THE FIRST OF MANY MISREPRESENTATIONS, HE IS A CHIROPRACTOR. DR. (B)(6) PROPOSED A THERAPY INVOLVING A DEVICE REBUILDER MODEL 300 AND ANODYNE THERAPY MODEL 300 TO PURPORTEDLY STIMULATE NERVE GROWTH AND REDUCE MY PAIN ALONG WITH SUPPLEMENTS. IT IS ELECTRO THERAPY AND INFRARED LIGHT. HE EXPLAINED THAT I COULD TRY THIS FOR A MONTH AND CANCEL IF IT DID NOT WORK. AFTER THE FIRST DAY I WAS IN HORRIFIC PAIN AND ALSO FOUND OUT THAT THE SUPPLEMENTS WERE MADE OF GRAIN ALCOHOL. I HAVE LIVER ISSUES THAT WERE DISCLOSED DURING INTAKE. I STOPPED THE THERAPY IMMEDIATELY AND STARTED TO REVIEW THE DEVICE AND THERAPY. IT IS A SCAM AND THERE IS ZERO CLINICAL EVIDENCE DEMONSTRATING ANY VALUE WHATSOEVER. ""DR."" (B)(6) IS ENGAGED IN DECEPTIVE ADVERTISING, MISPRESENTING CLINICAL INFORMATION AND DEFRAUDING PEOPLE IN SEVERE PAIN. THERE ARE MULTIPLE WARNINGS ON THE WEB THAT I LATER FOUND SPECIFICALLY WARNING THAT THIS DEVICE IS NOT INTENDED OR NOR APPROVED FOR PERIPHERAL NEUROPATHY. HOWEVER DR. (B)(6) IS ABSOLUTELY MARKETING IN PERSON AND ON HIS WEBSITE. AN FDA WARNING LETTER TO REBUILDER MEDICAL TECHNOLOGIES, INC. DATED JULY 19, 2010 FROM THEN DEPARTMENT OF HEALTH AND HUMAN SERVICES AND ONE FROM THE FTC DATED JUNE 25TH, 2020 AND HTTPS://QUACKWATCH.ORG/CASES/FDA WARNING/PROD/FDA-WARNING-LETTERS-ABOUT-PRODUCTS-2008/REBUILDER/. I AM EMBARRASSED TO SAY THAT I WAS DEFRAUDED, AND MY PAIN USED AS LEVERAGE TO SUSPEND NORMAL CRITICAL EVALUATION. I AM SMART MAN; BUT CHRONIC INTENSE PAIN DRIVES PEOPLE TO SUICIDE AND POOR DECISIONS AND THAT FACT IS WELL DOCUMENTED. BUT EVEN DESPITE THAT, THIS DOCTOR SHOULD HAVE NEVER PRESCRIBED A CONCOCTION OF GRAIN ALCOHOL TO SOMEONE WHO HAS LIVER DAMAGE THAT WAS DISCLOSED DURING THE HISTORY AND PHYSICAL INTERVIEW ON (B)(6) 2022. IT IS ABSOLUTELY CONTRAINDICATED, UNETHICAL, WILLFULLY NEGLIGENT AND OBVIOUS MEDICAL MALPRACTICE. I AM LIKE ANYONE ELSE, HAS AN EXPECTATION OF TRUST AND HONESTY IN DEALING WITH LICENSED PROFESSIONALS. I TRUST A DOCTOR AND WILL FOLLOW THE TREATMENT, I TRUST A BANK NOT TO GIVE ME COUNTERFEIT MONEY. YOU IMPLICITLY TRUST THE SKILL OF A SURGEON PROBABLY NEVER HAVING WITNESSED HIS SKILLS, MAYBE NEVER CHECKED HIM OUT ON THE YOUR STATE BOARD OF LICENSING AND PROBABLY SWALLOWED WHATEVER ANTIBIOTICS AND PAIN PILLS PRESCRIBED WITHOUT RESEARCHING THE MANUFACTURER AND WHERE IT CAME FROM; I DID THE SAME AND I FEEL HORRIBLE FOR IT, I DO. BUT MY PAIN SHOULD NOT BE WEAPONIZED AGAINST ME FOR FINANCIAL GAIN THROUGH DECEPTIVE ADVERTISING, LIES, MISREPRESENTATION AND MANIPULATIVE TACTICS AND UNSOUND AND DANGEROUS MEDICAL THERAPY IN THE HOPES OF RELIEF. AND I AM CONFIDENT THAT THERE ARE OTHERS WHO HAVE AND WILL BE HURT BY THIS DOCTOR. THIS FAKE DOCTOR IS HURTING PEOPLE AND LYING TO DESPERATE PATIENTS ABOUT A FREE CANCELLATION. I HAVE REACHED OUT MULTIPLE TIMES TO RETURN THIS GARBAGE, BUT HE WILL NOT RETURN MY CALLS OR FACILITATE CLOSURE OF THIS MATTER. I HAVE ALREADY PAID THE FIRST MONTH AND RECEIVED A TEXT FOR THE NEXT ONE DUE (B)(6). I CAN ASSURE YOU THAT THIS IS MEDICAL MALPRACTICE AT ITS MOST SINISTER OF PRESENTATIONS AND YOU HAVE CONTRACTED WITH THIS LIAR AND THIEF WHO IS ACTIVELY CAUSING HARM. FDA SAFETY REPORT ID # (B)(4).",TENS (prescription)
15032609,296044861,N,0,,"A ROOT CAUSE HAS NOT BEEN DETERMINED. IT HAS NOT BEEN CONFIRMED IF THE DEVICE CAUSED OR CONTRIBUTED TO THE REPORTED INCIDENT; HOWEVER, DUE TO THE CUSTOMER REPORTING BEING BURNED BY THE UNIT THIS MEDWATCH IS BEING FILED. THE PRODUCT INSTRUCTION MANUAL INCLUDES THE FOLLOWING: START WITH ONE 15-MINUTE SESSION. RATE YOUR PAIN TO CHECK YOUR PROGRESS, 1 LOW TO 10 HIGH. STOP THERAPY SESSION IF PAIN HAS REDUCED OR STOPPED. PRESS THE ""ON"" BUTTON TO CONTINUE THERAPY FOR ANOTHER 15-MINUTE SESSION. IF YOU EXPERIENCE ANY SKIN IRRITATION OR REDNESS AFTER A SESSION, DO NOT CONTINUE STIMULATION IN THAT AREA OF THE SKIN. THE CONSUMER STATED SHE RETURNED HER UNIT TO THE RETAILER SO SHE WOULD NOT BE SENDING IT IN FOR FURTHER INVESTIGATION.",TENS (over-the-counter)
15032609,296044862,D,0,,"THE CONSUMER STATED THAT HER TENS UNIT BURNED HER BACK. SHE HAD BACK SPASMS AND EXPERIENCED BURNS THAT HURT TO THE TOUCH. THE ISSUE OCCURRED ON (B)(6) 2022. THE BURNS WERE ON HER LOWER BACK WHERE THE PADS WERE PLACED. THE PADS WERE APPLIED FOR OVER AN HOUR WITH TWO TREATMENTS. IT WAS THE FIRST TIME SHE USED THE UNIT. THE UNIT WAS SET TO 1 THEN SHE WENT UP TO 10. SHE DID NOT HAVE A REACTION WHEN USING A TENS UNIT AT HER DOCTOR'S OFFICE. SHE USED THE PADS ON DRY, CLEAN SKIN. DURING THE FIRST TREATMENT, SHE WAS SITTING UP, AND SHE LIED DOWN FOR THE SECOND TREATMENT. SHE STATED THE BURNS LOOKED MARBLEIZED AND WERE PINK AND PURPLE IN COLOR. THE BURNS WERE TWO BIG CIRCLES THE SIZE OF APPLES WITH SMALL CIRCLES IN THE MIDDLE. THE BURNS DID HAVE BUMPS, BUT THEY WERE NOT BLISTERING. SHE DID NOT TREAT THE BURNS. SHE STATED WHEN SHE SHOWERED, THE BURNS HURT, AND THEY WERE SORE TO TOUCH. SHE RETURNED HER TENS UNIT TO WALGREENS. SHE MAY HAVE THE RECEIPT, BUT SHE DID NOT WANT TO LOOK FOR IT. SHE MADE AN APPOINTMENT WITH HER CHIROPRACTOR ON (B)(6) DUE TO THE BURNS. HER CHIROPRACTOR DID NOT PRESCRIBE ANYTHING FOR TREATMENT. THE DOCTOR STATED THE BURNS MAY SCAR AND ARE ELECTRICAL BURNS. SHE WAS REQUESTING A REFUND OF $50 FOR HER CHIROPRACTOR VISIT. SHE STATED SHE COULD NOT SEEK MEDICAL ATTENTION SINCE SHE WAS NOT AT HOME AND HER INSURANCE DOES NOT COVER THE DOCTOR OR ER. SHE ASKED IF IT WOULD BE LIFETIME DAMAGE, AND SHE WAS ADVISED THAT ONLY A PHYSICIAN IS QUALIFIED TO ANSWER THAT QUESTION. SHE STATED SHE WOULD CALL BACK IF SHE HAD TO SEEK MEDICAL ATTENTION. SHE DID NOT RECEIVE A REFUND SINCE SHE ALREADY RETURNED HER UNIT. SHE DID NOT WANT A REPLACEMENT UNIT.",TENS (over-the-counter)
15070955,296292356,N,0,,"A ROOT CAUSE HAS NOT BEEN DETERMINED. IT HAS NOT BEEN CONFIRMED IF THE DEVICE CAUSED OR CONTRIBUTED TO THE REPORTED INCIDENT; HOWEVER, DUE TO THE CUSTOMER REPORTING BEING BURNED BY THE UNIT THIS MEDWATCH IS BEING FILED. THE PRODUCT INSTRUCTION MANUAL INCLUDES THE FOLLOWING: START WITH ONE 15-MINUTE SESSION. RATE YOUR PAIN TO CHECK YOUR PROGRESS, 1 LOW TO 10 HIGH. STOP THERAPY SESSION IF PAIN HAS REDUCED OR STOPPED. PRESS THE ""ON"" BUTTON TO CONTINUE THERAPY FOR ANOTHER 15-MINUTE SESSION. IF YOU EXPERIENCE ANY SKIN IRRITATION OR REDNESS AFTER A SESSION, DO NOT CONTINUE STIMULATION IN THAT AREA OF THE SKIN. THE CONSUMER STATED SHE RETURNED HER UNIT TO THE RETAILER SO SHE WOULD NOT BE SENDING IT IN FOR FURTHER INVESTIGATION.",TENS (over-the-counter)
15070955,296292357,D,0,,"THE CONSUMER STATED THAT HER TENS UNIT BURNED HER BACK. SHE HAD BACK SPASMS AND EXPERIENCED BURNS THAT HURT TO THE TOUCH. THE ISSUE OCCURRED ON (B)(6) 2022. THE BURNS WERE ON HER LOWER BACK WHERE THE PADS WERE PLACED. THE PADS WERE APPLIED FOR OVER AN HOUR WITH TWO TREATMENTS. IT WAS THE FIRST TIME SHE USED THE UNIT. THE UNIT WAS SET TO 1 THEN SHE WENT UP TO 10. SHE DID NOT HAVE A REACTION WHEN USING A TENS UNIT AT HER DOCTOR'S OFFICE. SHE USED THE PADS ON DRY, CLEAN SKIN. DURING THE FIRST TREATMENT, SHE WAS SITTING UP, AND SHE LIED DOWN FOR THE SECOND TREATMENT. SHE STATED THE BURNS LOOKED MARBLEIZED AND WERE PINK AND PURPLE IN COLOR. THE BURNS WERE TWO BIG CIRCLES THE SIZE OF APPLES WITH SMALL CIRCLES IN THE MIDDLE. THE BURNS DID HAVE BUMPS, BUT THEY WERE NOT BLISTERING. SHE DID NOT TREAT THE BURNS. SHE STATED WHEN SHE SHOWERED, THE BURNS HURT, AND THEY WERE SORE TO TOUCH. SHE RETURNED HER TENS UNIT TO WALGREENS. SHE MAY HAVE THE RECEIPT, BUT SHE DID NOT WANT TO LOOK FOR IT. SHE MADE AN APPOINTMENT WITH HER CHIROPRACTOR ON (B)(6) 2022 DUE TO THE BURNS. HER CHIROPRACTOR DID NOT PRESCRIBE ANYTHING FOR TREATMENT. THE DOCTOR STATED THE BURNS MAY SCAR AND ARE ELECTRICAL BURNS. SHE WAS REQUESTING A REFUND OF (B)(6) FOR HER CHIROPRACTOR VISIT. SHE STATED SHE COULD NOT SEEK MEDICAL ATTENTION SINCE SHE WAS NOT AT HOME AND HER INSURANCE DOES NOT COVER THE DOCTOR OR ER. SHE ASKED IF IT WOULD BE LIFETIME DAMAGE, AND SHE WAS ADVISED THAT ONLY A PHYSICIAN IS QUALIFIED TO ANSWER THAT QUESTION. SHE STATED SHE WOULD CALL BACK IF SHE HAD TO SEEK MEDICAL ATTENTION. SHE DID NOT RECEIVE A REFUND SINCE SHE ALREADY RETURNED HER UNIT. SHE DID NOT WANT A REPLACEMENT UNIT.",TENS (over-the-counter)
14837167,300339598,N,0,,"IT WAS REPORTED THAT THE THE UNIT ALLEGEDLY CAUSED A 1ST DEGREE BURN TO PATIENT DURING STIM TREATMENT. AFTER PERFORMING FUNCTIONAL AND ELECTRICAL TESTING, THE TECHNICIAN WAS UNABLE TO DUPLICATE THE REPORTED COMPLAINT. THE PRODUCT MET MANUFACTURER SPECIFICATIONS. POSSIBLE ROOT CAUSES INCLUDE MOISTURE OR MISAPPLICATION OF THE ELECTRODES.",Powered muscle stimulator
14837167,300339599,D,0,,IT WAS REPORTED THAT THE THE UNIT ALLEGEDLY CAUSED A BURN TO PATIENT DURING STIM TREATMENT.,Powered muscle stimulator
15462835,300469283,D,0,,"THE PATIENT HAS CONSENTED AND PARTICIPATED IN AN IRB APPROVED SCI NEUROMODULATION STUDY DESIGNED TO MONITOR THE CHANGES TO MOTOR CONTROL ASSOCIATED WITH SURFACE ELECTRICAL STIMULATION USE DURING MULTIPLE MOBILITY RELATED TASKS. ALL PARTICIPATING SUBJECTS CURRENTLY HAVE PHYSICIAN APPROVAL FOR ALL MODALITIES USED IN THIS STUDY. THIS INCLUDES GAIT TRAINING SESSIONS WITH USE OF THE EKSO BIONICS NR (ROBOTIC GAIT TRAINING DEVICE). THESE SESSIONS ARE SCHEDULED FOR 60-90 MINUTES AND INCLUDE FITTING/DONNING OF DEVICE, GAIT TRAINING, THEN DOFFING OF DEVICE AND POST GAIT INSPECTION. THE PATIENT ALSO UNDERGOES CUSTOMIZED SURFACE ELECTRICAL STIMULATION (BIPHASIC ALTERNATING FROM 10 TO 40 MILLIAMPS, PER PROTOCOL) CONCURRENT WITH EXOSKELETON USE WITH ELECTRODES PLACED AT LOW THORACIC/LUMBAR NERVE ROOTS. AFTER THE SESSION, THE PATIENT WAS INSPECTED FOR SKIN BREAKDOWN AND UNDERWENT PASSIVE RANGE OF MOTION ASSESSMENT (PER PROTOCOL) TO OBSERVE FOR SPASTICITY/HYPERTONICITY POST GAIT TRAINING. AT THAT TIME, THE PATIENT DID NOT EXHIBIT ABNORMAL RESPONSE TO ROBOTIC USE; NO EVIDENCE OF SKIN BREAKDOWN, ABNORMAL SWELLING OR LIMITED PASSIVE RANGE OF MOTION. THE PATIENT CONTACTED THE PRIMARY INVESTIGATOR THE FOLLOWING DAY AND STATED THAT SHE EXPERIENCED EXCESSIVE SWELLING OF HER LEFT KNEE AND EXCESSIVE SPASTICITY DURING THE NIGHT WHICH INTERFERED WITH SLEEP. THE PATIENT WAS SCHEDULED TO FLY HOME (FROM (B)(6) TO (B)(6)) THAT SAME DAY AND STATED SHE WOULD SCHEDULE AN APPOINTMENT WITH HER PRIMARY PHYSICIAN FOR FOLLOW UP. THE PATIENT FLEW HOME WITHOUT COMPLICATION AND UNDERWENT AN X-RAY SCAN ON (B)(6) 2022 OF WHICH RESULTS WERE NEGATIVE. HER PHYSICIAN ALSO SCHEDULED AN MRI TO FURTHER ENSURE NO COMPLICATIONS WERE PRESENT. THE PATIENT UNDERWENT MRI THE FOLLOWING WEEK WHICH YIELDED LEFT LATERAL TIBIAL PLATEAU FRACTURE. SHE HAS BEEN INSTRUCTED FOR NO WEIGHT BEARING WITH FOLLOW UP IMAGING TO OCCUR IN FOUR WEEKS. UPON SPEAKING WITH THE PATIENT, SHE STATED SHE DID FEEL A BUCKLE DURING GAIT TRAINING WITH THE EKSO NR JUST BEFORE COMPLETING HER SESSION AND FEELS THAT MAY HAVE BEEN THE CAUSE OF THE INCIDENT. THE PATIENT WAS IN GOOD SPIRITS AND STATED SHE WILL FOLLOW THE RECOMMENDATIONS OF HER MEDICAL TEAM. THE PATIENT REPORTED PER HER MEDICAL TEAM THAT SURGICAL INTERVENTION WAS NOT WARRANTED AND THAT THE PATIENT SHOULD REFRAIN FROM STANDING ACTIVITY. SHE WILL RECEIVE UPDATED INSTRUCTIONS AFTER FUTURE SCHEDULED APPOINTMENTS. THE RESEARCH TEAM GATHERED SHORTLY AFTER RECEIVING THE NEWS TO DISCUSS THE ROBOTIC SESSION. THE TEAM REVIEWED AND AGREED THAT ALL PRECAUTIONS AND ROBOTIC PROTOCOLS WERE FOLLOWED. ALL SAFETY CHECKS WERE ALSO COMPLETED PRIOR TO BEGINNING THE SESSION. THE PATIENT UNDERWENT ROBOTIC EVALUATION PRIOR TO EXOSKELETON USE WHICH INCLUDES LOWER EXTREMITY MEASUREMENTS AND RANGE OF MOTION ASSESSMENT TO ENSURE PROPER FIT AND USE OF THE EXOSKELETON. IF A PATIENT EXHIBITS GREATER THAN -17 DEGREES HIP EXTENSION (HIP FLEXION CONTRACTURE) AND/OR GREATER THAN -12 KNEE EXTENSION (KNEE FLEXION CONTRACTURE) EKSO NR USE IS CONTRAINDICATED. THE PATIENT DID NOT EXHIBIT THESE LIMITATIONS DURING HER EVALUATION AND RECOMMENDED SETTINGS ADJUSTMENTS WERE MADE TO THE FIT OF THE EXOSKELETON TO ACCOUNT FOR HIP FLEXOR AND KNEE FLEXOR TIGHTNESS EXPERIENCED WITH INCREASED SITTING POSTURE DUE TO PARAPLEGIA. THESE ADJUSTMENTS ARE A FEATURE TAUGHT IN BASIC AND ADVANCED EKSO NR TRAINING. IT WAS DEEMED THAT THE PATIENT WAS A GOOD CANDIDATE FOR EXOSKELETON USE BASED ON HER EVALUATION AND HER PREVIOUS EXPERIENCES WITH ROBOTIC DEVICES INCLUDING THE LOKOMAT EXOSKELETON. THE PATIENT REMAINED ON THE HIGHEST ROBOTIC ASSISTANCE LEVEL DURING THE SESSION TO MINIMIZE GROUND REACTION FORCES EXPERIENCED THROUGH THE LOWER EXTREMITY. THE RESEARCH STAFF ALSO TOOK VIDEO DURING THE SESSION PER PERMISSION OF THE PATIENT. DESPITE THE THOROUGH EVALUATION AND RECOMMENDED ADJUSTMENTS, LOWER EXTREMITY FRACTURES STILL REMAIN A RISK FOR PERSONS WITH QUADRIPLEGIA/PARAPLEGIA THAT USE A ROBOTIC GAIT TRAINING DEVICE. FDA SAFETY REPORT ID #(B)(4).",Powered exoskeleton
15543780,301374030,D,0,,"I BOUGHT A MEDICAL TREATMENT WRISTBAND NAMED ¿ANTI-NAUSEA WRISTBAND, RECHARGEABLE RELIEVE NAUSEA MOTION SICKNESS BANDS, RELIEVE NAUSEA ELECTRODE STIMULATOR WRIST BANDS RELIEF FOR ANXIETY, MIGRAINE, MOTION SICKNESS¿ ON AMAZON RECENTLY. I USED THE WRISTBAND FOLLOW THE INSTRUCTIONS. UNFORTUNATELY IT MADE ME UNCOMFORTABLE AND I FOUND SOME ERYTHEMA AND BLISTERS APPEARED ON MY WRIST. I TOOK TWO PICTURES OF MY WRIST AND I PUT THEM IN THE ATTACHMENT OF THIS DOCUMENT. I SEARCHED THIS WRISTBAND NAME ON THE WEBSITE OF FDA ESTABLISHMENT REGISTRATION & DEVICE LISTING AND 510(K) PREMARKET NOTIFICATION, BUT I COULD NOT GET ANY RECORDS IN FDA DATABASES. I WONDER HOW COULD AMAZON PERMIT THIS MEDICAL TREATMENT WRISTBAND SHELVED WITHOUT FDA. ESTABLISHMENT REGISTRATION OR 510(K) PREMARKET NOTIFICATION. WHAT¿S MORE, I COLLECTED SOME INFORMATION THROUGH IT¿S WEB PAGE ON AMAZON, AND PUT THEM IN THE ATTACHMENT OF THIS DOCUMENT.",TENS (prescription)
15643064,302293695,N,0,,"IT WAS REPORTED THAT THE UNIT'S INTENSITY ALLEGEDLY WAS SPIKING AND SHOCKING PATIENTS WHEN ADJUSTING INTENSITY KNOB. IT WAS REPORTED THAT THE UNIT'S INTENSITY ALLEGEDLY WAS SPIKING AND SHOCKING PATIENTS WHEN ADJUSTING INTENSITY KNOB. THE DEVICE WAS RETURNED TO ENOVIS AND EVALUATED. THE DEVICE PASSED ALL OUTPUT TESTS. THE DEVICE FAILED WHEN SLOWLY RAMPED UP, IT SPIKED. THIS IS INDICATIVE OF A FAILED PCB ON THE INTENSITY ENCODER ASSEMBLY. NO LEADS OR ELECTRODES WERE SENT IN FOR EVALUATION SO THESE CANNOT BE RULED OUT AS A ROOT CAUSE. POSSIBLE ROOT CAUSE OF THIS SPIKE COULD BE THE INTENSITY ENCODER ASSEMBLY.",Powered muscle stimulator
15643064,302293696,D,0,,IT WAS REPORTED THAT THE UNIT'S INTENSITY ALLEGEDLY WAS SPIKING AND SHOCKING PATIENTS WHEN ADJUSTING INTENSITY KNOB.,Powered muscle stimulator
15885303,304510199,D,0,,"THE INTENSITY KNOB ON THE E-STIM MACHINE APPEARED TO BE IN THE OFF POSITION; HOWEVER, THE KNOB IS NO LONGER SEATED CORRECTLY AND WAS ACTUALLY TURNED UP VERY HIGH. WHEN THE THERAPIST APPLIED THE ELECTRICAL STIMULATION TO THE PATIENT'S RIGHT POSTERIOR SHOULDER AND RIGHT UPPER TRAPEZIUS, HE RECEIVED A BRIEF HIGH-INTENSITY ELECTRICAL STIMULUS. THE THERAPIST IMMEDIATELY TURNED OFF THE E-STIM AND CONTINUED DRY NEEDLING TREATMENT MANUALLY. PATIENT REPORTED SOME MILD SORENESS POST-TREATMENT THAT IS NORMAL FOLLOWING DRY NEEDLING. NO OBVIOUS INJURY OBSERVED.",TENS (prescription)
15891999,304584736,N,0,,"WE HAVE COMMUNICATED WITH THE IMPORTER THAT THE DEVICE OF THIS EVENT COULD NOT BE RETURNED; AND WE HAVE CHECKED THE DHR(DEVICE HISTORY RECORDS) OF THE SAME BATCH, THERE WERE NO PROBLEMS OBSERVED DURING THE MANUFACTURING OR TESTING NOTED IN THE DHR; SO THE CAUSE OF THE CUSTOMER'S COMPLAINT COULD NOT BE DETERMINED DUE TO THE DEVICE NOT RETURNED FOR ANALYSIS.",TENS (prescription)
15891999,304584737,D,0,,"WE HOOKED A PATIENT UP A FEW WEEKS AGO. THE PATIENT TOLD THEM TO KEEP TURNING IT UP, THEY COULDN'T FEEL IT, WHICH RESULTED IN 3RD DEGREE BURNS. THE LOW PADS WERE 1ST DEGREE THE LOWER PADS ARE 3RD DEGREE AND HE ALSO NO LONGER HAS NO NERVE ENDING. HE IS NOT OK BUT HE IS NOT HOSPITALIZED. UNIT HAS BEEN USED SINCE AROUND 2018. THE PATIENT DID NOT HAVE ACCESS TO THE SAFETY STOP SWITCH AND THE CLINIC IS NOT SURE THAT THIS IS SOMETHING THAT THEY CURRENTLY HAVE. INFORMATION FROM THE WORD TRIGGER FORM: DEVICE WAS BEING USED IN A CHIROPRACTORS OFFICE BY A CHIROPRACTOR AID. THE END USER IS A MALE, (B)(6), ABOUT (B)(6) AND 5'11"". DEVICE IS 7 YEARS OLD AND HAS BEEN IN USE SINCE 2018 ACCORDING TO THE CLINIC. THERE WERE NO OTHER DEVICES BEING USED AT THE TIME OF THE EVENT. THE BURNS SHOWED UP IMMEDIATELY AFTER TREATMENT. THEY WERE USING 4 ELECTRODES IN A CRISS-CROSS PATTERN. A MODULATING PROGRAM WAS BEING USED, THE ACUTE THERAPY PROGRAM. THE LEAD WIRES WERE REPLACED EITHER THIS YEAR OR LAST YEAR THEY ARE NOT EXACTLY SURE. (4) 2X2 SELF ADHESIVE ELECTRODES WERE USED, THEY ARE NOT SURE IF THEY ARE NEW OR HAD PREVIOUS USE, THEY WERE PLACED ABOUT 5 INCHES APART, AND BEING USED ON THE LOWER BACK. NO CONDUCTIVE SPRAY OR SOLVENT WAS USED. ELECTRODES ARE NOT BEING SHARED BETWEEN PATIENTS. AN ALCOHOL PAD WAS USED AND DRIED COMPLETELY BEFORE PLACING ELECTRODES. ELECTRODES WERE PLACED ON CLEAR SKIN. THE BURN IS STILL PRESENTS AFTER 2 WEEKS. THE BURN HAPPENED ON (B)(6) 2022. THE BURN IS STILL PRESENT BUT THE PATIENT DID NOT SHOW BACK UP FOR THEIR APPOINTMENT. THE CHIROPRACTOR DOES NOT HAVE THE MEDICAL RECORDS FROM THE ER BUT MAY BE ABLE TO OBTAIN THEM. ELECTRODES ARE STORED IN THEIR BAG IN A CABINET IN-BETWEEN USES. COMPASS HEALTH ELECTRDOES, PART # EF2020WF2 ARE BEING USED. THERE ARE NO EXPOSED WIRES OR DAMAGE NOTED ON THE LEAD WIRES. PATIENT HAS NO KNOWN ALLERGIES. IFC-4P WAS BEING USED WITH A PULSE RATE OF 80/150 AND THE FREQUENCY MODULATION WAS 10,000HZ. CUSTOMER DOES NOT KNOW WHAT CHANNELS THIS WAS HAPPENING ON. THE IMPORTER'S CONCLUSION: THE LIKELY ROOT CAUSE OF THIS EVENT WAS DETERMINED TO BE USER ERROR BECAUSE THE CUSTOMER DID NOT PROVIDE THE PATIENT WITH THE KILL SWITCH AND THE DEVICE WAS SET TO THE HIGHESTS FREQUENCY MODULATION SETTING. THEY DO NOT KNOW IF THE LEAD WIRES HAVE BEEN REPLACED; THESE REQUIRE REPLACEMENT AT LEAST YEARLY.",TENS (prescription)
16053040,306346908,D,0,,"TRIED THE PRODUCT (NEXTGEN ABS MUSCLE STIMULATOR MILITARY GRADE) ON MY WIFE. IT ABSOLUTELY NO GOOD AT ALL. I AM CURRENTLY TRYING TO RETURN THIS PRODUCT FOR A REFUND, AND AM NOT AT ALL SURE IF A REFUND WILL BE ISSUED. DO YOUR RECORDS SHOW THAT REFUNDS FROM THE NEXTGEN COMPANY ARE PROCESSED?",Powered muscle stimulator
15032609,331682642,N,0,,"A ROOT CAUSE HAS NOT BEEN DETERMINED. IT HAS NOT BEEN CONFIRMED IF THE DEVICE CAUSED OR CONTRIBUTED TO THE REPORTED INCIDENT; HOWEVER, DUE TO THE CUSTOMER REPORTING BEING BURNED BY THE UNIT THIS MEDWATCH IS BEING FILED. THE PRODUCT INSTRUCTION MANUAL INCLUDES THE FOLLOWING: - START WITH ONE 15-MINUTE SESSION. RATE YOUR PAIN TO CHECK YOUR PROGRESS, 1 LOW TO 10 HIGH. STOP THERAPY SESSION IF PAIN HAS REDUCED OR STOPPED. PRESS THE ""ON"" BUTTON TO CONTINUE THERAPY FOR ANOTHER 15-MINUTE SESSION. - IF YOU EXPERIENCE ANY SKIN IRRITATION OR REDNESS AFTER A SESSION, DO NOT CONTINUE STIMULATION IN THAT AREA OF THE SKIN. THE CONSUMER STATED SHE RETURNED HER UNIT TO THE RETAILER SO SHE WOULD NOT BE SENDING IT IN FOR FURTHER INVESTIGATION. ADDITIONAL INFORMATION ADDED TO SECTION H10 AFTER INVESTIGATION BY THE MANUFACTURER. THE DEVICE WAS NOT RETURNED TO THE DISTRIBUTOR/MANUFACTURER FOR INVESTIGATION. THE INVESTIGATION WAS CLOSED ON 9/29/2022. HERE IS THE SUMMARY OF THE MANUFACTURER DEVICE INVESTIGATION: THE MANUFACTURER REVIEWED THE QA TEST DATA AND COMPLAINT HISTORY FOR SIMILAR ISSUES. NO ISSUE/PROBLEM WAS NOTED DURING DATA REVIEWED BY THE MANUFACTURER. THE RISK ANALYSIS DOCUMENT WAS REVIEWED AND SIMILAR RISK HAS BEEN ANALYZED. UNIT WAS NOT RETURNED BY CONSUMER. THE DEVICE WAS NOT RECEIVED FOR EVALUATION; THEREFORE, A DEVICE ANALYSIS COULD NOT BE COMPLETED. NO FURTHER INVESTIGATION REQUIRED.",TENS (over-the-counter)
15032609,331682643,D,0,,"THE CONSUMER STATED THAT HER TENS UNIT BURNED HER BACK. SHE HAD BACK SPASMS AND EXPERIENCED BURNS THAT HURT TO THE TOUCH. THE ISSUE OCCURRED ON JULY 9TH, 2022. THE BURNS WERE ON HER LOWER BACK WHERE THE PADS WERE PLACED. THE PADS WERE APPLIED FOR OVER AN HOUR WITH TWO TREATMENTS. IT WAS THE FIRST TIME SHE USED THE UNIT. THE UNIT WAS SET TO 1 THEN SHE WENT UP TO 10. SHE DID NOT HAVE A REACTION WHEN USING A TENS UNIT AT HER DOCTOR'S OFFICE. SHE USED THE PADS ON DRY, CLEAN SKIN. DURING THE FIRST TREATMENT, SHE WAS SITTING UP, AND SHE LIED DOWN FOR THE SECOND TREATMENT. SHE STATED THE BURNS LOOKED MARBLEIZED AND WERE PINK AND PURPLE IN COLOR. THE BURNS WERE TWO BIG CIRCLES THE SIZE OF APPLES WITH SMALL CIRCLES IN THE MIDDLE. THE BURNS DID HAVE BUMPS, BUT THEY WERE NOT BLISTERING. SHE DID NOT TREAT THE BURNS. SHE STATED WHEN SHE SHOWERED, THE BURNS HURT, AND THEY WERE SORE TO TOUCH. SHE RETURNED HER TENS UNIT TO WALGREENS. SHE MAY HAVE THE RECEIPT, BUT SHE DID NOT WANT TO LOOK FOR IT. SHE MADE AN APPOINTMENT WITH HER CHIROPRACTOR ON (B)(6) DUE TO THE BURNS. HER CHIROPRACTOR DID NOT PRESCRIBE ANYTHING FOR TREATMENT. THE DOCTOR STATED THE BURNS MAY SCAR AND ARE ELECTRICAL BURNS. SHE WAS REQUESTING A REFUND OF $(B)(6) FOR HER CHIROPRACTOR VISIT. SHE STATED SHE COULD NOT SEEK MEDICAL ATTENTION SINCE SHE WAS NOT AT HOME AND HER INSURANCE DOES NOT COVER THE DOCTOR OR ER. SHE ASKED IF IT WOULD BE LIFETIME DAMAGE, AND SHE WAS ADVISED THAT ONLY A PHYSICIAN IS QUALIFIED TO ANSWER THAT QUESTION. SHE STATED SHE WOULD CALL BACK IF SHE HAD TO SEEK MEDICAL ATTENTION. SHE DID NOT RECEIVE A REFUND SINCE SHE ALREADY RETURNED HER UNIT. SHE DID NOT WANT A REPLACEMENT UNIT.",TENS (over-the-counter)
15070955,333121976,N,0,,"ADDITIONAL INFORMATION ADDED TO SECTION G6, H1, H2, H6 AND H10. THE DEVICE WAS NOT RETURNED TO THE DISTRIBUTOR/MANUFACTURER FOR INVESTIGATION. HERE IS THE SUMMARY OF THE MANUFACTURER DEVICE INVESTIGATION: THE MANUFACTURER REVIEWED THE PRODUCTION RECORD DATA AND COMPLAINT HISTORY FOR SIMILAR ISSUES. NO ISSUE/PROBLEM WAS NOTED DURING DATA REVIEWED BY THE MANUFACTURER. THE RISK ANALYSIS DOCUMENT WAS REVIEWED AND SIMILAR RISK HAS BEEN ANALYZED. UNIT WAS NOT RETURNED BY CONSUMER. THE DEVICE WAS NOT RECEIVED FOR EVALUATION; THEREFORE, A DEVICE ANALYSIS COULD NOT BE COMPLETED. NO FURTHER INVESTIGATION REQUIRED.",TENS (over-the-counter)
16630181,312285347,D,0,,"INMODE DEVICE EVOLVE DOESN'T WORK. BEING SOLD AS A SKIN TIGHTENING DEVICE AND A FAT DESTROYING DEVICE. NOT FDA APPROVED FOR THOSE CONCERNS AND DOESN'T WORK. I PURCHASED THIS DEVICE AND THE COMPANY IS LYING ABOUT THE EFFICACY, RESULTS, OUTCOMES, CLINICAL STUDIES AND MORE. THEY ARE RIPPING PRACTITIONERS AND PATIENTS OFF. THE BEFORE AND AFTERS ARE FAKE AND THE DOCTORS ARE PAID OFF THE BACK THE COMPANY AND THE DEVICE. THERE'S A LOT GOING ON HERE. REASON FOR USE: FAT, LOSE SKIN.",Powered muscle stimulator
16665146,312532243,N,0,,WE ARE STILL WAITING ON THE RETURN OF THE STIMULATION SYSTEM FOR TESTING AND EVALUATION. STILL WAITING ON RESULTS OF MRI.,Powered muscle stimulator
16665146,312532244,D,0,,"PATIENT STARTED OUT WITH A 9 OUT OF 10 PAIN LEVEL. HE STATED THAT HE AND HIS WIFE HAD PROBLEMS GETTING THE DEVICE TO WORK PROPERLY AND KEPT GETTING THE OPEN CIRCUIT DETECTION ALERT TO CHECK LEADS AND PADS INITIALLY. WHEN THEY FINALLY GOT IT TO WORK PROPERLY HE TOOK A FEW TREATMENTS ON (B)(6) AND (B)(6) BUT THEY SEEMED TO MAKE HIS PAIN WORSE. ON THE MORNING OF FEBRUARY 27TH HE SAID HIS PAIN WAS SO BAD THAT HE COULD NOT WALK AND HE CHECKED INTO THE HOSPITAL FOR 2 DAYS. HE WAS NOT SURE IF IT WAS FROM THE DEVICE OR SOMETHING ELSE. ULTRASOUND AND CT SCANS WERE PERFORMED AT THE HOSPITAL BUT DID NOT SHOW ANYTHING. THE FIRST DATE THAT RS MEDICAL BECAME AWARE OF THE SITUATION WAS MARCH 3, 2023. ON LAST CONTACT HE STATED THAT HE IS WAITING TO BE SCHEDULED FOR AN MRI (NO RESULTS YET). HE WAS USING AN RS 4I PLUS STIMULATOR WITH A LOW BACK GARMENT. WE HAVE REQUESTED THE RETURN OF THE PRODUCT (STIMULATOR AND GARMENT) SO THAT WE CAN PERFORM AN EVALUATION BUT WE HAVE NOT YET RECEIVED IT. WE WILL UPDATE THE FILE WHEN WE HAVE PERFORMED THE EVALUATION AND GET MORE INFORMATION REGARDING HIS CONDITION AND MRI.",Powered muscle stimulator
16708355,312967684,D,0,,THE CHARGER FOR THE RELEIFBAND WRIST DEVICE FOR MOTION SICKNESS WAS PLACED NEXT TO A METALLIC WATCH BAND ON MY APPLE WATCH. THEY WERE PLACE NEXT TO EACH OTHER ON THE COUNTER. THE EXPOSED ELECTRICAL CONDUCTS ON THE CHARGER (THE TIP WITH THE GOLD COLOR THAT YOU USE TO CHARGE THE BAND) CONTACTED THE METALLIC BAND AND CAUSE SMOKE AND BURN THROUGH THE METAL. IT CAUSED A SMALL FIRE INCIDENT THAT BURNT THE METALLIC WATCH BAND. LUCKILY I WOKE UP IN THE MIDDLE OF THE NIGHT AFTER SMELLING THE SMOKE AND REMOVING THE ITEMS. NO INJURIES. THE DESIGN OF THE CHARGER SHOULD BE IMPROVED SO THE ELECTRICAL COMPONENTS ARE NOT EXPOSED TO PREVENT CONTACT WITH NEARBY MATERIALS AND CAUSING A FIRE.,TENS (prescription)
16855076,314405042,D,0,,"AS PER MANUFACTURER INCIDENT REPORT RECEIVED FROM THE MANUFACTURER IN SWITZERLAND. A 38 YEAR OLD MALE WITHOUT ANY KNOWN PRE-EXISTING MEDICAL CONDITIONS WAS TREATED FOR SHOULDER PROBLEMS (RIGHT SIDE) AT A PHYSIOTHERAPY CLINIC IN (B)(6) FRANCE. THE TREATING PHYSIOTHERAPIST REPORTED THAT THE PATIENT FELT UNWELL AND PASSED OUT DURING TREATMENT; WHAT HE (THE PHYSIOTHERAPIST) JUDGED TO BE A CARDIAC ARREST. THE PATIENT WAS SUCCESSFULLY RESUSCITATED (CHEST COMPRESSION) BY THE PHYSIOTHERAPIST. A MEDICAL DOCTOR WHO WAS ON SITE WHEN THE INCIDENT HAPPENED NOTICED A LOSS OF PULSE. THE PATIENT REGAINED CONSCIOUSNESS AFTER 1 OR 2 MINUTES. WHEN THE PARAMEDICS ARRIVED, THEY DID NOT USE THE DEFIBRILLATOR AND THE ECG DID NOT REVEAL ANY ABNORMALITIES. THE PATIENT WAS THEN TAKEN TO THE EMERGENCY DEPARTMENT BY THE PARAMEDICS. THE PATIENT WAS DISCHARGED FROM THE HOSPITAL THE NEXT DAY ((B)(6) 2021) WITH THE DISCHARGE DIAGNOSIS OF CARDIAC ARREST. THE CAUSE OF THE CARDIAC ARREST COULD NOT BE DETERMINED BY THE HOSPITAL MEDICAL STAFF. MRI OF THE PATIENT'S CHEST (LUNGS) DID SHOW SIGNS OF A PREVIOUS COVID-19 INFECTION (ASYMPTOMATIC AS THE PATIENT WAS NOT AWARE OF AN INFECTION). THE PATIENT HAS NOT BEEN REFERRED TO A CARDIOLOGIST FOR FURTHER EXAMINATION AND NO DRUG TREATMENT HAS BEEN PRESCRIBED. ON (B)(6) 2021, THE PATIENT REPORTED FEELING GOOD AND RECOVERED, AND HAS RETURNED TO WORK.",Powered muscle stimulator
16855076,314405043,N,0,,"THE USER DID NOT REPORT A DEVICE PROBLEM OR MALFUNCTION. WE RETRIEVED THE DEVICE FROM THE USER ON (B)(6) 2021. ON (B)(6) 2021, WE EMPLOYED RELEVANT EMPIRICAL TESTING (EG, BASIC SAFETY, ELECTROMAGNETIC FIELD STRENGTH AND INSULATION TEST) OF THE ACTUAL DEVICE SUSPECTED IN THE REPORTED ADVERSE EVENT IN ORDER TO ESTABLISH ITS FUNCTIONAL AND OTHER PROPERTIES AND TO IDENTIFY POSSIBLE CAUSES FOR THE ADVERSE EVENT. NO DEVICE PROBLEM HAS BEEN DETECTED. THE INVESTIGATION ALSO INVOLVED FURTHER TYPES OF INVESTIGATIONS TO DETERMINE IF A CAUSAL RELATIONSHIP BETWEEN THE DEVICE AND INCIDENT IS PLAUSIBLE. FOR THIS, WE DID EMPLOY FURTHER COMMUNICATION/INTERVIEWS (THROUGH TECHNICAL MEANS, E.G. PHONE, E-MAIL) WITH THE HEALTHCARE PROFESSIONAL (PHYSIOTHERAPIST) AND THE AFFECTED PATIENT. WE ALSO RETRIEVED HISTORICAL ADVERSE EVENT DATA (FROM INTERNAL COMPLAINT DATABASE, SCIENTIFIC LITERATURE, PUBLICLY ACCESSIBLE DATABASES OF ADVERSE EVENTS) OF THE SAME AND SIMILAR DEVICES (PULSED ELECTROMAGNETIC FIELD THERAPY; PEMF). A PRELIMINARY ANALYSIS OF THESE DATA, HOWEVER, DID NOT REVEAL EVIDENCE OF A RELATIONSHIP BETWEEN ELECTROMAGNETIC FIELD THERAPY AND CARDIAC ARREST EITHER. AT THE MOMENT, WE CANNOT EXCLUDE THE POSSIBILITY THAT THIS PARTICULAR ADVERSE EVENT OCCURRED DUE TO COINCIDENCE. THE INCIDENCE OF SUDDEN CARDIAC DEATH IN THE GENERAL POPULATION HAS BEEN ESTIMATED AS 1 PER 1,000 PERSON-YEARS. THIS RISK MIGHT EVEN BE INCREASED BY COVID-19 INFECTION. MRI OF THE PATIENT'S CHEST (LUNG) DID SHOW SIGNS OF A PREVIOUS COVID-19 INFECTION (ASYMPTOMATIC AS THE PATIENT WAS NOT AWARE OF AN INFECTION). RECENT EVIDENCE SUGGESTS THAT EVEN IN PEOPLE WITH NO OR MILD / MODERATE COVID-19 SYMPTOMS, THERE IS THE POSSIBILITY THAT THE VIRUS MAY CAUSE HEART DAMAGE THAT CAN LEAD TO COMPLICATIONS INCLUDING HEART ARRHYTHMIAS, HEART FAILURE AND SUDDEN CARDIAC DEATH (ABDELRADI A, YEKTA A. CUREUS. 2021 JUN 27;13(6):E15952; PUNTMANN ET AL. JAMA CARDIOL. 2020 NOV 1;5(11):1265-1273). WE WILL THOROUGHLY ANALYSE THE INFORMATION PROVIDED BY THE HEALTHCARE PROFESSIONAL / PATIENT. WE WILL ALSO REVIEW HISTORICAL ADVERSE EVENT DATA / CLINICAL DATA FROM THE LITERATURE AND CONSULT WITH OUR CLINICAL EXPERT (CARDIOLOGIST). FINALLY, WE WILL REVIEW OUR RISK ASSESSMENT.",Powered muscle stimulator
16906337,314946192,D,0,,"PHYSICAL THERAPIST REPORTED THAT PATIENT WAS GETTING STUCK IN THE TRANSITION FROM SIT TO STAND IN THE EKSO DEVICE. FOLLOWING SOME CLINICAL TIPS FROM EKSO, THE PATIENT WAS ABLE TO STAND. THE PT SAT THE PATIENT FULLY DOWN IN THE DEVICE AND REPOSITIONED HER HIPS IN THE DEVICE TO HELP THE ISSUE. THE FIRST TIME THIS PATIENT USED THE DEVICE, THEY DID NOT HAVE ANY ISSUES, BUT AFTER THE SECOND TIME, SHE HAD SOME KNEE SWELLING. THE PT REPORTED THAT NOTHING ELSE WAS CHANGED FROM THE FIRST TO SECOND USE, SO IT IS UNCLEAR WHAT CAUSED THE SWELLING. PATIENT IS A COMPLETE INJURY AND IS UNABLE TO SENSE AND HAS SOME SPASTICITY. PT NOTICED THAT THE MOTOR ON THE LEFT SIDE OF THE DEVICE WAS VERY WARM AT THE LEFT KNEE IN COMPARISON TO THE OTHER 3 MOTORS. PT BELIEVES THAT THE ONLY EXPLANATION WAS THAT THE KNEE MOTOR ON HER LEFT WAS HAVING TO WORK REALLY HARD TO BREAK UP SPASTICITY. THEY CHECKED SKIN AFTER DEVICE USE AND THERE WAS NO HEAT IN CONTACT WITH THE PATIENT'S SKIN SO ALL THAT SEEMED TO BE FINE. DURING EKSO DEVICE USE, THE PATIENT'S LEG DREW UP INTO A FLEXION SPASM IN THE INITIAL SIT TO STAND. HER LEG ESSENTIALLY CAME OUT OF HER SHOE AND FLEXED UNDER THE CHAIR WHEN SHE SHOULD HAVE BEEN IN FULL STAND. THE PT BELIEVED HER SETUP WAS A BIT MORE CHALLENGING THIS SECOND TIME LIKELY DUE TO THE AMOUNT OF HER SPASTICITY THAT DAY IN HER LEFT LEG. WITH HER INCREASED SPASTICITY THIS DAY, SHE COULD HAVE BEEN OUTSIDE THE RANGE FOR ANKLE DORSIFLEXION/KNEE EXTENSION BUT WAS NOT REASSESSED ON THIS DATE. FOLLOWING THE SWELLING, THE PATIENT WAS ADMITTED TO THE ER AND DIAGNOSED WITH A FRACTURED LEG AND SEPSIS. THE PATIENT WAS TREATED WITH FLUIDS AND ANTIBIOTICS AND WILL BE SEEING A ORTHOPEDIC SURGEON FOLLOWING HOSPITAL RELEASE. THE PT/SITE WAS PREVIOUSLY TOLD THAT THE PATIENT HAD A UTI, WHICH THE PT BELIEVES MAY EXPLAIN THE SEPSIS POST-LEG FRACTURE. THE SITE ALSO DID ASK THE PATIENT ABOUT ANY HISTORY OF OSTEOPOROSIS/OSTEOPENIA ABOUT A MONTH BEFORE EKSO USE AND THE PATIENT DECLINED PRIOR HISTORY OF SUCH. THE PT RECOMMENDED STANDING PROGRAM 3 TIMES PER WEEK AND STRETCHING PROGRAM, WHICH THE PATIENT HAD BEEN DOING. SHE WAS RIGHT ON THE CUSP FOR ROM, PARTICULARLY OF ANKLE AT NEUTRAL AND KNEE EXTENSION. FROM DISCUSSION WITH THE PT, IT WAS DETERMINED THAT THE EKSO DEVICE WAS FUNCTIONING AS-INTENDED AND WAS NOT BELIEVED TO BE MALFUNCTIONING. THE SIT TO STAND ISSUE THAT THE SITE WAS HAVING WAS LIKELY CLINICAL IN NATURE. THEY WERE REPORTING A FEW CLIENTS WERE GETTING STUCK ABOUT ¾ OF THE WAY FROM A SIT TO A STAND. EKSO BELIEVES THAT THERE WERE MULTIPLE POTENTIAL CAUSES OF THIS - POOR WEIGHT SHIFT FORWARD, PTS NOT GIVING ENOUGH HELP TO PATIENTS WITH NO STRENGTH, AND NOT TIGHTENING FULLY THE POSTERIOR SLING. FOLLOWING EKSO ADVICE, THIS SIT TO STAND ISSUE WAS RESOLVED. IT IS UNCLEAR IF THE KNEE SWELLING AND FRACTURE ISSUE IS DEFINITIVELY LINKED TO EKSO USE, HOWEVER THE SWELLING WAS REPORTED AFTER USING THE DEVICE. THE PATIENT'S UTI HISTORY MAY ALSO EXPLAIN THE SEPSIS ISSUE AND THAT IS LIKELY NOT LINKED TO THE EKSO DEVICE USE.",Powered exoskeleton
16906790,314952018,D,0,,"CUSTOMER REPORTS: FOUR OF THE 6 ELECTRODES DEVELOPED BURNED HOLES IN THE PADS AND A BLACK ACCUMULATION ON THE WIRES. ONE SET REACHED 6 USES BEFORE THE HOLES APPEARED. AND THE SECOND SET REACHED 8 USES. THE THIRD SET FROM THIS LOT HAS NOT BEEN USED YET. PER ADDITIONAL INFORMATION RECEIVED ON (B)(6) 2023, THE PATIENT EXPERIENCED REDNESS (EYRTHEMA) AND A SMALL BLISTER, APPROXIMATELY 1/2"", MAINLY FROM THE WIRE AND NOT THE PAD ITSELF BUT IT IS HARD TO TELL. THERE WAS NO MEDICAL INTERVENTION, THE SKIN HEALS AFTER A FEW DAYS. THE PATIENT APPLIES A NEW SET OF ELECTRODES AND PLACES IT AWAY FROM THE BURN SITE.",TENS (prescription)
16906790,314952019,N,0,,"AN INVESTIGATION IS CURRENTLY UNDERWAY. UPON COMPLETION, THE RESULTS WILL BE FORWARDED.",TENS (prescription)
16907000,314952321,N,0,,"AN INVESTIGATION IS CURRENTLY UNDERWAY. UPON COMPLETION, THE RESULTS WILL BE FORWARDED.",TENS (prescription)
16907000,314952322,D,0,,"CUSTOMER REPORTS: FOUR OF THE 6 ELECTRODES DEVELOPED BURNED HOLES IN THE PADS AND A BLACK ACCUMULATION ON THE WIRES. ONE SET REACHED 6 USES BEFORE THE HOLES APPEARED. AND THE SECOND SET REACHED 8 USES. THE THIRD SET FROM THIS LOT HAS NOT BEEN USED YET. PER ADDITIONAL INFORMATION RECEIVED ON 05/04/23, THE PATIENT EXPERIENCED REDNESS (EYRTHEMA) AND A SMALL BLISTER, APPROXIMATELY 1/2"", MAINLY FROM THE WIRE AND NOT THE PAD ITSELF BUT IT IS HARD TO TELL. THERE WAS NO MEDICAL INTERVENTION, THE SKIN HEALS AFTER A FEW DAYS. THE PATIENT APPLIES A NEW SET OF ELECTRODES AND PLACES IT AWAY FROM THE BURN SITE.",TENS (prescription)
16920113,315105893,D,0,,"HAS A CX4 WHERE A PATIENT WAS BURNED AND HAD TO GO TO THE ER AND HAD TO FILE A MALPRACTICE. HAD A PATIENT THAT SHE COULDN'T FEEL IT AND SHE KEPT INCREASING IT AND SHE ENDED UP WITH 2ND DEGREE BURNS AND HAD A MALPRACTICE CLAIM. SHE MAILED THE DEVICE BACK TO THEM BECAUSE SHE HAD A MALPRACTICE CLAIM. STATES BURN HAPPENED AROUND OCTOBER. FROM TRIGGER WORD FORM: NO PRE-EXISTING MEDICAL CONDITIONS. THEY WERE BURNED WITH 2ND-3RD DEGREE. PARAMETERS 80/150 HZ CARRIER 10,000 HZ. LEADS/CABLES HAVE NOT BEEN REPLACED WITHIN 6 MONTHS. SHE IS USING 1.5"" X 1.5"" SELF ADHESIVE ELECTRODES ON L2-5, 4 IN TOTAL, PREVIOUSLY USED 2 TIMES, 2"" APART. NOTHING WAS APPLIED TO THE SKIN PRIOR AND THE DEVICE WAS TURNED OFF WHEN PADS WERE REMOVED/ADJUSTED. SKIN WAS CLEAR. BURNS APPEARED IMMEDIATELY LAST 1 MONTH. ELECTRODES ARE SHARED BETWEEN MULTIPLE PATIENTS. THEY ARE STORED ON THE ADHESIVE PAPER. SHE WAS NOT USING THE ELECTRODES SUPPLIED WITH THE DEVICE. LEAD WIRES ""THEY HAVE BEEN REPLACED (I THINK)"" AND SHOW NO SIGN OF DAMAGE. USER MANUAL ATTACHED. PAGE 7, DO NOT USE ELECTRODES THIS WAY: SELF-ADHESIVE ELECTRODES ARE FOR SINGLE-PATIENT USE ONLY. DO NOT USE ELECTRODES ON SEVERAL DIFFERENT PATIENTS TO AVOID TRANSFERRING ANY CONTAMINATION.""",TENS (prescription)
16919807,315233940,D,0,,RECEIVED BURNS FROM TENS 7000 PADS WHEN USED AS DIRECTED WITH A TENS 7000 UNIT.,Powered muscle stimulator
17069413,316567920,N,0,,"WE HAVE COMMUNICATED WITH THE IMPORTER THAT THE DEVICE OF THIS EVENT COULD NOT BE RETURNED; AND WE HAVE CHECKED THE DHR (DEVICE HISTORY RECORDS) OF THE SAME BATCH, THERE WERE NO PROBLEMS OBSERVED DURING THE MANUFACTURING OR TESTING NOTED IN THE DHR; ACCORDING TO EVENT DESCRIPTION, ELECTRODES ARE SHARED BETWEEN MULTIPLE PATIENTS, WHICH MAY LEAD TO THIS KIND OF PROBLEM. THE CAUSE OF THE CUSTOMER'S COMPLAINT COULD NOT BE DETERMINED DUE TO THE DEVICE NOT RETURNED FOR AYALYSIS.",TENS (prescription)
17069413,316567921,D,0,,"HAS A CX4 WHERE A PATIENT WAS BURNED AND HAD TO GO TO THE ER AND HAD TO FILE A MALPRACTICE. HAD A PATIENT THAT SHE COULDN'T FEEL IT AND SHE KEPT INCREASING IT AND SHE ENDED UP WITH 2ND DEGREE BURNS AND HAD A MALPRACTICE CLAIM. SHE MAILED THE DEVICE BACK TO THEM BECAUSE SHE HAD A MALPRACTICE CLAIM. STATES BURN HAPPENED AROUND OCTOBER. NO PRE-EXISTING MEDICAL CONDITIONS. THEY WERE BURNED WITH 2ND-3RD DEGREE. PARAMETERS 80/150 HZ CARRIER 10,000 HZ. LEADS/CABLES HAVE NOT BEEN REPLACED WITHIN 6 MONTHS. SHE IS USING 1.5"" X 1.5"" SELF ADHESIVE ELECTRODES ON L2-5, 4 IN TOTAL, PREVIOUSLY USED 2 TIMES, 2"" APART. NOTHING WAS APPLIED TO THE SKIN PRIOR AND THE DEVICE WAS TURNED OFF WHEN PADS WERE REMOVED/ADJUSTED. SKIN WAS CLEAR. BURNS APPEARED IMMEDIATELY LAST 1 MONTH. ELECTRODES ARE SHARED BETWEEN MULTIPLE PATIENTS. THEY ARE STORED ON THE ADHESIVE PAPER. SHE WAS NOT USING THE ELECTRODES SUPPLIED WITH THE DEVICE. LEAD WIRES ""THEY HAVE BEEN REPLACED (I THINK)"" AND SHOW NO SIGN OF DAMAGE. USER MANUAL ATTACHED. PAGE 7, DO NOT USE ELECTRODES THIS WAY: SELF-ADHESIVE ELECTRODES ARE FOR SINGLE-PATIENT USE ONLY. DO NOT USE ELECTRODES ON SEVERAL DIFFERENT PATIENTS TO AVOID TRANSFERRING ANY CONTAMINATION.""",TENS (prescription)
17127607,317224313,D,0,,"PURCHASED ""INTENSITY SELECT COMBO TENS, EMS, IF, AND MICROCURRENT UNIT + FREE A/C POWER ADAPTER INCLUDED"" FROM TENSPRO (HTTPS://WWW.TENSPROS.COM/INTENSITY-SELECT-COMBO-D I8195.HTML) BECAUSE OTHER STORES NEEDED A PRESCRIPTION OR DOCTOR TO AUTHORIZE THE PURCHASE. TENSPRO SOLD, RICHMAR MANUFACTURER. REASON FOR USE: PAIN.",TENS (prescription)
17188092,317725059,N,0,,"THE DEVICE WAS RETURNED TO IMPORTER FOR INSPECTION, REPORT ATTACHED. FINDINGS ARE AS FOLLOWS: THE REPORTED PROBLEM COULD NOT BE VERIFIED, THE DEVICE WAS TESTED AND PASSED ALL FUNCTIONAL TESTS WITH NO PROBLEMS FOUND, NO ACCESSORIES WERE RECEIVED SO THEY COULD NOT BE TESTED. DEVICE WAS TESTED ON ALL STIM TREATMENTS FOR SEVERAL HOURS WITH NO PROBLEMS. AND WE HAVE CHECKED THE DHR (DEVICE HISTORY RECORDS) OF THE SAME BATCH, THERE WERE NO PROBLEMS OBSERVED DURING THE MANUFACTURING OR TESTING NOTED IN THE DHR.",TENS (prescription)
17188092,317725060,D,0,,"THE PATIENT USED THIS AT THE CLINIC AND THEY HAVE HAD IT 2 YEARS. THEY WERE USING 4 DURA STICK PLUS 2"" SQUARES ON CLEAN SKIN SURROUNDING THE KNEE MORE THEN 4 INCHES APART. THE ELECTRODES HAD BEEN USED 2 OR 3 TIME PRIOR TO INJURY. THE DEVICE WAS SHUT OFF BEFORE THE ELECTRODES WERE REMOVED OR ADJUSTED. THEY WERE USING IFC 4 POLE CONTINUOUS AND NO BURN MARKS SHOW UP UNTIL LATER. THEY HAVE NOT FULLY HEALED YET. THE PATIENT DID SEEK MEDICAL ATTENTION. THERE WERE 4 ELECTRODES USED ABOVE AND BELOW THE KNEE JOINT, MEDIALLY, AND LATERALLY (BRACKETING THE KNEE JOINT) IN AN X PATTERN WITH THE 2 CHANNELS. THE ICE PACK WAS PLACED ON TOP OF THE KNEE JOINT, WHICH DID COVER THE ELECTRODES. WE USE THIS SET-UP ALL THE TIME WITH OUR PATIENTS WITHOUT A PROBLEM. WE USED THIS SAME MACHINE ON A DIFFERENT PATIENT AND THERE WAS A BURNING SMELL COMING OUT OF THE MACHINE, SO WE DIDN'T COMPLETE THE SET UP AND PUT THE UNIT OUT OF SERVICE. THE PATIENT WAS A 76 YEAR OLD MALE WITH NO PRE-EXISTING CONDITIONS. AN ICE PACK WAS USED AT THE TIME OF EVENT. BURN MARKS SHOWED UP LATER. WAS USED ON IFC - CONTINUOUS, NO MODULATING. THEY ARE UNSURE IF LEADS/CABLES HAVE BEEN REPLACED WITHIN 6 MONTHS. THEY ARE USING 2"" SQUARE SELF ADHESIVE ELECTRODES SURROUNDING KNEE - 4"" DISTANCE, 4 IN TOTAL. USED 2-3 TIMES PRIOR TO INJURY. NOTHING WAS APPLIED TO THE SKIN PRIOR AND THE DEVICE WAS TURNED OFF WHEN PADS WERE REMOVED/ADJUSTED. SKIN WAS CLEAR. BURNS APPEARED SEVERAL DAYS LATER. THEY ARE ONGOING, NOT FULLY HEALED. PATIENT DID SEEK MEDICAL ATTENTION. ELECTRODES ARE NOT SHARED BETWEEN PATIENTS. THEY ARE STORED IN A CONTAINER PACKAGED IN ORIGINAL PACKAGE. PATIENT IS ALLERGIC TO SULFA DRUGS. PULSE RATE WAS 80-150 HZ. THEY WERE NOT USING THE ELECTRODES SUPPLIED WITH THE DEVICE, THEY ARE USING 2"" SQUARE DURA STICK PLUS ELECTRODES. THEY ARE ""UNSURE - CHANGED OUT IN THE PAST"" WHEN ASKED IF THEY HAVE TRIED NEW LEAD WIRES. THEY STATE ""NO - LEAD WIRES WERE INTACT"" WHEN ASKED IF ANY SIGN OF DAMAGE.",TENS (prescription)
17263382,318548305,N,0,,"FROM MEDWATCH MW5118375, NO INITIAL REPORTER INFORMATION IS AVAILABLE, WE CANNOT GET IN TOUCH WITH INITIAL REPORTER. NO DETAILED EVENT, INJURY AND IMPACT INFORMATION IS AVAILABLE. WE ASKED IMPORTER TO RETURN THE DEVICE FOR INVESTIGATION AND GET MORE INFORMATION, IMPORTER REPLIED THAT THEY HAVE NO FURTHER INFORMATION AND NO POINT OF CONTACT. AND WE HAVE CHECKED THE DHR (DEVICE HISTORY RECORDS) OF THE SAME BATCH, THERE WERE NO PROBLEMS OBSERVED DURING THE MANUFACTURING OR TESTING NOTED IN THE DHR. THE CAUSE OF THE CUSTOMER'S COMPLAINT COULD NOT BE DETERMINED DUE TO NO SUFFICIENT INFORMATION IS AVAILABLE.",TENS (prescription)
17263382,318548306,D,0,,"IMPORTER RECEIVED MEDWATCH MW5118375. PURCHASED ""INTENSITY SELECT COMBO TENS, EMS, IF, AND MICROCURRENT UNIT + FREE A/C POWER ADAPTER INCLUDED"" FROM TENSPRO (HTTPS://WWW.TENSPROS.COM/INTENSITY-SELECT-COMBO-D I8195.HTML) BECAUSE OTHER STORES NEEDED A PRESCRIPTION OR DOCTOR TO AUTHORIZE THE PURCHASE. TENSPRO SOLD, RICHMAR MANUFACTURER. REASON FOR USE: PAIN. TYPE OF EVENT: SERIOUS INJURY (NO INFORMATION AVAILABLE) MEDICAL DEVICE PROBLEM CODE(S): 2017: IMPROPER OR INCORRECT PROCEDURE OR METHOD HEALTH EFFECT - CLINICAL CODE(S): 4580: INSUFFICIENT INFORMATION OUTCOMES ATTRIBUTED TO ADVERSE EVENT: REQUIRED INTERVENTION (NO INFORMATION AVAILABLE).",TENS (prescription)
17433390,320144641,D,0,,"CUSTOMER REPORTED THAT DURING TREATMENT, THE PATIENT ROLLED ANKLE ON AFFECTED LE. PT WAS PRACTICING AMBULATION W/OP AFO. TREADMILL SPEED WAS ASSESSING AND SLOWER THAN NORMAL TO ACCOMMODATE WALKING SANS BRACING. DUE TO ROLLED ANKLE, PATIENT TRIPPED AND FELL UPON HARNESS SAFETY STRAP FAILING. ALLEGEDLY, THE STITCHING ON THE HARNESS BUCKLE ATTACHING TO THE OVERHEAD BODY WEIGHT SUPPORT POPPED ALL THE WAY THROUGH ALLOWING THE STRAP TO COME APART AND SLIDE THROUGH THE SUPPORTING CARABINER. CUSTOMER REPORTED THAT THE EMERGENCY STOP WAS IMMEDIATELY PRESSED HALTING THE TREADMILL. CUSTOMER REPORTED THAT PT WAS IMMEDIATELY ASSESSED, NO REPORTS OF PAIN AND NO VISIBLE INJURIES. MEASURES WERE TAKEN FOR SOFT TISSUE INJURIES TO LE. NO MEDICAL MEASURES WERE NEEDED AND PT WAS ABLE TO CONTINUE THERAPY AS SCHEDULED.",Powered exercise equipment (incl. CPM)
17537296,321043066,D,0,,IT WAS REPORTED THAT THE PATIENT HAD EXTREME MUSCLE PAIN IN THEIR LEG WHEN USING THEIR TENS UNIT. (B)(4). THIS REPORT REFLECTS INFORMATION RECEIVED BY FDA IN THE FORM OF A NOTIFICATION PER 803.22 (B)(2).,TENS (prescription)
17525934,321051962,D,0,,FACILITY REPORTED ERROR MESSAGES. MACHINE LOCKED UP. REPLACEMENT ISSUED. (B)(4). THIS REPORT REFLECTS INFORMATION RECEIVED BY FDA IN THE FORM OF A NOTIFICATION PER 803.22 (B)(2).,Powered exercise equipment (incl. CPM)
17528624,321074230,D,0,,THE HEALTH CARE PROFESSIONAL REPORTED THE PATIENT WAS VERY UNHAPPY WITH THEIR IMPLANTED TENS UNIT. (B)(4). THIS REPORT REFLECTS INFORMATION RECEIVED BY FDA IN THE FORM OF A NOTIFICATION PER 803.22 (B)(2).,TENS (prescription)
17524833,321074754,D,0,,CPM WOULD WORK FOR AWHILE THEN WOULD STOP SHOWING ERROR MESSAGE. NO INJURY ALLEGED. INVACARE PRID# (B)(4). THIS REPORT REFLECTS INFORMATION RECEIVED BY FDA IN THE FORM OF A NOTIFICATION PER 803.22 (B)(2).,Powered exercise equipment (incl. CPM)
17525569,321089359,D,0,,"IT WAS REPORTED IN AN ARTICLE (CHATZIKALFAS, A., KOULOUSAKIS , A.A.K., RICHTER, R., MATIS, G. EPRF (EPIDURAL PULSED RADIOFREQUENCY): A STEPPING STONE TO NEUROMODULATION (10614). NORTH AMERICAN NEUROMODULATION SOCIETY 19TH ANNUAL MEETING. 2015. 337.) THAT OUT OF THE 68/188 PATIENTS WHO DIDN'T HAVE AN ADEQUATE PAIN RELIEF: 41/68 ADVANCED TO AN SCS TREATMENT, 21/68 ADVANCED TO AN PNS/PNFS TREATMENT AND 6/68 ADVANCED TO AN INTRATHECAL PAIN THERAPY. OUT OF THE PATIENTS WITH LUMBAGO THAT DIDN'T HAVE AN ADEQUATE PAIN RELIEF 12 ADVANCED TO A SCS TREATMENT, 15 ADVANCED TO A PNFS TREATMENT AND NONE OF THEM TO AN INTRATHECAL PAIN THERAPY. OUT OF THE PATIENTS WITH LUMBOIISCHALIA 22 ADVANCED TO A SCS THERAPY, 2 TO A PNFS THERAPY AND 3 TO AN INTRATHECAL PAIN THERAPY. OUT OF THE PATIENTS WITH OTHER KIND OF PAIN IN THE EXTREMITIES 7 ADVANCED TO A SCS THERAPY, 4 TO PNFS THERAPY AND 3 TO AN INTRATHECAL PAIN THERAPY. 19 PATIENTS DIDN'T WANT TO TRY ANY OTHER KIND OF TREATMENT. THE OVERALL COMPLICATION RATE WAS UNDER 1%. (B)(4). THIS REPORT REFLECTS INFORMATION RECEIVED BY FDA IN THE FORM OF A NOTIFICATION PER 803.22 (B)(2).",TENS (prescription)
17510584,321094611,D,0,,"THE PATIENT REPORTED THEY ARE USING A TENS UNIT, BUT IT IS NOT HELPING THEIR PAIN. THIS REPORT REFLECTS INFORMATION RECEIVED BY FDA IN THE FORM OF A NOTIFICATION PER 803.22 (B)(2).",TENS (prescription)
17524056,321132411,D,0,,THE PATIENT REPORTED THAT THEY WORE THEIR TENS UNIT TO WORK ONCE AND IT KNOCKED THEM OVER. (B)(4). THIS REPORT REFLECTS INFORMATION RECEIVED BY FDA IN THE FORM OF A NOTIFICATION PER 803.22 (B)(2).,TENS (prescription)
17529481,321135808,D,0,,THE PATIENT REPORTED THEY NOTICED THEIR STIMULATION FELT STRONGER AFTER THEY USED THEIR TENS THERAPY SINCE IT WAS IMPLANTED ON (B)(6) 2015. (B)(4). THIS REPORT REFLECTS INFORMATION RECEIVED BY FDA IN THE FORM OF A NOTIFICATION PER 803.22 (B)(2).,TENS (prescription)
17533883,321146149,D,0,,IT WAS REPORTED THAT THE PATIENT'S NEUROPATHIC PAIN RETURNED AFTER THE CALAMARE TREATMENT AND NOTHING ELSE WAS HELPING. (B)(4). THIS REPORT REFLECTS INFORMATION RECEIVED BY FDA IN THE FORM OF A NOTIFICATION PER 803.22 (B)(2).,TENS (prescription)
17534391,321146235,D,0,,"THE PATIENT REPORTED THAT THEIR TENS UNIT BOTHERED THEIR BACK DURING THE TRIAL, AND THAT THEY EXPERIENCED A TWEAKING/SHOCKING SENSATION IN THEIR BACKSIDE WHEN THEY TURNED THE UNIT ON. THE PATIENT ALSO REPORTED THAT THEY STOPPED USING THE TENS UNIT. (B)(6). THIS REPORT REFLECTS INFORMATION RECEIVED BY FDA IN THE FORM OF A NOTIFICATION PER 803.22 (B)(2).",TENS (prescription)
17533970,321148423,D,0,,THE PATIENT REPORTED THEIR TENS UNIT WAS ACCIDENTALLY BURNING THEM WHEN THEY WERE USING IT. (B)(4). THIS REPORT REFLECTS INFORMATION RECEIVED BY FDA IN THE FORM OF A NOTIFICATION PER 803.22 (B)(2).,TENS (prescription)
17532801,321150873,D,0,,THE PATIENT REPORTED THAT THEY WERE IN TERRIBLE PAIN AND FELT LIKE THEY WERE BEING CUT IN TWO. (B)(6). THIS REPORT REFLECTS INFORMATION RECEIVED BY FDA IN THE FORM OF A NOTIFICATION PER 803.22 (B)(2).,TENS (prescription)
17535812,321154386,D,0,,THE PATIENT REPORTED THEY WERE USING THEIR TENS UNIT 2-3 DAYS AGO AND STARTED TO FEEL NOT WELL AND NOT LIKE THEMSELVES. THE PATIENT REPORTED THEY DISCONTINUED TENS THERAPY USE BUT HAD CONTINUED TO NOT FEEL WELL.(B)(4). THIS REPORT REFLECTS INFORMATION RECEIVED BY FDA IN THE FORM OF A NOTIFICATION PER 803.22 (B)(2),TENS (prescription)
17536616,321159408,D,0,,"THE PATIENT INITIALLY REPORTED DIFFICULTY RECHARGING AND A SHOCKING SENSATION DURING AN ATTEMPTED RECHARGING SESSION ON (B)(6) 2011. THE PATIENT'S DEVICE INFORMATION WAS NOT IN THE MANUFACTURER'S DATABASE, AND INVESTIGATION LATER SHOWED THE PATIENT'S DYNEX 3 DEVICE WAS MADE BY ANOTHER MANUFACTURER. THE PATIENT STATED THE DEVICE ""WORKED FOR A YEAR"" BEFORE HE BEGAN RECEIVING SHOCKS WHEN RECHARGING. (B)(4). THIS REPORT REFLECTS INFORMATION RECEIVED BY FDA IN THE FORM OF A NOTIFICATION PER 803.22 (B)(2).",TENS (prescription)
17510415,321177772,D,0,,"CALLER STATES HE HAS A MICROSTIM DEVICE THAT IS 'MESSED UP'. CALLER STATES THE RED AND BLACK 'LEAD' WIRES ARE NOT WORKING. THE DEVICE IS NOT IMPLANTED, THE CALLER HAD NO MODEL NUMBER AND COULD ONLY SAY IT IS A LITTLE GRAY BOX. TECHNICAL SERVICES ADVISED THAT IT APPEARS THIS PRODUCT IS FROM ANOTHER MFR. THIS REPORT REFLECTS INFORMATION RECEIVED BY FDA IN THE FORM OF A NOTIFICATION PER 803.22 (B)(2).",TENS (prescription)
17532329,321311958,D,0,,"IT WAS REPORTED THAT THE PATIENT'S TENS UNIT STOPPED WORKING, WHENEVER THEY SAT DOWN. (B)(4). THIS REPORT REFLECTS INFORMATION RECEIVED BY FDA IN THE FORM OF A NOTIFICATION PER 803.22 (B)(2).",TENS (prescription)
17526929,321347508,D,0,,IT WAS REPORTED THAT 2 WIRES HAD BEEN PULLED OUT OF THE PATIENT'S TENS UNIT. 602542660 THIS REPORT REFLECTS INFORMATION RECEIVED BY FDA IN THE FORM OF A NOTIFICATION PER 803.22 (B)(2).,TENS (prescription)
17532231,321349983,D,0,,DELIVERED AND NEVER TURNED ON. UNIT WILL NOT TURN ON. NO INJURY ALLEGED INVACARE (B)(4). THIS REPORT REFLECTS INFORMATION RECEIVED BY FDA IN THE FORM OF A NOTIFICATION PER 803.22 (B)(2).,Powered exercise equipment (incl. CPM)
17530911,321373456,D,0,,HICCUPS WHEN LOWERING. NO INJURY ALLEGED INVACARE (B)(4). THIS REPORT REFLECTS INFORMATION RECEIVED BY FDA IN THE FORM OF A NOTIFICATION PER 803.22 (B)(2).,Powered exercise equipment (incl. CPM)
17529186,321385514,D,0,,IT WAS REPORTED THAT THE PATIENT WAS HAVING ISSUES WITH THEIR TENS UNIT. (B)(4). THIS REPORT REFLECTS INFORMATION RECEIVED BY FDA IN THE FORM OF A NOTIFICATION PER 803.22 (B)(2).,TENS (prescription)
17524115,321385778,D,0,,THE PATIENT REPORTED THEY WERE HAVING A PROBLEM WITH THEIR UNIT AND THAT THE BATTERY WAS DEAD. (B)(4). THIS REPORT REFLECTS INFORMATION RECEIVED BY FDA IN THE FORM OF A NOTIFICATION PER 803.22 (B)(2).,TENS (prescription)
17528028,321407565,D,0,,"PATIENT REPORTED HAVING A TENS UNIT THAT IS IN NEED OF MAINTENANCE AND REPAIR, FOR THEIR TENS UNIT HAS LOST ONE OF ITS CLOSURE DOORS AND REQUESTS THE TENS UNIT TO BE CHECKED OUT. (B)(4). THIS REPORT REFLECTS INFORMATION RECEIVED BY FDA IN THE FORM OF A NOTIFICATION PER 803.22 (B)(2).",TENS (prescription)
17528288,321409450,D,0,,IT WAS REPORTED THAT THE PATIENT'S TENS UNITE HADN'T WORKED IN A FEW YEARS. (B)(4). THIS REPORT REFLECTS INFORMATION RECEIVED BY FDA IN THE FORM OF A NOTIFICATION PER 803.22 (B)(2).,TENS (prescription)
17529349,321411497,D,0,,PROVIDER ALLEGES UNIT IS BROKEN AND NOT WORKING. NO INJURY ALLEGED. INVACARE PRID#: (B)(4). THIS REPORT REFLECTS INFORMATION RECEIVED BY FDA IN THE FORM OF A NOTIFICATION PER 803.22 (B)(2).,Powered exercise equipment (incl. CPM)
17531395,321412277,D,0,,IT WAS REPORTED THAT THE PATIENT'S TENS UNIT HAD BROKEN WIRES. (B)(4). THIS REPORT REFLECTS INFORMATION RECEIVED BY FDA IN THE FORM OF A NOTIFICATION PER 803.22 (B)(2).,TENS (prescription)
17532539,321413125,D,0,,IT WAS REPORTED THAT THE PATIENT NEEDED PADS AND THE TENS UNIT NEEDED TO BE REPAIRED. (B)(4). THIS REPORT REFLECTS INFORMATION RECEIVED BY FDA IN THE FORM OF A NOTIFICATION PER 803.22 (B)(2).,Powered muscle stimulator
17531675,321413149,D,0,,PT HAD A ZYNEX NEXWAVE AND SAID THE CORD TO THEIR PAD WAS DAMAGED. (B)(4). THIS REPORT REFLECTS INFORMATION RECEIVED BY FDA IN THE FORM OF A NOTIFICATION PER 803.22 (B)(2).,Powered muscle stimulator
17534837,321416139,D,0,,POWER FAILURE. REPLACEMENT ISSUED. ITEM NUMBER: 023903 INVACARE PRID# (B)(4). THIS REPORT REFLECTS INFORMATION RECEIVED BY FDA IN THE FORM OF A NOTIFICATION PER 803.22 (B)(2).,Powered exercise equipment (incl. CPM)
17530072,321429531,D,0,,IT WAS REPORTED THAT THE TENS UNIT WASN'T WORKING. (B)(4). THIS REPORT REFLECTS INFORMATION RECEIVED BY FDA IN THE FORM OF A NOTIFICATION PER 803.22 (B)(2).,TENS (prescription)
17524981,321437251,D,0,,IT WAS REPORTED THAT THE PATIENT'S TENS UNIT DID NOT TURN ON. (B)(4). THIS REPORT REFLECTS INFORMATION RECEIVED BY FDA IN THE FORM OF A NOTIFICATION PER 803.22 (B)(2).,TENS (prescription)
17533608,321453953,D,0,,IT WAS REPORTED THAT THE PATIENT'S TENS UNIT DIDN'T WORK FOR THEM. (B)(4). THIS REPORT REFLECTS INFORMATION RECEIVED BY FDA IN THE FORM OF A NOTIFICATION PER 803.22 (B)(2).,TENS (prescription)
17532796,321456259,D,0,,STATUS DISPLAY READ ERROR AND MACHINE FROZEN UP AND NOT MOVING. NO INJURY ALLEGED. INVACARE PRID# (B)(4). THIS REPORT REFLECTS INFORMATION RECEIVED BY FDA IN THE FORM OF A NOTIFICATION PER 803.22 (B)(2).,Powered exercise equipment (incl. CPM)
17529245,321458217,D,0,,FACILITY REPORTED ERROR MESSAGES. MACHINE LOCKED UP. REPLACEMENT ISSUED. NO INJURY ALLEGED INVACARE PRID # (B)(4). THIS REPORT REFLECTS INFORMATION RECEIVED BY FDA IN THE FORM OF A NOTIFICATION PER 803.22 (B)(2).,Powered exercise equipment (incl. CPM)
17522749,321458381,D,0,,(B)(6) 2015 NO INJURY ALLEGED. MALFUNCTION ALLEGED. NO MDR FILING. NO CANADIAN FILING. THE STATED ISSUE: CPM500 IS NOT WORKING INVACARE PRID# (B)(4). THIS REPORT REFLECTS INFORMATION RECEIVED BY FDA IN THE FORM OF A NOTIFICATION PER 803.22 (B)(2).,Powered exercise equipment (incl. CPM)
17531157,321467207,D,0,,ERROR CODE SHOWED UP WHILE USING. (B)(4). NO INJURY ALLEGED INVACARE PRID# (B)(4). THIS REPORT REFLECTS INFORMATION RECEIVED BY FDA IN THE FORM OF A NOTIFICATION PER 803.22 (B)(2).,Powered exercise equipment (incl. CPM)
17526526,321520500,D,0,,IT WAS REPORTED ONE OF THE TENS UNIT PADS DID NOT WANT TO STICK. (B)(4). THIS REPORT REFLECTS INFORMATION RECEIVED BY FDA IN THE FORM OF A NOTIFICATION PER 803.22 (B)(2).,TENS (prescription)
17533671,321521379,D,0,,TODAY AROUND 7 OR 8 AM THEY WENT TO USE THE CPM: IT SPARKED AND STOPPED WORKING. NO INJURY ALLEGED INVACARE PRID# (B)(4). THIS REPORT REFLECTS INFORMATION RECEIVED BY FDA IN THE FORM OF A NOTIFICATION PER 803.22 (B)(2).,Powered exercise equipment (incl. CPM)
17622967,321958852,D,0,,"CPM (CONTINUOUS PASSIVE MOTION) MACHINE CAN TURN ON, BUT YOU CANNOT CONTROL THE ROM (RANGE OF MOTION), FLEXION AND EXTENSION NUMBERS.",Powered exercise equipment (incl. CPM)
17646228,322221425,N,0,,"A ROOT CAUSE HAS NOT BEEN DETERMINED. IT HAS NOT BEEN CONFIRMED IF THE DEVICE CAUSED OR CONTRIBUTED TO THE REPORTED INCIDENT; HOWEVER, DUE TO THE CUSTOMER REPORTING HAVING BURNS THIS MEDWATCH IS BEING FILED. THE CONSUMER WAS OFFERED A REPLACEMENT UNIT OR REFUND, AND SHE DECLINED. THE PRODUCT INSTRUCTION MANUAL INCLUDES FOLLOWING WARNINGS: THE MERE EXISTENCE OF PAIN FUNCTIONS AS A VERY IMPORTANT WARNING TELLING US THAT SOMETHING IS WRONG. THEREFORE, IF YOU SUFFER FROM ANY SERIOUS ILLNESS, CONSULT YOUR PHYSICIAN IN ORDER TO CONFIRM THAT IT IS ADVISABLE FOR YOU TO USE THIS UNIT. IF YOU EXPERIENCE ANY SKIN IRRITATION OR REDNESS AFTER A SESSION, DO NOT CONTINUE STIMULATION IN THAT AREA OF THE SKIN. PLACE PADS ON EITHER SIDE OF THE PAIN, NOT DIRECTLY ON THE PAIN. DO NOT USE THIS UNIT DURING THESE ACTIVITIES- WHEN IN THE BATH OR SHOWER; WHILE SLEEPING; WHILE DRIVING, OPERATING MACHINERY, OR DURING ANY ACTIVITY IN WHICH ELECTRICAL STIMULATION CAN PUT YOU AT RISK OF INJURY. POSSIBLE ADVERSE REACTIONS: YOU SHOULD STOP USING THE UNIT AND CONSULT WITH YOUR PHYSICIAN IF YOU EXPERIENCE ADVERSE REACTIONS FROM THE UNIT. YOU MAY EXPERIENCE SKIN IRRITATION AND BURNS BENEATH THE STIMULATION ELECTRODES APPLIED TO YOUR SKIN.",TENS (over-the-counter)
17646228,322221426,D,0,,"THE CONSUMER STATED SHE BOUGHT THE UNIT ON FRIDAY (B)(6) 2023. SHE PUT THE PADS ON HER LOWER BACK/BUTTOCKS THAT NIGHT AND WOKE UP WITH THE BURNS. SHE STATED IT SEEMED TO BE A FIRST DEGREE BURN AND WAS WAITING IN THE BURN CLINIC WAITING ROOM ON (B)(6) 2023 DURING THE TIME OF THE INITIAL CALL. SHE STATED HER SKIN WAS BUMPY AND SWOLLEN WHERE THE PADS WERE. SHE KEPT STATING THERE WERE VESICLES AND MENTIONED SHE THOUGHT IT WAS A SECOND DEGREE BURN. SHE STATED SHE FOLLOWED THE INSTRUCTIONS SEVERAL TIMES AND STATED THAT THERE IS NOTHING IN THE INSTRUCTIONS THAT STATES SHE MIGHT GET BURNED BY THE UNIT EXCEPT IF SHE WAS USING ANOTHER UNIT, WHICH SHE WAS NOT. SHE STATED IT WAS DEFINITELY AN ELECTRICAL BURN. SHE HAD THE TENS UNIT ON 1 AND STATED IT WAS NOT PAINFUL. SHE STATED SHE WAS DOCTOR AND HAD TO TAKE OFF WORK DUE TO THE BURN. SHE STATED SHE HAD BEEN A DOCTOR FOR 25 YEARS AND STATED IT WAS A SECOND DEGREE BURN. SHE HAD PAIN FOR THREE DAYS AND TINGLING IN HER LEG THAT SHE WAS NOT SURE WAS A RESULT OF THE TENS UNIT.DURING A FOLLOW-UP CALL, THE CONSUMER STATED THAT SHE WAS A DOCTOR. SHE STATED SHE COULD HAVE PERMANENT DAMAGE AND THAT HER INJURY CAN BE A SECOND DEGREE BURN. HER BURN WAS LOOKED AT BY AN ATTENDING AND FELLOW PLASTIC SURGEON AT THE BURN CLINIC AND SHE WAS TOLD BY THEM IT WAS EITHER A FIRST DEGREE OR SECOND DEGREE BURN. SHE WAS TOLD TO TAKE MOTRIN AND USE MOISTURIZER. SHE STATED SHE HAD THE PADS ON HER LEFT BUTTOCKS AND TURNED THE TENS TO 1 OR 2 FOR 10 MINUTES. SHE STATED IT HELPED WITH THE PAIN AND SHE MAY HAVE MOVED THE PADS A BIT LOWER. THE NEXT MORNING SHE NOTICED THE BURNS IN THE SHAPE OF THE PADS (BUTTERFLY SHAPED) THAT HAD WELTS AND WAS SWOLLEN. SHE STATED THE BURN WAS PAINFUL AND THERE WERE VESICLES. SHE STATED SHE COULD NOT SLEEP ON HER LEFT SIDE AND HER BUTTOCKS WAS STILL SWOLLEN AS OF (B)(6) 2023. SHE STATED SHE WAS CONCERNED THE DAMAGE WAS PERMANENT. SHE STATED SHE WAS KEEPING THE UNIT.",TENS (over-the-counter)
17667458,322468309,D,0,,"THE CONSUMER STATED SHE BOUGHT THE UNIT ON FRIDAY (B)(6) 2023. SHE PUT THE PADS ON HER LOWER BACK/BUTTOCKS THAT NIGHT AND WOKE UP WITH THE BURNS. SHE STATED IT SEEMED TO BE A FIRST DEGREE BURN AND WAS WAITING IN THE BURN CLINIC WAITING ROOM ON (B)(6) 2023 DURING THE TIME OF THE INITIAL CALL. SHE STATED HER SKIN WAS BUMPY AND SWOLLEN WHERE THE PADS WERE. SHE KEPT STATING THERE WERE VESICLES AND MENTIONED SHE THOUGHT IT WAS A SECOND DEGREE BURN. SHE STATED SHE FOLLOWED THE INSTRUCTIONS SEVERAL TIMES AND STATED THAT THERE IS NOTHING IN THE INSTRUCTIONS THAT STATES SHE MIGHT GET BURNED BY THE UNIT EXCEPT IF SHE WAS USING ANOTHER UNIT, WHICH SHE WAS NOT. SHE STATED IT WAS DEFINITELY AN ELECTRICAL BURN. SHE HAD THE TENS UNIT ON 1 AND STATED IT WAS NOT PAINFUL. SHE STATED SHE WAS DOCTOR AND HAD TO TAKE OFF WORK DUE TO THE BURN. SHE STATED SHE HAD BEEN A DOCTOR FOR 25 YEARS AND STATED IT WAS A SECOND DEGREE BURN. SHE HAD PAIN FOR THREE DAYS AND TINGLING IN HER LEG THAT SHE WAS NOT SURE WAS A RESULT OF THE TENS UNIT. DURING A FOLLOW-UP CALL, THE CONSUMER STATED THAT SHE WAS A DOCTOR. SHE STATED SHE COULD HAVE PERMANENT DAMAGE AND THAT HER INJURY CAN BE A SECOND DEGREE BURN. HER BURN WAS LOOKED AT BY AN ATTENDING AND FELLOW PLASTIC SURGEON AT THE BURN CLINIC AND SHE WAS TOLD BY THEM IT WAS EITHER A FIRST DEGREE OR SECOND DEGREE BURN. SHE WAS TOLD TO TAKE MOTRIN AND USE MOISTURIZER. SHE STATED SHE HAD THE PADS ON HER LEFT BUTTOCKS AND TURNED THE TENS TO 1 OR 2 FOR 10 MINUTES. SHE STATED IT HELPED WITH THE PAIN AND SHE MAY HAVE MOVED THE PADS A BIT LOWER. THE NEXT MORNING SHE NOTICED THE BURNS IN THE SHAPE OF THE PADS (BUTTERFLY SHAPED) THAT HAD WELTS AND WAS SWOLLEN. SHE STATED THE BURN WAS PAINFUL AND THERE WERE VESICLES. SHE STATED SHE COULD NOT SLEEP ON HER LEFT SIDE AND HER BUTTOCKS WAS STILL SWOLLEN AS OF (B)(6) 2023. SHE STATED SHE WAS CONCERNED THE DAMAGE WAS PERMANENT. SHE STATED SHE WAS KEEPING THE UNIT.",TENS (over-the-counter)
17667458,322468310,N,0,,"A ROOT CAUSE HAS NOT BEEN DETERMINED. IT HAS NOT BEEN CONFIRMED IF THE DEVICE CAUSED OR CONTRIBUTED TO THE REPORTED INCIDENT; HOWEVER, DUE TO THE CUSTOMER REPORTING HAVING BURNS THIS MEDWATCH IS BEING FILED. THE CONSUMER WAS OFFERED A REPLACEMENT UNIT OR REFUND, AND SHE DECLINED. THE PRODUCT INSTRUCTION MANUAL INCLUDES FOLLOWING WARNINGS: THE MERE EXISTENCE OF PAIN FUNCTIONS AS A VERY IMPORTANT WARNING TELLING US THAT SOMETHING IS WRONG. THEREFORE, IF YOU SUFFER FROM ANY SERIOUS ILLNESS, CONSULT YOUR PHYSICIAN IN ORDER TO CONFIRM THAT IT IS ADVISABLE FOR YOU TO USE THIS UNIT. IF YOU EXPERIENCE ANY SKIN IRRITATION OR REDNESS AFTER A SESSION, DO NOT CONTINUE STIMULATION IN THAT AREA OF THE SKIN. PLACE PADS ON EITHER SIDE OF THE PAIN, NOT DIRECTLY ON THE PAIN. DO NOT USE THIS UNIT DURING THESE ACTIVITIES WHEN IN THE BATH OR SHOWER; WHILE SLEEPING; WHILE DRIVING, OPERATING MACHINERY, OR DURING ANY ACTIVITY IN WHICH ELECTRICAL STIMULATION CAN PUT YOU AT RISK OF INJURY. POSSIBLE ADVERSE REACTIONS: YOU SHOULD STOP USING THE UNIT AND CONSULT WITH YOUR PHYSICIAN IF YOU EXPERIENCE ADVERSE REACTIONS FROM THE UNIT. YOU MAY EXPERIENCE SKIN IRRITATION AND BURNS BENEATH THE STIMULATION ELECTRODES APPLIED TO YOUR SKIN.",TENS (over-the-counter)
17670121,322695782,D,0,,"I HAVE HAD MILD NEUROPATHY FOR YEARS. MY PRIMARY DOCTOR, DR. (B)(6) IN (B)(6) SUGGESTED I ATTEND THE NEUROPATHY CLINIC OF (B)(6) LOCATED AT (B)(6) FOR TREATMENT. I STARTED THE TREATMENT ON (B)(6) 2022 AND ACCORDING TO THEIR RECORDS IT APPEARS THEY STOPPED ME HAVING TREATMENT ON (B)(6) TELLING ME THEY WERE GOING TO LET ME GO DESPITE THE FACT THAT THE ASSESSMENT DAYS BEFORE SAID I WAS GET WORSE. I ASKED WHY AND THEY SAID THEY JUST WANTED TO WATCH AND SEE WHAT WAS HAPPENING AND CALL IF NEEDED, THEY WOULD NOT LEAVE ME. I HAD STARTED WITH A NUMBNESS, NO PAIN, OF A 5 ON A SCALE OF 1-10 AND WENT DOWN TO AS LOW AS A 2.5 DURING THE PROCESS BUT WAS MOVING UPWARDS AT THE END WHEN THEY KICKED ME OUT OF THE PROGRAM. I ASSUMED MEDICARE HAD DECIDED TO NOT PAY ANYMORE, THAT IS ALL I COULD THINK OF. EARLY IN (B)(6) 2023 I WAS VISITING WITH MY CANCER BLOOD DOCTOR, WHICH I USE FOR MY BLOOD DOCTOR FOR DVT)DEEP VEIN THROMBOSIS) HISTORY AND HE MENTIONED THE OFFICE HAD BEEN RAIDED ABOUT THAT TIME BY THE MEDICARE FRAUD DEPARTMENT FOR THE SHOTS THAT WERE DESCRIBED TO ME ONLY AS ""VITAMIN SHOT"" APPLIED TWICE A WEEK INTO MY TOES ONE WEEK AND THEN MY ANKLES ON THE 2ND VISIT EACH VISIT. THE VITAMIN SHOTS WERE NOT FDA APPROVED. I WAS TOLD MANY OF THE EMPLOYEES WERE FIRED. MY INITIAL VISIT TO THE TREATMENT CENTER WAS A EVALUATION OF MY FEET AND TOES BY PUTTING DIFFERENT ITEMS ON MY FEET, LEGS AND TOES TO DETERMINE THE SENSATION I RECEIVED, THUS AN ASSESSMENT. THIS HAPPENED ONLY AT THE INITIAL VISIT I BELIEVE AND THEN THEY WOULD HAVE ME DO SIMPLE MOTION EXERCISES TO SEE IF MY BALANCE AND ABILITY TO WALK WAS OK AFTER THAT. AT NO TIME WAS I EVER GIVEN ANY NUMBER ASSESSMENT OR VERBAL ASSESSMENT BEING MILD, SEVERE, ETC ON ANY PART OF MY BODY'S CONDITION. ALL I EVER TOLD THEM WAS IT FELT LIKE I HAD A FOAM PAD ON THE BOTTOM OF MY FEET AND I WANTED TO BE SURE I HAD TREATMENT WITH THE ELECTRICAL NERVE STIMULATOR WHICH WAS REALLY THE ONLY TREATMENT ABOUT 15-20 MINUTES EACH TREATMENT DAY AFTER THE SHOTS WERE GIVEN. TOWARDS THE END BEFORE THEY KICKED ME OUT OF THE PROGRAM MY NEUROPATHY STARTED CAUSING ME SOME PROBLEMS AT NIGHT AND MY LEGS FELT FUNNY. THEN I WAS LEFT GO. THAT CONTINUE TO GET WORSE AND DECIDED I NEEDED TO DO SOMETHING ELSE BUT DID NOT KNOW WHAT TO DO. I FOUND A DOCTOR ON FACEBOOK WHO WAS A CHIROPRACTOR WHO ADVERTISE HE COULD REVERSE NEUROPATHY THROUGH A PROGRAM CALLED BLUEPRINT HEALTH WHICH HE IMPLEMENTED. HE ""ASSIST"" ME IN MANY OF THE SAME WAYS AS THE CLINIC HAD DONE, BUT HAD A WAY OF DETECTING THE BLOOD FLOW IN MY DIFFERENT LIMBS, MY FEET WERE 83 AND 93-95%? DAMAGED, MY TOES WERE IN THE SEVERE RANGE AND BASICALLY GONE, AND MY HANDS 50/50% DAMAGED. I WAS MORTIFIED. I HAD NO IDEA! I PURCHASED THE PLAN FOR (B)(6) AND HAVE BEEN ON IT FOR 5 WEEK FOR A 90 DAY PLAN TO HOPEFULLY SAVE MY FEET, TOES AND HANDS. THE PAIN AT NIGHT WAS HORRIBLE BUT HAS IMPROVED AS I HAVE STAYED ON THE MEAL PLAN, 8 HOURS OF HOME THERAPY A DAY AND VISITATIONS LO HIS OFFICE ONCE A WEEK TO BE CONTINUED. AT THAT POINT MY PRIMARY WANTED ME TO GET A EMG PROCEDURE DONE WHICH I DID ON (B)(6) 2023. THE IMPRESSION FROM THE DOCTORS AS: SEVERE CATEGORY AXONAL FORM OF SENSORY NEUROPATHY APPROX 8 ON A 10 SCALE, TO ME A DEATH WISH. MY PRIMARY DOCTOR ASKED ME, DID YOU THINK THAT THE SHOTS IN YOUR FEET COULD HAVE CONTRIBUTED TO THIS DECLINE, AND I IMMEDIATELY SAID, ""YES:"" I AM CURRENTLY TRYING TO GET INTO MAYO CLINIC AS I AM FEELING MUCH WEAKNESS IN ALL PARTS OF MY BUT AM CONTINUING TO DO MY PROGRAM AS PRESCRIBED BY MY CHIROPRACTOR. THE (B)(6) CLINIC SEES SO MANY PEOPLE A DAY. I DO NOT BELIEVE THAT WHAT THEY DO, AND THAT THEY DO NOT INFORM PTS OF THEIR SEVERITY OR PROGRESSION IS HELPING ANYONE. I HAVE ATTACHED A COPY OF THE PROCEDURES USED AT THE (B)(6) CLINIC INCLUDING WHAT WAS IN THE SHOTS GIVEN AT EACH VISIT. I ALSO HAVE COPIES OF A FEW PAGES OF MY MEDICAL REPORTS AS WELL. I VISITED THEM LATER AND WAS NOT ALLOWED TO SPEAK TO ANYONE ABOUT MY DEPARTURE OTHER THAN THE HR (HUMAN RESOURCES) PERSON WHO KNEW NOTHING. I THEN CALLED AND REQUESTED MY MEDICAL REPORTS WHICH I HAVE MANY PAGES.",TENS (prescription)
17691940,322926333,D,0,,"THERAPIST STARTED OFF TREATMENT WITH SETTING PATIENT UP ON THE OMNICYCLE. THE VELCRO FOOT STRAPS THAT ARE STANDARD ISSUE WITH THE OMNICYCLE HAD BEEN REMOVED AND WERE NOT PRESENT FOR THIS TREATMENT. THE THERAPIST STRAPPED THE PATIENT TO THE PEDAL BY WRAPPING THERABAND AROUND THE FOOT PEDAL AND THE PATIENT'S FOREFOOT. THE STANDARD-ISSUE CALF PAD HAD ALSO BEEN REMOVED AND WAS NOT BEING USED WITH THIS TREATMENT. ONCE PATIENT WAS SET UP ON OC BY THERAPIST, THE THERAPIST CHECKED WITH THE PATIENT TO CONFIRM NO ADJUSTMENTS NEEDED TO BE MADE, SUCH AS BRINGING PATIENT CLOSER TO CYCLE, THEN PATIENT CONFIRMED THEY WERE READY TO START EXERCISE. THERAPIST THEN STARTED THE TREATMENT. OMNICYCLE WAS ON LOWER EXTREMITY EXERCISE ON ASSISTED MODE IN ORTHO. RESISTANCE WAS SET TO 4 BUT SPEED IS UNKNOWN BY THERAPIST. WITHIN FIRST 2 MINUTES OF START OF EXERCISE, THE PATIENT'S FOOT SLIPPED OFF THE CYCLE AND FOOT PEDAL HIT THE PATIENT'S SHIN. THERAPIST HEARD PATIENT SAY ""OW"" RIGHT AFTER SO HE STOPPED THE EXERCISE AND TOOK PATIENT OFF OC. THERAPIST PROPPED THE PATIENT'S FOOT ON A STOOL AND NOTICED SOME BLEEDING. HE ALERTED ANOTHER THERAPIST OF ISSUE TO GET HELP. THE FACILITY CALLED THE AMBULANCE AND THE MEDICS WRAPPED THE LEG UP. THERAPIST SAYS PATIENT STAYED OVERNIGHT AT HOSPITAL AND WAS RELEASED NEXT DAY. PATIENT HAD 4-6 INCH CUT AND IS CURRENTLY BEING SEEN BY A WOUND CLINIC. UPDATE ON (B)(6) 2023: THE WOUND IS HEALING. FROM THE COMMENTS PROVIDED BY THE FACILITY, IT'S CLEAR THAT THE EQUIPMENT WAS NOT SET UP TO OUR RECOMMENDATIONS. A CALF PAD WAS NOT PRESENT OR USED, AND THE FACILITY DID NOT HAVE FOOT STRAPS. BOTH OF THOSE ITEMS ARE READILY AVAILABLE BY OVERNIGHT SHIPMENT. THE VELCRO STRAPS WERE IN THE THERAPY CLOSED, BUT THERABAND WAS USED INSTEAD.",Powered exercise equipment (incl. CPM)
17738457,323310322,N,0,,"A ROOT CAUSE HAS NOT BEEN DETERMINED. IT HAS NOT BEEN CONFIRMED IF THE DEVICE CAUSED OR CONTRIBUTED TO THE REPORTED INCIDENT; HOWEVER, DUE TO THE CUSTOMER REPORTING THE UNIT CAUGHT FIRE THIS MEDWATCH IS BEING FILED. THE U.S IMPORTER IS REQUESTING THE MANUFACTURER OF THE DEVICE TO FURTHER INVESTIGATE THIS INCIDENT. A POSTAGE LABEL HAS BEEN SENT FOR RETRIEVAL OF THE HOME UNIT FOR INSPECTION. THE CONSUMER WAS OFFERED A REFUND OR REPLACEMENT UNIT. THEY REFUSED BOTH.",TENS (over-the-counter)
17738457,323310323,D,0,,"THE CALLER STATED THAT HIS GIRLFRIEND'S UNIT CAUGHT ON FIRE. THE PAD WAS ON TOP OF THE BATTERY. HE DID NOT KNOW IF THE UNIT WAS TURNED ON, BUT HE STATED NO ONE HAD GOTTEN HURT. THE CALLER STATED HE AND HIS GIRLFRIEND WERE COOKING LUNCH WHEN THEY HEARD THE FIRE ALARM GO OFF. HE WENT INTO THE BEDROOM AND THE UNIT WAS ON FIRE ON A WOOD DRESSER. HE HAD THROWN THE UNIT OUT THE WINDOW AND LEFT IT THERE. HE STATED THERE WAS SMOKE AND FLAMES AND THE ONLY DAMAGE DONE WAS TO THE DRESSER. THE FIRE DEPARTMENT WAS NOT CALLED AND THERE WERE NO OTHER ISSUES. HE STATED THE TENS UNIT WAS ON TOP OF THE CONTROLLER. WHEN ASKED WHAT THE CONTROLLER WAS, HE STATED IT WAS THE BUTTONS ON THE TENS UNIT. HE STATED HE WAS GOING TO TRY TO USE THE UNIT SINCE HE HAD PAINS IN HIS LEGS. HE WAS NOT USING THE UNIT AT THE TIME. HE WAS NOT SURE WHERE THE UNIT WAS PURCHASED SINCE IT WAS HIS GIRLFRIEND'S UNIT. IT WAS THE FIRST DAY THE UNIT WAS PULLED FROM THE BOX. HE WAS USING THE ORIGINAL BATTERIES. HE STATED THE UNIT WAS NOT USABLE SINCE IT WAS ALL BURNED UP.",TENS (over-the-counter)
17770325,323679332,D,0,,"THE CALLER STATED THAT HIS GIRLFRIEND'S UNIT CAUGHT ON FIRE. THE PAD WAS ON TOP OF THE BATTERY. HE DID NOT KNOW IF THE UNIT WAS TURNED ON, BUT HE STATED NO ONE HAD GOTTEN HURT. THE CALLER STATED HE AND HIS GIRLFRIEND WERE COOKING LUNCH WHEN THEY HEARD THE FIRE ALARM GO OFF. HE WENT INTO THE BEDROOM AND THE UNIT WAS ON FIRE ON A WOOD DRESSER. HE HAD THROWN THE UNIT OUT THE WINDOW AND LEFT IT THERE. HE STATED THERE WAS SMOKE AND FLAMES AND THE ONLY DAMAGE DONE WAS TO THE DRESSER. THE FIRE DEPARTMENT WAS NOT CALLED AND THERE WERE NO OTHER ISSUES. HE STATED THE TENS UNIT WAS ON TOP OF THE CONTROLLER. WHEN ASKED WHAT THE CONTROLLER WAS, HE STATED IT WAS THE BUTTONS ON THE TENS UNIT. HE STATED HE WAS GOING TO TRY TO USE THE UNIT SINCE HE HAD PAINS IN HIS LEGS. HE WAS NOT USING THE UNIT AT THE TIME. HE WAS NOT SURE WHERE THE UNIT WAS PURCHASED SINCE IT WAS HIS GIRLFRIEND'S UNIT. IT WAS THE FIRST DAY THE UNIT WAS PULLED FROM THE BOX. HE WAS USING THE ORIGINAL BATTERIES. HE STATED THE UNIT WAS NOT USABLE SINCE IT WAS ALL BURNED UP.",TENS (over-the-counter)
17770325,323679333,N,0,,"A ROOT CAUSE HAS NOT BEEN DETERMINED. IT HAS NOT BEEN CONFIRMED IF THE DEVICE CAUSED OR CONTRIBUTED TO THE REPORTED INCIDENT; HOWEVER, DUE TO THE CUSTOMER REPORTING THE UNIT CAUGHT FIRE THIS MEDWATCH IS BEING FILED. A POSTAGE LABEL HAS BEEN SENT FOR RETRIEVAL OF THE HOME UNIT FOR INSPECTION. THE CONSUMER WAS OFFERED A REFUND OR REPLACEMENT UNIT. THEY REFUSED BOTH.",TENS (over-the-counter)
17809367,324271150,D,0,,"REGARDING BIOVENTUS BIONESS L300 (ELECTRONIC ORTHOSIS). THE QUALITY OF THE REPLACEMENT PADS FOR THIS DEVICE HAS DECLINED DRAMATICALLY. THE PADS ARE (B)(6) FOR A ONE YEAR SUPPLY, HOWEVER, THEY NOW DON'T LAST NEAR AS A LONG, AND HAVE TO BE REPLACED 3 TIMES AS FAST, INCREASING COSTS DRAMATICALLY. A ONE YEAR SUPPLY NOW LASTS ONLY 3-4 MONTHS. WE STARTED NOTICING THE FAST WEAR OUT OF THE PADS AS MY HUSBAND BEGAN EXPERIENCING SHOCKS FROM THE UNIT DUE TO THE QUICK WEAR DOWN.",Powered muscle stimulator
17810348,324273154,D,0,,"I WAS USING THE H-WAVE DEVICE AS PER INSTRUCTIONS ON A VIDEO CONFERENCE WITH AN H-WAVE REPRESENTATIVE. THE DEVICE CAUSED SEVERE PAIN IN MY JOINTS THAT WERE IN THE TREATMENT AREA AS WELL AS A SEVERE BURNING SENSATION IN MY SPINE OUTSIDE OF THE TREATMENT AREA, AND A MIGRAINE. THESE EFFECTS HAVE LASTED, THUS FAR, FOR 3 HOURS, AND HAVE NO INDICATION OF REDUCING, DESPITE TAKING PAIN RELIEVING MEDICATIONS SUCH AS CODEINE.",Powered muscle stimulator
17868745,325103927,D,0,,CHATTANOOGA ¿US/ES¿ COMBO MACHINE IFC SETTING USED IN NORMAL FASHION. ALL EQUIPMENT SEEMED TO BE IN GOOD ORDER. CURRENT HAD TO BE ADJUSTED DURING THE TREATMENTS DUE TO ONSET OF VERY UNCOMFORTABLE SENSATIONS DURING TREATMENT SEVEN ELECTRICAL BURNS OCCURRED OUT OF EIGHT ELECTRODES SITES DURING THE TWO DATES OF TREATMENT. REFERENCE REPORT: MW5146492.,TENS (prescription)
18055346,327160364,D,0,,"THE PATIENT WAS BURNED. PAD BURNED PATIENT. FAULTY PAD. FLAGSHIP INSPECTED UNIT IN JULY OR AUGUST. UNDER PAD WAS A BURN ON LATERAL SIDE OF KNEE. PAD WAS USED 2 OR 3 TIMES. PADS INTACT. WIRE LEADS WERE CHECKED AND OK'ED BY TECHNICIAN FROM FLAGSHIP. MACHINE WAS TAKEN OUT OF SERVICE. PATIENT SEEN BY PRIMARY DOCTOR AND BURN PHYSICIAN. PER TRIGGER WORD FORM. THEY HAVE HAD THIS DEVICE FOR 2 YEARS AND NO OTHER DEVICES WERE USED AT THE SAME TIME. THEY WERE USING IFC 2 "" SQUARE ON THE LEFT KNEE APPROX 5X5 SQUARE IN 4 P. DONECO BRAND ELECTRODES USED ON SAME PATIENT 3 OTHER TIMES WITH NO INCIDENT. NO DISCOMFORT DURING OR AFTER TREATMENT. THE ELECTRODES WERE NOT PLACED ON ANY OPEN WOUNDS OR A RASH. THE DEVICE COMPLETED THE CYCLE. NOTICED THE BURNS IMMEDIATELY UPON REMOVING ELECTRODE. IT IS STILL HEALING, THIRD DEGREE BURNS. THEY SEEKED MEDICAL ATTENTION. THEY USED PRE-SET IFC SETTING ON MACHINE- NO MANUAL CHANGES WERE MADE. CARRIER FREQUENCY 5000. LEAD WIRES WERE JUST CHECKED / REPLACED IN JULY DID NOT SPECIFY IF REPLACED. THE ELECTRODES WERE 5 INCHES APART. WE DO NOT HAVE A STOP BUTTON, BUT THE PATIENT WAS CLOSE ENOUGH TO THE MACHINE TO REACH THE TURN OFF BUTTON. THEY USED A PRESET INTERFERENTIAL. THE CURRENTS WERE PLACED IN AN X PATTERN WITH EACH ELECTRODE IN A SQUARE AROUND THE KNEE 5 INCHES APART. 3RD DEGREE BURN ON LATERAL SIDE OF KNEE, DIRECTLY UNDER PAD. MACHINE IS OUT OF SERVICE NOW. PAD WAS USED MAYBE 2 OR 3 TIMES. WHEN LEADS WERE CHECKED IN JULY/AUGUST THEY STATED THE LEADS WERE ALL OKAY (TECHNICIAN FROM FLAGSHIP). PATIENT WENT TO HIS PRIMARY DOCTOR WHO SENT HIM TO THE BURN UNIT OUTPATIENT DOCTOR.",TENS (prescription)
18123635,328020033,D,0,,"PT MENTIONED THEY WERE ON A MEDICAL LEAVE OF ABSENCE AND MOSTLY RESORTING TO TENS UNITS TO MANAGE THEIR PAIN, BUT THEY WERE ALLERGIC TO THE TENS PADS. ""THIS REPORT REFLECTS INFORMATION RECEIVED BY FDA IN THE FORM OF A NOTIFICATION PER 803.22 (B)(2)"".",TENS (prescription)
18169387,328531421,D,0,,"ERIN REPORTED THAT THIS IS THE WORST PATIENT THIS COULD HAVE HAPPENED TO. SHE REPORTEDLY WAS HURT BY HER PREVIOUS CHIROPRACTOR. FRIDAY MORNING, A PATIENT WAS ON THERAPY, THE DAY PRIOR THE 26TH SHE STATED THAT HALFWAY THROUGH HER TREATMENT ONE SIDE WAS WORKING AND ONE WASN'T, THEY CHANGED THE INTENSITY ON ONE SIDE IT DIDN'T SEEM LIKE IT WAS PROPERLY WORKING. FRIDAY SHE WAS ABOUT 5 MINUTES IN AND SHE CLAIMS THEY GOT HOT, FELT UNCOMFORTABLE, NOTIFIED STAFF, ZAPPED HER OFF THE TABLE AND THE ELECTRODES WERE IN HER HAIR. THERE WERE NO MARKS BUT SHE JUST SEEMED ANXIOUS. THEY OFFERED A ICE, PRIVATE ROOM AND TO DRIVE HER HOME. SHE DECLINED, SHE NEEDED TO GET TO HER SON. THE CLINIC FOLLOWED UP WITH HER THAT EVENING AND STATED SHE WAS FRIGHTENED SHE WAS AFRAID SHE WAS GOING TO DIE. SHE WAS ON A ROLLING TABLE. SHE WAS ALSO WEARING A NECKLACE. PATIENT REPORTED SHE WENT TO THE EMERGENCY ROOM, THE CURRENT WAS STRONG ENOUGH TO BREAK BONES OR KILL YOU. THE ER REPORTED THAT IS 120V CAN GET COOKED IN A MICROWAVE AND IT COULD KILL YOU. SYMPTOMS INCLUDE ERRATIC HEARTRATE, SWELLING, NAUSEA, ARMS BLACK AND BLUE AND COULDN'T GET HER AN IV STARTED DUE TO THE BRUISING. PATIENT REPORTEDLY HAVE A CT SCAN. THE ER TOLD HER IT COULD KILL HER. THE CUSTOMER IS GOING TO SEE A CARDIOLOGIST AS WELL FROM THIS INCIDENT. THE CUSTOMER DID CANCEL THERAPY TODAY AND HAS BEEN PLEASANT UP TO THIS POINT. SHE HAS NOT SAID ANYTHING ABOUT MEDICAL BILLS OR LEGAL ACTION AT THIS TIME. THE OTHER TWO UNITS WERE NOT INVOLVED WITH THE BURN, THEY HAVE THE OVERLOAD PROTECTOR GOING ON AND RESETS THE INTENSITY BACK TO ZERO. NOT BURNING OR BRUISING WAS NOTED BY THE CLINIC AFTER TREATMENT. NO PHOTOS HAVE BEEN TAKEN AT THIS TIME. THE CLINIC DID REACH OUT TO THEIR MITIGATION TEAM TO REPORT THE INCIDENT PRIOR TO REPORTING TO THEIR DISTRIBUTOR AND PRIOR TO THE EVENT TURNING SO SERIOUS AS A PRECAUTION. TRIGGER WORD FORM THE INITIAL REPORT IS THE OFFICE MANAGER WHO IS NOT A HEALTH PROFESSIONAL AND DID NOT REPORT THIS EVENT TO THE FDA. PATIENT IS A 52 Y/O FEMALE, WHO IS 65"" TALL AND 115 LBS. SHE HAS PRE-EXISTING MEDICAL CONDITIONS LISTED AS; HASHIMOTOS, C3-C7 FUSION, L3-L5 FUSION, STEROIDS' ALLERGIES, AND IS A NON SMOKER. DEVICE WAS BEING USED IN A PHYSICIANS OFFICE, THE OPERATOR OF THE DEVICE IS A CA AND THE DEVICE IS 6 MONTHS OLD. IT WAS PURCHASE ON (B)(6) 2023. A INTERSEGMENTAL TRACTION TABLE WAS ALSO BEING USED AT THE TIME OF THE EVENT. PATIENT REPORTED THAT SEVERAL MINUTES INTO TREATMENT, THE ELECTRODES BECAME HOT WITHIN HER CERVICAL SPINE, RESULTING IN A ""SHOCK"" THAT SHOCKED HER OFF THE TABLE. OFFICE MANAGER IS UNSURE IF MODULATING PROGRAMS WERE USED. LEAD WIRES HAVE NOT BEEN REPLACED AS THEY ARE ONLY 6 MONTHS OLD. IF-4P WAS BRING USED, WITH A 45 DEGREE VECTOR, THE BEAT HI IS 150 AND BEAT LOW IS 80HZ, AND CF IS SET TO 4.0 KHZ AND THE TREATMENT TIME WAS SET TO 10 MINUTES. (4) 2X2 SELF ADHESIVE ELECTRDOES WERE USED AND PLACED ON THE (2) CERVICAL AND (2) LUMBAR SPINE, AND HAD 4 PREVIOUS USES. ELECTRODES ARE STORED IN THEIR PLASTIC BAG AND SEALED. NO KNOWLEDGE OF OF OINTMENT OR SOLVENT WAS APPLIED TO THE SKIN PRIOR TO TREATMENT. CONFIRMED THAT ELECTRDOES WERE NOT PLACED ON OPEN, SWOLLEN, INFLAMED, INFECTED SKIN. OFFICE MANAGER IS UNAWARE OF ANY BURN MARKS. PATIENT DID NOT MENTION ANY BURNS NOR WERE ANY NOTATED. PATIENT REPORTS INCREASE SPASM, PAIN IN ARMS & ERRATIC HEART BEAT DEVELOPING 24-48 HOURS AFTER INCIDENT. USER HAD PRIOR EXPERIENCE WITH THE WAVEFORM. THE PATIENT SOUGHT MEDICAL ATTENTION. UNSURE WHAT IF-4P WAVEFORM IS, SEE ATTACHED PHOTO AND 4 ELECTRODES WERE USED ALTOGETHER. PATIENT REPORTS ALLERGY TO STEROIDS. MICROBLOCK ELECTRDOES WERE BEING USED WITH THE DEVICE. NEW LEADS WERE NOT TRIED BUT THEY WERE SWAPPED OUT WITH OTHER DEVICES. THE LEAD WIRES SHOW NO EXPOSED WIRES OR DAMAGE. WAS THERE ANY LIFTING ON THE ELECTRDOES? WHEN YOU SAY ""LIFTING"" ARE YOU REFERRING TO THE ELECTRODE NOT HAVING GREAT CONTACT WITH THE SKIN? IF THAT'S THE CASE, THEN I KNOW THERE WAS ONE SCENARIO IN WHICH THE ADHESIVENESS WAS LACKING AND THE STAFF INFORMED HER IT WAS TIME TO REPLACE, AND IT WAS THAT SESSION SHE EXPERIENCED THE SHOCKING SENSATION. OTHER INSTANCES WHERE HERE WAS NO SHOCKING & THEY JUST STOPPED WORKING DATES WOULD RANGE FROM THE 1ST USE OF THE ELECTRODES TO HAVING MANY VISITS OF USAGE PRIOR TO IT NOT WORKING. WHEN WERE THE LEAD WIRES LAST REPLACED ON THE DEVICE? LEADS HAVE NOT BEEN REPLACED SINCE WE PURCHASED THE UNITS ON (B)(6) 2023. DO YOU SEE ANY ERROR CODES ON YOUR UNIT WHEN THE STIMULATION STOPS? NO ERROR CODES THE ELECTRDOES ARE PART # 400-877-MIC WITH LOT CODES TR15558131, TR15554831, TR15516851 **USER MANUAL ATTACHED. PAGE 7, #6: ""6. THIS DEVICE SHOULD NOT BE USED ADJACENT TO OR STACKED WITH OTHER EQUIPMENT. IF ADJACENT TO OR STACKED EQUIPMENT USE IS NECESSARY, THIS DEVICE SHOULD BE OBSERVED TO VERIFY THAT IT IS OPERATING WITHIN THE NORMAL CONFIGURATION IN WHICH IT IS TO BE USED."" PAGE 16, CAUTION, #1: ""BEFORE APPLYING THE SELF-ADHESIVE ELECTRODES, IT IS RECOMMENDED TO WASH AND DEGREASE THE SKIN, AND THEN DRY IT.""",TENS (prescription)
18239522,329481088,D,0,,"ASSIGNED THERAPIST BROUGHT PATIENT TO OMNICYCLE AT 9:30 AM ON 10/25/2023. WHILE THERAPIST WAS SETTING UNIT UP AND GETTING READY TO SECURE PATIENT TO OC (OMNICYCLE), THE PATIENT GRABBED THE OMNICYCLE BY THE UPPER EXTREMITY ARM HANDLES AND PULLED ON THE HANDLE BRINGING THE UNIT TOWARDS HIM AND CAUSING THE UNIT TO FALL ON HIM. THE FALL OF THE OMNICYCLE CAUSED THE PATIENT'S WHEELCHAIR TO FALL BACK, CAUSING THE PATIENT TO HIT THE BACK OF THEIR HEAD ON THE FLOOR WHEN THEY FELL. AS A RESULT OF THE FALL, THE PATIENT HAD A SMALL ABRASION WITH A SMALL AMOUNT OF BLEEDING FROM THE CUT. THE THERAPISTS PERFORMED FIRST AIDE TO TREAT THE CUT AND THE FACILITY DID A NEURO CHECK. THE PATIENT WAS ADMITTED TO THE HOSPITAL THE NEXT MORNING AFTER COMPLAINING OF HEADACHES. THE REGIONAL MANAGER DOES NOT KNOW MUCH ABOUT THE STATUS OF THE PATIENT BUT KNOWS THAT HE IS STILL AT THE HOSPITAL AS OF (B)(6) 2023. BASED ON PICTURES SENT FROM THE REGIONAL MANAGER OF THE OMNICYCLE ON SITE, THE T-BAR WAS NOT EXTENDED. CUSTOMER INFORMATION: (B)(6).",Powered exercise equipment (incl. CPM)
18333765,330545678,N,0,,"WE ASKED IMPORTER TO GET FURTHER INFORMATION FOR INVESTIGATION, AND WE HAVE CHECKED THE DHR (DEVICE HISTORY RECORDS) OF THE SAME BATCH, THERE WERE NO PROBLEMS OBSERVED DURING THE MANUFACTURING OR TESTING NOTED IN THE DHR. THE CAUSE OF THE CUSTOMER'S COMPLAINT COULD NOT BE DETERMINED DUE TO NO SUFFICIENT INFORMATION IS AVAILABLE.",TENS (prescription)
18333765,330545679,D,0,,"(B)(6) REPORTED THAT THIS IS THE WORST PATIENT THIS COULD HAVE HAPPENED TO. SHE REPORTEDLY WAS HURT BY HER PREVIOUS CHIROPRACTOR. FRIDAY MORNING, A PATIENT WAS ON THERAPY, THE DAY PRIOR THE (B)(6) SHE STATED THAT HALFWAY THROUGH HER TREATMENT ONE SIDE WAS WORKING AND ONE WASN'T, THEY CHANGED THE INTENSITY ON ONE SIDE IT DIDN'T SEEM LIKE IT WAS PROPERLY WORKING. FRIDAY SHE WAS ABOUT 5 MINUTES IN AND SHE CLAIMS THEY GOT HOT, FELT UNCOMFORTABLE, NOTIFIED STAFF, ZAPPED HER OFF THE TABLE AND THE ELECTRODES WERE IN HER HAIR. THERE WERE NO MARKS BUT SHE JUST SEEMED ANXIOUS. THEY OFFERED A ICE, PRIVATE ROOM AND TO DRIVE HER HOME. SHE DECLINED, SHE NEEDED TO GET TO HER SON. THE CLINIC FOLLOWED UP WITH HER THAT EVENING AND STATED SHE WAS FRIGHTENED SHE WAS AFRAID SHE WAS GOING TO DIE. SHE WAS ON A ROLLING TABLE. SHE WAS ALSO WEARING A NECKLACE. PATIENT REPORTED SHE WENT TO THE EMERGENCY ROOM, THE CURRENT WAS STRONG ENOUGH TO BREAK BONES OR KILL YOU. THE ER REPORTED THAT IS 120V CAN GET COOKED IN A MICROWAVE AND IT COULD KILL YOU. SYMPTOMS INCLUDE ERRATIC HEARTRATE, SWELLING, NAUSEA, ARMS BLACK AND BLUE AND COULDN'T GET HER AN IV STARTED DUE TO THE BRUISING. PATIENT REPORTEDLY HAVE A CT SCAN. THE ER TOLD HER IT COULD KILL HER. THE CUSTOMER IS GOING TO SEE A CARDIOLOGIST AS WELL FROM THIS INCIDENT. THE CUSTOMER DID CANCEL THERAPY TODAY AND HAS BEEN PLEASANT UP TO THIS POINT. SHE HAS NOT SAID ANYTHING ABOUT MEDICAL BILLS OR LEGAL ACTION AT THIS TIME. THE OTHER TWO UNITS WERE NOT INVOLVED WITH THE BURN, THEY HAVE THE OVERLOAD PROTECTOR GOING ON AND RESETS THE INTENSITY BACK TO ZERO. NOT BURNING OR BRUISING WAS NOTED BY THE CLINIC AFTER TREATMENT. NO PHOTOS HAVE BEEN TAKEN AT THIS TIME. THE CLINIC DID REACH OUT TO THEIR MITIGATION TEAM TO REPORT THE INCIDENT PRIOR TO REPORTING TO THEIR DISTRIBUTOR AND PRIOR TO THE EVENT TURNING SO SERIOUS AS A PRECAUTION. TRIGGER WORD FORM: THE INITIAL REPORT IS THE OFFICE MANAGER WHO IS NOT A HEALTH PROFESSIONAL AND DID NOT REPORT THIS EVENT TO THE FDA. PATIENT IS A 52 Y/O FEMALE, WHO IS 65"" TALL AND 115 LBS. SHE HAS PRE-EXISTING MEDICAL CONDITIONS LISTED AS; HASHIMOTOS, C3-C7 FUSION, L3-L5 FUSION, STEROIDS' ALLERGIES, AND IS A NON SMOKER. DEVICE WAS BEING USED IN A PHYSICIANS OFFICE, THE OPERATOR OF THE DEVICE IS A CA AND THE DEVICE IS 6 MONTHS OLD. IT WAS PURCHASE ON (B)(6) 2023. A INTERSEGMENTAL TRACTION TABLE WAS ALSO BEING USED AT THE TIME OF THE EVENT. PATIENT REPORTED THAT SEVERAL MINUTES INTO TREATMENT, THE ELECTRODES BECAME HOT WITHIN HER CERVICAL SPINE, RESULTING IN A ""SHOCK"" THAT SHOCKED HER OFF THE TABLE. OFFICE MANAGER IS UNSURE IF MODULATING PROGRAMS WERE USED. LEAD WIRES HAVE NOT BEEN REPLACED AS THEY ARE ONLY 6 MONTHS OLD. IF-4P WAS BRING USED, WITH A 45 DEGREE VECTOR, THE BEAT HI IS 150 AND BEAT LOW IS 80HZ, AND CF IS SET TO 4.0 KHZ AND THE TREATMENT TIME WAS SET TO 10 MINUTES. (4) 2X2 SELF ADHESIVE ELECTRDOES WERE USED AND PLACED ON THE (2) CERVICAL AND (2) LUMBAR SPINE, AND HAD 4 PREVIOUS USES. ELECTRODES ARE STORED IN THEIR PLASTIC BAG AND SEALED. NO KNOWLEDGE OF OINTMENT OR SOLVENT WAS APPLIED TO THE SKIN PRIOR TO TREATMENT. CONFIRMED THAT ELECTRDOES WERE NOT PLACED ON OPEN, SWOLLEN, INFLAMED, INFECTED SKIN. OFFICE MANAGER IS UNAWARE OF ANY BURN MARKS. PATIENT DID NOT MENTION ANY BURNS NOR WERE ANY NOTATED. PATIENT REPORTS INCREASE SPASM, PAIN IN ARMS & ERRATIC HEART BEAT DEVELOPING 24-48 HOURS AFTER INCIDENT. USER HAD PRIOR EXPERIENCE WITH THE WAVEFORM. THE PATIENT SOUGHT MEDICAL ATTENTION. UNSURE WHAT IF-4P WAVEFORM IS, AND 4 ELECTRODES WERE USED ALTOGETHER. PATIENT REPORTS ALLERGY TO STEROIDS. MICROBLOCK ELECTRDOES WERE BEING USED WITH THE DEVICE. NEW LEADS WERE NOT TRIED BUT THEY WERE SWAPPED OUT WITH OTHER DEVICES. THE LEAD WIRES SHOW NO EXPOSED WIRES OR DAMAGE. WAS THERE ANY LIFTING ON THE ELECTRDOES? WHEN YOU SAY ""LIFTING"" ARE YOU REFERRING TO THE ELECTRODE NOT HAVING GREAT CONTACT WITH THE SKIN? IF THAT'S THE CASE, THEN I KNOW THERE WAS ONE SCENARIO IN WHICH THE ADHESIVENESS WAS LACKING AND THE STAFF INFORMED HER IT WAS TIME TO REPLACE, AND IT WAS THAT SESSION SHE EXPERIENCED THE SHOCKING SENSATION. OTHER INSTANCES WHERE HERE WAS NO SHOCKING & THEY JUST STOPPED WORKING DATES WOULD RANGE FROM THE 1ST USE OF THE ELECTRODES TO HAVING MANY VISITS OF USAGE PRIOR TO IT NOT WORKING. WHEN WERE THE LEAD WIRES LAST REPLACED ON THE DEVICE? LEADS HAVE NOT BEEN REPLACED SINCE WE PURCHASED THE UNITS ON (B)(6) 2023. DO YOU SEE ANY ERROR CODES ON YOUR UNIT WHEN THE STIMULATION STOPS? NO ERROR CODES THE ELECTRDOES ARE PART # 400-877-MIC WITH LOT CODES TR15558131, TR15554831, TR15516851 **USER MANUAL ATTACHED. PAGE 7, #6: ""6. THIS DEVICE SHOULD NOT BE USED ADJACENT TO OR STACKED WITH OTHER EQUIPMENT. IF ADJACENT TO OR STACKED EQUIPMENT USE IS NECESSARY, THIS DEVICE SHOULD BE OBSERVED TO VERIFY THAT IT IS OPERATING WITHIN THE NORMAL CONFIGURATION IN WHICH IT IS TO BE USED."" PAGE 16, CAUTION, #1: ""BEFORE APPLYING THE SELF-ADHESIVE ELECTRODES, IT IS RECOMMENDED TO WASH AND DEGREASE THE SKIN, AND THEN DRY IT.",TENS (prescription)
18333763,330548848,D,0,,"THE PATIENT WAS BURNED. PAD BURNED PATIENT. FAULTY PAD. FLAGSHIP INSPECTED UNIT IN (B)(6) OR AUGUST. UNDER PAD WAS A BURN ON LATERAL SIDE OF KNEE. PAD WAS USED 2 OR 3 TIMES. PADS INTACT. WIRE LEADS WERE CHECKED AND OK'ED BY TECHNICIAN FROM FLAGSHIP. MACHINE WAS TAKEN OUT OF SERVICE. PATIENT SEEN BY PRIMARY DOCTOR AND BURN PHYSICIAN. PER TRIGGER WORD FORM. THEY HAVE HAD THIS DEVICE FOR 2 YEARS AND NO OTHER DEVICES WERE USED AT THE SAME TIME. THEY WERE USING IFC 2 "" SQUARE ON THE LEFT KNEE APPROX 5X5 SQUARE IN 4 P. DONECO BRAND ELECTRODES USED ON SAME PATIENT 3 OTHER TIMES WITH NO INCIDENT. NO DISCOMFORT DURING OR AFTER TREATMENT. THE ELECTRODES WERE NOT PLACED ON ANY OPEN WOUNDS OR A RASH. THE DEVICE COMPLETED THE CYCLE. NOTICED THE BURNS IMMEDIATELY UPON REMOVING ELECTRODE. IT IS STILL HEALING, THIRD DEGREE BURNS. THEY SEEK MEDICAL ATTENTION. THEY USED PRE-SET IFC SETTING ON MACHINE- NO MANUAL CHANGES WERE MADE. CARRIER FREQUENCY 5000. LEAD WIRES WERE JUST CHECKED / REPLACED IN (B)(6) DID NOT SPECIFY IF REPLACED. THE ELECTRODES WERE 5 INCHES APART. WE DO NOT HAVE A STOP BUTTON, BUT THE PATIENT WAS CLOSE ENOUGH TO THE MACHINE TO REACH THE TURN OFF BUTTON. THEY USED A PRESET INTERFERENTIAL. THE CURRENTS WERE PLACED IN AN X PATTERN WITH EACH ELECTRODE IN A SQUARE AROUND THE KNEE 5 INCHES APART. 3RD DEGREE BURN ON LATERAL SIDE OF KNEE, DIRECTLY UNDER PAD. MACHINE IS OUT OF SERVICE NOW. PAD WAS USED MAYBE 2 OR 3 TIMES. WHEN LEADS WERE CHECKED IN (B)(6) THEY STATED THE LEADS WERE ALL OKAY (TECHNICIAN FROM FLAGSHIP). PATIENT WENT TO HIS PRIMARY DOCTOR WHO SENT HIM TO THE BURN UNIT OUTPATIENT DOCTOR. DEVICE WAS RETURNED TO IMPORTER FOR INSPECTION. FINDINGS:THE LEAD WIRES RETURNED ARE THE LEAD WIRES USED AT THE TIME OF THE EVENT, IT IS VERY LIKELY THAT THIS IS THE CAUSE OF THE ADVERSE EFFECT. LEAD WIRES THAT ARE A YEAR OLD OR MORE, UNDER A YEAR OLD BUT HEAVILY USED OR POORLY MAINTAINED, HAVE VISIBLE KINKS, OR HAVE VISIBLE DAMAGE HOLD A RISK OF TRANSMITTING INCONSISTENT STIMULATION TO THE ELECTRODE. THIS CAN MANIFEST AS LOW STIMULATION, HIGH STIMULATION, OR CHOPPY STIMULATION. AS SUCH, IT IS PERTINENT THAT THE LEAD WIRES BE CHECKED OFTEN AND HANDLED WITH CARE. LEAD WIRE 4 FROM THIS RETURN POSES A SIGNIFICANT RISK TO THE PATIENT IN ITS CURRENT CONDITION. HOWEVER, WE CANNOT DEFINITIVELY DETERMINE ANYTHING AT THIS TIME.",TENS (prescription)
18333763,330548849,N,0,,"WE ASKED IMPORTER TO GET FURTHER INFORMATION FOR INVESTIGATION, AND WE HAVE CHECKED THE DHR (DEVICE HISTORY RECORDS) OF THE SAME BATCH, THERE WERE NO PROBLEMS OBSERVED DURING THE MANUFACTURING OR TESTING NOTED IN THE DHR. THE CAUSE OF THE CUSTOMER'S COMPLAINT COULD NOT BE DETERMINED DUE TO NO SUFFICIENT INFORMATION IS AVAILABLE.",TENS (prescription)
16906790,334861864,N,0,,"AFTER REVIEWING THE NEW INFORMATION PROVIDED IT WAS DETERMINED THAT THIS REPORT WAS SUBMITTED IN ERROR FOR THIS SPECIFIC OEM (OUTSIDE EQUIPMENT MANUFACTURER) AND PRODUCT ID, CARDINAL HEALTH IS NOT CONSIDERED TO BE THE MANUFACTURER SUBJECT TO THE REPORTING REQUIREMENTS OF THE MDR REGULATION AS THIS OEM REPACKAGES OR OTHERWISE CHANGES THE CONTAINER, WRAPPER, OR LABELING OF THIS DEVICE IN FURTHERANCE OF THE DISTRIBUTION OF THE DEVICE FROM THE ORIGINAL PLACE OF MANUFACTURE. PLEASE DISREGARD REPORT NUMBERS 2183164-2023-00151 & 2183164-2023-00152.",TENS (prescription)
17510415,335085666,D,0,,"ADDITIONAL INFORMATION RECEIVED FROM REPORTER ON 19-SEP-2023, FOR MW5123011. UPDATING MANUFACTURER INFORMATION. WE HAVE EXAMINED THE ATTACHED REPORT, AND WANT TO LET YOU KNOW THAT THE UNIT DESCRIBED IS NOT A UNIT FROM US. MICROSTIM HAS NEVER MARKETED A UNIT WITH A GRAY CASE. OTHER MANUFACTURERS HAVE COPIED THE NAME MICROSTIM ON THEIR UNITS WITHOUT OUR PERMISSION, AND SOME OF THESE COPIED UNITS MATCH THE DESCRIPTION IN THE REPORT. ALL MICROSTIM UNITS WE SELL HAVE A SERIAL NUMBER ON THE CASE, ALSO IN THE BATTERY COMPARTMENT. THE MODEL NUMBER IS ALSO CLEARLY PRINTED ON THE UNIT AND THE BOOKLET INCLUDED WITH THE UNIT. THIS REPORT REFLECTS INFORMATION RECEIVED BY FDA IN THE FORM OF A NOTIFICATION PER 803.22 (B)(2).",TENS (prescription)
16665146,335320519,N,0,,"ENGINEERING DEVICE ANALYSIS UPDATE: ENGINEERING NOTE ABSTRACT/SYNOPSIS: HIGH PRIORITY COMPLAINT RESULTING IN MDR BEING FILED. CUSTOMER STATES USING THE STIMULATOR 10 TIMES. WITH PAIN/MUSCLE SEGMENT AT 25% (1 BAR). AFTER USAGE OF DEVICE PATIENT STATES HAVING PAIN, THAT PAIN WORSENED. THE PATIENT WAS ADMITTED TO THE HOSPITAL DUE TO THE PAIN PREVENTING HIM FROM WALKING. THE HOSPITAL RAN A CT SCAN AND ULTRASOUND AND FOUND NOTHING. ALL COMPONENTS RETURNED. PATIENT FOLLOW UP: PATIENT DID NOT REPLACE ELECTRODES SINCE RECEIVING PRODUCT, DURING MULTIPLE ATTEMPTS BEFORE THE DESCRIBED INCIDENT CUSTOMER STATES RECEIVING CHECK LEADS/PADS ERRORS. PAIN AFTER TREATMENT, HOWEVER THE INABILITY TO WALK DIDN'T DEVELOP UNTIL AFTER A NIGHT'S SLEEP. PATIENT DATA SHOWED USAGE WAS APPROACHING 1 MONTH CUSTOMER MOST LIKELY DID NOT MAINTAIN OR REPLACE ELECTRODES AS OUTLINED IN PRODUCT INSTRUCTIONS RESULTING IN INADEQUATE ELECTRODE TO SKIN CONNECTION. THIS INADEQUATE CONNECTION COULD HAVE RESULTED IN A DECREASED TREATMENT OR CHANGE IN SENSATION, RESULTING IN THE PERCEIVED PAIN DESCRIBED BY PATIENT. IT'S UNLIKELY THAT THIS PAIN WOULD HAVE PREVENTED THE PATIENT FROM WALKING AS THE INABILITY TO WALK CAME AFTER A NIGHTS REST. ENGINEERING NOTES FROM EVALUATION: SHIPMENT BOX AND CASE RECEIVED UNDAMAGED. VISUALLY INSPECTED STIMULATOR FOR ANY SIGNS OF DAMAGE. NO DAMAGE FOUND. THE STIMULATOR PASSES ATE TEST AND POST WITH RECEIVED BATTERY. REVIEWED PATIENT DATA. CUSTOMER USED DEVICE 19 TIMES OVER THE COURSE OF A MONTH ON (B)(6) 2023. MOST RECENT TREATMENT WAS ON (B)(6) 2023 LASTING 30 MINS ON PROGRAM 64 (PAIN RELIEF), ONLY INTERFERENTIAL. INTENSITY OF CHANNELS 1-4 WERE 48, 50, 50, 45. THIS WAS THE FIRST TIME THE PATIENT HAD USED PROGRAM 64. PRE-TREATMENT PAIN LEVEL WAS 11 WITH POST TREATMENT LEVEL BEING 6. PATIENT MENTIONED THEY HAD USED DEVICE ON (B)(6), NO RECORD OF USAGE WAS FOUND FOR THOSE DATES. IF THE PATIENT USES THE DEVICE FOR LESS THAN 5 MINUTES PATIENT DATA WOULD NOT HAVE BEEN SAVED. VISUALLY INSPECTED RECEIVED GARMENT. FOUND CHANNEL 1 AND CHANNEL 2 HAD BEEN IMPROPERLY CONNECTED TO THE GARMENT. A SMALL AMOUNT OF HAIR WAS FOUND ON THE ELECTRODES. THE ELECTRODES APPEARED VERY DRIED OUT. TESTED THE IMPEDANCE OF THE ELECTRODES, ELECTRODES TESTED NEAR 850 OHMS AT LIGHT PRESSURE. RECEIVED, UNOPENED, NEW ELECTRODES TESTED AT 196 OHMS WITH LIGHT PRESSURE. MANUALLY TESTED GARMENT'S PATIENT CABLE LOOKING FOR ANY INCONSISTENT/HIGH RESISTANCES. ALL RESISTANCE < 2.5 OHMS. ATE TESTED PATIENT CABLE, CHARGE DOCK, AND AC ADAPTER. DEVICES PASSED ATE TEST. SECOND PATIENT CABLE RECEIVED IN STIMULATOR KIT UNOPENED IN ORIGINAL PACKAGING. CUSTOMER SERVICE FOLLOWED UP WITH PATIENT. PATIENT CONFIRMS THEY DID NOT CHANGE OUT ELECTRODES. PATIENT ALSO SAID THEY RECEIVED CHECK LEADS/PADS ERROR DURING MULTIPLE TREATMENTS. AFTER 3 OR 4 TIMES OF THIS HAPPENING PATIENT WOKE UP AND WAS NOT ABLE TO WALK. USED THE PRODUCT MORE OFTEN BUT AFTER THE DIFFICULTY WITH THE CHECK LEADS/PADS ERROR USED IT MUCH LESS FREQUENTLY. THE FREQUENT CHECK LEADS/PADS ERROR COULD EXPLAIN WHY SOME TREATMENTS DID NOT APPEAR ON PATIENT DATA. MOST LIKELY CAUSE OF FAILURE WAS USAGE OF OLD ELECTRODES. BASED OFF THE PATIENT DATA SHOWING ROUGHLY 1 MONTH OF USE FROM ON (B)(6) TO THE EVENT HAPPENING 2/26, AND THE STATE THAT THE CURRENT ELECTRODES ARE IN IT APPEARS THAT THE ELECTRODES HAD NOT BEEN CHANGED OUT SINCE RECEIVING THE STIMULATOR AND GARMENT. USAGE OF DRIED OUT ELECTRODES WOULD HAVE PRODUCED INADEQUATE ELECTRODE TO SKIN CONTACT RESULTING IN AN INCREASE IN CHARGE DENSITY THAT COULD HAVE PRODUCED PAIN. THE GARMENT BEING IMPROPERLY WIRED WAS NOT DEEMED A FACTOR AND WOULD ONLY HAVE AFFECTED THE LOCATION OF THE TREATMENT AND NOT ANYTHING ELSE RELATED TO THE TREATMENT. THE TREATMENT AREA WOULD HAVE BEEN MORE TRANSVERSE INSTEAD OF LATERALLY. IT'S ALSO IMPORTANT TO NOTE THAT THE PATIENT DATA HAD SHOWN THAT THE DEVICE WAS SUCCESSFULLY REDUCING PAIN BASED ON THE PATIENTS PAIN BEFORE AND AFTER RECENT TREATMENTS. THE FOLLOW UP WITH THE PATIENT ALSO SUGGESTS THAT THE PAIN WAS NOT DIRECTLY RELATED TO THE DEVICE DUE TO THE PAIN/INABILITY TO WALK WAS AFTER SLEEP AND NOT DIRECTLY AFTER USAGE OF THE DEVICE. ALTHOUGH AN INCREASE IN CHARGE DENSITY COULD PRODUCE A ""SHOCKING"" PAIN, IT APPEARS TO NOT HAVE CAUSED THE INABILITY TO WALK, AND THE STIMULATOR BEHAVED AS INTENDED DISPLAYING CHECK LEADS/PADS ERROR AND ENDING TREATMENT UNTIL ADEQUATE CONNECTION WAS PRESENT. SCRAP GARMENT DUE TO USE. ALL UNOPENED ELECTRODES AND ALL OTHER DEVICES MAY BE RETURNED TO RECEIVING FOR PROCESSING. NOTE: ALL ITEMS WILL BE QUARANTINED UNTIL FINAL CLOSURE OF THE MDR WITH THE FDA AS REQUESTED BY QUALITY.",Powered muscle stimulator
16855076,336334631,N,0,,"THE USER DID NOT REPORT A DEVICE PROBLEM OR MALFUNCTION. WE RETRIEVED THE DEVICE FROM THE USER ON (B)(6) 2021. ON (B)(6) 2021, WE EMPLOYED RELEVANT EMPIRICAL TESTING (EG, BASIC SAFETY, ELECTROMAGNETIC FIELD STRENGTH AND INSULATION TEST) OF THE ACTUAL DEVICE SUSPECTED IN THE REPORTED ADVERSE EVENT IN ORDER TO ESTABLISH ITS FUNCTIONAL AND OTHER PROPERTIES AND TO IDENTIFY POSSIBLE CAUSES FOR THE ADVERSE EVENT. NO DEVICE PROBLEM HAS BEEN DETECTED. THE INVESTIGATION ALSO INVOLVED FURTHER TYPES OF INVESTIGATIONS TO DETERMINE IF A CAUSAL RELATIONSHIP BETWEEN THE DEVICE AND INCIDENT IS PLAUSIBLE. FOR THIS, WE DID EMPLOY FURTHER COMMUNICATION/INTERVIEWS (THROUGH TECHNICAL MEANS, E.G. PHONE, E-MAIL) WITH THE HEALTHCARE PROFESSIONAL (PHYSIOTHERAPIST) AND THE AFFECTED PATIENT. WE ALSO RETRIEVED HISTORICAL ADVERSE EVENT DATA (FROM INTERNAL COMPLAINT DATABASE, SCIENTIFIC LITERATURE, PUBLICLY ACCESSIBLE DATABASES OF ADVERSE EVENTS) OF THE SAME AND SIMILAR DEVICES (PULSED ELECTROMAGNETIC FIELD THERAPY; PEMF). A PRELIMINARY ANALYSIS OF THESE DATA, HOWEVER, DID NOT REVEAL EVIDENCE OF A RELATIONSHIP BETWEEN ELECTROMAGNETIC FIELD THERAPY AND CARDIAC ARREST EITHER. AT THE MOMENT, WE CANNOT EXCLUDE THE POSSIBILITY THAT THIS PARTICULAR ADVERSE EVENT OCCURRED DUE TO COINCIDENCE. THE INCIDENCE OF SUDDEN CARDIAC DEATH IN THE GENERAL POPULATION HAS BEEN ESTIMATED AS 1 PER 1,000 PERSON-YEARS. THIS RISK MIGHT EVEN BE INCREASED BY COVID-19 INFECTION. MRI OF THE PATIENT'S CHEST (LUNG) DID SHOW SIGNS OF A PREVIOUS COVID-19 INFECTION (ASYMPTOMATIC AS THE PATIENT WAS NOT AWARE OF AN INFECTION). RECENT EVIDENCE SUGGESTS THAT EVEN IN PEOPLE WITH NO OR MILD / MODERATE COVID-19 SYMPTOMS, THERE IS THE POSSIBILITY THAT THE VIRUS MAY CAUSE HEART DAMAGE THAT CAN LEAD TO COMPLICATIONS INCLUDING HEART ARRHYTHMIAS, HEART FAILURE AND SUDDEN CARDIAC DEATH (ABDELRADI A, YEKTA A. CUREUS. 2021 JUN 27;13(6):E15952; PUNTMANN ET AL. JAMA CARDIOL. 2020 NOV 1;5(11):1265-1273). WE WILL THOROUGHLY ANALYSE THE INFORMATION PROVIDED BY THE HEALTHCARE PROFESSIONAL / PATIENT. WE WILL ALSO REVIEW HISTORICAL ADVERSE EVENT DATA / CLINICAL DATA FROM THE LITERATURE AND CONSULT WITH OUR CLINICAL EXPERT (CARDIOLOGIST). FINALLY, WE WILL REVIEW OUR RISK ASSESSMENT. FINAL REPORT: THE INVESTIGATION ALSO INVOLVED FURTHER TYPES OF INVESTIGATIONS TO DETERMINE IF A CAUSAL RELATIONSHIP BETWEEN THE DEVICE AND INCIDENT IS PLAUSIBLE. WE RETRIEVED HISTORICAL ADVERSE EVENT DATA OF THE SAME (MAGNETOLITH) AND SIMILAR PEMF DEVICES FROM: 1. OUR INTERNAL COMPLAINT / VIGILANCE DATABASES; 2. SCIENTIFIC LITERATURE (PUBMED); 3. PUBLICLY ACCESSIBLE DATABASES OF ADVERSE EVENTS. FINDINGS. 1. INTERNAL COMPLAINT /VIGILANCE DATABASES: THERE ARE NO OTHER REPORTS OF ARRHYTHMIAS OR CARDIAC ARREST IN OUR COMPLAINT / VIGILANCE DATABASES. 2. SCIENTIFIC LITERATURE: WE DID NOT FIND ANY REPORT OF CARDIAC ARRHYTHMIAS OR CARDIAC ARREST IN HUMANS. IN VIVO ANIMAL STUDIES AND HUMAN EXPOSURE STUDIES DID NOT REVEAL ANY CLINICALLY RELEVANT CARDIOVASCULAR CHANGES. IN VIVO ANIMAL DATA ALSO SUGGEST THAT THE THRESHOLD FOR CARDIAC STIMULATION IS ALMOST 3 ORDER OF MAGNITUDE HIGHER THAN THE MAGNETIC FIELD STRENGTH OF THE MAGNETOLITH DEVICE (12 KJ VS. 19 J). WHILE MOST STUDIES DID USE LOWER PULSE FREQUENCIES THAN THE MAGNETOLITH DEVICE, EVIDENCE SUGGESTS THAT THE PROBABILITY OF NEURONAL ACTIVATION IS EVEN LOWER WITH HIGHER FREQUENCIES. CONCLUSION. SINCE 2019, (B)(4) MAGNETOLITH DEVICES HAVE BEEN PLACED ON THE MARKET AND PUT INTO SERVICE WORLDWIDE. ASSUMING 5 TO 10 TREATMENTS PER DEVICE PER DAY (ESTIMATE BASED ON RESULTS FROM USER SURVEY), 250 DAYS A YEAR, WE ESTIMATE THAT APPROX. 0.6 TO 1.2 MILLION TREATMENTS IN TOTAL HAVE BEEN PERFORMED SO FAR. COMPARED WITH THIS, OUR PMS ACTIVITIES AND LITERATURE SEARCH DID NOT RETRIEVE ANY RELEVANT ADVERSE EVENT REPORTS. AT THE CENTRE POINT OF THE HANDPIECE (COIL) OF THE MAGNETOLITH DEVICE, A MAGNETIC FIELD WITH A FIELD STRENGTH OF AROUND 80 MT IS GENERATED. HOWEVER, SINCE THE PATIENT WAS TREATED AT THE RIGHT SHOULDER, THE CENTRE POINT OF THE COIL WAS APPROX. 20 TO 25 CM AWAY FROM THE HEART. BASED ON THIS ASSUMPTION, THE ESTIMATED FIELD STRENGTH ABOVE THE HEART IS REDUCED TO APPROX. 2-4 MT. IN A RANDOMISED TRIAL OF THE MAGNETOLITH DEVICE IN 86 PATIENTS WITH ROTATOR CUFF TENDINOPATHY, THE TREATMENT WAS APPLIED TO THE LEFT SHOULDER IN 41 OF THE PARTICIPANTS. NO ADVERSE EVENTS WERE REPORTED, SUPPORTING THE SAFE USE OF THE DEVICE EVEN IN CLOSER VICINITY TO THE HEART (APPROX. 10 CM FROM CENTRE POINT OF THE COIL) AND THUS MUCH HIGHER FIELD STRENGTH (APPROX. 19 MT) THAN ESTIMATED FOR THE INCIDENT. IN CONCLUSION, WE COULD NOT IDENTIFY EVIDENCE INDICATING THAT THE MAGNETOLITH DEVICE COULD INDUCE CLINICALLY RELEVANT CHANGES IN CARDIAC ACTIVITY THAT IN TURN COULD LEAD TO CARDIAC ARREST. WE DID NOT IDENTIFY NEW RISKS THAT MUST BE ADRESSED IN THE RISK ASSESSMENT. WE ALSO CONSULTED WITH OUR CLINICAL EXPERT (CARDIOLOGIST), WHO CONCLUDED FROM THE EVENT DESCRIPTION THAT A PAIN-INDUCED VAGAL SYNCOPE WAS MORE LIKELY THAN CARDIAC ARREST. WE THUS CONCLUDE THAT THIS PARTICULAR ADVERSE EVENT OCCURRED DUE TO COINCIDENCE.",Powered muscle stimulator
16855076,336334632,D,0,,"AS PER MANUFACTURER INCIDENT REPORT RECEIVED FROM THE MANUFACTURER IN SWITZERLAND. A 38 YEARS OLD MALE WITHOUT ANY KNOWN PRE-EXISTING MEDICAL CONDITIONS WAS TREATED FOR SHOULDER PROBLEMS (RIGHT SIDE) AT A PHYSIOTHERAPY CLINIC IN (B)(6), FRANCE. THE TREATING PHYSIOTHERAPIST REPORTED THAT THE PATIENT FELT UNWELL AND PASSED OUT DURING TREATMENT; WHAT HE (THE PHYSIOTHERAPIST) JUDGED TO BE A CARDIAC ARREST. THE PATIENT WAS SUCCESSFULLY RESUSCITATED (CHEST COMPRESSION) BY THE PHYSIOTHERAPIST. A MEDICAL DOCTOR WHO WAS ON SITE WHEN THE INCIDENT HAPPENED NOTICED A LOSS OF PULSE. THE PATIENT REGAINED CONSCIOUSNESS AFTER 1 OR 2 MINUTES. WHEN THE PARAMEDICS ARRIVED, THEY DID NOT USE THE DEFIBRILLATOR AND THE ECG DID NOT REVEAL ANY ABNORMALITIES. THE PATIENT WAS THEN TAKEN TO THE EMERGENCY DEPARTMENT BY THE PARAMEDICS. THE PATIENT WAS DISCHARGED FROM HOSPITAL THE NEXT DAY ((B)(6) 2021) WITH THE DISCHARGE DIAGNOSIS OF CARDIAC ARREST. THE CAUSE OF THE CARDIAC ARREST COULD NOT BE DETERMINED BY THE HOSPITAL MEDICAL STAFF. MRI OF THE PATIENT'S CHEST (LUNGS) DID SHOW SIGNS OF A PREVIOUS COVID-19 INFECTION (ASYMPTOMATIC AS THE PATIENT WAS NOT AWARE OF AN INFECTION). THE PATIENT HAS NOT BEEN REFERRED TO A CARDIOLOGIST FOR FURTHER EXAMINATION AND NO DRUG TREATMENT HAS BEEN PRESCRIBED. ON (B)(6), THE PATIENT REPORTED FEELING GOOD AND RECOVERED, AND HAS RETURNED TO WORK.",Powered muscle stimulator
17646228,337626636,N,0,,"A ROOT CAUSE HAS NOT BEEN DETERMINED. IT HAS NOT BEEN CONFIRMED IF THE DEVICE CAUSED OR CONTRIBUTED TO THE REPORTED INCIDENT; HOWEVER, DUE TO THE CUSTOMER REPORTING HAVING BURNS THIS MEDWATCH IS BEING FILED. THE CONSUMER WAS OFFERED A REPLACEMENT UNIT OR REFUND, AND SHE DECLINED. THE PRODUCT INSTRUCTION MANUAL INCLUDES FOLLOWING WARNINGS: THE MERE EXISTENCE OF PAIN FUNCTIONS AS A VERY IMPORTANT WARNING TELLING US THAT SOMETHING IS WRONG. THEREFORE, IF YOU SUFFER FROM ANY SERIOUS ILLNESS, CONSULT YOUR PHYSICIAN IN ORDER TO CONFIRM THAT IT IS ADVISABLE FOR YOU TO USE THIS UNIT. IF YOU EXPERIENCE ANY SKIN IRRITATION OR REDNESS AFTER A SESSION, DO NOT CONTINUE STIMULATION IN THAT AREA OF THE SKIN. PLACE PADS ON EITHER SIDE OF THE PAIN, NOT DIRECTLY ON THE PAIN. DO NOT USE THIS UNIT DURING THESE ACTIVITIES WHEN IN THE BATH OR SHOWER; WHILE SLEEPING; WHILE DRIVING, OPERATING MACHINERY, OR DURING ANY ACTIVITY IN WHICH ELECTRICAL STIMULATION CAN PUT YOU AT RISK OF INJURY. POSSIBLE ADVERSE REACTIONS: YOU SHOULD STOP USING THE UNIT AND CONSULT WITH YOUR PHYSICIAN IF YOU EXPERIENCE ADVERSE REACTIONS FROM THE UNIT. YOU MAY EXPERIENCE SKIN IRRITATION AND BURNS BENEATH THE STIMULATION ELECTRODES APPLIED TO YOUR SKIN. FOLLOW-UP: CORRECTED SECTIONS E1 AND F3-5 SINCE THE INITIAL REPORTER AND DISTRIBUTOR CONTACT WERE SWITCHED. THE DATE OF THE REPORT WAS CORRECTED TO BE 8/29/2023 AND THE DATE THE MANUFACTURER WAS NOTIFIED WAS CORRECTED TO 8/30/2023. B5 WAS UPDATED WITH ADDITIONAL CONSUMER INFORMATION.",TENS (over-the-counter)
17646228,337626637,D,0,,"THE CONSUMER STATED SHE BOUGHT THE UNIT ON FRIDAY (B)(6) 2023. SHE PUT THE PADS ON HER LOWER BACK/BUTTOCKS THAT NIGHT AND WOKE UP WITH THE BURNS. SHE STATED IT SEEMED TO BE A FIRST DEGREE BURN AND WAS WAITING IN THE BURN CLINIC WAITING ROOM ON (B)(6) 2023 DURING THE TIME OF THE INITIAL CALL. SHE STATED HER SKIN WAS BUMPY AND SWOLLEN WHERE THE PADS WERE. SHE KEPT STATING THERE WERE VESICLES AND MENTIONED SHE THOUGHT IT WAS A SECOND DEGREE BURN. SHE STATED SHE FOLLOWED THE INSTRUCTIONS SEVERAL TIMES AND STATED THAT THERE IS NOTHING IN THE INSTRUCTIONS THAT STATES SHE MIGHT GET BURNED BY THE UNIT EXCEPT IF SHE WAS USING ANOTHER UNIT, WHICH SHE WAS NOT. SHE STATED IT WAS DEFINITELY AN ELECTRICAL BURN. SHE HAD THE TENS UNIT ON 1 AND STATED IT WAS NOT PAINFUL. SHE STATED SHE WAS DOCTOR AND HAD TO TAKE OFF WORK DUE TO THE BURN. SHE STATED SHE HAD BEEN A DOCTOR FOR 25 YEARS AND STATED IT WAS A SECOND DEGREE BURN. SHE HAD PAIN FOR THREE DAYS AND TINGLING IN HER LEG THAT SHE WAS NOT SURE WAS A RESULT OF THE TENS UNIT. DURING A FOLLOW-UP CALL, THE CONSUMER STATED THAT SHE WAS A DOCTOR. SHE STATED SHE COULD HAVE PERMANENT DAMAGE AND THAT HER INJURY CAN BE A SECOND DEGREE BURN. HER BURN WAS LOOKED AT BY AN ATTENDING AND FELLOW PLASTIC SURGEON AT THE BURN CLINIC AND SHE WAS TOLD BY THEM IT WAS EITHER A FIRST DEGREE OR SECOND DEGREE BURN. SHE WAS TOLD TO TAKE MOTRIN AND USE MOISTURIZER. SHE STATED SHE HAD THE PADS ON HER LEFT BUTTOCKS AND TURNED THE TENS TO 1 OR 2 FOR 10 MINUTES. SHE STATED IT HELPED WITH THE PAIN AND SHE MAY HAVE MOVED THE PADS A BIT LOWER. THE NEXT MORNING SHE NOTICED THE BURNS IN THE SHAPE OF THE PADS (BUTTERFLY SHAPED) THAT HAD WELTS AND WAS SWOLLEN. SHE STATED THE BURN WAS PAINFUL AND THERE WERE VESICLES. SHE STATED SHE COULD NOT SLEEP ON HER LEFT SIDE AND HER BUTTOCKS WAS STILL SWOLLEN AS OF (B)(6) 2023. SHE STATED SHE WAS CONCERNED THE DAMAGE WAS PERMANENT. SHE STATED SHE WAS KEEPING THE UNIT. THE CONSUMER CALLED AGAIN WITH ADDITIONAL INFORMATION ON 8/30/2023. SHE STATED SHE HAD SCARRING AND SOME BUMPINESS UNDER THE SKIN STILL. SHE STATED SHE IS NOT HURTING, AND IT IS COSMETIC AT THE MOMENT. SHE STATED SHE NOW HAS WEAKNESS IN HER LEFT LEG, MOSTLY IN THE THIGH AREA, BUT SHE WAS NOT SURE IT WAS DUE TO THE UNIT OR NOT. SHE STATED SHE FELT TWITCHY IN HER LEG, BUT SHE WAS NOT READY TO BLAME THE MACHINE SINCE SHE WAS NOT SURE IT WAS THE CAUSE. SHE DID GO TO ANOTHER DOCTOR AND THAT SHE WOULD BE GOING FOR X-RAYS SINCE THE DOCTOR DID NOT KNOW HOW TO HANDLE THE ISSUE WITH THE BURNS. SHE STATED SHE WANTED HER MONEY BACK, BUT A REFUND WAS NOT GOING TO BE SATISFACTORY SO NO REFUND WAS ISSUED AT THE TIME. SHE STATED SHE DID NOT WASH THE PADS PRIOR TO USING THEM OR APPLY MOISTURIZER. SHE STATED SHE USED MOISTURIZER IN GENERAL AND USED IT TO TREAT THE BURN PER HER DOCTOR'S INSTRUCTIONS. SHE STATED SHE WAS TREATING PERSISTENT ANTERIOR SIDE PAIN.",TENS (over-the-counter)
17667458,337798254,D,0,,"THE CONSUMER STATED SHE BOUGHT THE UNIT ON FRIDAY 8/10/2023. SHE PUT THE PADS ON HER LOWER BACK/BUTTOCKS THAT NIGHT AND WOKE UP WITH THE BURNS. SHE STATED IT SEEMED TO BE A FIRST DEGREE BURN AND WAS WAITING IN THE BURN CLINIC WAITING ROOM ON (B)(6) 2023 DURING THE TIME OF THE INITIAL CALL. SHE STATED HER SKIN WAS BUMPY AND SWOLLEN WHERE THE PADS WERE. SHE KEPT STATING THERE WERE VESICLES AND MENTIONED SHE THOUGHT IT WAS A SECOND DEGREE BURN. SHE STATED SHE FOLLOWED THE INSTRUCTIONS SEVERAL TIMES AND STATED THAT THERE IS NOTHING IN THE INSTRUCTIONS THAT STATES SHE MIGHT GET BURNED BY THE UNIT EXCEPT IF SHE WAS USING ANOTHER UNIT, WHICH SHE WAS NOT. SHE STATED IT WAS DEFINITELY AN ELECTRICAL BURN. SHE HAD THE TENS UNIT ON 1 AND STATED IT WAS NOT PAINFUL. SHE STATED SHE WAS DOCTOR AND HAD TO TAKE OFF WORK DUE TO THE BURN. SHE STATED SHE HAD BEEN A DOCTOR FOR 25 YEARS AND STATED IT WAS A SECOND DEGREE BURN. SHE HAD PAIN FOR THREE DAYS AND TINGLING IN HER LEG THAT SHE WAS NOT SURE WAS A RESULT OF THE TENS UNIT. DURING A FOLLOW-UP CALL, THE CONSUMER STATED THAT SHE WAS A DOCTOR. SHE STATED SHE COULD HAVE PERMANENT DAMAGE AND THAT HER INJURY CAN BE A SECOND DEGREE BURN. HER BURN WAS LOOKED AT BY AN ATTENDING AND FELLOW PLASTIC SURGEON AT THE BURN CLINIC AND SHE WAS TOLD BY THEM IT WAS EITHER A FIRST DEGREE OR SECOND DEGREE BURN. SHE WAS TOLD TO TAKE MOTRIN AND USE MOISTURIZER. SHE STATED SHE HAD THE PADS ON HER LEFT BUTTOCKS AND TURNED THE TENS TO 1 OR 2 FOR 10 MINUTES. SHE STATED IT HELPED WITH THE PAIN AND SHE MAY HAVE MOVED THE PADS A BIT LOWER. THE NEXT MORNING SHE NOTICED THE BURNS IN THE SHAPE OF THE PADS (BUTTERFLY SHAPED) THAT HAD WELTS AND WAS SWOLLEN. SHE STATED THE BURN WAS PAINFUL AND THERE WERE VESICLES. SHE STATED SHE COULD NOT SLEEP ON HER LEFT SIDE AND HER BUTTOCKS WAS STILL SWOLLEN AS OF (B)(6) 2023. SHE STATED SHE WAS CONCERNED THE DAMAGE WAS PERMANENT. SHE STATED SHE WAS KEEPING THE UNIT. THE CONSUMER CALLED AGAIN WITH ADDITIONAL INFORMATION ON 8/30/2023. SHE STATED SHE HAD SCARRING AND SOME BUMPINESS UNDER THE SKIN STILL. SHE STATED SHE IS NOT HURTING, AND IT IS COSMETIC AT THE MOMENT. SHE STATED SHE NOW HAS WEAKNESS IN HER LEFT LEG, MOSTLY IN THE THIGH AREA, BUT SHE WAS NOT SURE IT WAS DUE TO THE UNIT OR NOT. SHE STATED SHE FELT TWITCHY IN HER LEG, BUT SHE WAS NOT READY TO BLAME THE MACHINE SINCE SHE WAS NOT SURE IT WAS THE CAUSE. SHE DID GO TO ANOTHER DOCTOR AND THAT SHE WOULD BE GOING FOR X-RAYS SINCE THE DOCTOR DID NOT KNOW HOW TO HANDLE THE ISSUE WITH THE BURNS. SHE STATED SHE WANTED HER MONEY BACK, BUT A REFUND WAS NOT GOING TO BE SATISFACTORY SO NO REFUND WAS ISSUED AT THE TIME. SHE STATED SHE DID NOT WASH THE PADS PRIOR TO USING THEM OR APPLY MOISTURIZER. SHE STATED SHE USED MOISTURIZER IN GENERAL AND USED IT TO TREAT THE BURN PER HER DOCTOR'S INSTRUCTIONS. SHE STATED SHE WAS TREATING PERSISTENT ANTERIOR SIDE PAIN.",TENS (over-the-counter)
17770325,337960938,N,0,,"THE DEVICE WAS NOT RETURNED TO THE DISTRIBUTOR/MANUFACTURER FOR INVESTIGATION AND THE INVESTIGATION WAS CLOSED ON 12/12/2023. HERE IS THE SUMMARY OF THE MANUFACTURER DEVICE INVESTIGATION: THE MANUFACTURER SHIPPING INSPECTION WAS REVIEWED AND THE INSPECTION FOR THE LOT INCLUDING THIS UNIT SERIAL NUMBER PASSED. THE RISK ANALYSIS DOCUMENT WAS REVIEWED AND SIMILAR RISK HAS BEEN ANALYZED. THERE WAS NO SIMILAR EVENT REPORTED FOR THE SAME MODEL IN THE PAST. UNIT WAS NOT RETURNED BY CONSUMER. THE DEVICE WAS NOT RECEIVED FOR EVALUATION; THEREFORE, A DEVICE ANALYSIS COULD NOT BE COMPLETED. NO FURTHER INVESTIGATION REQUIRED. IMPORTER REPORT #: 1450057-2023-00006.",TENS (over-the-counter)
17738457,337961294,D,0,,"THE CALLER STATED THAT HIS GIRLFRIEND'S UNIT CAUGHT ON FIRE. THE PAD WAS ON TOP OF THE BATTERY. HE DID NOT KNOW IF THE UNIT WAS TURNED ON, BUT HE STATED NO ONE HAD GOTTEN HURT. THE CALLER STATED HE AND HIS GIRLFRIEND WERE COOKING LUNCH WHEN THEY HEARD THE FIRE ALARM GO OFF. HE WENT INTO THE BEDROOM AND THE UNIT WAS ON FIRE ON A WOOD DRESSER. HE HAD THROWN THE UNIT OUT THE WINDOW AND LEFT IT THERE. HE STATED THERE WAS SMOKE AND FLAMES AND THE ONLY DAMAGE DONE WAS TO THE DRESSER. THE FIRE DEPARTMENT WAS NOT CALLED AND THERE WERE NO OTHER ISSUES. HE STATED THE TENS UNIT WAS ON TOP OF THE CONTROLLER. WHEN ASKED WHAT THE CONTROLLER WAS, HE STATED IT WAS THE BUTTONS ON THE TENS UNIT. HE STATED HE WAS GOING TO TRY TO USE THE UNIT SINCE HE HAD PAINS IN HIS LEGS. HE WAS NOT USING THE UNIT AT THE TIME. HE WAS NOT SURE WHERE THE UNIT WAS PURCHASED SINCE IT WAS HIS GIRLFRIEND'S UNIT. IT WAS THE FIRST DAY THE UNIT WAS PULLED FROM THE BOX. HE WAS USING THE ORIGINAL BATTERIES. HE STATED THE UNIT WAS NOT USABLE SINCE IT WAS ALL BURNED UP.",TENS (over-the-counter)
17738457,337961295,N,0,,"A ROOT CAUSE HAS NOT BEEN DETERMINED. IT HAS NOT BEEN CONFIRMED IF THE DEVICE CAUSED OR CONTRIBUTED TO THE REPORTED INCIDENT; HOWEVER, DUE TO THE CUSTOMER REPORTING THE UNIT CAUGHT FIRE THIS MEDWATCH IS BEING FILED. THE U.S IMPORTER IS REQUESTING THE MANUFACTURER OF THE DEVICE TO FURTHER INVESTIGATE THIS INCIDENT. A POSTAGE LABEL HAS BEEN SENT FOR RETRIEVAL OF THE HOME UNIT FOR INSPECTION. THE CONSUMER WAS OFFERED A REFUND OR REPLACEMENT UNIT. THEY REFUSED BOTH. THE DEVICE WAS NOT RETURNED TO THE DISTRIBUTOR/MANUFACTURER FOR INVESTIGATION. THE INVESTIGATION WAS CLOSED ON 12/12/2023. HERE IS THE SUMMARY OF THE MANUFACTURER DEVICE INVESTIGATION: THE MANUFACTURER SHIPPING INSPECTION WAS REVIEWED AND THE INSPECTION FOR THE LOT INCLUDING THIS UNIT SERIAL NUMBER PASSED. THE RISK ANALYSIS DOCUMENT WAS REVIEWED AND SIMILAR RISK HAS BEEN ANALYZED. THERE WAS NO SIMILAR EVENT REPORTED FOR THE SAME MODEL IN THE PAST. UNIT WAS NOT RETURNED BY CONSUMER. THE DEVICE WAS NOT RECEIVED FOR EVALUATION; THEREFORE, A DEVICE ANALYSIS COULD NOT BE COMPLETED. NO FURTHER INVESTIGATION REQUIRED.",TENS (over-the-counter)
18055346,339130668,D,0,,"DEVICE WAS RETURNED FOR INSPECTION. FINDINGS: PACKAGING IS IN GOOD CONDITION. THERE IS NO SIGNIFICANT DAMAGE OR PUNCTURES. THE TOP LAYER OF CARDBOARD IS REMOVED FROM LARGE PORTIONS OF THE TOP OF THE BOX. THIS IS A SIGN THAT TAPE WAS PREVIOUSLY REMOVED FROM THE BOX. PRODUCT AS IT APPEARS INSIDE THE PACKAGING. DEVICE IS SITUATED IN THE MIDDLE WITH THE PROVIDED PROTECTIVE FOAM. POWER CORD AND 4 LEAD WIRES ARE TUCKED DOWN IN THE RIGHT SIDE CAVITY. NO ELECTRODES WERE RETURNED. NO ULTRASOUND WAND WAS RETURNED. OVERALL VIEW OF THE POWER CORD. THE POWER CORD IS IN LESS THAT IDEAL CONDITION. THERE ARE VARIOUS SCRAPES, CUTS, GOUGES, AND A DIRTY FILM THROUGHOUT THE LENGTH OF THE CORD. BELOW IS AN IMAGE OF TWO OF THE MORE SIGNIFICANT DAMAGES WHERE IT APPEARS THAT PART OF THE CORD WAS GOUGED OUT BUT NOT DEEP ENOUGH TO REACH WIRE. THE DIRTY FILM WAS TOO DARK TO APPEAR IN A PHOTO AGAINST THE BLACK CORD. LEAD WIRES AS THEY APPEARED RIGHT OUT OF THE PACKAGING. THE IMAGE HAS BEEN NUMBERED TO MAKE DISCUSSING THE INDIVIDUAL LEAD WIRES EASIER. THE FIRST OBSERVATION WAS THAT LEAD WIRE 4 IS CLEARLY MORE YELLOW IN COLOR THAN THE OTHER THREE LEADS. THERE ARE TWO MAIN REASONS THE COLOR WOULD VARY THIS SIGNIFICANTLY. FIRST AND MOST LIKELY, LEAD WIRE 4 IS A GOOD DEAL OLDER THAN THE OTHER LEADS AND ITS AGE HAS CAUSED A GRADUAL YELLOWING OF THE OUTER SLEEVE. SECOND, LEAD WIRE 4 COULD HAVE BEEN EXPOSED TO DIFFERENT CONDITIONS/ENVIRONMENTS THAN THE OTHER THREE LEADS WHICH CAUSED IT TO YELLOW AT A DIFFERENT RATE. THE SERIAL TAG HAS BEEN REMOVED FROM LEAD WIRE 4 SO IT IS NOT POSSIBLE TO DEFINITIVELY IDENTIFY THE AGE OF THAT LEAD OR THE CAUSE OF THE YELLOWING. ALL LEADS HAVE AN AMOUNT OF ADHESIVE RESIDUE LEFT ON THE LENGTH OF WIRE CAUSING DIRT TO ACCUMULATE THERE. NONE OF THE LEAD WIRES HAVE NOTABLE DAMAGE TO THE WIRE LENGTH. IN ADDITION TO THE YELLOWING, LEAD WIRE 4 IS ALSO SIGNIFICANTLY DAMAGED. THERE IS A TEAR OR CUT WHERE THE WIRE MEETS THE HOUSING WHICH LEAVES THE WIRES EXPOSED. THE WIRE STANDS DO NOT APPEAR FRAYED OR BROKEN BUT THE EXPOSURE ALONE IS AN ISSUE AND WHATEVER EVENT CAUSED THE EXPOSURE COULD HAVE CAUSED ADDITIONAL DAMAGE THAT IS NOT VISIBLE. THE RETURNED TRIGGER WORD FORM STATES ""WIRE LEADS WERE CHECKED AND OK'ED BY TECHNICIAN FROM FLAGSHIP"", BUT THIS LEAD WIRE IS ABSOLUTELY NOT IN AN ACCEPTABLE CONDITION TO USE PER THE USER MANUAL. THERE IS VISIBLE DAMAGE IN ADDITION TO THIS LEAD WIRE APPEARING TO BE OLD. THERE IS A GREEN SUBSTANCE AROUND THE WIRE STRANDS AND INSIDE THE HOLE. IT'S NOT CLEAR IF THIS IS NORMAL. LEAD WIRE 4 HAS SOME SUBSTANCE ALONG AND ALL AROUND THE PIN ON THE BLACK WIRE. THE SUBSTANCE DOES NOT FEEL LIKE AN INDENTATION OR CUT, AS THE PIN FEELS RELATIVELY SMOOTH EXCEPT FOR THE TINY RIDGES IN THE PIN'S NORMAL TEXTURE. THE SUBSTANCE DOES NOT RUB OFF. NONE OF THE OTHER PINS ON ANY OF THE LEAD WIRES HAVE THIS PARTICULAR ISSUE. FROM A MICROSCOPE VIEW OF THIS PIN, WE CAN SEE VERY SMALL SCRATCHES THROUGHOUT AS WELL AS SEVERAL ""FOGGY"" AREAS WHERE THE PIN IS LESS REFLECTIVE. THIS FOGGY OR CLOUDY SUBSTANCE IS WHAT WE CAN SEE WITH THE NAKED EYE IN THE ABOVE PICTURES. IT IS STILL UNCLEAR IF THIS IS TARNISH OR ELECTRICAL/HEAT DAMAGE. BELOW IS AN UP CLOSE IMAGE OF ALL THE PINS FROM ALL LEAD WIRES, WITH THE LEAD WIRE NUMBER DESIGNATION FROM EARLIER. LEAD WIRES 1 AND 3 LOOK NEARLY NEW, WITH VERY LITTLE TO NO DEFORMATION OF THE HOUSING. LEAD WIRE 2 IS A LITTLE DIRTY WITH SOME DEFORMATION OF THE HOUSING. LEAD WIRE 4 LOOKS THE ROUGHEST AND MOST WARN OF THE FOUR. THE DEVICE AS IT APPEARED OUT OF THE BOX. THERE IS A SCUFF ON THE BACK OF THE DEVICE. THIS IS THE ONLY COSMETIC ISSUE OF NOTE. ALL PINS IN ALL PORTS ON THE FRONT OF THE DEVICE LOOK NORMAL AND CENTERED. HOWEVER, THERE IS SLIGHT DAMAGE TO THE USB PORT ON THE BACK OF THE DEVICE. THE USB DIAGNOSTIC PORT HAS SIGNIFICANT WEAR. THE BOTTOM METAL PORTION OF THE PORT IS BOWED OUT AND THE PLASTIC PIN, THAT ENSURES PROPER ORIENTATION OF THE PLUG, HAS BEEN HEAVILY SHAVED DOWN. THE USB DIAGNOSTIC PORT, PER THE USER MANUAL, IS ONLY INTENDED TO BE USED BY A TRAINED TECHNICIAN FOR THE PURPOSES OF DIAGNOSTIC AND REPAIR. FAN APPEARS IN GOOD CONDITION ON THE EXTERIOR, BUT THERE IS A SIGNIFICANT AMOUNT OF DUST VISIBLE. THERE ARE NO INSTRUCTIONS IN THE MANUAL FOR CLEARING THE FAN, SO THIS WOULD ONLY AMOUNT TO A SIGN OF EXTENDED USE. DEVICE STILL TURNS ON AND APPEARS TO FUNCTION. TOUCH SCREEN ACCEPTS INPUTS AND ALL THERAPY PROTOCOL SCREENS ARE ACCESSIBLE. ALL BUTTONS ON THE DEVICE APPEAR TO FUNCTION NORMALLY. THE COMPASS QUALITY DEPARTMENT CURRENTLY LACKS THE CAPABILITY TO CONDUCT FURTHER TESTING ON THIS DEVICE. CONCLUSION: A DEFINITIVE ROOT CAUSE CANNOT BE DETERMINED AT THIS TIME, AS ADDITIONAL TESTING CANNOT BE CONDUCTED. HOWEVER, IF THE LEAD WIRES RETURNED ARE THE LEAD WIRES USED AT THE TIME OF THE EVENT, IT IS VERY LIKELY THAT THIS IS THE CAUSE OF THE ADVERSE EFFECT. LEAD WIRES THAT ARE A YEAR OLD OR MORE, UNDER A YEAR OLD BUT HEAVILY USED OR POORLY MAINTAINED, HAVE VISIBLE KINKS, OR HAVE VISIBLE DAMAGE HOLD A RISK OF TRANSMITTING INCONSISTENT STIMULATION TO THE ELECTRODE. THIS CAN MANIFEST AS LOW STIMULATION, HIGH STIMULATION, OR CHOPPY STIMULATION. AS SUCH, IT IS PERTINENT THAT THE LEAD WIRES BE CHECKED OFTEN AND HANDLED WITH CARE. LEAD WIRE 4 FROM THIS RETURN POSES A SIGNIFICANT RISK TO THE PATIENT IN ITS CURRENT CONDITION. HOWEVER, WE CANNOT DEFINITIVELY DETERMINE ANYTHING AT THIS TIME.",TENS (prescription)
17646228,339252196,N,0,,"A ROOT CAUSE HAS NOT BEEN DETERMINED. IT HAS NOT BEEN CONFIRMED IF THE DEVICE CAUSED OR CONTRIBUTED TO THE REPORTED INCIDENT; HOWEVER, DUE TO THE CUSTOMER REPORTING HAVING BURNS THIS MEDWATCH IS BEING FILED. THE CONSUMER WAS OFFERED A REPLACEMENT UNIT OR REFUND, AND SHE DECLINED. THE PRODUCT INSTRUCTION MANUAL INCLUDES FOLLOWING WARNINGS: - THE MERE EXISTENCE OF PAIN FUNCTIONS AS A VERY IMPORTANT WARNING TELLING US THAT SOMETHING IS WRONG. THEREFORE, IF YOU SUFFER FROM ANY SERIOUS ILLNESS, CONSULT YOUR PHYSICIAN IN ORDER TO CONFIRM THAT IT IS ADVISABLE FOR YOU TO USE THIS UNIT. - IF YOU EXPERIENCE ANY SKIN IRRITATION OR REDNESS AFTER A SESSION, DO NOT CONTINUE STIMULATION IN THAT AREA OF THE SKIN. - PLACE PADS ON EITHER SIDE OF THE PAIN, NOT DIRECTLY ON THE PAIN. DO NOT USE THIS UNIT DURING THESE ACTIVITIES: - WHEN IN THE BATH OR SHOWER; - WHILE SLEEPING; - WHILE DRIVING, OPERATING MACHINERY, OR DURING ANY ACTIVITY IN WHICH ELECTRICAL STIMULATION CAN PUT YOU AT RISK OF INJURY. POSSIBLE ADVERSE REACTIONS: - YOU SHOULD STOP USING THE UNIT AND CONSULT WITH YOUR PHYSICIAN IF YOU EXPERIENCE ADVERSE REACTIONS FROM THE UNIT. - YOU MAY EXPERIENCE SKIN IRRITATION AND BURNS BENEATH THE STIMULATION ELECTRODES APPLIED TO YOUR SKIN. FOLLOW-UP: CORRECTED SECTIONS E1 AND F3-5 SINCE THE INITIAL REPORTER AND DISTRIBUTOR CONTACT WERE SWITCHED. THE DATE OF THE REPORT WAS CORRECTED TO BE 8/29/2023 AND THE DATE THE MANUFACTURER WAS NOTIFIED WAS CORRECTED TO 8/30/2023. B5 WAS UPDATED WITH ADDITIONAL CONSUMER INFORMATION. FOLLOW-UP 2: ADDITIONAL INFORMATION WAS ADDED TO B5. F7 WAS UPDATED WITH NEW FOLLOW-UP NUMBER. ADDITIONAL INFORMATION ADDED TO SECTION H10 AFTER INVESTIGATION BY THE MANUFACTURER. THE DEVICE WAS NOT RETURNED TO THE DISTRIBUTOR/MANUFACTURER FOR INVESTIGATION. THE INVESTIGATION WAS CLOSED ON 12/08/2023. HERE IS THE SUMMARY OF THE MANUFACTURER DEVICE INVESTIGATION: THE MANUFACTURER SHIPPING INSPECTION WAS REVIEWED AND THE INSPECTION FOR THE LOT INCLUDING THIS UNIT SERIAL NUMBER PASSED. THE RISK ANALYSIS DOCUMENT WAS REVIEWED AND SIMILAR RISK HAS BEEN ANALYZED. THERE WAS NO SIMILAR EVENT REPORTED FOR THE SAME MODEL IN THE PAST. UNIT WAS NOT RETURNED BY CONSUMER. THE DEVICE WAS NOT RECEIVED FOR EVALUATION; THEREFORE, A DEVICE ANALYSIS COULD NOT BE COMPLETED. NO FURTHER INVESTIGATION REQUIRED.",TENS (over-the-counter)
17646228,339252197,D,0,,"THE CONSUMER STATED SHE BOUGHT THE UNIT ON FRIDAY 8/10/2023. SHE PUT THE PADS ON HER LOWER BACK/BUTTOCKS THAT NIGHT AND WOKE UP WITH THE BURNS. SHE STATED IT SEEMED TO BE A FIRST DEGREE BURN AND WAS WAITING IN THE BURN CLINIC WAITING ROOM ON (B)(6) 2023 DURING THE TIME OF THE INITIAL CALL. SHE STATED HER SKIN WAS BUMPY AND SWOLLEN WHERE THE PADS WERE. SHE KEPT STATING THERE WERE VESICLES AND MENTIONED SHE THOUGHT IT WAS A SECOND DEGREE BURN. SHE STATED SHE FOLLOWED THE INSTRUCTIONS SEVERAL TIMES AND STATED THAT THERE IS NOTHING IN THE INSTRUCTIONS THAT STATES SHE MIGHT GET BURNED BY THE UNIT EXCEPT IF SHE WAS USING ANOTHER UNIT, WHICH SHE WAS NOT. SHE STATED IT WAS DEFINITELY AN ELECTRICAL BURN. SHE HAD THE TENS UNIT ON 1 AND STATED IT WAS NOT PAINFUL. SHE STATED SHE WAS DOCTOR AND HAD TO TAKE OFF WORK DUE TO THE BURN. SHE STATED SHE HAD BEEN A DOCTOR FOR 25 YEARS AND STATED IT WAS A SECOND DEGREE BURN. SHE HAD PAIN FOR THREE DAYS AND TINGLING IN HER LEG THAT SHE WAS NOT SURE WAS A RESULT OF THE TENS UNIT. DURING A FOLLOW-UP CALL, THE CONSUMER STATED THAT SHE WAS A DOCTOR. SHE STATED SHE COULD HAVE PERMANENT DAMAGE AND THAT HER INJURY CAN BE A SECOND DEGREE BURN. HER BURN WAS LOOKED AT BY AN ATTENDING AND FELLOW PLASTIC SURGEON AT THE BURN CLINIC AND SHE WAS TOLD BY THEM IT WAS EITHER A FIRST DEGREE OR SECOND DEGREE BURN. SHE WAS TOLD TO TAKE MOTRIN AND USE MOISTURIZER. SHE STATED SHE HAD THE PADS ON HER LEFT BUTTOCKS AND TURNED THE TENS TO 1 OR 2 FOR 10 MINUTES. SHE STATED IT HELPED WITH THE PAIN AND SHE MAY HAVE MOVED THE PADS A BIT LOWER. THE NEXT MORNING SHE NOTICED THE BURNS IN THE SHAPE OF THE PADS (BUTTERFLY SHAPED) THAT HAD WELTS AND WAS SWOLLEN. SHE STATED THE BURN WAS PAINFUL AND THERE WERE VESICLES. SHE STATED SHE COULD NOT SLEEP ON HER LEFT SIDE AND HER BUTTOCKS WAS STILL SWOLLEN AS OF (B)(6) 2023. SHE STATED SHE WAS CONCERNED THE DAMAGE WAS PERMANENT. SHE STATED SHE WAS KEEPING THE UNIT. THE CONSUMER CALLED AGAIN WITH ADDITIONAL INFORMATION ON 8/30/2023. SHE STATED SHE HAD SCARRING AND SOME BUMPINESS UNDER THE SKIN STILL. SHE STATED SHE IS NOT HURTING, AND IT IS COSMETIC AT THE MOMENT. SHE STATED SHE NOW HAS WEAKNESS IN HER LEFT LEG, MOSTLY IN THE THIGH AREA, BUT SHE WAS NOT SURE IT WAS DUE TO THE UNIT OR NOT. SHE STATED SHE FELT TWITCHY IN HER LEG, BUT SHE WAS NOT READY TO BLAME THE MACHINE SINCE SHE WAS NOT SURE IT WAS THE CAUSE. SHE DID GO TO ANOTHER DOCTOR AND THAT SHE WOULD BE GOING FOR X-RAYS SINCE THE DOCTOR DID NOT KNOW HOW TO HANDLE THE ISSUE WITH THE BURNS. SHE STATED SHE WANTED HER MONEY BACK, BUT A REFUND WAS NOT GOING TO BE SATISFACTORY SO NO REFUND WAS ISSUED AT THE TIME. SHE STATED SHE DID NOT WASH THE PADS PRIOR TO USING THEM OR APPLY MOISTURIZER. SHE STATED SHE USED MOISTURIZER IN GENERAL AND USED IT TO TREAT THE BURN PER HER DOCTOR'S INSTRUCTIONS. SHE STATED SHE WAS TREATING PERSISTENT ANTERIOR SIDE PAIN. THE CONSUMER CALLED ON 10/03/2023. SHE STATED SHE RECEIVED AN E-MAIL STATING THAT SHE WAS TOLD TO STOP USING THE UNIT. SHE STATED THAT IT WAS NOT TRUE THAT SHE WAS TOLD THAT. SHE DID NOT WANT ANY MORE EMAILS. SHE WAS ADVISED THAT IN ORDER TO INVESTIGATE THE ISSUE FURTHER, SHE WOULD NEED TO SEND IN HER UNIT FOR INSPECTION. SHE REFUSED AND STATED SHE WAS KEEPING THE UNIT FOR EVIDENCE. SHE DID NOT WANT A REPLACEMENT UNIT OR A REFUND. NO FURTHER CONTACT HAS BEEN RECEIVED FROM THE CONSUMER.",TENS (over-the-counter)
17667458,339328449,N,0,,"THE DEVICE WAS NOT RETURNED TO THE DISTRIBUTOR/MANUFACTURER FOR INVESTIGATION AND THE INVESTIGATION WAS CLOSED ON 12/08/2023. HERE IS THE SUMMARY OF THE MANUFACTURER DEVICE INVESTIGATION: THE MANUFACTURER SHIPPING INSPECTION WAS REVIEWED AND THE INSPECTION FOR THE LOT INCLUDING THIS UNIT SERIAL NUMBER PASSED. THE RISK ANALYSIS DOCUMENT WAS REVIEWED AND SIMILAR RISK HAS BEEN ANALYZED. THERE WAS NO SIMILAR EVENT REPORTED FOR THE SAME MODEL IN THE PAST. UNIT WAS NOT RETURNED BY CONSUMER. THE DEVICE WAS NOT RECEIVED FOR EVALUATION; THEREFORE, A DEVICE ANALYSIS COULD NOT BE COMPLETED. NO FURTHER INVESTIGATION REQUIRED. IMPORTER REPORT #: (B)(4).",TENS (over-the-counter)
17667458,339328450,D,0,,"THE CONSUMER STATED SHE BOUGHT THE UNIT ON FRIDAY (B)(6) 2023. SHE PUT THE PADS ON HER LOWER BACK/BUTTOCKS THAT NIGHT AND WOKE UP WITH THE BURNS. SHE STATED IT SEEMED TO BE A FIRST DEGREE BURN AND WAS WAITING IN THE BURN CLINIC WAITING ROOM ON (B)(6) 2023 DURING THE TIME OF THE INITIAL CALL. SHE STATED HER SKIN WAS BUMPY AND SWOLLEN WHERE THE PADS WERE. SHE KEPT STATING THERE WERE VESICLES AND MENTIONED SHE THOUGHT IT WAS A SECOND DEGREE BURN. SHE STATED SHE FOLLOWED THE INSTRUCTIONS SEVERAL TIMES AND STATED THAT THERE IS NOTHING IN THE INSTRUCTIONS THAT STATES SHE MIGHT GET BURNED BY THE UNIT EXCEPT IF SHE WAS USING ANOTHER UNIT, WHICH SHE WAS NOT. SHE STATED IT WAS DEFINITELY AN ELECTRICAL BURN. SHE HAD THE TENS UNIT ON 1 AND STATED IT WAS NOT PAINFUL. SHE STATED SHE WAS DOCTOR AND HAD TO TAKE OFF WORK DUE TO THE BURN. SHE STATED SHE HAD BEEN A DOCTOR FOR 25 YEARS AND STATED IT WAS A SECOND DEGREE BURN. SHE HAD PAIN FOR THREE DAYS AND TINGLING IN HER LEG THAT SHE WAS NOT SURE WAS A RESULT OF THE TENS UNIT. DURING A FOLLOW-UP CALL, THE CONSUMER STATED THAT SHE WAS A DOCTOR. SHE STATED SHE COULD HAVE PERMANENT DAMAGE AND THAT HER INJURY CAN BE A SECOND DEGREE BURN. HER BURN WAS LOOKED AT BY AN ATTENDING AND FELLOW PLASTIC SURGEON AT THE BURN CLINIC AND SHE WAS TOLD BY THEM IT WAS EITHER A FIRST DEGREE OR SECOND DEGREE BURN. SHE WAS TOLD TO TAKE MOTRIN AND USE MOISTURIZER. SHE STATED SHE HAD THE PADS ON HER LEFT BUTTOCKS AND TURNED THE TENS TO 1 OR 2 FOR 10 MINUTES. SHE STATED IT HELPED WITH THE PAIN AND SHE MAY HAVE MOVED THE PADS A BIT LOWER. THE NEXT MORNING SHE NOTICED THE BURNS IN THE SHAPE OF THE PADS (BUTTERFLY SHAPED) THAT HAD WELTS AND WAS SWOLLEN. SHE STATED THE BURN WAS PAINFUL AND THERE WERE VESICLES. SHE STATED SHE COULD NOT SLEEP ON HER LEFT SIDE AND HER BUTTOCKS WAS STILL SWOLLEN AS OF (B)(6) 2023. SHE STATED SHE WAS CONCERNED THE DAMAGE WAS PERMANENT. SHE STATED SHE WAS KEEPING THE UNIT. THE CONSUMER CALLED AGAIN WITH ADDITIONAL INFORMATION ON 8/30/2023. SHE STATED SHE HAD SCARRING AND SOME BUMPINESS UNDER THE SKIN STILL. SHE STATED SHE IS NOT HURTING, AND IT IS COSMETIC AT THE MOMENT. SHE STATED SHE NOW HAS WEAKNESS IN HER LEFT LEG, MOSTLY IN THE THIGH AREA, BUT SHE WAS NOT SURE IT WAS DUE TO THE UNIT OR NOT. SHE STATED SHE FELT TWITCHY IN HER LEG, BUT SHE WAS NOT READY TO BLAME THE MACHINE SINCE SHE WAS NOT SURE IT WAS THE CAUSE. SHE DID GO TO ANOTHER DOCTOR AND THAT SHE WOULD BE GOING FOR X-RAYS SINCE THE DOCTOR DID NOT KNOW HOW TO HANDLE THE ISSUE WITH THE BURNS. SHE STATED SHE WANTED HER MONEY BACK, BUT A REFUND WAS NOT GOING TO BE SATISFACTORY SO NO REFUND WAS ISSUED AT THE TIME. SHE STATED SHE DID NOT WASH THE PADS PRIOR TO USING THEM OR APPLY MOISTURIZER. SHE STATED SHE USED MOISTURIZER IN GENERAL AND USED IT TO TREAT THE BURN PER HER DOCTOR'S INSTRUCTIONS. SHE STATED SHE WAS TREATING PERSISTENT ANTERIOR SIDE PAIN. THE CONSUMER CALLED ON (B)(6) 2023. SHE STATED SHE RECEIVED AN E-MAIL STATING THAT SHE WAS TOLD TO STOP USING THE UNIT. SHE STATED THAT IT WAS NOT TRUE THAT SHE WAS TOLD THAT. SHE DID NOT WANT ANY MORE EMAILS. SHE WAS ADVISED THAT IN ORDER TO INVESTIGATE THE ISSUE FURTHER, SHE WOULD NEED TO SEND IN HER UNIT FOR INSPECTION. SHE REFUSED AND STATED SHE WAS KEEPING THE UNIT FOR EVIDENCE. SHE DID NOT WANT A REPLACEMENT UNIT OR A REFUND. NO FURTHER CONTACT HAS BEEN RECEIVED FROM THE CONSUMER.",TENS (over-the-counter)
18169387,369239419,N,0,,"PRODUCT OBSERVATIONS: THERE IS NO APPARENT DAMAGE TO THE LEAD WIRE CONNECTING CABLES WHICH WOULD BE EXPECTED TO IMPACT PERFORMANCE. THERE ARE LIGHT SCRATCHES AND SOME DEBRIS ON THE CABLES CONSISTENT WITH USE. THE DEVICE HAD LIGHT SCRATCHES AND SCUFFS BUT OTHERWISE IT APPEARS CLEAN AND IN GOOD CONDITION. WARRANTY LABEL WAS SECURE AND INTACT. DELAY IN FINAL TESTING AS OSCILLOSCOPE WAS SENT OUT FOR ANNUAL CALIBRATION. ETA 2-WEEK (B)(6) 2024. EACH CHANNEL WAS TESTED AT THE 25V & 50V A 12-MINUTE RUN CYCLE USING EQUIPMENT ID NO. (B)(4) DIGITAL OSCILLOSCOPE WITH AND 1000 RESISTANCE CONNECTED PER OEM 4-POLE INTERFERENTIAL MODE PRODUCT SPECIFICATIONS. CONCLUSION: THE DEVICE CONFORMS TO THE PRODUCT TECHNICAL SPECIFICATIONS. THE TEST WAS REPEATED ON ALL 4 CHANNELS. DURING ALL TESTS, THE DEVICE INTENSITY COULD BE INCREASED AND DECREASED BY THE ASSOCIATED NUMBER KNOBS (1-4) WITHOUT ERROR. NO SPIKE IN CURRENT, FREQUENCY OR PULSE WIDTH WAS CAPTURED DURING TESTING.",TENS (prescription)
18333765,370674071,N,0,,"PRODUCT OBSERVATIONS: THERE IS NO APPARENT DAMAGE TO THE LEAD WIRE CONNECTING CABLES WHICH WOULD BE EXPECTED TO IMPACT PERFORMANCE. THERE ARE LIGHT SCRATCHES AND SOME DEBRIS ON THE CABLES CONSISTENT WITH USE. THE DEVICE HAD LIGHT SCRATCHES AND SCUFFS BUT OTHERWISE IT APPEARS CLEAN AND IN GOOD CONDITION. WARRANTY LABEL WAS SECURE AND INTACT. EACH CHANNEL WAS TESTED AT THE 25V & 50V A 12-MINUTE RUN CYCLE USING EQUIPMENT ID NO. C027 DIGITAL OSCILLOSCOPE WITH AND 1000 RESISTANCE CONNECTED PER OEM 4-POLE INTERFERENTIAL MODE PRODUCT SPECIFICATIONS. CONCLUSION: THE DEVICE CONFORMS TO THE PRODUCT TECHNICAL SPECIFICATIONS. THE TEST WAS REPEATED ON ALL 4 CHANNELS. DURING ALL TESTS, THE DEVICE INTENSITY COULD BE INCREASED AND DECREASED BY THE ASSOCIATED NUMBER KNOBS (1-4) WITHOUT ERROR. NO SPIKE IN CURRENT, FREQUENCY OR PULSE WIDTH WAS CAPTURED DURING TESTING.",TENS (prescription)
18607177,334200172,D,0,,PATIENT ALSO NOTED THEY HAD AN OLD DEVICE BEFORE THEY WERE IMPLANTED AND THEY WERE USING THE EMPI EPIX XL 9112065 (AGENT UNDERSTOOD THIS AS TENS UNIT). PATIENT NOTE ONLY ONE OF THE LEADS OR WIRES WERE WORKING ON THE TENS UNIT. THIS REPORT REFLECTS INFORMATION RECEIVED BY FDA IN THE FORM OF A NOTIFICATION PER 803.22 (B)(2).,TENS (prescription)
18861530,337197251,N,0,,"ON (B)(6) 2024, THE CUSTOMER CONTACTED MOTIVE CUSTOMER SERVICE STATING THAT HE USED THE MOTIVE DEVICE TO TREAT HIS RIGHT KNEE. AFTER THE SECOND TREATMENT, THE CUSTOMER NOTICED SOME GEL PULLED AWAY FROM THE PAD AND STAYED ON HIS LEG; EACH TREATMENT THEREAFTER THE GEL DEGRADED FURTHER. THE PAD READ 68% OF USAGE ON THE APP AND THE CUSTOMER FOUND TWO BURN MARKS ON HIS LEG. IT WAS REPORTED BY THE CUSTOMER THAT ONE OF THE BURNS WAS DEEP. THIS CUSTOMER REPORTED THAT HE HAD COMPLETED 6 TREATMENTS: 10 MIN (1); 30 MINUTES (2), 30 MINUTES (3); 30 MINUTES (4); 30 MINUTES (5); 30 MINUTES (6). INITIALLY THE CUSTOMER USED A DIME SIZE ABOUT OF ELECTRODE GEL ON HIS LEG BEFORE TREATMENT; HOWEVER, THE TREATMENT DISCOMFORT PROMPTED HIM TO INCREASE THE AMOUNT TO ELECTRODE GEL THAT WAS USED ON HIS LEG BEFORE TREATMENT. TREATMENT TIME AND LEVELS: THERAPY TIME (MINUTES): VMO INTENSITY @START VMO INTENSITY @END RF INTENSITY @START RF INTENSITY @END 1 MINUTES ON (B)(6)2024) , 5 40 2 40 29 MINUTES ON (B)(6) 2024) , 52 58 39 46 30 MINUTES ON (B)(6) 2024) , 61 67 54 58 30 MINUTES ON (B)(6) 2024) , 60 72 52 68 30 MINUTES ON (B)(6) 2024 , 59 67 63 72 30 MINUTES ON (B)(6) 2024 . 60 55 57 54 A REVIEW OF THE DEVICE HISTORY RECORD (DHR) SHOWED THIS DEVICE INCLUDING THE STIM GENERATOR, GARMENT AND ELECTRODES HAD MET ALL THE APPLICABLE MANUFACTURING SPECIFICATIONS. THE CUSTOMER DISCARDED THE COMPONENT / THERAPY PAD IT WILL NOT BE RETURNED.",Powered muscle stimulator
18861530,337197252,D,0,,"ON (B)(6) 2024, THE CUSTOMER CONTACTED MOTIVE CUSTOMER SERVICE STATING THAT HE USED THE MOTIVE DEVICE TO TREAT HIS RIGHT KNEE. AFTER THE SECOND TREATMENT, THE CUSTOMER NOTICED SOME GEL PULLED AWAY FROM THE PAD AND STAYED ON HIS LEG; EACH TREATMENT THEREAFTER THE GEL DEGRADED FURTHER. THE PAD READ 68% OF USAGE ON THE APP AND THE CUSTOMER FOUND TWO BURN MARKS ON HIS LEG. IT WAS REPORTED BY THE CUSTOMER THAT ONE OF THE BURNS WAS DEEP. THS CUSTOMER HAD COMPLETED 6 TREATMENTS: 10 MIN (1); 30 MINUTES (2), 30 MINUTES (3); 30 MINUTES (4); 30 MINUTES (5); 30 MINUTES (6). INITIALLY THE CUSTOMER USED A DIME SIZE ABOUT OF ELECTRODE GEL ON HIS LEG BEFORE TREATEMENT; HOWEVER, THE TREATMENT DISCOMFORT PROMPTED HIM TO INCREASE THE AMOUNT TO ELECTRODE GEL THAT WAS USED ON HIS LEG BEFORE TREATMENT.",Powered muscle stimulator
18902515,337643110,D,0,,"THE DEVICE HAS BEEN USED WITH A KNOWN DEFECTIVE SPHERICAL JOINT IN THE APPLICATOR ARM. THE JOINT BROKE, THE APPLICATOR FELL DOWN AND THE ARM BOUNCED UP THROUGH THE FORCE OF A GAS PRESSURE SPRING. A BYSTANDER WAS HIT BY THE ARM AND RECEIVED A LACERATION AT THE FOREHEAD. THE WOUND HAS TO BE STITCHED.",Powered muscle stimulator
18902515,337643115,N,0,,"(1) THE DEVICE HAS BEEN USED WITH A KNOWN DEFECTIVE SPHERICAL JOINT IN THE APPLICATOR ARM. THE JOINT BROKE, THE APPLICATOR FELL DOWN AND THE ARM BOUNCED UP THROUGH THE FORCE OF A GAS PRESSURE SPRING. (2 ) A BYSTANDER WAS HIT BY THE ARM AND RECEIVED A LACERATION AT THE FOREHEAD. THE WOUND HAS TO BE STITCHED. (3) A NEW ARM WHICH WAS ALREADY SHIPPED TO THE HCP BEFORE THE INCIDENT WAS INSTALLED. (4) THE BALL IN THE SHPERICAL JOINT SHOWED SIGNS OF TEAR AND WEAR. THE CUSTOMER NOTICED THE DAMAGE AND ORDERED A NEW APPLICATOR ARM FOR REPLACEMENT. THE NEW ARM HAS BEEN DELIVERED PRIOR TO THE INCIDENT BUT WAS NOT INSTALLED. THE DAMAGE IN THE SPHERICAL JOINT WAS MOST PROBABLY CAUSED BY MOVING THE JOINT WITHOUT OPENING THE FIXATION LEVER. FURTHER USAGE LEAD TO A SUDDEN FRACTURE OF THE JOINT.",Powered muscle stimulator
18984545,338677658,N,0,,IT WAS REPORTED THAT ALLEGEDLY THE HOTPAC BURST INSIDE THE MICROWAVE AND CAUGHT FIRE FROM A POCKET. THERE WAS NO INJURY OR DAMAGE TO THE MICROWAVE REPORTED. HOTPAC WAS DISPOSED OF IN A FIRE HAZARD BAG. PHOTOS AVAILABLE OF THE MICROWAVE OR HOTPAC. ADDITIONAL REPORTING ON THIS EVENT WILL BE PROVIDED AS A SUPPLEMENTAL REPORT TO THIS DOCUMENT IF THE DEVICE IS RETURNED OR ADDITIONAL INFORMATION IS RECEIVED.,TENS (over-the-counter)
18984545,338677659,D,0,,IT WAS REPORTED THAT ALLEGEDLY THE HOTPAC BURST INSIDE THE MICROWAVE AND CAUGHT FIRE FROM A POCKET. THERE WAS NO INJURY OR DAMAGE TO THE MICROWAVE REPORTED. HOTPAC WAS DISPOSED OF IN A FIRE HAZARD BAG.,TENS (over-the-counter)
19075352,339776028,N,0,,IMPROPER USE OF DEVICE. THE DEVICE IS PRESCRIBED FOR HER KNEW NOT FOR HER ARM. TREATMENT DIFFERS FOR DIFFERENT AREAS OF BODY. SHE WAS TRAINED FOR PROPER ELECTRODE PLACEMENT ON HER KNEE NOT HER ARM. THE DEVICE PROVIDED BENEFITS FOR HER KNEE.,TENS (prescription)
19075352,339776029,D,0,,"WHEN PATIENT TURNS ON THE DEVICE , UNIT IS BLINKING AND BEEPING AND SHOCKING AT THE SAME TIME PT WANTED TO PRESS MINUS BUTTON OR POWER BUTTON NONE OF THEM WORKED SO PT JUST PEELED ELECTRODES FROM ARM. INJURY OCCURRED BUT PATIENT DID NOT SEEK ANY MEDICAL ATTENTION. PT DOESN'T HAVE ANY BLISTERS, BUT PT COULDN'T MOVE ARM FOR 3 HOURS. IN THE FOLLOW UP THE PATIENT MENTIONED THAT RIGHT ARM ISNT FUNCTIONING PROPERLY, NO DAMAGE TO THE SKIN BUT CANT LIFT HER ARM OVER HEAD OR BEHIND THE BACK.",TENS (prescription)
19177900,340999873,N,0,,"WE HAVE COMMUNICATED WITH THE IMPORTER, THIS EQUIPMENT HAS NOT BEEN RETURNED TO THE IMPORTER, THE EQUIPMENT HAS NOT BEEN RETURNED FOR ANALYSIS. WE CHECKED THE SAME BATCH OF DHR (DEVICE HISTORY RECORDS) AND THERE WERE NO HIGH STRENGTH OR INSTANTANEOUS STRENGTH INCREASES RECORDED IN THE DHR DURING PRODUCTION OR TESTING. THE CAUSE OF THE CUSTOMER COMPLAINT COULD NOT BE DETERMINED BECAUSE THE DEVICE WAS NOT RETURNED FOR ANALYSIS.",TENS (prescription)
19177900,340999874,D,0,,"SEVERELY BURNED PATIENT UNIT NEEDS TO BE CHECKED OUT BY VENDOR. PRE-EXISTING MEDICAL CONDITIONS IS PARAPLEGIA, MILD EDEMA. DEVICE IS 4 YEARS OLD AND USED FOR 4 YEARS. NO OTHER DEVICES WERE BEING USED AT THE TIME OF EVENT. NO DISCOMFORT AT TIME OR AFTER INCIDENT. USED IN IFC 40 MA. UNIT LAST SERVICED 5/18/2022 PRIOR TO INCIDENT. THEY ARE USING 2"" BY 4"" SELF ADHESIVE ELECTRODES ON B ANTERIOR TIBIALIS, 2 EACH LE, 4"" APART. NEW ELECTRODES , ONLY ONE USE. NOTHING WAS APPLIED TO THE SKIN PRIOR AND DEVICE WAS TURNED OFF WHEN PADS WERE REMOVED/ADJUSTED. SKIN WAS CLEAR. BURNS APPEARED THE NEXT DAY, (B)(6) 2023, AND RESOLVED ON (B)(6) 2023. THEY DO NOT HAVE EXPERIENCE WITH THIS WAVEFORM. THE PATIENT DID SEEK MEDICAL ATTENTION AND THEY HAVE THE MEDICAL RECORDS. ELECTRODES ARE NOT SHARED BETWEEN MULTIPLE PATIENTS AND ARE STORED IN ORIGINAL PACKAGE IN THERAPY GYM. THEY WERE USING IFC, 4 ELECTRODES, 2 PER LE. PATIENT HAS NO KNOWN ALLERGIES. THEY ARE USING 2"" X 4"" DURA-STICK PLUS ELECTRODES. THEY HAVE NOT TRIED NEW LEADS, UNIT IS OUT OF SERVICE AFTER INCIDENT. LEADS SHOW NO DAMAGE.",TENS (prescription)
19218420,341458027,N,0,,IT WAS REPORTED THAT THE PATIENT SUSTAINED A BURN INJURY FROM TREATMENT USING A HOTPAC. THE DEVICE HAS NOT BEEN RETURNED FOR EVALUATION. AT THIS TIME WE DO NOT KNOW THE DEGREE OF THE BURN OR THE DETAILS OF THE MEDICAL INTERVENTION THAT WAS REQUIRED TO TREAT THE PATIENT FOR THE INJURY. ADDITIONAL REPORTING ON THIS EVENT WILL BE PROVIDED AS A SUPPLEMENTAL REPORT TO THIS DOCUMENT IF THE DEVICE IS RETURNED OR ADDITIONAL INFORMATION IS RECEIVED.,TENS (over-the-counter)
19218420,341458028,D,0,,IT WAS REPORTED THAT THE PATIENT SUSTAINED A BURN INJURY FROM TREATMENT USING A HOTPAC.,TENS (over-the-counter)
19255487,341906853,D,0,,"THE CONSUMER SENT AN EMAIL STATING THAT HE PURCHASED A TENS UNIT FROM A CVS IN PHOENIX, AZ. HE USED THE UNIT ONCE AS INSTRUCTED AND WAS TOLD BY THE VA HOSPITAL THAT HE RECEIVED SECOND DEGREE BURNS. DURING A FOLLOW-UP CALL, THE CONSUMER STATED HIS WIFE BOUGHT THE UNIT FOR HIS BURSITIS. HE STATED IT WAS AMAZING WHAT IT DID WHEN HE FIRST USED THE UNIT FOR HIS BURSITIS. HE STATED THAT AFTER A WHILE HE REMOVED THE UNIT AND HE SAW A BURN SO HE WENT TO THE VA HOSPITAL, AND THEY GAVE HIM MEDICINE FOR A SECOND DEGREE BURN. HE STATED HE WAS VERY EXCITED ABOUT THE UNIT BUT HESITANT TO USE IT AGAIN. HE STATED HE WAS WALKING OR SITTING DOWN WHEN THE BURN HAPPENED. HE WAS WEARING STRETCHY PANTS OVER THEM LIKE SWEATPANTS. THE PADS WERE PLACED 6-7 INCHES APART FROM ONE ANOTHER. THERE WERE NO OTHER DEVICES NEARBY. HE STATED HE USED THE UNIT FOR ONE ROUND OF 15 MINUTES. HE WAS THE ONLY USER. HE STATED THE EVENT TOOK PLACE ON APRIL 23RD AROUND 5-6 PM. HE WENT TO THE VA HOSPITAL ON (B)(6). HE WAS USING THE ORIGINAL PADS. HE STATED THE BURN WAS ON HIS RIGHT HIP AND BUTTOCKS RIGHT WHERE THE HIP BONES MEET. HE STATED HE WAS NOT ALLERGIC TO ANYTHING, BUT HE REMEMBERS WHEN HE WAS YOUNG THAT INNER TUBES WOULD IRRITATE HIS SKIN. HE STATED HE HAD SENSITIVE SKIN. HE STATED HE USED THE UNIT AFTER SHOWERING AND USING BODY WASH. HE MADE SURE THE AREA WAS DRY. HE PEELED OFF THE LABEL AND USED BOTH PADS, AND THERE WAS NO OIL OR LOTION ON THE SKIN. HE WAS PRESCRIBED OINTMENT TO PUT ON THE BURN AND HAD NO OTHER TREATMENTS DONE DURING THE VISIT. HE STATED HE WAS GETTING A SHOT OF CORTISONE FOR HIS BURSITIS INSTEAD. HE AGREED TO SEND THE UNIT BACK FOR INSPECTION AND REQUESTED A REFUND. THE CONSUMER CALLED BACK ON MAY 1ST, 2024 TO SPEAK TO THE CALL CENTER REPRESENTATIVE. SHE WAS UNAVAILABLE AT THE TIME SO HE HUNG UP. SHE CALLED BACK, BUT HE DID NOT ANSWER.",TENS (over-the-counter)
19255487,341906854,N,0,,"A ROOT CAUSE HAS NOT BEEN DETERMINED. IT HAS NOT BEEN CONFIRMED IF THE DEVICE CAUSED OR CONTRIBUTED TO THE REPORTED INCIDENT; HOWEVER, DUE TO THE CUSTOMER REPORTING HAVING BURNS THIS MEDWATCH IS BEING FILED. THE CONSUMER WAS OFFERED A REFUND. THE PRODUCT INSTRUCTION MANUAL INCLUDES FOLLOWING WARNINGS: - THE MERE EXISTENCE OF PAIN FUNCTIONS AS A VERY IMPORTANT WARNING TELLING US THAT SOMETHING IS WRONG. THEREFORE, IF YOU SUFFER FROM ANY SERIOUS ILLNESS, CONSULT YOUR PHYSICIAN IN ORDER TO CONFIRM THAT IT IS ADVISABLE FOR YOU TO USE THIS UNIT. - IF YOU EXPERIENCE ANY SKIN IRRITATION OR REDNESS AFTER A SESSION, DO NOT CONTINUE STIMULATION IN THAT AREA OF THE SKIN. - PLACE PADS ON EITHER SIDE OF THE PAIN, NOT DIRECTLY ON THE PAIN. POSSIBLE ADVERSE REACTIONS: - YOU SHOULD STOP USING THE UNIT AND CONSULT WITH YOUR PHYSICIAN IF YOU EXPERIENCE ADVERSE REACTIONS FROM THE UNIT. - YOU MAY EXPERIENCE SKIN IRRITATION AND BURNS BENEATH THE STIMULATION ELECTRODES APPLIED TO YOUR SKIN.",TENS (over-the-counter)
19255487,341960796,D,0,,"THE CONSUMER SENT AN EMAIL STATING THAT HE PURCHASED A TENS UNIT FROM A CVS IN PHOENIX, AZ. HE USED THE UNIT ONCE AS INSTRUCTED AND WAS TOLD BY THE VA HOSPITAL THAT HE RECEIVED SECOND DEGREE BURNS. DURING A FOLLOW-UP CALL, THE CONSUMER STATED HIS WIFE BOUGHT THE UNIT FOR HIS BURSITIS. HE STATED IT WAS AMAZING WHAT IT DID WHEN HE FIRST USED THE UNIT FOR HIS BURSITIS. HE STATED THAT AFTER A WHILE HE REMOVED THE UNIT AND HE SAW A BURN SO HE WENT TO THE VA HOSPITAL, AND THEY GAVE HIM MEDICINE FOR A SECOND DEGREE BURN. HE STATED HE WAS VERY EXCITED ABOUT THE UNIT BUT HESITANT TO USE IT AGAIN. HE STATED HE WAS WALKING OR SITTING DOWN WHEN THE BURN HAPPENED. HE WAS WEARING STRETCHY PANTS OVER THEM LIKE SWEATPANTS. THE PADS WERE PLACED 6-7 INCHES APART FROM ONE ANOTHER. THERE WERE NO OTHER DEVICES NEARBY. HE STATED HE USED THE UNIT FOR ONE ROUND OF 15 MINUTES. HE WAS THE ONLY USER. HE STATED THE EVENT TOOK PLACE ON (B)(6) 2024 AROUND 5-6 PM. HE WENT TO THE VA HOSPITAL ON (B)(6) 2024. HE WAS USING THE ORIGINAL PADS. HE STATED THE BURN WAS ON HIS RIGHT HIP AND BUTTOCKS RIGHT WHERE THE HIP BONES MEET. HE STATED HE WAS NOT ALLERGIC TO ANYTHING, BUT HE REMEMBERS WHEN HE WAS YOUNG THAT INNER TUBES WOULD IRRITATE HIS SKIN. HE STATED HE HAD SENSITIVE SKIN. HE STATED HE USED THE UNIT AFTER SHOWERING AND USING BODY WASH. HE MADE SURE THE AREA WAS DRY. HE PEELED OFF THE LABEL AND USED BOTH PADS, AND THERE WAS NO OIL OR LOTION ON THE SKIN. HE WAS PRESCRIBED OINTMENT TO PUT ON THE BURN AND HAD NO OTHER TREATMENTS DONE DURING THE VISIT. HE STATED HE WAS GETTING A SHOT OF CORTISONE FOR HIS BURSITIS INSTEAD. HE AGREED TO SEND THE UNIT BACK FOR INSPECTION AND REQUESTED A REFUND. THE CONSUMER CALLED BACK ON MAY 1ST, 2024 TO SPEAK TO THE CALL CENTER REPRESENTATIVE. SHE WAS UNAVAILABLE AT THE TIME SO HE HUNG UP. SHE CALLED BACK, BUT HE DID NOT ANSWER.",TENS (over-the-counter)
19255487,341997061,N,0,,"A ROOT CAUSE HAS NOT BEEN DETERMINED. IT HAS NOT BEEN CONFIRMED IF THE DEVICE CAUSED OR CONTRIBUTED TO THE REPORTED INCIDENT; HOWEVER, DUE TO THE CUSTOMER REPORTING HAVING BURNS THIS MEDWATCH IS BEING FILED. THE CONSUMER WAS OFFERED A REFUND. THE PRODUCT INSTRUCTION MANUAL INCLUDES FOLLOWING WARNINGS: - THE MERE EXISTENCE OF PAIN FUNCTIONS AS A VERY IMPORTANT WARNING TELLING US THAT SOMETHING IS WRONG. THEREFORE, IF YOU SUFFER FROM ANY SERIOUS ILLNESS, CONSULT YOUR PHYSICIAN IN ORDER TO CONFIRM THAT IT IS ADVISABLE FOR YOU TO USE THIS UNIT. - IF YOU EXPERIENCE ANY SKIN IRRITATION OR REDNESS AFTER A SESSION, DO NOT CONTINUE STIMULATION IN THAT AREA OF THE SKIN. - PLACE PADS ON EITHER SIDE OF THE PAIN, NOT DIRECTLY ON THE PAIN. POSSIBLE ADVERSE REACTIONS: - YOU SHOULD STOP USING THE UNIT AND CONSULT WITH YOUR PHYSICIAN IF YOU EXPERIENCE ADVERSE REACTIONS FROM THE UNIT. - YOU MAY EXPERIENCE SKIN IRRITATION AND BURNS BENEATH THE STIMULATION ELECTRODES APPLIED TO YOUR SKIN. ************************************************************************************************************************************* UPDATED INFORMATION IN SECTION E1, F3-5, F7. IMPORTER AND INITIAL REPORT CONTACT INFORMATION WAS SWITCHED.",TENS (over-the-counter)
19283013,342177139,N,0,,"A ROOT CAUSE HAS NOT BEEN DETERMINED. IT HAS NOT BEEN CONFIRMED IF THE DEVICE CAUSED OR CONTRIBUTED TO THE REPORTED INCIDENT; HOWEVER, DUE TO THE CUSTOMER REPORTING HAVING BURNS THIS MEDWATCH IS BEING FILED. THE CONSUMER WAS OFFERED A REFUND. THE PRODUCT INSTRUCTION MANUAL INCLUDES FOLLOWING WARNINGS: THE MERE EXISTENCE OF PAIN FUNCTIONS AS A VERY IMPORTANT WARNING TELLING US THAT SOMETHING IS WRONG. THEREFORE, IF YOU SUFFER FROM ANY SERIOUS ILLNESS, CONSULT YOUR PHYSICIAN IN ORDER TO CONFIRM THAT IT IS ADVISABLE FOR YOU TO USE THIS UNIT. IF YOU EXPERIENCE ANY SKIN IRRITATION OR REDNESS AFTER A SESSION, DO NOT CONTINUE STIMULATION IN THAT AREA OF THE SKIN. PLACE PADS ON EITHER SIDE OF THE PAIN, NOT DIRECTLY ON THE PAIN. POSSIBLE ADVERSE REACTIONS: YOU SHOULD STOP USING THE UNIT AND CONSULT WITH YOUR PHYSICIAN IF YOU EXPERIENCE ADVERSE REACTIONS FROM THE UNIT. YOU MAY EXPERIENCE SKIN IRRITATION AND BURNS BENEATH THE STIMULATION ELECTRODES APPLIED TO YOUR SKIN.",TENS (over-the-counter)
19283013,342177140,D,0,,"THE CONSUMER SENT AN EMAIL STATING THAT HE PURCHASED A TENS UNIT FROM A CVS IN PHOENIX, AZ. HE USED THE UNIT ONCE AS INSTRUCTED AND WAS TOLD BY THE (B)(6) HOSPITAL THAT HE RECEIVED SECOND DEGREE BURNS. DURING A FOLLOW-UP CALL, THE CONSUMER STATED HIS WIFE BOUGHT THE UNIT FOR HIS BURSITIS. HE STATED IT WAS AMAZING WHAT IT DID WHEN HE FIRST USED THE UNIT FOR HIS BURSITIS. HE STATED THAT AFTER A WHILE HE REMOVED THE UNIT AND HE SAW A BURN SO HE WENT TO THE (B)(6) HOSPITAL, AND THEY GAVE HIM MEDICINE FOR A SECOND DEGREE BURN. HE STATED HE WAS VERY EXCITED ABOUT THE UNIT BUT HESITANT TO USE IT AGAIN. HE STATED HE WAS WALKING OR SITTING DOWN WHEN THE BURN HAPPENED. HE WAS WEARING STRETCHY PANTS OVER THEM LIKE SWEATPANTS. THE PADS WERE PLACED 6-7 INCHES APART FROM ONE ANOTHER. THERE WERE NO OTHER DEVICES NEARBY. HE STATED HE USED THE UNIT FOR ONE ROUND OF 15 MINUTES. HE WAS THE ONLY USER. HE STATED THE EVENT TOOK PLACE ON APRIL 23RD AROUND 5-6 PM. HE WENT TO THE (B)(6) HOSPITAL ON (B)(6). HE WAS USING THE ORIGINAL PADS. HE STATED THE BURN WAS ON HIS RIGHT HIP AND BUTTOCKS RIGHT WHERE THE HIP BONES MEET. HE STATED HE WAS NOT ALLERGIC TO ANYTHING, BUT HE REMEMBERS WHEN HE WAS YOUNG THAT INNER TUBES WOULD IRRITATE HIS SKIN. HE STATED HE HAD SENSITIVE SKIN. HE STATED HE USED THE UNIT AFTER SHOWERING AND USING BODY WASH. HE MADE SURE THE AREA WAS DRY. HE PEELED OFF THE LABEL AND USED BOTH PADS, AND THERE WAS NO OIL OR LOTION ON THE SKIN. HE WAS PRESCRIBED OINTMENT TO PUT ON THE BURN AND HAD NO OTHER TREATMENTS DONE DURING THE VISIT. HE STATED HE WAS GETTING A SHOT OF CORTISONE FOR HIS BURSITIS INSTEAD. HE AGREED TO SEND THE UNIT BACK FOR INSPECTION AND REQUESTED A REFUND. THE CONSUMER CALLED BACK ON MAY 1ST, 2024 TO SPEAK TO THE CALL CENTER REPRESENTATIVE. SHE WAS UNAVAILABLE AT THE TIME SO HE HUNG UP. SHE CALLED BACK, BUT HE DID NOT ANSWER.",TENS (over-the-counter)
19426441,343727867,N,0,,"THE DEVICE IN THIS LOT WAS 1 OF 4 MANUFACTURED BY A SUPPLIER NO LONGER USED BY DIH. THE ASSEMBLY OF THE SPREADER BAR HAS MOVED TO OUR OWN MANUFACTURING FACILITY WHERE QA PROCEDURES ARE IN PLACE TO DETECT DEFECTIVE SELF-LOCKING NUTS. SINCE THE SUSPECT LOT OF DEVICES HAVE BEEN INSPECTED, WE HAVE DETERMINED THAT IT IS IMPROBABLE FOR THIS EVENT TO REOCCUR.",Powered exercise equipment (incl. CPM)
19426441,343727868,D,0,,"DIH TECHNOLOGIES, INC. RECEIVED A REPORT STATING THE CENTER BOLT ON YOKE OF THE SPREADER BAR BECAME DETACHED DURING A PATIENT SESSION. THE CAREGIVER WAS ABLE TO STABILIZE THE PATIENT DURING THE EVENT. NO ADVERSE EVENT OCCURRED. THE SPREADER BAR WAS REPLACED ON THIS DEVICE. THE SPREADER BAR ASSEMBLY WAS RETURNED TO THE MANUFACTURER FOR ANALYSIS. THE PRIMARY ROOT CAUSE WAS DETERMINED THAT THE SELF-LOCKING NUT DESIGNED TO PREVENT THE SPREADER BAR FROM DETACHING WAS DEFECTIVE. THE DEFECTIVE NUT WAS FOUND TO HAVE GAPS THAT WERE OUT OF SPECIFICATION. THESE GAPS DID NOT ALLOW THE PROPER ENGAGEMENT WITH THE CENTER BOLT. IN NORMAL OPERATION, THE SPREADER BAR CAN SPIN 360 DEGREES ON A BEARING THAT IS INSTALLED ABOVE THE SELF-LOCKING NUT. SINCE THE SELF-LOCKING NUT WAS NOT ENGAGING WITH THE BOLT SUFFICIENTLY, EXPECTED FORCES APPLIED FROM THE PATIENT'S WEIGHT ALLOWED THE NUT TO BACK-OFF AS THE SPREADER BAR ROTATED. SPREADER BAR ASSEMBLIES FROM THIS LOT WERE INSPECTED FOR DEFECTIVE NUTS AND NO ADDITIONAL DEFECTS WERE FOUND. THE ANNUAL MAINTENANCE RECORDS OF ALL OTHER FIELD UNITS DO NOT SHOW ANY DEFECTIVE NUTS.",Powered exercise equipment (incl. CPM)
19075352,346483365,D,0,,"WHEN PATIENT TURNS ON THE DEVICE , UNIT IS BLINKING AND BEEPING AND SHOCKING AT THE SAME TIME PT WANTED TO PRESS MINUS BUTTON OR POWER BUTTON NONE OF THEM WORKED SO PT JUST PEELED ELECTRODES FROM ARM. INJURY OCCURRED BUT PATIENT DID NOT SEEK ANY MEDICAL ATTENTION. PT DOESN'T HAVE ANY BLISTERS, BUT PT COULDN'T MOVE ARM FOR 3 HOURS. IN THE FOLLOW UP THE P[ATIENT MENTIONED THAT RIGH ARM ISNT FUNCTIONING PROPERLY, NO DAMAGE TO THE SKIN BUT CANT LIFT HER ARM OVER HEAD OR BEHIND THE BACK.",TENS (prescription)
19075352,346483366,N,0,,"THE ROOT CAUSE OF THE REPORTED ISSUE IS NOT DEFINITIVELY CLEAR AS THE DEVICE IS NOT AVAILABLE FOR FURTHER INVESTIGATION. HOWEVER, BASED ON THE AVAILABLE DETAILS, THE FOLLOWING OBSERVATIONS AND CONCLUSIONS HAVE BEEN MADE. THE PATIENT DID NOT SEEK MEDICAL ATTENTION FOLLOWING THE INCIDENT. THE DEVICE WAS PRESCRIBED FOR THE PATIENT'S KNEE, NOT FOR USE ON THE ARM. THE PATIENT WAS TRAINED SOLELY ON THE PROPER KNEE ELECTRODE PLACEMENTS FOR THE DEVICE. THE PATIENT RECEIVED A WRAP THAT IS TYPICALLY USED WITH A CONDUCTIVE CREAM. IT IS CONCEIVABLE THAT THE PATIENT PLACED NONINVASIVE ELECTRODES OVER THE CONDUCTIVE CREAM ON HER SKIN. THIS ACTION WOULD HAVE SIGNIFICANTLY DROPPED THE IMPEDANCE, RESULTING IN THE PATIENT FEELING A VERY SMALL VOLTAGE SPIKE UPON TURNING ON THE DEVICE. IT IS IMPORTANT TO NOTE THAT A 1-VOLT SPIKE WOULD HAVE BEEN IMPOSSIBLE TO CAUSE ANY HARM OR ADVERSE EVENT. IF IT HAD BEEN A SUBSTANTIAL SHOCK, THERE WOULD LIKELY HAVE BEEN VISIBLE SIGNS SUCH AS BLISTERS OR REDNESS, BUT THE PATIENT REPORTED NONE. MEDICAL CONSULTATION: AFTER CONSULTING THE TREATING DOCTOR, IT WAS CONFIRMED THAT THE DEVICE WAS SOLELY PRESCRIBED FOR THE PATIENT'S KNEE. THE PATIENT ALSO CONFIRMED THAT THE DEVICE PROVIDED VERY POSITIVE BENEFITS FOR HER KNEE. THE DOCTOR MENTIONED THAT THE PATIENT WAS NEVER INSTRUCTED TO USE THE DEVICE ON HER UPPER RIGHT EXTREMITY AND WAS NOT TAUGHT THE PROPER ELECTRODE PLACEMENT FOR ANY UPPER RIGHT EXTREMITY PAIN THE PATIENT MAY HAVE WANTED TO TREAT. CONCLUSION: BASED ON THE INVESTIGATION, IT APPEARS THAT THE INCIDENT MAY HAVE RESULTED FROM THE PATIENT'S INCORRECT USE OF THE DEVICE OUTSIDE THE PRESCRIBED AREA (KNEE) AND WITHOUT PROPER TRAINING FOR SUCH USE. THE SIGNIFICANT DROP IN IMPEDANCE CAUSED BY APPLYING THE CONDUCTIVE CREAM MIGHT HAVE LED TO THE PATIENT FEELING A MINOR VOLTAGE SPIKE. HOWEVER, THERE IS NO EVIDENCE TO SUGGEST THAT THIS COULD CAUSE HARM OR AN ADVERSE EVENT, AS NO PHYSICAL SYMPTOMS SUCH AS BLISTERS OR REDNESS WERE REPORTED.",TENS (prescription)
19813297,347569851,N,0,,"THE DEVICE WAS RETURNED TO THE IMPORTER FOR TESTING. WE CHECKED THE IMPORTER'S TEST RECORDS AND RESULTS, AND THE TEST RESULTS MET THE SPECIFICATIONS. NO PROBLEM WAS FOUND, THE COMPLAINT CANNOT BE CONFIRMED. THESE DEVICES ARE DESIGNED ACCORDING TO RELEVANT SAFETY STANDARDS AND PASSED ALL COMPLIANCE TESTS.",TENS (prescription)
19813297,347569852,D,0,,"ON (B)(6) 2024: HAS A THERATOUCH CX4 AND IT'S DOING SOME STRANGE THINGS AND WAS INVOLVED IN A BURN OF A PATIENT. HE BELIEVES THEY HAD MEDICAL TREATMENT. NO REDNESS OR DISCOMFORT REPORTED BY PATIENT POST TREATMENT BUT THEN WHEN SHE GOT HOME IT BECAME ITCHY AND BLISTERS DEVELOPED. THEY ARE REPORTING IT'S CHANNEL 3 THEY ARE NOT TRUSTING. HE WAS RUNNING PRE-MOD ON CHANNEL 3 AND WAS PLAYING WITH THE LEADS ON THE FRONT OF THE MACHINE AND THEY SEEMED KIND OF LOOSE AND HE DID RECEIVE THE NO CURRENT MESSAGE AND THEN THE MACHINE WENT DARK. HE HAD TO PRESS THE POWER BUTTON FOR IT TO COME BACK. THE CLINIC REPORTED THAT THE INTENSITY WAS DROPPING TO 0 AND HAD TO RESTART THE TREATMENT. ON (B)(6) 2024: NOTED A ""ZAP-LIKE"" SENSATION LASTING 3-4 SECONDS BUT THEN NO COMPLAINTS - PARAMETERS: INTERFERENTIAL ES - WERE THERE ANDY MODULATING PROGRAMS USED? NO - LEAD WIRES REPLACED IN LAST 6 MONTHS? NO - DO LEAD WIRES SHOW EXPOSED WIRES OR DAMAGE? NO - WERE NEW LEAD WIRES TRIED? THERE WERE NO COMPLAINTS DURING SESSION. AFTER THE 3-4 SEC AND ES WAS RESET AND NO ADDITIONAL PROBLEMS WAS FELT. THE ELECTRODES HAD JUST MOVED - WERE THE ELECTRODES THAT ARE SUPPLIED WITH THE DEVICE BEING USED? ELECTRODES WERE NOT SUPPLIED BY DEVICE : ELECTRODES USED WERE VALUTRODE 1.5"" X 3.5"" FROM AMAZON. USING FOUR SELF ADHESIVE 1.5"" X 3.5"" - VERIFY PLACEMENT ON BODY AND DISTANCE BETWEEN ELECTRODES: LC L1 - SACRAL BORDERS - HAVE YOU READ INSTRUCTION MANUAL IN REGARDS TO ELECTRODE PLACEMENT? NO - ELECTRODES ONLY USED ON END USER : USED OVER 3 SESSIONS - ELECTRODES STORED IN BAG THEY CAME IN, STORED AT ROOM TEMP - ELECTRODES NOT USED ON MULTIPLE PATIENTS - ELECTRODES USED ARE NOT RUBBER - NO OINTMENT USED - DEVICE OFF WHEN ELECTRODES REMOVED - NO SKIN PROBLEMS NOTED AT TIME OF TREATMENT - BURNS SHOWED UP OVER 24 HOURS AFTER USED - CUSTOMER IS STILL HAVING TREATMENTS AT WOUND CLINIC - PATIENT SOUGHT MEDICAL ATTENTION - 4 ELECTRODES USED - CRISS CROSSED - CARRIER FREQUENCY 5000 HZ -80/150 HZ / CV.",TENS (prescription)
19874032,348150031,D,0,,"DURING A SESSION WITH THE ATALANTE X EXOSKELETON IN FRANCE, A PATIENT WHO HAD PREVIOUSLY COMPLETED SEVERAL SESSIONS EXPERIENCED A DROP IN BLOOD PRESSURE AND FELT UNWELL AFTER 15 MINUTES OF WALKING. THE PATIENT WAS IMMEDIATELY SEATED AND EXTRACTED FROM THE EXOSKELETON FOLLOWING THE DEVICE'S EMERGENCY EXTRACTION PROCEDURE. AFTER ASSESSING THE PATIENT'S CONDITION AND CONFIRMING IT HAD RETURNED TO NORMAL, THE SESSION WAS HALTED, AND THE PATIENT WAS SENT HOME. THE NEXT DAY, THE PATIENT CONTACTED HER PHYSICIAN AFTER NOTICING PAIN, SWELLING AND SIGNIFICANT BRUISING ON THE LATERAL PART OF HER FOOT AND ANKLE. THE PHYSICIAN PRESCRIBED AN X-RAY AND A CT SCAN, WHICH REVEALED TWO FRACTURES: A TRANSVERSE FRACTURE AT THE DISTAL END OF THE TIBIA (AT THE JUNCTION BETWEEN THE METAPHYSIS AND THE EPIPHYSIS) WITHOUT DISPLACEMENT, AND A NON-DISPLACED INTERTUBEROSITY FRACTURE OF THE FIBULAR MALLEOLUS. THE PATIENT RECEIVED ORTHOPEDIC TREATMENT WITH AN OFFLOADING WALKING BOOT. POST-INCIDENT MEDICAL EXAMINATION RESULTS: AN ECHODOPPLER EXAMINATION DID NOT REVEAL SIGNS OF DEEP VENOUS THROMBOSIS. BONE DENSITOMETRY RESULTS INDICATED SEVERE OSTEOPOROSIS IN THE LUMBAR VERTEBRAE AND FEMORAL HEAD. BLOOD TESTS SHOWED ELEVATED C-REACTIVE PROTEIN (CRP) LEVELS, POSSIBLY INDICATING INFLAMMATION, ALONG WITH VITAMIN D DEFICIENCY AND DECREASED TOTAL SERUM PROTEIN CONCENTRATION. THE ACCOMPANYING PHYSIOTHERAPISTS REPORTED THAT THE EXOSKELETON WAS CORRECTLY ADJUSTED TO THE PATIENT'S SIZE AND THAT THE PATIENT WAS PROPERLY DONNED. THE SESSION HAD STARTED WITHOUT ANY ISSUE. IT IS SUSPECTED THAT DURING THE EMERGENCY EXTRACTION, THE PATIENT'S FOOT MAY HAVE BEEN BRIEFLY TRAPPED, CAUSING THE FRACTURES. HOWEVER, THE EXACT DYNAMICS IS UNCERTAIN AS THE PATIENT DID NOT REPORT ANY PAIN AT THAT TIME, AND THE EXTRACTION PROCESS DETAILS ARE UNCLEAR. ADDITIONALLY, IT WAS FOUND AFTERWARDS THAT THE PATIENT HAD SEVERE OSTEOPOROSIS WHICH IS A CONTRAINDICATION FOR USING THE ATALANTE X EXOSKELETON.",Powered exoskeleton
19874032,348150032,N,0,,"THE ADVERSE EVENT WAS REPORTED TO WANDERCRAFT ON (B)(6) 2024, WITH A PLANNED REPORTING DATE TO THE FDA OF JULY 30, 2024. HOWEVER, WANDERCRAFT IS CURRENTLY STILL IN THE ENROLLMENT PROCESS FOR ELECTRONIC SUBMISSION. THE SUBMISSION WILL BE COMPLETED PROMPTLY ONCE WANDERCRAFT RECEIVES ITS PRODUCTION ACCOUNT FROM ESG. ANY POTENTIAL DELAY BEYOND THE 30-DAY TIMELINE IS DUE TO THESE TECHNICAL ISSUES (SEE EMAILS TO ESG AND EMDR ON JULY 30TH).",Powered exoskeleton
19255487,349437575,D,0,,"THE CONSUMER SENT AN EMAIL STATING THAT HE PURCHASED A TENS UNIT FROM A (B)(6). HE USED THE UNIT ONCE AS INSTRUCTED AND WAS TOLD BY THE (B)(6) HOSPITAL THAT HE RECEIVED SECOND DEGREE BURNS. DURING A FOLLOW-UP CALL, THE CONSUMER STATED HIS WIFE BOUGHT THE UNIT FOR HIS BURSITIS. HE STATED IT WAS AMAZING WHAT IT DID WHEN HE FIRST USED THE UNIT FOR HIS BURSITIS. HE STATED THAT AFTER A WHILE HE REMOVED THE UNIT AND HE SAW A BURN SO HE WENT TO THE (B)(6) HOSPITAL, AND THEY GAVE HIM MEDICINE FOR A SECOND DEGREE BURN. HE STATED HE WAS VERY EXCITED ABOUT THE UNIT BUT HESITANT TO USE IT AGAIN. HE STATED HE WAS WALKING OR SITTING DOWN WHEN THE BURN HAPPENED. HE WAS WEARING STRETCHY PANTS OVER THEM LIKE SWEATPANTS. THE PADS WERE PLACED 6-7 INCHES APART FROM ONE ANOTHER. THERE WERE NO OTHER DEVICES NEARBY. HE STATED HE USED THE UNIT FOR ONE ROUND OF 15 MINUTES. HE WAS THE ONLY USER. HE STATED THE EVENT TOOK PLACE ON (B)(6) 2024 AROUND 5-6 PM. HE WENT TO THE (B)(6) HOSPITAL ON (B)(6) . HE WAS USING THE ORIGINAL PADS. HE STATED THE BURN WAS ON HIS RIGHT HIP AND BUTTOCKS RIGHT WHERE THE HIP BONES MEET. HE STATED HE WAS NOT ALLERGIC TO ANYTHING, BUT HE REMEMBERS WHEN HE WAS YOUNG THAT INNER TUBES WOULD IRRITATE HIS SKIN. HE STATED HE HAD SENSITIVE SKIN. HE STATED HE USED THE UNIT AFTER SHOWERING AND USING BODY WASH. HE MADE SURE THE AREA WAS DRY. HE PEELED OFF THE LABEL AND USED BOTH PADS, AND THERE WAS NO OIL OR LOTION ON THE SKIN. HE WAS PRESCRIBED OINTMENT TO PUT ON THE BURN AND HAD NO OTHER TREATMENTS DONE DURING THE VISIT. HE STATED HE WAS GETTING A SHOT OF CORTISONE FOR HIS BURSITIS INSTEAD. HE AGREED TO SEND THE UNIT BACK FOR INSPECTION AND REQUESTED A REFUND. THE CONSUMER CALLED BACK ON (B)(6) 2024 TO SPEAK TO THE CALL CENTER REPRESENTATIVE. SHE WAS UNAVAILABLE AT THE TIME SO HE HUNG UP. SHE CALLED BACK, BUT HE DID NOT ANSWER.",TENS (over-the-counter)
19255487,349437576,N,0,,"A ROOT CAUSE HAS NOT BEEN DETERMINED. IT HAS NOT BEEN CONFIRMED IF THE DEVICE CAUSED OR CONTRIBUTED TO THE REPORTED INCIDENT; HOWEVER, DUE TO THE CUSTOMER REPORTING HAVING BURNS THIS MEDWATCH IS BEING FILED. THE CONSUMER WAS OFFERED A REFUND. THE PRODUCT INSTRUCTION MANUAL INCLUDES FOLLOWING WARNINGS: THE MERE EXISTENCE OF PAIN FUNCTIONS AS A VERY IMPORTANT WARNING TELLING US THAT SOMETHING IS WRONG. THEREFORE, IF YOU SUFFER FROM ANY SERIOUS ILLNESS, CONSULT YOUR PHYSICIAN IN ORDER TO CONFIRM THAT IT IS ADVISABLE FOR YOU TO USE THIS UNIT. IF YOU EXPERIENCE ANY SKIN IRRITATION OR REDNESS AFTER A SESSION, DO NOT CONTINUE STIMULATION IN THAT AREA OF THE SKIN. PLACE PADS ON EITHER SIDE OF THE PAIN, NOT DIRECTLY ON THE PAIN. POSSIBLE ADVERSE REACTIONS: YOU SHOULD STOP USING THE UNIT AND CONSULT WITH YOUR PHYSICIAN IF YOU EXPERIENCE ADVERSE REACTIONS FROM THE UNIT. YOU MAY EXPERIENCE SKIN IRRITATION AND BURNS BENEATH THE STIMULATION ELECTRODES APPLIED TO YOUR SKIN. UPDATED INFORMATION IN SECTION E1, F3-5, F7. IMPORTER AND INITIAL REPORT CONTACT INFORMATION WAS SWITCHED. UPDATED INFORMATION IN SECTION F7 AND INCLUDED ADDITIONAL FOLLOW-UP INFORMATION FROM THE MANUFACTURER BELOW IN SECTION H11. THE DEVICE WAS NOT RETURNED TO THE DISTRIBUTOR/MANUFACTURER FOR INVESTIGATION. THE INVESTIGATION WAS CLOSED ON 7/25/2024. HERE IS THE SUMMARY OF THE MANUFACTURER DEVICE INVESTIGATION: THE MANUFACTURER REVIEWED THE QA TEST DATA, RISK ANALYSIS DOCUMENT AND MANUFACTURER SHIPPING INSPECTION. NO ISSUE/PROBLEM WAS NOTED BASED ON THE DATA REVIEWED. THERE WAS ONE SIMILAR EVENT REPORTED FOR THE SAME MODEL IN THE PAST. HOWEVER, NO ABNORMAL TREND WAS IDENTIFIED FOR SIMILAR MODELS POST MARKET. UNIT WAS NOT RETURNED BY CONSUMER. THE DEVICE WAS NOT RECEIVED FOR EVALUATION; THEREFORE, A DEVICE ANALYSIS COULD NOT BE COMPLETED. NO FURTHER INVESTIGATION REQUIRED. THERE HAS NOT BEEN ANY ADDITIONAL COMMUNICATION FROM THIS CONSUMER.",TENS (over-the-counter)
19996222,349462062,D,0,,"RS-4I SEQUENTIAL STIMULATOR BATTERY CHARGER ALMOST STARTED A FIRE IN HIS HOME. A PATIENT PLUGGED IN THE BATTERY TO CHARGE WHEN IT BEGAN TO SMOKE. THE SMOKING WAS SO SIGNIFICANT THAT IT SET OFF THE SMOKE ALARMS. THE PATIENT WAS ABLE TO DISCONNECT THE UNIT AND THROW IT OUTSIDE BEFORE IT CAUSED ANY DAMAGE TO HIS HOME. AFTER THE BATTERY COOLED DOWN, HE ATTEMPTED TO USE IT AGAIN, BUT IT DIDN'T WORK.",Powered muscle stimulator
19283013,349677178,N,0,,"ADDITIONAL MANUFACTURER NARRATIVE UPDATED INFORMATION SECTION B4. ADDITIONAL INFORMATION ADDED TO SECTION G6, H2, H3, H6, H10, AND H11. THE DEVICE WAS NOT RETURNED TO THE DISTRIBUTOR/MANUFACTURER FOR INVESTIGATION AND THE INVESTIGATION WAS CLOSED ON 7/25/2024. HERE IS THE SUMMARY OF THE MANUFACTURER DEVICE INVESTIGATION: THE MANUFACTURER REVIEWED THE QA TEST DATA, RISK ANALYSIS DOCUMENT AND MANUFACTURER SHIPPING INSPECTION. NO ISSUE/PROBLEM WAS NOTED BASED ON THE DATA REVIEWED. THERE WAS ONE SIMILAR EVENT REPORTED FOR THE SAME MODEL IN THE PAST. HOWEVER, NO ABNORMAL TREND WAS IDENTIFIED FOR SIMILAR MODELS POST MARKET. THE UNIT WAS NOT RETURNED BY CONSUMER. THERE HAS NOT BEEN ANY ADDITIONAL COMMUNICATION FROM THIS CONSUMER. THE DEVICE WAS NOT RECEIVED FOR EVALUATION; THEREFORE, A DEVICE ANALYSIS COULD NOT BE COMPLETED. NO FURTHER INVESTIGATION REQUIRED.",TENS (over-the-counter)
20002683,349710236,D,0,,"INDIVIDUAL PRESENTED TO THE CLINIC ON (B)(6) 2024 WHERE HE REPORTED INJURIES FROM PREVIOUS DAY. HE REPORTS USING THE PREVIOUSLY ISSUED BIOWAVE HOME UNIT WITH RELATIVELY NEW ELECTRODES. HE REPORTS GETTING BURNS/BLISTERS ON LEFT HIP UNDER ELECTRODES. TWO BURNS WERE NOTED ON LEFT HIP WHERE ELECTRODES HAD BEEN PLACED. ONE WAS AN INTACT BLISTER AND THE OTHER WAS A ""DEEP TISSUE INJURY."" INDIVIDUAL WAS SEEN BY PRIMARY CARE FOR IMMEDIATE TREATMENT AND SUBSEQUENTLY SEEN AND TREATED FOR BURNS VIA BURN CLINIC. BIOWAVEHOME UNIT HAS TURNED IN BY INDIVIDUAL AND SENT TO VENDOR FOR INSPECTION. PER VENDOR, INSPECTION OF THE HOME UNIT INDICATED THAT THE UNIT SHOWED CLEAR EVIDENCE OF BEING DROPPED. RJ45 BUTTON MISSING, POSTS INSIDE FRONT CASING BROKEN, LENS BROKEN, SCRATCHES ON BACK CASING, AND UNIT HAS LOOSE SCREWS.",TENS (prescription)
20002191,349715890,D,0,,"INDIVIDUAL REPORTS THAT WHILE USING BIOWAVEHOME UNIT ON OR AROUND (B)(6) 2024, SHE ATTEMPTED TO RUN TWO CONSECUTIVE SESSIONS. UPON INITIATION OF SECOND SESSION, SHE REPORTS FEELING A SHOCK THAT CAUSED A BLISTER ON HER BACK. SHE REPORTS USING NEW ELECTRODES. REDNESS WAS NOTED AT TIME OF REPORT. BIOWAVE UNIT WAS RETURNED TO VENDOR FOR INSPECTION.",TENS (prescription)
20002273,349728800,D,0,,INDIVIDUAL CONTACTED PROVIDER VIA TELEPHONE AND REPORTED SHE OBTAINED A BLISTER FOLLOWING USING A BIOWAVEHOME UNIT. SHE THEN PRESENTED TO CLINIC WITH UNIT AND ELECTRODES. BLISTER WAS OBSERVED WITH A NEWLY FORMED SCAB AND APPROXIMATELY THE SIZE OF A DIME. RECOMMENDED FOLLOW UP WITH PCP(PRIMARY CARE PHYSICIAN). UNIT WAS RETURNED TO VENDOR FOR INSPECTION.,TENS (prescription)
20002717,349847402,D,0,,"INDIVIDUAL PRESENTED FOR SCHEDULED PT APPOINTMENT REQUESTING NEW BIOWAVEHOME UNIT AS PREVIOUSLY ISSUED UNIT HAD STOPPED WORKING. UPON RECEIVING USE/PRECAUTION EDUCATION FOR REPLACEMENT UNIT, INDIVIDUAL REPORTED THAT HE GOT A SMALL BLISTER AROUND THE TIME HE WAS FIRST ISSUED THE PREVIOUS UNIT. HE DID NOT REPORT THIS TO PROVIDER OR VENDOR AT THE TIME NOR PRIOR TO (B)(6) 2024. REPORTS BLISTER HEALED QUICKLY AND WITHOUT INCIDENT. SEVERAL CALLS TO INDIVIDUAL AND A LETTER MAILED TO ATTEMPT TO OBTAIN PREVIOUSLY ISSUED UNIT HAVE BEEN UNSUCCESSFUL TO DATE. VENDOR NOTIFIED.",TENS (prescription)
20109256,350829903,D,0,,"PATIENT WAS USING THE OMNICYCLE ( A MOTORIZED THERAPY EXERCISE CYCLE) UNDER THERAPIST SUPERVISION. THE THERAPIST DID NOT PROPERLY SECURE THE PATIENT'S CATHETER TUBING PER OUR CONTRAINDICATIONS, WARNINGS, AND PRECAUTIONS. THE CATHETER BECAME ENTANGLED IN THE FOOT PEDAL AND PULLED OUT. THE PATIENT WAS SENT TO ER FOR EVALUATION. IT IS IMPORTANT FOR CLINICIANS TO MANUALLY ROTATE THE CRANK AND ENSURE THE CRANKS MOVE FREELY AND THAT NOTHING CAN BE SNAGGED OR PULLED BY THE LOWER OR UPPER CRANK. THE OMNICYCLE ELITE USER MANUAL PART NO. 290A000533 REV 9 INCLUDES A ""DANGER DUE TO MOVABLE PARTS"" SYMBOL ON PAGE 5; ON PAGE 20 THE MANUAL STATES ""ROTATE THE FOOTRESTS BY HAND (WITHOUT THE MOTOR) THROUGH ONE FULL REVOLUTION WITH THE PATIENT'S FEET IN POSITION AND THE LEGS STRAPPED-IN TO ENSURE THAT THE CRANKS CAN MOVE FREELY, THAT THE CRANK LENGTH IS CORRECTLY SET, AND THAT LEG MOVEMENT IS NOT RESTRICTED."" ON PAGE 16 THE MANUAL ADDRESS CLOTHING ""MAKE SURE ANY LOOSE FITTING CLOTHING IS SECURED WITH THE CALF SUPPORT VELCRO(R) STRAP SO IT DOES NOT CATCH IN THE SPINNING ASSEMBLIES DURING LOWER EXTREMITY EXERCISE."" ON PG 33 UNDER ""GOOD OPERATING PRACTICES"" IT STATES ""ALWAYS CHECK THAT THE POWER CORD, CARDIAC PICKUP AND DISPLAY CONTROL CABLES ARE PROPERLY ROUTED AND ARE NOT IN DANGER OF BEING SNAGGED/PULLED BY THE LOWER OR UPPER CYCLE OPERATION."" CUSTOMER INFORMATION: (B)(6).",Powered exercise equipment (incl. CPM)
20220329,351843228,D,0,,"TOWARDS THE END OF THE TRIAL SESSION, IT WAS NOTED THAT THE PATIENT WAS MISALIGNED WITH THE DEVICE. THE LEFT HIP HAVE DROPPED AND THE FRONT KNEE BRACKET (FKB) WAS ROTATED DOWNWARD. THE SESSION WAS DISCONTINUED, A SKIN CHECK WAS DONE, AND IT WAS NOTED THAT HER LEFT KNEE WAS SIGNIFICANTLY MORE SWOLLEN. TWO DAYS AFTER THE TRIAL SESSION THE PATIENT REPORTED TO THE REWALK CLINICAL TRAINING MANAGER THAT SHE WAS DIAGNOSED WITH A FRACTURE AT THE LEFT KNEE. THE INCIDENT WAS RECORDED UNDER CUSTOMER COMPLAINT NUMBER: (B)(4).",Powered exoskeleton
20213493,352070370,N,0,,SEE ATTACHED INVESTIGATION REPORT. MW5158485 ALSO ATTACHED.,Powered muscle stimulator
20213493,352070371,D,0,,"PATIENT STATED THE CHARGER STARTED SMOKING. HE WAS CHARGING THE BATTERY WITH CHARGING DOCK AND AC ADAPTER PLUGGED INTO BATHROOM GFI OUTLET AND HE HEARD THE ALARM GOING OFF. HE WENT INSIDE THE BATHROOM AND NOTICED SMOKE COMING FROM AROUND THE BATTERY PACK, PRIMARILY. HE RIPPED THE CORD FROM THE WALL OUTLET AND THREW THE CHARGER AND CHARGING DOCK OUTSIDE. PATIENT DISPOSED OF THE CHARGER AND CHARGE DOCK. PATIENT STATED BATTERY PACK WAS IN THE CHARGING DOCK DURING THE INCIDENT BUT WAS UNSURE IF THE BATTERY PACK SUFFERED ANY SMOKE/FIRE DAMAGE. PATIENT ALSO STATED THE BATTERY AND THE DEVICE ARE FINE OTHER THAN THE BATTERY NEEDING TO BE CHARGED. HE INDICATED THAT HE WAS USING A RS MEDICAL CHARGE DOCK AND AC ADAPTER. HE STATED IT SEEMED LIKE AN ELECTRICAL SHORT AND THE GFI DID NOT POP. DATE OF THE OCCURRENCE WAS (B)(6) 2024 AND THE INCIDENT AWARE DATE WAS 12-AUG-2024",Powered muscle stimulator
20254367,352137546,N,0,,"WE HAVE COMMUNICATED WITH THE IMPORTER, THIS EQUIPMENT HAS NOT BEEN RETURNED TO THE IMPORTER, THE EQUIPMENT HAS NOT BEEN RETURNED FOR ANALYSIS. WE CHECKED THE SAME BATCH OF DHR (DEVICE HISTORY RECORDS) AND THERE WERE NO HIGH STRENGTH OR INSTANTANEOUS STRENGTH INCREASES RECORDED IN THE DHR DURING PRODUCTION OR TESTING. THE CAUSE OF THE CUSTOMER COMPLAINT COULD NOT BE DETERMINED BECAUSE THE DEVICE WAS NOT RETURNED FOR ANALYSIS.",TENS (prescription)
20254367,352137547,D,0,,"ULTRASOUND MACHINE (THERATOUCH CX4/EX4)- OVER A YEAR AGO WE HAD AN INCIDENT WITH THE MACHINE BURNING A RESIDENT'S SKIN AND WE HAVEN'T USED IT SINCE BECAUSE WE ARE UNSURE IF THE MACHINE WILL DO IT AGAIN. I HAVE HAD VENDORS COME OUT AND LOOK AT THE MACHINE BUT THEY ARE UNSURE IF IT WILL DO IT AGAIN ALSO. THEY ONLY CALIBRATE THE MACHINE. LAST CALIBRATION WAS 6/20/24. PRE-EXISTING CONDITION IS SMOKER. UNKNOWN AGE OF DEVICE AND 4 ELECTRODES WERE PLACED AROUND THE LEFT KNEE. HAD PAIN AFTER, BURNS (BLISTERS). USED IFC, LEVEL 45 IN SUPINE. LEADS HAVE NOT BEEN REPLACED WITHIN 6 MONTHS, SHOW NO DAMAGE, NEW LEADS WERE NOT TRIED. NOT USING ELECTRODES SUPPLIED WITH DEVICE, USING 2 X 4 OVAL SELF-ADHESIVE ELECTRODES, 4 IN TOTAL ON LEFT KNEE, 5-6"" APART. BRAND NEW, FIRST USE. RUBBER ELECTRODES THEY USE CONDUCTIVE ADHESIVE GEL. THE DEVICE WAS TURNED OFF WHEN PADS WERE REMOVED/ADJUSTED, SKIN WAS CLEAR. BLISTER APPEARED IMMEDIATELY, SEEN, WORSENED AFTER 2 DAYS. BURNS LASTED FROM FEBRUARY 6TH TO (B)(6) 2023. THE PATIENT WENT TO A WOUND CARE AND NURSING. THEY ARE WILLING TO PROVIDE THE RECORDS. ELECTRODES WERE CRISSCROSSED, IFC-4P, CARRIER FREQUENCY 5000 HZ, BEAT LOW 80 HZ, BEAT HIGH 150 HZ.",TENS (prescription)
20275819,352377253,D,0,,"THE PATIENT WAS USING THE REWALK DEVICE FOR A TOTAL OF 7 TRAINING SESSIONS DURING AND (B)(6) 2024. ON(B)(6) 2024, THE PATIENT REPORTED TO THE REWALK CLINICAL TRAINING MANAGER THAT SHE WAS DIAGNOSED WITH A FRACTURE AT THE LEFT KNEE. THE INCIDENT WAS RECORDED UNDER CUSTOMER COMPLAINT NUMBER: (B)(4).",Powered exoskeleton
20434834,354147248,N,0,,"WE HAVE COMMUNICATED WITH THE IMPORTER, THIS EQUIPMENT HAS NOT BEEN RETURNED TO THE IMPORTER, THE EQUIPMENT HAS NOT BEEN RETURNED FOR ANALYSIS. WE CHECKED THE SAME BATCH OF DHR (DEVICE HISTORY RECORDS) AND THERE WERE NO HIGH STRENGTH OR INSTANTANEOUS STRENGTH INCREASES RECORDED IN THE DHR DURING PRODUCTION OR TESTING. THE CAUSE OF THE CUSTOMER COMPLAINT COULD NOT BE DETERMINED BECAUSE THE DEVICE WAS NOT RETURNED FOR ANALYSIS.",TENS (prescription)
20434834,354147249,D,0,,"HE IS A PRISONER CURRENTLY INCARCERATED IN (B)(6) AND CLASSIFICATION CENTER IN (B)(6), IA. ON (B)(6) 2024 HE WAS TREATED BY A TENS DEVICE ON HIS LOWER BACK, 4 ELECTRODES. THIS INCIDENT OCCURRED ON THE 4TH TREATMENT AS THE FIRST 3 WENT NORMAL. SEVERAL HOURS LATER HE WAS WORKING AND HIS LOWER BACK BEGAN TO HURT SEVERELY AND FOUND HIS LOWER BACK WAS WET. HE WENT TO HEALTH SERVICES AND WAS SEEN BY A NURSE AND WAS TOLD HE HAS 2ND DEGREE BURNS IN SEVERAL LOCATIONS. BEGINNING ON (B)(6), 2024 THROUGHOUT (B)(6) 2024, PICTURES WERE TAKEN OF ONGOING INJURIES. SINCE THIS OCCURRED HE HAS HAD TO RECEIVE DAILY DRESSING CHANGES OF THE BURNS. STATES HE IS STILL IN PAIN AND SUFFERS PTSD SURROUNDING THE EVENT. STATES HE HAS WRITTEN TO SEVERAL LAWYERS FOR ASSISTANCE AS HE BELIEVES THE MEDICAL DEPARTMENT AND THE MANUFACTURER OF THE DEVICE SHOULD BE HELD RESPONSIBLE FOR HIS SITUATION.",TENS (prescription)
20503327,354726012,D,0,,"THE EVENT HAPPENED IN FRANCE. ON (B)(6) 2024, AT 9:30 AM, THE PATIENT ATTENDED HER FIRST REHABILITATION SESSION WITH THE ATALANTE X EXOSKELETON. THE DONNING PROCESS WAS PERFORMED NORMALLY, AND THE PATIENT DID NOT REPORT ANY DISCOMFORT OR PAIN. THERE WERE NO ISSUES DURING THE SIT-TO-STAND TRANSITION WITH THE DEVICE EITHER. ONCE STANDING, THE PATIENT EXPRESSED DISCOMFORT AT THE LEFT KNEE LEVEL, THOUGH IT WAS NOT PAINFUL. THE SESSION BEGAN WITH WALKING USING SMALL STEPS (EARLYGAIT MODE), WHICH THE PATIENT DID NOT FIND PLEASANT. THE OPERATOR SUGGESTED SWITCHING TO WALKING WITH LARGER STEPS (REALGAIT MODE) TO PROVIDE A MORE ""NORMAL"" GAIT EXPERIENCE (FOOT ROLLING). HOWEVER, THE PATIENT COMPLAINED THAT THE LEFT TIBIA SUPPORT WAS BOTHERSOME. NOTICING THE DIFFICULTIES THE PATIENT WAS EXPERIENCING, A SECOND OPERATOR INTERVENED TO PERFORM A HALF-TURN WITH THE EXOSKELETON AND BROUGHT IN A BENCH TO CONCLUDE THE SESSION. A TOTAL OF 130 STEPS WERE TAKEN DURING THE SESSION. DURING THE STAND-TO-SIT TRANSITION AT THE END OF THE SESSION, THE PATIENT SUDDENLY SCREAMED IN PAIN AND REPORTED HEARING A CRACK IN HER RIGHT KNEE. THE FOLLOWING DAY, ON (B)(6) , AN X-RAY WAS TAKEN, WHICH WAS INITIALLY INTERPRETED AS NORMAL. HOWEVER, UPON THE PATIENT'S RETURN THE NEXT DAY, THE ORTHOPEDIST SUSPECTED A FRACTURE. A CT SCAN PERFORMED ON (B)(6) CONFIRMED THE PRESENCE OF A FRACTURE. THE PATIENT UNDERWENT SURGERY ON (B)(6) TO INSERT A SINGLE SCREW. FRACTURE DESCRIPTION: ACCORDING TO THE PHYSICIAN IN CHARGE OF THE PATIENT, THE FRACTURE OCCURRED DURING STAND-TO-SIT TRANSITION. IT IS A SPINOTUBEROSITY FRACTURE, WHICH HAS SWEPT BACK THE POSTERIOR SPINE AND PART OF THE TIBIAL PLATEAU. A RECURVATUM (HYPEREXTENSION/BACKWARD BENDING OF THE KNEE) MAY BE INVOLVED. IT IS NOT KNOWN WHETHER THE RECURVATUM WAS STATIC OR DYNAMIC. ADDITIONALLY, THE CT SCAN REVEALED SIGNIFICANTLY THINNED CORTICAL BONE, SUGGESTING PROBABLE OSTEOPENIA. DEVICE INVESTIGATION: THE EXOSKELETON WAS THOROUGHLY INSPECTED FOR ANY POTENTIAL MALFUNCTIONS BY THE WANDERCRAFT TEAM. THE PATIENT INTERFACES (ATTACHMENT SYSTEM WITH STRAPS AND PADDING), OVERALL HARDWARE INTEGRITY, AS WELL AS THE GAIT TRAJECTORY LOGS FROM THE SESSION WERE CAREFULLY ANALYZED. THE RESULTS INDICATE THAT THE DEVICE OPERATED AS EXPECTED, ELIMINATING THE POSSIBILITY OF A TECHNICAL MALFUNCTION. FURTHERMORE, ACCORDING TO THE REPORTS FROM THE THERAPEUTIC TEAM, THE PATIENT'S MEASUREMENTS, THE EXOSKELETON ADJUSTMENT, AND THE SETUP OF THE PATIENT WERE ALL CARRIED OUT CORRECTLY, WHICH SEEM TO EXCLUDE THE POSSIBILITY OF USER ERROR. CONCLUSION: THE INVESTIGATION DEMONSTRATED THAT THE EXOSKELETON FUNCTIONED AS INTENDED. IT DID NOT REVEAL ANY CONTRIBUTING FACTORS FOR THE FRACTURE, WHETHER RELATED TO HARDWARE, SOFTWARE, OR USAGE. MEDICAL OPINIONS CONVERGE IN SUGGESTING THAT THE PATIENT WAS LIKELY OSTEOPOROTIC. A BONE DENSITY TEST HAS BEEN REQUESTED TO FURTHER ASSESS THIS ASPECT. ADDITIONALLY, THE RECURVATUM MAY HAVE BEEN A CONTRIBUTING FACTOR IN THE INCIDENT.",Powered exoskeleton
20429393,354837556,D,0,,"UNIT WAS USED IN SALES DEMO. FROM SALES REP: I PLACED THE ELECTRODES ON HIS WRIST AREA, AND WHEN IT WAS TURNED ON AT 0.0% HE SAID HE FELT A JOLT. WE THEN TRIED THEM AT THE BASE OF HIS NECK AND WHEN IT WAS RAISED TO ABOUT 11%, HE FELT A STRONG SHOCK AND IMMEDIATELY WANTED TO TAKE THEM OFF. I TOOK THE UNIT HOME AND DID SOME TROUBLESHOOTING - TRIED DIFFERENT ELECTRODES ON THE SAME MACHINE, TRIED THE SAME ELECTRODES ON A DIFFERENT MACHINE, ETC. - THE PROBLEM IS DEFINITELY THE MACHINE. I HAD THE ELECTRODES AT THE BASE OF MY NECK, AND WHEN I TURNED ON THE MACHINE AT 0.0% I FELT A SLIGHT JOLT, JUST AS THE VOLUNTEER HAD. I THEN TURNED IT UP TO AROUND 30%, AND THEN FELT A SUDDEN SHOCK THAT WENT ALL THE WAY FROM MY NECK DOWN TO MY FINGERTIPS, SO I THINK THAT'S WHAT HE HAD EXPERIENCED AS WELL.",TENS (prescription)
20429393,354837557,N,0,,"HISTORY: THIS UNIT WAS REFURBISHED TWICE. DURING THE FIRST REPAIR, THE CONTRACT MANUFACTURER IDENTIFIED A DEFECTIVE U10 CHIP RESPONSIBLE FOR VOLTAGE REGULATION. THE DEFECTIVE PART WAS REPLACED, AND THE UNIT WAS REFURBISHED AND PASSED ALL FUNCTIONAL TESTS. THE UNIT WAS SUBSEQUENTLY SOLD TO ANOTHER CUSTOMER, WHO LATER REPORTED THAT THE DEVICE WAS TURNING OFF UNEXPECTEDLY. THE UNIT WAS RETURNED TO BIOWAVE. THE REPAIRS INCLUDED REPLACEMENTS OF THE U6 CHIP AND BATTERIES. THESE COMPONENTS ARE NOT RELATED TO THE VOLTAGE OUTPUT OF THE UNIT. FOLLOWING THESE REPAIRS, THE DEVICE WAS USED AS A DEMO UNIT, AS EVERYTHING APPEARED TO FUNCTION CORRECTLY. CURRENT: UPON INVESTIGATING THE RECENT COMPLAINT, IN-HOUSE TESTING REVEALED THAT THE UNIT DISPLAYED A ""PADS TO BODY"" ERROR WITHIN A FEW SECONDS OF BEING TURNED ON WHILE FULLY CONNECTED TO A FUNCTIONAL TEST LOAD CIRCUIT. THIS ISSUE WAS OBSERVED WITH MULTIPLE TEST LOAD CIRCUITS. THE VOLTAGE OUTPUT WAS ALSO MEASURED AND FOUND TO SPIKE UPON INITIAL STARTUP, REACHING AS HIGH AS 7.32V IN ONE INSTANCE. ADDITIONALLY, THE VOLTAGE SPIKE VARIED WITH EACH TEST. ONE TIME, IT PEAKED AT 4.34V, AND ANOTHER TIME AT 6.78V. ROOT CAUSE DETERMINATION: THE SALES REPRESENTATIVE IS RESPONSIBLE FOR CHECKING THE UNIT'S CONDITION BEFORE USING IT FOR A DEMO; HOWEVER, THE SALES REP IN QUESTION WAS NEW AND FAILED TO PERFORM THIS CHECK. OTHER POTENTIAL CONTRIBUTING FACTORS INCLUDE WEAR AND TEAR OF THE DEVICE, OR IT MAY HAVE BEEN DROPPED DURING TRAVEL BY A SALES REP. THE ROOT CAUSE IS NARROWED DOWN TO IMPROPER MAINTENANCE OF THE DEVICE AND/OR USER ERROR. CORRECTIVE ACTIONS: THE UNIT WAS TAKEN OUT OF SERVICE. WE REITERATED MAINTENANCE AND SALES DEMO PROCEDURES FOR DEMO UNITS WITH OUR SALES REPRESENTATIVES.",TENS (prescription)
20569820,355490573,N,0,,"A ROOT CAUSE HAS NOT BEEN DETERMINED. IT HAS NOT BEEN CONFIRMED IF THE DEVICE CAUSED OR CONTRIBUTED TO THE REPORTED INCIDENT; HOWEVER, DUE TO THE CUSTOMER REPORTING HAVING 2ND AND 3RD DEGREE BURNS THIS MEDWATCH IS BEING FILED. THE U.S IMPORTER IS REQUESTING THE MANUFACTURER OF THE DEVICE TO FURTHER INVESTIGATE THIS INCIDENT. A POSTAGE LABEL HAS BEEN SENT FOR RETRIEVAL OF THE HOME UNIT FOR INSPECTION. THE CONSUMER WAS GIVEN A REFUND FOR THE UNIT. THE PRODUCT INSTRUCTION MANUAL INCLUDES FOLLOWING WARNINGS: POSSIBLE ADVERSE REACTIONS · DO NOT USE TO TREAT ONE REGION FOR EXTENDED PERIODS OF TIME (MORE THAN 30 MINUTES A SESSION, UP TO THREE TIMES/DAY) OR MUSCLES IN THAT REGION MAY BECOME EXHAUSTED AND SORE. DO NOT LEAVE PADS ATTACHED TO THE SKIN AFTER TREATMENT THE MERE EXISTENCE OF PAIN FUNCTIONS AS A VERY IMPORTANT WARNING TELLING US THAT SOMETHING IS WRONG. THEREFORE, IF YOU SUFFER FROM ANY SERIOUS ILLNESS, CONSULT YOUR PHYSICIAN IN ORDER TO CONFIRM THAT IT IS ADVISABLE FOR YOU TO USE THIS UNIT. IF YOU EXPERIENCE ANY SKIN IRRITATION OR REDNESS AFTER A SESSION, DO NOT CONTINUE STIMULATION IN THAT AREA OF THE SKIN. PLACE PADS ON EITHER SIDE OF THE PAIN, NOT DIRECTLY ON THE PAIN. POSSIBLE ADVERSE REACTIONS: YOU SHOULD STOP USING THE UNIT AND CONSULT WITH YOUR PHYSICIAN IF YOU EXPERIENCE ADVERSE REACTIONS FROM THE UNIT. YOU MAY EXPERIENCE SKIN IRRITATION AND BURNS BENEATH THE STIMULATION ELECTRODES APPLIED TO YOUR SKIN.",TENS (over-the-counter)
20569820,355490574,D,0,,"THE CONSUMER STATED THE UNIT HAS GIVEN HER 2ND AND 3RD DEGREE BURNS ON LOWER BACK TO THE SIDE OF HER BUTT CRACK. SHE STATED SHE HAD TO GO TO THE ER/URGENT CARE ON (B)(6) AND WAS TOLD SHE HAD AN ELECTRICAL BURN. SHE STATED SHE ONLY USED THE UNIT FOR THE 15 MINUTES REQUIRED AND WOULD TURN IT BACK ON MORE THAN A COUPLE OF TIMES (8-10 TIMES) THROUGHOUT THE DAY. SHE DID NOT USE ANY CREAMS OR OTHER PRODUCTS WITH THE UNIT. SHE WAS LYING ON HER SIDE.SHE STATED SHE WAS GIVEN BURN CREAM, ANTIBIOTICS AND A TETANUS SHOT DUE TO INFECTION AND DRAINAGE. DURING A FOLLOW UP CALL, SHE STATED THAT HER TENS UNIT LEFT BURN MARKS ON HER LOWER BACK AND POSTERIOR AND THAT THEY ARE 2ND AND 3RD DEGREE BURNS. SHE STATED THAT THE BURNS ARE SHAPED LIKE PADS AND ARE THE SIZE OF A CASABA MELON. SHE STATED THAT SHE HAS BEEN OFF WORK SINCE (B)(6) 2024. SHE IS A HAIRDRESSER. SHE STATED THAT SHE IS STILL FEELING PAIN. SHE WENT TO URGENT CARE PER DIRECTION OF HER DOCTOR. SHE IS ON ANTIBIOTICS AND BURN CREAM AND THEY ALSO GAVE HER TETANUS SHOT. SHE NEEDED TO CHANGE BANDAGES 2-3 TIMES A DAY. SHE STATED THAT THE UNIT WAS SET AT 9, THOUGH SOMETIMES 8. SHE COULD FEEL IT AND THAT WAS THE MAXIMUM SHE COULD TOLERATE. SHE STATED THAT SHE HAS USED OMRON TENS UNITS FOR YEARS AND NEVER HAD A PROBLEM. SHE BOUGHT A NEW ONE BECAUSE HER OLD UNITS ARE PACKED UP. SHE STATED THAT SHE WAS LAYING ON HER SIDE WHEN USING THE UNIT AND THE PADS WERE ON HER BACK. SHE STATED THAT SHE WOULD USE THE UNIT FOR 15 MINUTES AND THEN TURN THE UNIT BACK ON. SHE STATES THAT SHE USED THE UNIT 8-10 TIMES ON THAT DAY AND THE PADS WERE LEFT IN PLACE EVEN WHEN UNIT WAS TURNED OFF.",TENS (over-the-counter)
20586000,355597288,D,0,,"THE CONSUMER STATED THE UNIT HAS GIVEN HER 2ND AND 3RD DEGREE BURNS ON LOWER BACK TO THE SIDE OF HER BUTT CRACK. SHE STATED SHE HAD TO GO TO THE ER/URGENT CARE ON (B)(6) AND WAS TOLD SHE HAD AN ELECTRICAL BURN. SHE STATED SHE ONLY USED THE UNIT FOR THE 15 MINUTES REQUIRED AND WOULD TURN IT BACK ON MORE THAN A COUPLE OF TIMES (8-10 TIMES) THROUGHOUT THE DAY. SHE DID NOT USE ANY CREAMS OR OTHER PRODUCTS WITH THE UNIT. SHE WAS LYING ON HER SIDE. SHE STATED SHE WAS GIVEN BURN CREAM, ANTIBIOTICS AND A TETANUS SHOT DUE TO INFECTION AND DRAINAGE. DURING A FOLLOW UP CALL, SHE STATED THAT HER TENS UNIT LEFT BURN MARKS ON HER LOWER BACK AND POSTERIOR AND THAT THEY ARE 2ND AND 3RD DEGREE BURNS. SHE STATED THAT THE BURNS ARE SHAPED LIKE PADS AND ARE THE SIZE OF A CASABA MELON. SHE STATED THAT SHE HAS BEEN OFF WORK SINCE (B)(6) 2024. SHE IS A HAIRDRESSER. SHE STATED THAT SHE IS STILL FEELING PAIN. SHE WENT TO URGENT CARE PER DIRECTION OF HER DOCTOR. SHE IS ON ANTIBIOTICS AND BURN CREAM AND THEY ALSO GAVE HER TETANUS SHOT. SHE NEEDED TO CHANGE BANDAGES 2-3 TIMES A DAY. SHE STATED THAT THE UNIT WAS SET AT 9, THOUGH SOMETIMES 8. SHE COULD FEEL IT AND THAT WAS THE MAXIMUM SHE COULD TOLERATE. SHE STATED THAT SHE HAS USED OMRON TENS UNITS FOR YEARS AND NEVER HAD A PROBLEM. SHE BOUGHT A NEW ONE BECAUSE HER OLD UNITS ARE PACKED UP. SHE STATED THAT SHE WAS LAYING ON HER SIDE WHEN USING THE UNIT AND THE PADS WERE ON HER BACK. SHE STATED THAT SHE WOULD USE THE UNIT FOR 15 MINUTES AND THEN TURN THE UNIT BACK ON. SHE STATES THAT SHE USED THE UNIT 8-10 TIMES ON THAT DAY AND THE PADS WERE LEFT IN PLACE EVEN WHEN UNIT WAS TURNED OFF.",TENS (over-the-counter)
20586000,355597289,N,0,,"A ROOT CAUSE HAS NOT BEEN DETERMINED. IT HAS NOT BEEN CONFIRMED IF THE DEVICE CAUSED OR CONTRIBUTED TO THE REPORTED INCIDENT; HOWEVER, DUE TO THE CUSTOMER REPORTING HAVING 2ND AND 3RD DEGREE BURNS THIS MEDWATCH IS BEING FILED. A POSTAGE LABEL HAS BEEN SENT FOR RETRIEVAL OF THE HOME UNIT FOR INSPECTION. THE CONSUMER WAS GIVEN A REFUND FOR THE UNIT. THE PRODUCT INSTRUCTION MANUAL INCLUDES FOLLOWING WARNINGS: - POSSIBLE ADVERSE REACTIONS ?E DO NOT USE TO TREAT ONE REGION FOR EXTENDED PERIODS OF TIME (MORE THAN 30 MINUTES A SESSION, UP TO THREE TIMES/DAY) OR MUSCLES IN THAT REGION MAY BECOME EXHAUSTED AND SORE. - DO NOT LEAVE PADS ATTACHED TO THE SKIN AFTER TREATMENT - THE MERE EXISTENCE OF PAIN FUNCTIONS AS A VERY IMPORTANT WARNING TELLING US THAT SOMETHING IS WRONG. THEREFORE, IF YOU SUFFER FROM ANY SERIOUS ILLNESS, CONSULT YOUR PHYSICIAN IN ORDER TO CONFIRM THAT IT IS ADVISABLE FOR YOU TO USE THIS UNIT. - IF YOU EXPERIENCE ANY SKIN IRRITATION OR REDNESS AFTER A SESSION, DO NOT CONTINUE STIMULATION IN THAT AREA OF THE SKIN. - PLACE PADS ON EITHER SIDE OF THE PAIN, NOT DIRECTLY ON THE PAIN. POSSIBLE ADVERSE REACTIONS: - YOU SHOULD STOP USING THE UNIT AND CONSULT WITH YOUR PHYSICIAN IF YOU EXPERIENCE ADVERSE REACTIONS FROM THE UNIT. - YOU MAY EXPERIENCE SKIN IRRITATION AND BURNS BENEATH THE STIMULATION ELECTRODES APPLIED TO YOUR SKIN.",TENS (over-the-counter)
20589685,355856493,D,0,,WAS ILLEGALLY IMPLANTED WITH NEURALINK WITHOUT CONSENT. X-RAY WILL SHOW IMPLANT AND I NEVER CONSENTED TO THIS AND UNSURE HOW THIS HAPPENED. I'VE BEEN IN SO MUCH PAIN EYES EARS NOSE AND BRAIN WITH STABBING PAIN IN MY BRAIN AND HAVE BEEN VOMITTING.,Powered muscle stimulator
20682019,356601385,D,0,,"THE PATIENT HAD BEEN USING A REWALK DEVICE FOR SEVERAL YEARS. ON (B)(6) 2024, THE PATIENT USED A NEWLY DELIVERED REWALK DEVICE FOR THE FIRST TIME FOR APPROXIMATELY 30 MINUTES. THE SETTINGS ON THE NEW DEVICE WERE THE SAME AS HIS PREVIOUS DEVICE. NO ISSUES WERE REPORTED DURING THE FITTING PROCESS AND THERE WERE NO REPORTS OF DEVICE MALFUNCTION BEFORE OR DURING USE. ON OCTOBER 19, 2024, LIFEWARD REPRESENTATIVE RECEIVED A MESSAGE FROM THE PATIENT, REPORTING THAT SEVERAL DAYS AFTER HIS SESSION WITH THE NEW REWALK DEVICE ON (B)(6) 2024, HE NOTICED HIS RIGHT FOOT'S TOES TURNING BLUE. HE ATTEMPTED SELF-CARE AT HOME WITHOUT IMPROVEMENT, AND AFTER 12 DAYS, SOUGHT MEDICAL ATTENTION, LEADING TO HIS HOSPITALIZATION. SUBSEQUENTLY, THE PATIENT REPORTED UNDERGOING AN AMPUTATION OF THE LATERAL PART OF HIS FOREFOOT. THE INCIDENT WAS RECORDED UNDER CUSTOMER COMPLAINT NUMBER: (B)(4).",Powered exoskeleton
20676551,356726103,D,0,,REPORTER CALLED TO REPORT AN ISSUE SHE HAD WITH HER NEUROMD ON (B)(6) 2024. THE REMOTE WENT BLACK AND SHE WAS UNABLE TO TURN IT OFF THE STIMULATION INCREASED ON ITS ON AND SHE EXPERIENCED A BURNING SENSATION AND SHOCK FEELING.,TENS (prescription)
20569820,357387468,N,0,,"A ROOT CAUSE HAS NOT BEEN DETERMINED. IT HAS NOT BEEN CONFIRMED IF THE DEVICE CAUSED OR CONTRIBUTED TO THE REPORTED INCIDENT; HOWEVER, DUE TO THE CUSTOMER REPORTING HAVING 2ND AND 3RD DEGREE BURNS THIS MEDWATCH IS BEING FILED. THE U.S IMPORTER IS REQUESTING THE MANUFACTURER OF THE DEVICE TO FURTHER INVESTIGATE THIS INCIDENT. A POSTAGE LABEL HAS BEEN SENT FOR RETRIEVAL OF THE HOME UNIT FOR INSPECTION. THE CONSUMER WAS GIVEN A REFUND FOR THE UNIT. THE PRODUCT INSTRUCTION MANUAL INCLUDES FOLLOWING WARNINGS: POSSIBLE ADVERSE REACTIONS · DO NOT USE TO TREAT ONE REGION FOR EXTENDED PERIODS OF TIME (MORE THAN 30 MINUTES A SESSION, UP TO THREE TIMES/DAY) OR MUSCLES IN THAT REGION MAY BECOME EXHAUSTED AND SORE. DO NOT LEAVE PADS ATTACHED TO THE SKIN AFTER TREATMENT. THE MERE EXISTENCE OF PAIN FUNCTIONS AS A VERY IMPORTANT WARNING TELLING US THAT SOMETHING IS WRONG. THEREFORE, IF YOU SUFFER FROM ANY SERIOUS ILLNESS, CONSULT YOUR PHYSICIAN IN ORDER TO CONFIRM THAT IT IS ADVISABLE FOR YOU TO USE THIS UNIT. IF YOU EXPERIENCE ANY SKIN IRRITATION OR REDNESS AFTER A SESSION, DO NOT CONTINUE STIMULATION IN THAT AREA OF THE SKIN. PLACE PADS ON EITHER SIDE OF THE PAIN, NOT DIRECTLY ON THE PAIN. POSSIBLE ADVERSE REACTIONS: YOU SHOULD STOP USING THE UNIT AND CONSULT WITH YOUR PHYSICIAN IF YOU EXPERIENCE ADVERSE REACTIONS FROM THE UNIT. YOU MAY EXPERIENCE SKIN IRRITATION AND BURNS BENEATH THE STIMULATION ELECTRODES APPLIED TO YOUR SKIN. UPDATED INFORMATION IN SECTION F7. ADDITIONAL INFORMATION ADDED TO SECTION B5 AND H11. AFTER INITIAL REPORT WAS SUBMITTED, THE CONSUMER CALLED WITH ADDITIONAL INFORMATION THAT WAS ADDED TO B5. THE PRODUCT INSTRUCTION MANUAL INCLUDES THE FOLLOWING IN THE IMPORTANT SAFETY PRECAUTIONS AND WARNINGS SECTION: DO NOT USE THIS UNIT DURING THESE ACTIVITIES WHEN IN THE BATH OR SHOWER; WHILE SLEEPING; WHILE DRIVING, OPERATING MACHINERY, OR DURING ANY ACTIVITY IN WHICH ELECTRICAL STIMULATION CAN PUT YOU AT RISK OF INJURY.",TENS (over-the-counter)
20569820,357387469,D,0,,"THE CONSUMER STATED THE UNIT HAS GIVEN HER 2ND AND 3RD DEGREE BURNS ON LOWER BACK TO THE SIDE OF HER BUTT CRACK. SHE STATED SHE HAD TO GO TO THE ER/URGENT CARE ON OCTOBER 6TH AND WAS TOLD SHE HAD AN ELECTRICAL BURN. SHE STATED SHE ONLY USED THE UNIT FOR THE 15 MINUTES REQUIRED AND WOULD TURN IT BACK ON MORE THAN A COUPLE OF TIMES (8-10 TIMES) THROUGHOUT THE DAY. SHE DID NOT USE ANY CREAMS OR OTHER PRODUCTS WITH THE UNIT. SHE WAS LYING ON HER SIDE. SHE STATED SHE WAS GIVEN BURN CREAM, ANTIBIOTICS AND A TETANUS SHOT DUE TO INFECTION AND DRAINAGE. DURING A FOLLOW UP CALL, SHE STATED THAT HER TENS UNIT LEFT BURN MARKS ON HER LOWER BACK AND POSTERIOR AND THAT THEY ARE 2ND AND 3RD DEGREE BURNS. SHE STATED THAT THE BURNS ARE SHAPED LIKE PADS AND ARE THE SIZE OF A CASABA MELON. SHE STATED THAT SHE HAS BEEN OFF WORK SINCE (B)(6) 2024. SHE IS A HAIRDRESSER. SHE STATED THAT SHE IS STILL FEELING PAIN. SHE WENT TO URGENT CARE PER DIRECTION OF HER DOCTOR. SHE IS ON ANTIBIOTICS AND BURN CREAM AND THEY ALSO GAVE HER TETANUS SHOT. SHE NEEDED TO CHANGE BANDAGES 2-3 TIMES A DAY. SHE STATED THAT THE UNIT WAS SET AT 9, THOUGH SOMETIMES 8. SHE COULD FEEL IT AND THAT WAS THE MAXIMUM SHE COULD TOLERATE. SHE STATED THAT SHE HAS USED OMRON TENS UNITS FOR YEARS AND NEVER HAD A PROBLEM. SHE BOUGHT A NEW ONE BECAUSE HER OLD UNITS ARE PACKED UP. SHE STATED THAT SHE WAS LAYING ON HER SIDE WHEN USING THE UNIT AND THE PADS WERE ON HER BACK. SHE STATED THAT SHE WOULD USE THE UNIT FOR 15 MINUTES AND THEN TURN THE UNIT BACK ON. SHE STATES THAT SHE USED THE UNIT 8-10 TIMES ON THAT DAY AND THE PADS WERE LEFT IN PLACE EVEN WHEN UNIT WAS TURNED OFF. THE CONSUMER CALLED WITH ADDITIONAL INFORMATION ON 11/06/24. SHE STATED THAT SHE HAD BEEN BADLY BURNT AND BEEN OFF WORK SINCE 10/04/24. SHE STATED SHE REALLY DID NOT WANT TO GO TO AN ATTORNEY AS SHE HAD NOT BEEN ABLE TO STAND UP AND HAD LAYERS AND LAYERS OF BURNS. SHE DID NOT THINK SHE SHOULD ONLY GET A REFUND FOR THE UNIT. SHE STATED SHE HAD MAJOR BURNS ON HER LOWER END. SHE STATED SHE WAS NOT SENDING THE UNIT BACK BECAUSE SHE BELIEVED A PRODUCT SPECIALIST SHOULD LOOK AT THE UNIT SINCE SHE THOUGHT IT WAS FAULTY. SHE STATED SHE HAD USED PRODUCTS LIKE IT IN THE PAST AND NEVER HAD THIS TYPE OF BURN. SHE STATED SHE ONLY USED THE UNIT ONCE AND WHEN SHE WOKE UP ON 10/04/24, SHE FELT THE PAIN AND HAD TO PULL HER PAJAMAS OFF HER SKIN. SHE DID NOT KNOW HOW BAD IT WAS AND DID NOT WANT TO GO TO AN ATTORNEY BUT SHE HAD BEEN OFF WORK SINCE IT HAPPENED. SHE STATED SHE KNEW THE UNIT WAS FAULTY. SHE STATED SHE LEFT THE PADS ON WHEN SHE WENT TO BED AND PUT THE CORDS ON HER NIGHTSTAND. SHE STATED SHE HAD PURPLE AND RED SCARRING ON HER BACK AND BUTTOCKS AND HAD BEEN USING BURN CREAM. SHE STATED THE HOSPITALS HAVE PICTURES AND THAT SHE CALLED AN ATTORNEY BUT NEVER DID ANYTHING. SHE STATED THE ATTORNEY WOULD NEED TO HAVE THE UNIT. SHE STATED SHE WAS A HAIRDRESSER AND HAD TO SWITCH ALL OF HER CLIENTS. SHE STATED SHE WAS NOT INTO ATTORNEYS AND WAS LOOKING FOR OMRON TO DO SOMETHING FOR HER. SHE STATED SHE NEEDED TO GET THE DOCTOR'S OPINION ON HOW LONG IT WOULD TAKE FOR THE SCAR TO GO AWAY. SHE STATED SHE RECEIVED THE REFUND THE DAY PRIOR AND NEVER RECEIVED THE RETURN LABEL FROM OMRON. SHE KEPT STATING SHE DID NOT KNOW WHAT TO DO AND WAS ADVISED THAT IT WAS HER DECISION. SHE WAS SENT THE LABEL AGAIN TO HAVE THE UNIT SENT TO THE INSPECTION CENTER.",TENS (over-the-counter)
21000651,359826168,D,0,,"PATIENT REPORTED HIP PAIN WHILE WALKING DURING A TRAINING SESSION ON (B)(6) 2024. AS A PRECAUTION, THE SESSION WAS STOPPED. DUE TO THE MINIMAL NATURE OF THE PAIN, THE PATIENT PARTICIPATED IN ANOTHER TRAINING SESSION ON (B)(6) 2024. PRIOR TO THE SESSION, THE PATIENT PERFORMED STRETCHING EXERCISES. DURING THE SESSION, THE PATIENT EXPERIENCED DISCOMFORT WHILE STANDING AND INCREASED PAIN WHEN ATTEMPTING TO TAKE A FEW STEPS. CONSEQUENTLY, THE SESSION WAS STOPPED, AND THE PATIENT EXITED THE DEVICE. ON (B)(6) 2024, A LIFEWARD REPRESENTATIVE RECEIVED A MESSAGE FROM THE PATIENT INDICATING THAT HE HAD BEEN DIAGNOSED WITH A RIGHT FEMORAL NECK FRACTURE. THIS INCIDENT WAS DOCUMENTED UNDER CUSTOMER COMPLAINT NUMBER: (B)(4).",Powered exoskeleton
20993667,359879263,D,0,,"I BOUGHT THE AUVON TENS UNIT FROM AMAZON. USE IT ONCE ON MY LOWER BACK, ONCE I TURNED IT ON, IT ZAPPED THE HECK OUT OF ME DESPITE SETTING THE POWER TO ZERO, THE DEVICE DELIVERED A STRONG ELECTRICAL SHOCK UPON ACTIVATION. THIS UNEXPECTED BEHAVIOR POSES A SERIOUS SAFETY RISK AND INDICATES A POTENTIAL DEFECT IN THE DEVICE. AFTER A 20-MINUTE SESSION AT 20% POWER, I REMOVED THE PROBES AND NOTICED A BRUISED-LOOKING MARK ON MY LOWER BACK. THIS SUGGESTS THAT THE DEVICE MAY BE DELIVERING CURRENTS THAT ARE TOO STRONG FOR SAFE APPLICATION. THE MANUFACTURER'S NAME IS SHEN ZHEN AS TEC TECHNOLOGY CO LTD, THE 510K NUMBER IS K200727 AND K143268; ALL OF THESE PRODUCTS ARE NON-COMPLIANT. MANDATE THE IMMEDIATE REMOVAL OF THE PRODUCT FROM AMAZON AND OTHER RETAILERS, PLEASE CHECK BELOW ASINS AND MODELS. I BELIEVE THAT PROMPT ACTION BY THE FDA IS CRUCIAL TO PROTECT THE HEALTH AND SAFETY OF POTENTIAL USERS OF THIS DEVICE. THANK YOU FOR YOUR ATTENTION TO THIS MATTER. ASIN: B07D58V8LD MODEL? : ? AS8012 ASIN: B07KTV52K1 MODEL? : ? AS8012 ASIN: B085TL8TPJ MODEL: AS8012C ASIN: B06ZZ19MS3 MODEL: AS8010 ASIN: B08FLWZT16 MODEL: AS8016 ASIN: B0CQ2DLXDJ MODEL: AS8019 ASIN: B0D12W9QX6 MODEL:TA2224 ASIN: B0CJ55LH2N MODEL: TA3224. I BOUGHT THE AUVON TENS UNIT FROM AMAZON. USE IT ONCE ON MY LOWER BACK, ONCE I TURNED IT ON, IT ZAPPED THE HECK OUT OF ME DESPITE SETTING THE POWER TO ZERO, THE DEVICE DELIVERED A STRONG ELECTRICAL SHOCK UPON ACTIVATION. THIS UNEXPECTED BEHAVIOR POSES A SERIOUS SAFETY RISK AND INDICATES A POTENTIAL DEFECT IN THE DEVICE. AFTER A 20-MINUTE SESSION AT 20% POWER, I REMOVED THE PROBES AND NOTICED A BRUISED-LOOKING MARK ON MY LOWER BACK. THIS SUGGESTS THAT THE DEVICE MAY BE DELIVERING CURRENTS THAT ARE TOO STRONG FOR SAFE APPLICATION.",TENS (over-the-counter)
20569820,361848161,D,0,,"THE CONSUMER STATED THE UNIT HAS GIVEN HER 2ND AND 3RD DEGREE BURNS ON LOWER BACK TO THE SIDE OF HER BUTT CRACK. SHE STATED SHE HAD TO GO TO THE ER/URGENT CARE ON (B)(6) AND WAS TOLD SHE HAD AN ELECTRICAL BURN. SHE STATED SHE ONLY USED THE UNIT FOR THE 15 MINUTES REQUIRED AND WOULD TURN IT BACK ON MORE THAN A COUPLE OF TIMES (8-10 TIMES) THROUGHOUT THE DAY. SHE DID NOT USE ANY CREAMS OR OTHER PRODUCTS WITH THE UNIT. SHE WAS LYING ON HER SIDE.SHE STATED SHE WAS GIVEN BURN CREAM, ANTIBIOTICS AND A TETANUS SHOT DUE TO INFECTION AND DRAINAGE. DURING A FOLLOW UP CALL, SHE STATED THAT HER TENS UNIT LEFT BURN MARKS ON HER LOWER BACK AND POSTERIOR AND THAT THEY ARE 2ND AND 3RD DEGREE BURNS. SHE STATED THAT THE BURNS ARE SHAPED LIKE PADS AND ARE THE SIZE OF A CASABA MELON. SHE STATED THAT SHE HAS BEEN OFF WORK SINCE (B)(6) 2024. SHE IS A HAIRDRESSER. SHE STATED THAT SHE IS STILL FEELING PAIN. SHE WENT TO URGENT CARE PER DIRECTION OF HER DOCTOR. SHE IS ON ANTIBIOTICS AND BURN CREAM AND THEY ALSO GAVE HER TETANUS SHOT. SHE NEEDED TO CHANGE BANDAGES 2-3 TIMES A DAY. SHE STATED THAT THE UNIT WAS SET AT 9, THOUGH SOMETIMES 8. SHE COULD FEEL IT AND THAT WAS THE MAXIMUM SHE COULD TOLERATE. SHE STATED THAT SHE HAS USED OMRON TENS UNITS FOR YEARS AND NEVER HAD A PROBLEM. SHE BOUGHT A NEW ONE BECAUSE HER OLD UNITS ARE PACKED UP. SHE STATED THAT SHE WAS LAYING ON HER SIDE WHEN USING THE UNIT AND THE PADS WERE ON HER BACK. SHE STATED THAT SHE WOULD USE THE UNIT FOR 15 MINUTES AND THEN TURN THE UNIT BACK ON. SHE STATES THAT SHE USED THE UNIT 8-10 TIMES ON THAT DAY AND THE PADS WERE LEFT IN PLACE EVEN WHEN UNIT WAS TURNED OFF. THE CONSUMER CALLED WITH ADDITIONAL INFORMATION ON (B)(6) 2024. SHE STATED THAT SHE HAD BEEN BADLY BURNT AND BEEN OFF WORK SINCE (B)(6) 2024. SHE STATED SHE REALLY DID NOT WANT TO GO TO AN ATTORNEY AS SHE HAD NOT BEEN ABLE TO STAND UP AND HAD LAYERS AND LAYERS OF BURNS. SHE DID NOT THINK SHE SHOULD ONLY GET A REFUND FOR THE UNIT. SHE STATED SHE HAD MAJOR BURNS ON HER LOWER END. SHE STATED SHE WAS NOT SENDING THE UNIT BACK BECAUSE SHE BELIEVED A PRODUCT SPECIALIST SHOULD LOOK AT THE UNIT SINCE SHE THOUGHT IT WAS FAULTY. SHE STATED SHE HAD USED PRODUCTS LIKE IT IN THE PAST AND NEVER HAD THIS TYPE OF BURN. SHE STATED SHE ONLY USED THE UNIT ONCE AND WHEN SHE WOKE UP ON (B)(6) 2024, SHE FELT THE PAIN AND HAD TO PULL HER PAJAMAS OFF HER SKIN. SHE DID NOT KNOW HOW BAD IT WAS AND DID NOT WANT TO GO TO AN ATTORNEY BUT SHE HAD BEEN OFF WORK SINCE IT HAPPENED. SHE STATED SHE KNEW THE UNIT WAS FAULTY. SHE STATED SHE LEFT THE PADS ON WHEN SHE WENT TO BED AND PUT THE CORDS ON HER NIGHTSTAND. SHE STATED SHE HAD PURPLE AND RED SCARRING ON HER BACK AND BUTTOCKS AND HAD BEEN USING BURN CREAM. SHE STATED THE HOSPITALS HAVE PICTURES AND THAT SHE CALLED AN ATTORNEY BUT NEVER DID ANYTHING. SHE STATED THE ATTORNEY WOULD NEED TO HAVE THE UNIT. SHE STATED SHE WAS A HAIRDRESSER AND HAD TO SWITCH ALL OF HER CLIENTS. SHE STATED SHE WAS NOT INTO ATTORNEYS AND WAS LOOKING FOR OMRON TO DO SOMETHING FOR HER. SHE STATED SHE NEEDED TO GET THE DOCTOR'S OPINION ON HOW LONG IT WOULD TAKE FOR THE SCAR TO GO AWAY. SHE STATED SHE RECEIVED THE REFUND THE DAY PRIOR AND NEVER RECEIVED THE RETURN LABEL FROM OMRON. SHE KEPT STATING SHE DID NOT KNOW WHAT TO DO AND WAS ADVISED THAT IT WAS HER DECISION. SHE WAS SENT THE LABEL AGAIN TO HAVE THE UNIT SENT TO THE INSPECTION CENTER.",TENS (over-the-counter)
20569820,361848162,N,0,,"A ROOT CAUSE HAS NOT BEEN DETERMINED. IT HAS NOT BEEN CONFIRMED IF THE DEVICE CAUSED OR CONTRIBUTED TO THE REPORTED INCIDENT; HOWEVER, DUE TO THE CUSTOMER REPORTING HAVING 2ND AND 3RD DEGREE BURNS THIS MEDWATCH IS BEING FILED. THE U.S IMPORTER IS REQUESTING THE MANUFACTURER OF THE DEVICE TO FURTHER INVESTIGATE THIS INCIDENT. A POSTAGE LABEL HAS BEEN SENT FOR RETRIEVAL OF THE HOME UNIT FOR INSPECTION. THE CONSUMER WAS GIVEN A REFUND FOR THE UNIT. THE PRODUCT INSTRUCTION MANUAL INCLUDES FOLLOWING WARNINGS: - POSSIBLE ADVERSE REACTIONS · DO NOT USE TO TREAT ONE REGION FOR EXTENDED PERIODS OF TIME (MORE THAN 30 MINUTES A SESSION, UP TO THREE TIMES/DAY) OR MUSCLES IN THAT REGION MAY BECOME EXHAUSTED AND SORE. - DO NOT LEAVE PADS ATTACHED TO THE SKIN AFTER TREATMENT - THE MERE EXISTENCE OF PAIN FUNCTIONS AS A VERY IMPORTANT WARNING TELLING US THAT SOMETHING IS WRONG. THEREFORE, IF YOU SUFFER FROM ANY SERIOUS ILLNESS, CONSULT YOUR PHYSICIAN IN ORDER TO CONFIRM THAT IT IS ADVISABLE FOR YOU TO USE THIS UNIT. - IF YOU EXPERIENCE ANY SKIN IRRITATION OR REDNESS AFTER A SESSION, DO NOT CONTINUE STIMULATION IN THAT AREA OF THE SKIN. - PLACE PADS ON EITHER SIDE OF THE PAIN, NOT DIRECTLY ON THE PAIN. POSSIBLE ADVERSE REACTIONS: - YOU SHOULD STOP USING THE UNIT AND CONSULT WITH YOUR PHYSICIAN IF YOU EXPERIENCE ADVERSE REACTIONS FROM THE UNIT. - YOU MAY EXPERIENCE SKIN IRRITATION AND BURNS BENEATH THE STIMULATION ELECTRODES APPLIED TO YOUR SKIN.  UPDATED INFORMATION IN SECTION F7. ADDITIONAL INFORMATION ADDED TO SECTION B5 AND H11. AFTER INITIAL REPORT WAS SUBMITTED, THE CONSUMER CALLED WITH ADDITIONAL INFORMATION THAT WAS ADDED TO B5. THE PRODUCT INSTRUCTION MANUAL INCLUDES THE FOLLOWING IN THE IMPORTANT SAFETY PRECAUTIONS AND WARNINGS SECTION: DO NOT USE THIS UNIT DURING THESE ACTIVITIES · WHEN IN THE BATH OR SHOWER; · WHILE SLEEPING; · WHILE DRIVING, OPERATING MACHINERY, OR DURING ANY ACTIVITY IN WHICH ELECTRICAL STIMULATION CAN PUT YOU AT RISK OF INJURY.  UPDATED INFORMATION IN SECTION F7. ADDITIONAL INFORMATION ADDED TO SECTION H11. THE DEVICE WAS NOT RETURNED TO THE DISTRIBUTOR/MANUFACTURER FOR INVESTIGATION, AND THERE HAS NOT BEEN ANY ADDITIONAL COMMUNICATION FROM THIS CONSUMER. THE INVESTIGATION WAS CLOSED ON 1/15/2025. HERE IS THE SUMMARY OF THE MANUFACTURER DEVICE INVESTIGATION: THE MANUFACTURER REVIEWED THE MANUFACTURER SHIPPING INSPECTION. THE INSEPCTION FOR THE PRODUCT LOT PASSED. THE RISK ANALYSIS DOCUMENT WAS REVIEWED AND SIMILAR RISK HAS BEEN ANALYZED. THERE WAS ONE SIMILAR EVENT REPORTED FOR THE SAME MODEL IN THE PAST. HOWEVER, NO ABNORMAL TREND WAS IDENTIFIED. UNIT WAS NOT RETURNED BY CONSUMER. THE DEVICE WAS NOT RECEIVED FOR EVALUATION; THEREFORE, A DEVICE ANALYSIS COULD NOT BE COMPLETED. NO FURTHER INVESTIGATION REQUIRED.",TENS (over-the-counter)
20586000,361965153,N,0,,"THE DEVICE WAS NOT RETURNED TO THE DISTRIBUTOR/MANUFACTURER FOR INVESTIGATION AND THE INVESTIGATION WAS CLOSED ON 1/15/2024. HERE IS THE SUMMARY OF THE MANUFACTURER DEVICE INVESTIGATION: THE MANUFACTURER REVIEWED THE MANUFACTURER SHIPPING INSPECTION. THE INSPECTION FOR THE PRODUCT LOT PASSED. THE RISK ANALYSIS DOCUMENT WAS REVIEWED AND SIMILAR RISK HAS BEEN ANALYZED. THERE WAS ONE SIMILAR EVENT REPORTED FOR THE SAME MODEL IN THE PAST. HOWEVER, NO ABNORMAL TREND WAS IDENTIFIED. THE UNIT WAS NOT RETURNED BY CONSUMER. THE DEVICE WAS NOT RECEIVED FOR EVALUATION; THEREFORE, A DEVICE ANALYSIS COULD NOT BE COMPLETED. NO FURTHER INVESTIGATION REQUIRED.",TENS (over-the-counter)
20682019,376835499,N,0,,"FINAL REPORT DATE: JUNE 30 2025 1. THE INVESTIGATION ACTIVITIES INCLUDED THE FOLLOWING: · REVIEW OF DEVICE RECORDS. · INTERVIEWS WITH THE CLINICAL TRAINER AND WITH THE PATIENT. · REVIEWING THE TIMELINE OF THE PATIENT USAGE OF THE DEVICE · AVAILABLE PATIENT DATA AND PARAMETERS · A LIFEWARD FIELD SERVICE ENGINEER INSPECTED THE DEVICE AND FOUND NO EVIDENCE OF MALFUNCTION. 2. THE RIGHT FOOTPLATE OF THE DEVICE, WHICH HAD BEEN IN DIRECT CONTACT WITH THE PATIENT'S INJURED LEG, WAS RETURNED FOR FURTHER INVESTIGATION BY THE R&D AND QUALITY TEAMS. NO MALFUNCTIONS WERE IDENTIFIED. 3. THE CUSTOMER DECLINED THE REQUESTS FROM LIFEWARD TO SHARE ADDITIONAL MEDICAL INFORMATION. 4. THE AVAILABLE INFORMATION (PICTURES OF THE FOOT TOES) WAS REVIEWED AND EVALUATED BY AN EXTERNAL MEDICAL/CLINICAL EXPERT (PHYSICIAN), AND IT WAS DETERMINED THAT: THE TOE AMPUTATION WAS A COMPLICATION OF VASCULAR DISEASE, POSSIBLY FROM THROMBOEMBOLISM OR CHOLESTEROL EMBOLIZATION FROM ATHEROSCLEROTIC PLAQUE. THE REWALK DEVICE CANNOT BE CONSIDERED A RISK FACTOR FOR THE DEVELOPMENT OF ANY VASCULAR DISEASE OR IN EMBOLIZATION IN A VASCULAR DISEASE. THE MEDICAL COMPLICATION WAS NOT RELATED TO THE USAGE OF THE REWALK DEVICE. 5. BASED ON ALL AVAILABLE INFORMATION, THERE IS NO EVIDENCE TO SUGGEST THAT A DEVICE MALFUNCTION CAUSED THE INJURY. ADDITIONAL NOTES: THERE WERE NO SIMILAR INCIDENTS BEFORE OR AFTER THE REPORTED INCIDENT. THERE ARE NO REQUIRED ACTIONS AS IT IS CONCLUDED THAT THE MEDICAL COMPLICATION WAS NOT RELATED TO THE USAGE OF THE REWALK DEVICE.",Powered exoskeleton
20682019,376835500,D,0,,"THE PATIENT HAD BEEN USING A REWALK DEVICE FOR SEVERAL YEARS. ON (B)(6) 2024, THE PATIENT USED A NEWLY DELIVERED REWALK DEVICE FOR THE FIRST TIME FOR APPROXIMATELY 30 MINUTES. THE SETTINGS ON THE NEW DEVICE WERE THE SAME AS HIS PREVIOUS DEVICE. NO ISSUES WERE REPORTED DURING THE FITTING PROCESS AND THERE WERE NO REPORTS OF DEVICE MALFUNCTION BEFORE OR DURING USE. ON (B)(6) 2024, LIFEWARD REPRESENTATIVE RECEIVED A MESSAGE FROM THE PATIENT, REPORTING THAT SEVERAL DAYS AFTER HIS SESSION WITH THE NEW REWALK DEVICE ON (B)(6) 2024, HE NOTICED HIS RIGHT FOOT'S TOES TURNING BLUE. HE ATTEMPTED SELF-CARE AT HOME WITHOUT IMPROVEMENT, AND AFTER 12 DAYS, SOUGHT MEDICAL ATTENTION, LEADING TO HIS HOSPITALIZATION. SUBSEQUENTLY, THE PATIENT REPORTED UNDERGOING AN AMPUTATION OF THE LATERAL PART OF HIS FOREFOOT. THE INCIDENT WAS RECORDED UNDER CUSTOMER COMPLAINT NUMBER: (B)(4).",Powered exoskeleton
20220329,379229004,D,0,,"TOWARDS THE END OF THE TRIAL SESSION, IT WAS NOTED THAT THE PATIENT WAS MISALIGNED WITH THE DEVICE. THE LEFT HIP HAVE DROPPED AND THE FRONT KNEE BRACKET (FKB) WAS ROTATED DOWNWARD. THE SESSION WAS DISCONTINUED, A SKIN CHECK WAS DONE, AND IT WAS NOTED THAT HER LEFT KNEE WAS SIGNIFICANTLY MORE SWOLLEN. TWO DAYS AFTER THE TRIAL SESSION THE PATIENT REPORTED TO THE REWALK CLINICAL TRAINING MANAGER THAT SHE WAS DIAGNOSED WITH A FRACTURE AT THE LEFT KNEE. THE INCIDENT WAS RECORDED UNDER CUSTOMER COMPLAINT NUMBER: (B)(4).",Powered exoskeleton
20220329,379229005,N,0,,"FINAL REPORT AND INVESTIGATION MAIN FINDINGS: DATE: JULY 28 2025 THE INVESTIGATION ACTIVITIES INCLUDED THE FOLLOWING: ·REVIEWING DEVICE RECORDS. ·INTERVIEWING THE CLINICAL TRAINERS ·ANALYSING THE TIMELINE OF THE PATIENT'S DEVICE USAGE PRIOR TO THE REPORTED INCIDENT. ·REVIEWING AVAILABLE PATIENT DATA AND PARAMETERS. ·REVIEWING VIDEO RECORDINGS OF THE PATIENT USING THE SYSTEM. ·CONDUCTING A DEVICE INSPECTION BY A LIFEWARD FIELD SERVICE ENGINEER, WHO FOUND NO EVIDENCE OF MALFUNCTION. ·EVALUATING BONE DENSITY RESULTS BY AN EXTERNAL MEDICAL EXPERT (PHYSICIAN) TO HELP IDENTIFY THE POTENTIAL ROOT CAUSE. THE INJURY WAS PROBABLY CAUSED BY A COMBINATION OF THE FOLLOWING FACTORS: 1. TIGHTNESS OF THE LEFT KNEE (MILD KNEE FLEXION CONTRACTURE). 2. AT SOME UNKNOWN POINT DURING WALKING, THE LEFT FRONT KNEE BRACKET (FKB) ROTATED DOWNWARD, CAUSING THE TOP (NON-CUSHIONED) PART OF THE FKB TO DIRECTLY PRESS ON THE AREA BELOW THE LEFT KNEE JOINT (TIBIA). THE POSSIBILITY OF FKB MECHANICAL FAILURE WAS ELIMINATED AS THE FKBS WERE INVESTIGATED BY R&D AND QA TEAM AND THERE WAS NO DEFECT FOUND THAT CAN BE RELATED TO THE INJURY. · THE ROTATIONAL MOVEMENT OF THE FKB IS AN INTENTIONAL DESIGN FEATURE, IMPLEMENTED TO COMPENSATE FOR VARIATIONS IN TIBIAL ORIENTATION DURING USE OF THE DEVICE. · THE REASON WHY THE FKB WAS SHIFTING DOWNWARD CAUSING THE TOP (NON-CUSHIONED) PART OF THE FKB TO DIRECTLY PRESS ON THE AREA BELOW THE LEFT KNEE JOINT (TIBIA) - IS NOT CLEAR. · POSSIBLE CAUSES: O EXTENSOR TONE OF THE USER MAY HAVE CONTRIBUTED TO THE BODY SHIFTING AWAY FROM THE INJURED LEFT KNEE CAUSING ADDITIONAL SPACE IN THE AREA AND ALLOWING FKB ROTATION. O THE FKB STRAP MAY HAVE BEEN LOOSE AND FKB ROTATED DOWNWARD WITH MOVEMENT OF THE LEG. 3. PROBABLE CONTRIBUTING FACTORS: · PATIENT BODY STRUCTURE AND FITTING: O PATIENT'S LEFT KNEE HAD LIMITED RANGE OF MOTION BUT WITHIN THE APPROPRIATE RANGE REQUIRED FOR THESE OF THE DEVICE. O VERY THIN BODY STRUCTURE WITH LIMITED MUSCLE OR FAT MASS - CREATING DIFFICULTY FITTING THE PELVIC BAND AND STRAPPING THE PATIENT (THE PELVIC WAS ADJUSTED MID-SESSION FROM V2 TO V1). THERE WAS NO EVIDENCE OF MECHANICAL FAILURE OF THE REWALK DEVICE CAUSING THE INJURY. CAPA0230 WAS INITIATED: UPDATING THE USER AND THERAPIST MANUALS AND THE TRAINING PRESENTATION WITH ADDITIONAL WARNINGS.",Powered exoskeleton
20275819,380859021,N,0,,"FINAL REPORT AND INVESTIGATION MAIN FINDINGS: DATE: JULY 24, 2025 1. THE INVESTIGATION ACTIVITIES INCLUDED THE FOLLOWING: REVIEWING DEVICE RECORDS. INTERVIEWING THE CLINICAL TRAINER AND THE PATIENT. ANALYSING THE TIMELINE OF THE PATIENT'S DEVICE USAGE PRIOR TO THE REPORTED INCIDENT. REVIEWING AVAILABLE PATIENT DATA AND PARAMETERS. CONDUCTING A DEVICE INSPECTION BY A LIFEWARD FIELD SERVICE ENGINEER, WHO FOUND NO EVIDENCE OF MALFUNCTION. EVALUATING MEDICAL IMAGING AND BONE DENSITY RESULTS BY AN EXTERNAL MEDICAL EXPERT (PHYSICIAN) TO HELP IDENTIFY THE POTENTIAL ROOT CAUSE. 2. ROOT CAUSE SUMMARY BASED ON ALL AVAILABLE INFORMATION, THERE IS NO EVIDENCE TO SUGGEST THAT THE INJURY WAS CAUSED BY A DEVICE MALFUNCTION OR MISUSE. PROBABLE CAUSE: THE PATIENT HAD AN INCREASE IN OVERALL SPASTICITY DUE TO A NEW DIAGNOSIS OF URINARY TRACT INFECTION. THE SUDDEN LEFT LOWER EXTREMITY SPASM OCCURRING DURING THE SIT-TO-STAND TRANSITION WAS WITNESSED TO BRING THE PATELLAR TENDON WEIGHT-BEARING AREA OF HER LEFT PROXIMAL TIBIA INTO FORCEFUL CONTACT WITH THE PROXIMAL TIBIAL RESTRAINING BAR OF THE REWALK DEVICE. THE DIRECT TRAUMA RESULTED IN THE BILATERAL COMMINUTED LEFT PROXIMAL TIBIAL FRACTURES. 3. CAPA: 0230 WAS INITIATED: UPDATING THE USER AND THERAPIST MANUALS AND THE TRAINING PRESENTATION WITH ADDITIONAL WARNINGS.",Powered exoskeleton
20275819,380859022,D,0,,"THE PATIENT WAS USING THE REWALK DEVICE FOR A TOTAL OF 7 TRAINING SESSIONS DURING ON (B)(6) 2024. ON (B)(6) 2024, THE PATIENT REPORTED TO THE REWALK CLINICAL TRAINING MANAGER THAT SHE WAS DIAGNOSED WITH A FRACTURE AT THE LEFT KNEE. THE INCIDENT WAS RECORDED UNDER CUSTOMER COMPLAINT NUMBER: (B)(4).",Powered exoskeleton
21000651,380869356,N,0,,"FINAL REPORT AND INVESTIGATION MAIN FINDINGS: DATE: JULY 24 2025 1. THE INVESTIGATION ACTIVITIES INCLUDED THE FOLLOWING: ·REVIEWING DEVICE RECORDS. ·INTERVIEWING THE CLINICAL TRAINER AND THE PATIENT. ·REVIEWING VIDEO RECORDINGS OF THE PATIENT USING THE SYSTEM. ·ANALYSING THE TIMELINE OF THE PATIENT'S DEVICE USAGE PRIOR TO THE REPORTED INCIDENT. ·REVIEWING AVAILABLE PATIENT DATA AND PARAMETERS. ·CONDUCTING A DEVICE INSPECTION BY A LIFEWARD FIELD SERVICE ENGINEER, WHO FOUND NO EVIDENCE OF MALFUNCTION. ·EVALUATING MEDICAL IMAGING AND BONE DENSITY RESULTS BY AN EXTERNAL MEDICAL EXPERT (PHYSICIAN) TO HELP IDENTIFY THE POTENTIAL ROOT CAUSE. 2. THE RIGHT FEMORAL NECK FRACTURE WAS LIKELY CAUSED BY WEIGHT-BEARING ON THE RIGHT HIP WITH DIMINISHED BONE MINERAL DENSITY AND MASS - DURING THE AMBULATION MODE AND WAS NOT RELATED TO A FALL OR ANY OTHER POTENTIALLY TRAUMATIC EVENT, SUCH AS ROUTINE PASSIVE RANGE OF MOTION PERFORMED BY PHYSICAL THERAPY. THE RIGHT FEMORAL FRACTURE WAS MOST LIKELY NOT DUE TO ANY ORTHOTIC SYSTEM PROBLEM. BASED ON ALL AVAILABLE INFORMATION, THERE IS NO EVIDENCE TO SUGGEST THAT THE INJURY WAS CAUSED BY DEVICE MALFUNCTION OR MISUSE. 3. CAPA0230 WAS INITIATED: UPDATING THE USER AND THERAPIST MANUALS AND THE TRAINING PRESENTATION WITH ADDITIONAL WARNINGS.",Powered exoskeleton
21000651,380869357,D,0,,"PATIENT REPORTED HIP PAIN WHILE WALKING DURING A TRAINING SESSION ON OCTOBER 25, 2024. AS A PRECAUTION, THE SESSION WAS STOPPED. DUE TO THE MINIMAL NATURE OF THE PAIN, THE PATIENT PARTICIPATED IN ANOTHER TRAINING SESSION ON OCTOBER 28, 2024. PRIOR TO THE SESSION, THE PATIENT PERFORMED STRETCHING EXERCISES. DURING THE SESSION, THE PATIENT EXPERIENCED DISCOMFORT WHILE STANDING AND INCREASED PAIN WHEN ATTEMPTING TO TAKE A FEW STEPS. CONSEQUENTLY, THE SESSION WAS STOPPED, AND THE PATIENT EXITED THE DEVICE. ON (B)(6) 2024, A LIFEWARD REPRESENTATIVE RECEIVED A MESSAGE FROM THE PATIENT INDICATING THAT HE HAD BEEN DIAGNOSED WITH A RIGHT FEMORAL NECK FRACTURE. THIS INCIDENT WAS DOCUMENTED UNDER CUSTOMER COMPLAINT NUMBER:(B)(4)..",Powered exoskeleton
21111670,360965061,D,0,,"REPORTER STATES HER HUSBAND (PATIENT) HAD A LEFT KNEE REPLACEMENT ON (B)(6) 2024 AND WHEN HE WAS DISCHARGED HOME, HE BEGAN USING KINEX CONNECT. ON (B)(6) 2025 THE REPORTER CONNECTED THE DEVICE TO THE PATIENT AND SET THE DEVICE AT 80 POINTS. THE REPORTER LEFT THE ROOM AND A FEW MOMENTS LATER SHE HEARD HER HUSBAND YELLING HER NAME. WHEN THE REPORTER ENTERED THE ROOM, SHE STATES SHE SAW THE PATIENT'S KNEE BENT ALL THE WAY BACK. THE PATIENT WAS EXPERIENCING SEVERE PAIN AND HAD DIFFICULTY WALKING. REPORTER DISCONNECTED THE DEVICE FROM THE PATIENT AND NOTED THE SETTING WAS AT 134 POINTS. THE PATIENT WAS TRANSPORTED TO THE HOSPITAL BY AMBULANCE AND HAS BEEN ADMITTED SINCE.",Powered exercise equipment (incl. CPM)
21256457,362441618,D,0,,"I AM WRITING TO REPORT A SERIOUS ADVERSE EVENT AND TO BRING TO YOUR ATTENTION A DISCREPANCY BETWEEN THE PRODUCT DESCRIPTION ON AMAZON AND THE FDA APPROVAL DOCUMENTATION (510(K): K200727) FOR A TENS & EMS DEVICE. THE PRODUCT WAS PURCHASED ON AMAZON, AND I EXPERIENCED SIGNIFICANT NEGATIVE EFFECTS DESPITE FOLLOWING ALL RECOMMENDED SAFETY GUIDELINES. PRODUCT INFORMATION: AUVON DUAL CHANNEL TENS EMS UNIT 24 MODES MUSCLE STIMULATOR, MODEL NUMBER: AS8012, ORDER ID: (B)(4), ASIN: B085TL8TPJ. THE PRODUCT IS LISTED ON AMAZON WITH A DESCRIPTION STATING IT HAS 24 MODES. HOWEVER, ACCORDING TO THE FDA APPROVAL DOCUMENTATION FOR 510(K) K200727, THE AS8012 MODEL HAS ONLY 20 OPERATION PROGRAMS, WHICH INDICATES A DISCREPANCY BETWEEN THE PRODUCT LISTING AND THE APPROVED SPECIFICATIONS. ON SEVERAL OCCASIONS, AFTER USING THE TENS & EMS DEVICE AS PER THE INSTRUCTIONS PROVIDED, I EXPERIENCED ELECTRICAL SHOCKS THAT WERE UNEXPECTED AND INTENSE. ADDITIONALLY, I DEVELOPED SKIN IRRITATION AND SEVERE BLISTERING IN THE AREAS WHERE THE ELECTRODE ADHESIVE PADS WERE PLACED. THE SKIN DAMAGE OCCURRED AFTER REPEATED USE, AND THE BLISTERS WERE PAINFUL AND REQUIRED MEDICAL ATTENTION. THE PRODUCT CAUSED PHYSICAL HARM, INCLUDING SKIN INJURIES, NECESSITATING A COMPLAINT TO THE FDA. THE ELECTRICAL SHOCKS AND SUBSEQUENT SKIN REACTIONS WERE ALARMING. THE PRODUCT CAUSED ME CONSIDERABLE PHYSICAL DISCOMFORT AND LED TO VISIBLE SKIN INJURIES THAT REQUIRED CLEANING, BANDAGING, AND FURTHER MEDICAL EVALUATION. I HAVE NOT RETURNED TO USING THE DEVICE SINCE THE LAST INCIDENT DUE TO SAFETY CONCERNS. DUE TO THE SERIOUS ADVERSE EVENT AND THE DISCREPANCY IN THE PRODUCT DESCRIPTION, I RESPECTFULLY REQUEST THAT THE FDA INVESTIGATES THIS MATTER. I WOULD BE MORE THAN WILLING TO PROVIDE FURTHER DOCUMENTATION OR TO BE INTERVIEWED IF NEEDED. I AM CONCERNED ABOUT THE SAFETY OF THIS DEVICE AND THE POTENTIAL HARM IT MAY CAUSE TO OTHER USERS. THANK YOU FOR YOUR ATTENTION TO THIS IMPORTANT MATTER. I LOOK FORWARD TO YOUR RESPONSE. THE PRODUCT IS LISTED ON (B)(6) WITH A DESCRIPTION STATING IT HAS 24 MODES. HOWEVER, ACCORDING TO THE FDA APPROVAL DOCUMENTATION FOR 510(K) K200727, THE AS8012 MODEL HAS ONLY 20 OPERATION PROGRAMS, WHICH INDICATES A DISCREPANCY BETWEEN THE PRODUCT LISTING AND THE APPROVED SPECIFICATIONS.",TENS (over-the-counter)
21274103,362506968,D,0,,"WHILE TREATING THE PATIENT ON THIS DEVICE, AT A FAIRLY LOW INTENSITY, THE INTENSITY OF THE DEVICE SUDDENLY INCREASED AND MAINTAINED AT A THAT HIGH INTENSITY. IN CONCERT WITH THIS EVENT, THE PATIENT EXPERIENCED A BURN ON THEIR LOWER LEG.",TENS (prescription)
21333931,363300544,D,0,,"ONE DAY, WHEN I USED THE NEUROMD PAD (HTTPS://GETNEUROMD.COM/), I EXPERIENCED IMMEDIATE AND SEVERE SKIN REDNESS. WITHIN A FEW HOURS, I DEVELOPED SKIN BLISTERING, ITCHING, AND PAIN AROUND MY LOWER BACK AREA WHERE THE PAD WAS APPLIED. THE HEALING PROCESS TOOK TWO MONTHS, AND I STILL HAVE DRY PATCHES OF SKIN AND SOME SCARRING. I USED THE NEUROMD PADS ALMOST EVERY DAY FROM (B)(6) 2023 UNTIL (B)(6) 2024, WHEN THE ALLERGIC REACTION OCCURRED QUITE SUDDENLY.",TENS (prescription)
21415373,364225779,D,0,,"INEFFECTIVE. HCP DID NOT CONSENT TO FOLLOW UP, NO FURTHER INFORMATION PROVIDED OR AVAILABLE REGARDING THIS REPORT. (B)(4).",TENS (over-the-counter)
21415373,364233976,D,0,,ADDITIONAL INFORMATION RECEIVED ON 2/24/2025 FOR REPORT MW5166511 TO UPDATE BRAND NAME AND CONCOMITANT DEVICES BEING USED.,TENS (over-the-counter)
21436584,364265582,D,0,,INFORMATION WAS RECEIVED FROM A PATIENT (PT) AGAINST AN EXTERNAL TENS UNIT MANUFACTURED BY (B)(6). PT STATED THAT THE EXTERNAL DEVICE KEPT SAYING THAT IT NEEDED TO BE CHARGED. CALLER PROVIDED A SERIAL NUMBER OF (B)(6). TSS REDIRECTED THE CALL TO RS MEDICAL FOR FURTHER ASSISTANCE. THE ALLEGATION IS ONLY AGAINST THE EXTERNAL TENS UNIT MANUFACTURED BY (B)(6). TSS DID NOT CONFIRM MANAGING HCP OR EVENT DATE BECAUSE THE ALLEGATION WAS MADE AGAINST ANOTHER MANUFACTURER'S DEVICE. THIS REPORT REFLECTS INFORMATION RECEIVED BY FDA IN THE FORM OF A NOTIFICATION PER 803.22 (B)(2).,Powered muscle stimulator
21477580,364533812,D,0,,"WHILE TREATING THE PATIENT ON THIS DEVICE, AT A FAIRLY LOW INTENSITY, THE INTENSITY OF THE DEVICE SUDDENLY INCREASED AND MAINTAINED AT A THAT HIGH INTENSITY. IN CONCERT WITH THIS EVENT, THE PATIENT EXPERIENCED A BURN ON THEIR LOWER LEG.",TENS (prescription)
21477580,364533813,N,0,,"WE HAVE COMMUNICATED WITH THE IMPORTER, THIS EQUIPMENT HAS NOT BEEN RETURNED TO THE IMPORTER, THE EQUIPMENT HAS NOT BEEN RETURNED FOR ANALYSIS. WE CHECKED THE SAME BATCH OF DHR (DEVICE HISTORY RECORDS) AND THERE WERE NO HIGH STRENGTH OR INSTANTANEOUS STRENGTH INCREASES RECORDED IN THE DHR DURING PRODUCTION OR TESTING. THE CAUSE OF THE CUSTOMER COMPLAINT COULD NOT BE DETERMINED BECAUSE THE DEVICE WAS NOT RETURNED FOR ANALYSIS.",TENS (prescription)
21561029,365356892,D,0,,CUSTOMER CALLED IN BECAUSE THEIR DEVICE HAS BURNT THIS PATIENT. THE LEAD WIRES AND PADS HAVE SINCE BEEN CHANGED. NO DOCTOR VISIT WAS NECESSARY FOR THE BURN BUT BLISTERING DID OCCUR ON THE CUSTOMER.,TENS (prescription)
21274103,365440917,N,0,,"DEVICE WAS EVALUATED BY IMPORTER ON 03/05/2025. NO PROBLEM WAS DETECTED CODE 67. NO DEVICE PROBLEM FOUND CODE 213. A DEFINITIVE ROOT CAUSE CANNOT BE DETERMINED WITH THE INFORMATION CURRENTLY AVAILABLE. THERE ARE A LARGE VARIETY OF SITUATIONS WHERE A BURN CAN OCCUR WHEN USING A CLINICAL ELECTROTHERAPY DEVICE. IT IS POSSIBLE THE ALTERNATIVE BRAND OF ELECTRODES BEING USED ARE NOT APPROPRIATE FOR CLINICAL ELECTROTHERAPY, WHICH CAN RESULT IN HOT SPOTS. IT IS POSSIBLE THERE IS INTERNAL DAMAGE TO ONE OR MORE OF THE LEAD WIRES, CREATING INTERMITTENT CONTACT WHEN THE LEAD WIRE IS MOVED IN A CERTAIN WAY. IT IS POSSIBLE THE ELECTRODES STOPPED MAKING GOOD CONTACT WITH THE SKIN DUE TO HAIR, SKIN PRODUCT, MOVEMENT, OR ELECTRODE PRIOR USAGE. THERE ARE TOO MANY POSSIBILITIES TO APPROACH A ROOT CAUSE AND NOT ENOUGH INFORMATION TO RULE MANY OF THEM OUT. THE DEVICE DID NOT SHOW ANY SIGNS OF THE REPORTED MALFUNCTION OR ANY OTHER PRODUCT MALFUNCTION. THE COMPLAINT COULD NOT BE DUPLICATED.",TENS (prescription)
21696263,366668691,N,0,,"WE HAVE COMMUNICATED WITH THE IMPORTER, THIS EQUIPMENT HAS NOT BEEN RETURNED TO THE IMPORTER, THE EQUIPMENT HAS NOT BEEN RETURNED FOR ANALYSIS. WE CHECKED THE SAME BATCH OF DHR (DEVICE HISTORY RECORDS) AND THERE WERE NO HIGH STRENGTH OR INSTANTANEOUS STRENGTH INCREASES RECORDED IN THE DHR DURING PRODUCTION OR TESTING. THE CAUSE OF THE CUSTOMER COMPLAINT COULD NOT BE DETERMINED BECAUSE THE DEVICE WAS NOT RETURNED FOR ANALYSIS.",TENS (prescription)
21696263,366668692,D,0,,CUSTOMER CALLED IN BECAUSE THEIR DEVICE HAS BURNT THIS PATIENT. THE LEAD WIRES AND PADS HAVE SINCE BEEN CHANGED. NO DOCTOR VISIT WAS NECESSARY FOR THE BURN BUT BLISTERING DID OCCURR ON THE CUSTOMER.,TENS (prescription)
21477580,367046200,N,0,,"DEVICE WAS EVALUATED BV IMPORTER ON (B)(6)2025. NO PROBLEM WAS DETECTED CODE 67. NO DEVICE PROBLEM FOUND CODE 213. A DEFINITIVE ROOT CAUSE CANNOT BE DETERMINED WITH THE INFORMATION CURRENTLY AVAILABLE. CLINICAL ELECTROTHERAPY DEVICES CAN RESULT IN BURNS DUE TO A WIDE VARIETY OF FACTORS. IT IS POSSIBLE THE ALTERNATIVE BRAND OF ELECTRODES BEING USED MAY NOT BE SUITABLE FOR CLINICAL ELECTROTHERAPY, POTENTIALLY LEADING TO HOT SPOTS. ADDITIONALLY, INTERNAL DAMAGE TO ONE OR MORE LEAD WIRES COULD CREATE INTERMITTENT CONTACT WHEN THE WIRE IS MOVED IN A SPECIFIC MANNER. ANOTHER POSSIBILITY IS THAT THE ELECTRODES LOST PROPER CONTACT WITH THE SKIN DUE TO HAIR, SKIN PRODUCT, MOVEMENT, OR PRIOR ELECTRODE USAGE. GIVEN THE MULTITUDE OF POTENTIAL CAUSES, IT IS CHALLENGING TO PINPOINT A SINGLE ROOT CAUSE WITHOUT ADDITIONAL INFORMATION. THE DEVICE DID NOT EXHIBIT ANY SIGNS OF THE REPORTED MALFUNCTION OR ANY OTHER PRODUCT MALFUNCTION.",TENS (prescription)
21785658,367583700,D,0,,"THE INCIDENT OCCURRED IN FRANCE AT THE END OF A GAIT TRAINING SESSION USING THE ATALANTE X EXOSKELETON WITH A HEMIPLEGIC PATIENT WHO IS 1.90 METERS TALL (6 FEET 3 INCHES) AND WEIGHS 105 KG (231 POUNDS). THE SESSION WAS SUPERVISED BY A CERTIFIED THERAPIST RESPONSIBLE FOR OPERATING THE EXOSKELETON, AND AN ASSISTANT IN CHARGE OF THE MOBILE PATIENT LIFT SYSTEM TO WHICH THE EXOSKELETON WAS ATTACHED. AT THE CONCLUSION OF THE SESSION, THE EXOSKELETON AUTOMATICALLY RETURNED TO THE STANDSTILL (UPRIGHT STANDING) POSITION. THE THERAPIST MOMENTARILY STEPPED AWAY TO RETRIEVE A BENCH INTENDED FOR THE EXOSKELETON TO SIT ON. AT THE SAME TIME, THE ASSISTANT RELEASED THE MOBILE PATIENT LIFT TO ENGAGE IN CONVERSATION WITH THE PATIENT. DURING THIS TRANSIENT LOSS OF DIRECT OVERSIGHT, THE EXOSKELETON LOST LATERAL BALANCE AND PULLED THE PATIENT LIFT ALONG WITH IT. THE TRAJECTORY OF THE MOBILE PATIENT LIFT LED IT TO STRIKE NEARBY CHAIRS, FURTHER COMPROMISING ITS STABILITY. BOTH THE THERAPIST AND ASSISTANT REACTED IMMEDIATELY AND WERE ABLE TO CATCH THE EXOSKELETON AND THE PATIENT LIFT BEFORE THEY HIT THE GROUND, PREVENTING INJURY TO THE PATIENT AND TO THE OTHER PERSONS AROUND. CONSEQUENCES: · NO INJURY TO THE PATIENT. · THE THERAPIST AND THE ASSISTANT PRESENTED WITH MINOR INJURIES, INCLUDING BRUISING TO THE THIGHS AND SHINS, AND MILD FRICTION BURNS FROM CLOTHING DURING THE INTERVENTION. · WHILE NO SERIOUS OUTCOMES OCCURRED, THIS SITUATION COULD HAVE LED IN MORE SEVERE INJURIES. IDENTIFIED CAUSES: · PATIENT WEIGHT EXCEEDED THE DEVICE'S SPECIFIED LIMIT (105 KG VS. 100 KG), WHICH MAY HAVE COMPROMISED STABILITY. · THE FLOOR SURFACE WAS COVERED WITH NON-SLIP MATERIAL, CAUSING EXCESSIVE FRICTION UNDER THE FEET OF THE EXOSKELETON, POTENTIALLY PREVENTING A STABLE RETURN TO THE STANDSTILL POSITION. · LACK OF SIMULTANEOUS SECURING OF BOTH THE EXOSKELETON AND THE MOBILE PATIENT LIFT BY THE CLINICAL STAFF. · PRESENCE OF OBSTACLES (CHAIRS) IN THE FALL TRAJECTORY, WORSENING THE IMBALANCE. TO CONCLUDE, NO DEVICE TECHNICAL MALFUNCTION WAS IDENTIFIED. THE INCIDENT APPEARS TO HAVE RESULTED FROM A COMBINATION OF HUMAN FACTORS AND ENVIRONMENTAL CONDITIONS.",Powered exoskeleton
21785658,367583701,N,0,,WANDERCRAFT HAS INITIATED A FIELD CORRECTION APPLICABLE TO ALL ATALANTE X DEVICES WHEN USED IN COMBINATION WITH MOBILE PATIENT LIFTS. THIS CORRECTIVE ACTION INCLUDES UPDATED INTRUCTIONS FOR USE AND ENHANCED TRAINING MATERIALS FOR DEVICE OPERATORS.,Powered exoskeleton
21875730,368571443,D,0,,"THE END USER RECEIVED TREATMENT THAT CAUSED TEMPORARY IMMOBILITY WHERE THE TREATMENT WAS PERFORMED. THE END USER HAS HAD SEVERAL DOCTOR VISITS WHERE SHE WAS PRESCRIBED ANTI-INFLAMMATORY MEDICATION. AS REPORTED BY THE END USER THE ELECTRODES WERE PLACED LESS THAN 1"" APART. THE ELECTRODES THAT WERE BEING USED WERE NOT CHB ELECTRODES.",TENS (prescription)
21883326,368829532,D,0,,"I BOUGHT THE RELIEF BAND (COMPANY SAID 510K CLASS 2 MED DEVICE) FOR MOTION SICKNESS. USED FOR THE FIRST TIME ON A FLIGHT (B)(6). AT LOWEST LEVEL FELT LIKE SHOCKS THROUGH MY HAND (NOT STIMULATION) WHICH INCREASED WHEN I CLOSED MY HAND AND MADE A FIST. I WAS USING IT FOR A FLIGHT AND REMOVED IT. ON (B)(6) 2025 I PUT IT ON FOR A LONG FERRY RIDE. WHEN I PUT IT PAST LEVEL THREE, MY FORTH AND FIFTH FINGER CONSISTENTLY INVOLUNTARILY CLOSED. MY HUSBAND WITNESSED THIS OCCUR MULTIPLE TIMES BEFORE I REMOVED THE DEVICE. I CANNOT COMMENT ON THE EFFECTIVENESS AS I HAD TO REMOVE IT TWICE FOR WHO I WOULD CONSIDER ADVERSE EFFECTS. HTTPS://RELIEFBAND.COM.",TENS (prescription)
21938639,369311295,N,0,,"BW FINDINGS: AT 0% INTENSITY, INITIAL VOLTAGE WAS RECORDED AT 6.4V AND VERY UNSTABLE. VOLTAGE OUTPUTS JUMPED FROM 3.2 TO 15.04V, THEN AFTER A MINUTE VOLTAGE DROPPED TO 0.3V AND STAYED STEADY FOR A MINUTE. WHEN THE PLUS BUTTON WAS PRESSED, VOLTAGE JUMPED TO APPROXIMATELY 19V THEN WENT ALL THE WAY DOWN TO 0.2V. THE INTENSITY DID NOT SHOW AS INCREASING. WHEN PLUS BUTTON WAS PRESSED AGAIN, THE UNIT REACHED 1.5% AND THEN THE AUTOMATIC SAFETY FUNCTION TRIGGERED, AND THE INTENSITY DECREASED. THERE WAS ANOTHER ATTEMPT TO INCREASE THE INTENSITY, AND THE UNIT REACHED 7% WHEN THE AUTO SAFETY FUNCTION TRIGGERED AND DECREASED THE INTENSITY. A THIRD ATTEMPT TO INCREASE INTENSITY GOT TO 5% BEFORE THE SAFETY FUNCTION TRIGGERED AGAIN. THE UNIT WOULD NOT GO ABOVE 20V AT ANY POINT. DURING TESTING, THE TREATMENT TIMER SHOWED 29:45 DESPITE NO BUTTONS BEING PRESSED. LP CM FINDINGS: HAIRLINE FRACTURE AT R65 CAUSED ERRATIC POWER OUTPUT. SOMETIMES UNIT WOULD BE AT FULL POWER WHEN FIRST TURNED ON. OTHER FINDINGS: THE ORIGINAL PRODUCTION TEST SHEETS AND AQL SAMPLING DID NOT SHOW VOLTAGE IRREGULARITIES. BASED ON CURRENT FINDINGS, THIS APPEARS TO HAVE OCCURRED POST-DISTRIBUTION. WHILE THE PATIENT REPORTED NO KNOWN DROPS OR TRAUMA, MISUSE CANNOT BE RULED OUT. THERE WAS NO REPORTED INJURY, BUT THE MALFUNCTION COULD RESULT IN ELECTRIC SHOCK OR BURNS IN FUTURE USE SCENARIOS, ESPECIALLY FOR SENSITIVE PATIENTS. ALTHOUGH THE UNIT'S INTERNAL SAFETY MECHANISMS OPERATED AS INTENDED TO LIMIT POWER OUTPUT, THIS EVENT REPRESENTS A DEVICE MALFUNCTION THAT COULD POTENTIALLY CAUSE OR CONTRIBUTE TO SERIOUS INJURY IF IT RECURRED.",TENS (prescription)
21938639,369311296,D,0,,THE VETS SON CALLED AND INFORMED SHE KEEPS GETTING SHOCKED BY UNIT. SHE GETS SHOCKED WHEN TURNING ON THE UNIT. SHE JUST STARTED USING UNIT (B)(6) 2025. NOW IT KEEPS SHOCKING HER UNTIL SHE INCREASES THE INTENSITY THEN IT STOPS. NO INJURY. SHE IS CLEANING SKIN WITH ONLY WATER SO FAR. SHE HAS GOT PAIN RELIEF BUT CONCERNED ABOUT THE SHOCKING FEELING.,TENS (prescription)
22024215,370322382,N,0,,"A DOCTOR REPORTED OF A SMALL (LESS THAN 1CM) THIRD DEGREE BURN ON HER BUTTOCK FOLLOWING TREATMENT WITH TRANSFORM APPLICATOR THAT TOOK PLACE 1.5 YEARS AGO. UP TO DATE, NO PHOTOS NOR CLINICAL FORM HAVE BEEN PROVIDED TO INMODE TO ENABLE CLINICAL ASSESSMENT OF THIS ALLEGED ADVERSE EVENT. TECHNICAL ISSUE IDENTIFIED DURING SERVICE INSPECTION WAS EXCLUDED AS POSSIBLE CAUSE OF A BURN. DUE TO LACK OF INFORMATION AND COOPERATION FROM DOCTOR'S SIDE, WE CANNOT ESTABLISH THE ROOT CAUSE OF THIS ALLEGED EVENT. NEVERTHELESS, IT WAS DECIDED TO REPORT THIS INCIDENT OUT OF ""ABUNDANCE OF CAUTION"".",Powered muscle stimulator
22024215,370322383,D,0,,ALLEGED THIRD DEGREE BURN AND SCARRING ON BUTTOCK FOLLOWING TREATMENT WITH THE TRANSFORM APPLICATOR.,Powered muscle stimulator
22025722,370337446,D,0,,ALLEGED THIRD DEGREE BURN AND SCARRING ON ABDOMEN FOLLOWING TREATMENT WITH THE TRANSFORM APPLICATOR,Powered muscle stimulator
22025722,370337993,N,0,,"A DOCTOR REPORTED OF A PATIENT SUSTAINING SMALL (LESS THAN 1CM) THIRD DEGREE BURN ON HIS ABDOMEN FOLLOWING TREATMENT WITH TRANSFORM APPLICATOR THAT TOOK PLACE 2.5 YEARS AGO. UP TO DATE, NO PHOTOS NOR CLINICAL FORM HAVE BEEN PROVIDED TO INMODE TO ENABLE CLINICAL ASSESSMENT OF THIS ALLEGED ADVERSE EVENT. TECHNICAL ISSUE IDENTIFIED DURING SERVICE INSPECTION WAS EXCLUDED AS POSSIBLE CAUSE OF A BURN. DUE TO LACK OF INFORMATION AND COOPERATION FROM DOCTOR'S SIDE, WE CANNOT ESTABLISH THE ROOT CAUSE OF THIS ALLEGED EVENT. NEVERTHELESS, IT WAS DECIDED TO REPORT THIS INCIDENT OUT OF ""ABUNDANCE OF CAUTION"".",Powered muscle stimulator
22105548,371338702,D,0,,I STUCK THIS PRODUCT ON MY BACK AND FELT A NOTABLE BURNING SENSATION. I BELIEVE THERE IS A QUALITY ISSUE WITH THIS PRODUCT.,TENS (prescription)
22091230,371338841,D,0,,"THIS 67-YEAR-OLD WOMAN WITH A PREVIOUSLY IMPLANTED SUBCUTANEOUS ICD (BOSTON SCIENTIFIC, 2024 FOR HISTORY OF ARRHYTHMOGENIC RIGHT VENTRICULAR CARDIOMYOPATHY AND MULTIPLE EPISODES OF PASSING OUT) WAS SEATED, AT HOME, USING A PERSONALLY PURCHASED ABDOMINAL ELECTRICAL STIMULATOR (THAT APPEARS WAS NOT MARKETED LEGALLY WITH FDA CLEARANCE) AND RECEIVED A DEFIBRILLATOR SHOCK THAT WAS UNCOMFORTABLE BUT DID NOT HARM HER. SHE TURNED OFF THE ABDOMINAL STIMULATOR IMMEDIATELY.",Powered muscle stimulator
22126309,371641460,D,0,,"I PURCHASED AN AUVON TENS & EMS MEDICAL DEVICE FROM AMAZON (HTTPS://WWW.AMAZON.COM/GP/AW/D/B0CY2RCSCB). THE MODEL IS LISTED AS ""AUVON PT1 PRO TENS UNIT"". THE DEVICE ARRIVED AND SHOWED CLEAR SIGNS OF USE. IN PARTICULAR, 4 OF THE 6 ADHESIVE GEL PAD SKIN CONTACT ELECTRODES HAD CLEARLY BEEN REMOVED AND REPLACED ONTO THEIR BACKING (AIR BUBBLES AND MISALIGNMENT TO THE OUTLINE FROM THE ORIGINAL CUT MARKS), AND WERE NOT IN THE ORIGINAL WRAPPERS. ONE OF THE ELECTRODES ALSO HAD A VISIBLE WHITE WIRE UNUSUALLY ROUTED BELOW THE EXPOSED GEL SURFACE. THE ELECTRICAL WIRES HAD BEEN UNBUNDLED, AND THE USB CHARGING CABLE WAS ENTIRELY MISSING FROM THE PACKAGE. THE PRINTED MANUAL SHOWED SIGNS OF WATER EXPOSURE (SLIGHTLY WRINKLED). THE DEVICE WAS SOLD AS NEW VIA AMAZON, BUT HAD CLEARLY BEEN USED PRIOR TO ME RECEIVING IT. I CALLED AMAZON TO COMPLAIN ABOUT THE CONDITION OF THE DEVICE, AND THEY HAVE ASKED FOR IT TO BE RETURNED. MANY OTHER REVIEWS ON THE PRODUCT INDICATE USED EQUIPMENT BEING SHIPPED TO CUSTOMERS AS NEW DEVICES. THE PRODUCT PAGE IS: HTTPS://WWW.AMAZON.COM/GP/AW/D/B0CY2RCSCB AUVON RECHARGEABLE DIGITAL TENS UNIT MUSCLE STIMULATOR WITH 600 MAH BATTERY, TENS MACHINE WITH 8 CUSTOMIZABLE MODES, ELECTRIC MASSAGER FOR SHOULDER, BACK PAIN RELIEF, 6 TENS PADS, A CARRY CASE THE SELLER INFORMATION IS: HTTPS://WWW.AMAZON.COM/SP?IE=UTF8&SELLER=ABIY41HTAB3PA&ASIN=B0CY2RCSCB BUSINESS NAME: SHENZHEN YUWEN E-COMMERCE CO., LTD. BUSINESS ADDRESS: ????????153? ?????7?703 ??? ???? ??? 518109 CN.",TENS (over-the-counter)
22024215,372132193,N,0,,"A DOCTOR REPORTED OF A SMALL (LESS THAN 1CM) THIRD DEGREE BURN ON HER BUTTOCK FOLLOWING TREATMENT WITH TRANSFORM APPLICATOR THAT TOOK PLACE 1.5 YEARS AGO. UP TO DATE, NO PHOTOS NOR CLINICAL FORM HAVE BEEN PROVIDED TO INMODE TO ENABLE CLINICAL ASSESSMENT OF THIS ALLEGED ADVERSE EVENT. TECHNICAL ISSUE IDENTIFIED DURING SERVICE INSPECTION WAS EXCLUDED AS POSSIBLE CAUSE OF A BURN. DUE TO LACK OF INFORMATION AND COOPERATION FROM DOCTOR'S SIDE, WE CANNOT ESTABLISH THE ROOT CAUSE OF THIS ALLEGED EVENT. NEVERTHELESS, IT WAS DECIDED TO REPORT THIS INCIDENT OUT OF ""ABUNDANCE OF CAUTION"". (B)(6) 2025: FU REPORT IS SUBMITTED WITH THE FOLLOWING CORRECTIONS/UPDATES: PATIENT'S RACE A6 CORRECTED. EVENT DATE B3 CORRECTED PATIENT'S AGE ADDED. INMODE RECEIVED PHOTOS AND A CLINICAL FORM FROM THE DOCTOR. FOLLOWING CLINICAL ASSESSMENT OF THE PHOTOS, THE BURN WAS ASSESSED TO BE OF PARTIAL THICKNESS, AND THEREFORE IT WAS DECIDED TO DOWNGRADE THE REPORT TO NON-SERIOUS. SUCH SMALL AND SUPERFICIAL LESION IS EXPECTED TO HEAL WITH ONLY A POSSIBILITY OF SOME TRIVIAL COSMETIC DAMAGE. AS TECHNICAL ISSUE IDENTIFIED DURING SERVICE INSPECTION WAS EXCLUDED AS A POSSIBLE CAUSE OF THE BURN, INVESTIGATION ATTRIBUTED THE ROOT-CAUSE TO FOCAL LACK OF COUPLING GEL OR INCOMPLETE CONTACT OF THE APPLICATOR WITH THE SKIN.",Powered muscle stimulator
22024215,372132194,D,0,,SECOND DEGREE BURN ON BUTTOCK FOLLOWING TREATMENT WITH THE TRANSFORM APPLICATOR.,Powered muscle stimulator
22025722,372132508,D,0,,SECOND DEGREE BURNS ON ABDOMEN FOLLOWING TREATMENT WITH THE TRANSFORM APPLICATOR.,Powered muscle stimulator
22025722,372132509,N,0,,"A DOCTOR REPORTED OF A PATIENT SUSTAINING SMALL (LESS THAN 1CM) THIRD DEGREE BURN ON HIS ABDOMEN FOLLOWING TREATMENT WITH TRANSFORM APPLICATOR THAT TOOK PLACE 2.5 YEARS AGO. UP TO DATE, NO PHOTOS NOR CLINICAL FORM HAVE BEEN PROVIDED TO INMODE TO ENABLE CLINICAL ASSESSMENT OF THIS ALLEGED ADVERSE EVENT. TECHNICAL ISSUE IDENTIFIED DURING SERVICE INSPECTION WAS EXCLUDED AS POSSIBLE CAUSE OF A BURN. DUE TO LACK OF INFORMATION AND COOPERATION FROM DOCTOR'S SIDE, WE CANNOT ESTABLISH THE ROOT CAUSE OF THIS ALLEGED EVENT. NEVERTHELESS, IT WAS DECIDED TO REPORT THIS INCIDENT OUT OF ""ABUNDANCE OF CAUTION"". (B)(6) 2025: FU REPORT IS SUBMITTED WITH THE FOLLOWING CORRECTIONS/UPDATES: PATIENT'S RACE A6 CORRECTED. DATE OF EVENT B3 CORRECTED EVENT DESCRIPTION B5 CORRECTED PATIENT'S AGE ADDED. INMODE RECEIVED PHOTOS AND A CLINICAL FORM FROM THE DOCTOR. THIS COMPLAINT WAS IDENTIFIED TO BE A DUPLICATE OF ANOTHER COMPLAINT RECEIVED FROM THIS CLINIC BACK IN 2023. FOLLOWING CLINICAL ASSESSMENT OF THE PHOTOS, THE BURNS WERE ASSESSED TO BE OF PARTIAL THICKNESS, AND THEREFORE IT WAS DECIDED TO DOWNGRADE THIS REPORT TO NON-SERIOUS. SUCH SMALL AND SUPERFICIAL LESIONS ARE EXPECTED TO HEAL WITH ONLY A POSSIBILITY OF SOME TRIVIAL COSMETIC DAMAGE. AS TECHNICAL ISSUE IDENTIFIED DURING SERVICE INSPECTION WAS EXCLUDED AS A POSSIBLE CAUSE OF THE BURNS, INVESTIGATION ATTRIBUTED THE ROOT-CAUSE TO FOCAL LACK OF COUPLING GEL OR INCOMPLETE CONTACT OF THE APPLICATOR WITH THE SKIN, COMBINED WITH LONG TIME OF RF APPLICATION.",Powered muscle stimulator
22297436,373050235,D,0,,"I BOUGHT THIS TENS UNIT REPLACEMENT PADS ON AMAZON, BUT FOUND IT TO BE INEFFECTIVE AND CAUSED REDNESS AND ITCHING AT THE CONTACT SITE. I THINK THIS PRODUCT HAS POTENTIAL SAFETY RISKS. I SUSPECT THAT THIS PRODUCT IS NOT LISTED BY THE FDA, AND I HOPE THE PLATFORM CAN INVESTIGATE AND DEAL WITH IT.",TENS (over-the-counter)
22540369,375268752,D,0,,DURING THE THIRD TRAINING THE PATIENT STARTED TO SHOUT AND WAS TAKEN OUT OF THE LOKOMAT. AFTER THE INCIDENT THE PATIENT WAS DIAGNOSED WITH A BONE FISSURE IN HIS LEFT FEMUR. THE PATIENT IS KNOWN TO SUFFER FROM LOW BONE DENSITY. THE EVENT WAS REPORTED TO US LATER THAN 1.5 YRS AFTER THE INCIDENT DURING A ROUTINE INTERVIEW WITH OUR CLINICAL STAFF.,Powered exercise equipment (incl. CPM)
22540369,375268753,N,0,,"THE TRAINING WAS PERFORMED DESPITE CONTRAINDICATION (OSTEOPENIA OR OSTEOPOROSIS). THE ADVERSE EVENT HAPPENED 1.5 YEARS AGO, BUT WAS REPORTED TO US ONLY RECENTLY.",Powered exercise equipment (incl. CPM)
22836808,377961712,N,0,,"THE INCIDENT IS CURRENTLY UNDER INVESTIGATION. BASED ON THE INFORMATION COLLECTED SO FAR, THE CAUSE IS LIKELY RELATED TO THE USER'S PRE-EXISTING VASCULAR CONDITION AND NOT TO THE REWALK DEVICE.",Powered exoskeleton
22836808,377961713,D,0,,"THE FOLLOWING DATA WAS REPORTED TO THE LIFEWARD CLINICAL TRAINING MANAGER BY A PHYSICAL THERAPIST AT THE USER'S TRAINING CLINIC: (B)(6), 2025: THE USER REPORTED A PINCHING SENSATION IN HER RIGHT HIP DURING USE OF THE DEVICE. LATER THAT SAME DAY, DURING A FOLLOW-UP SESSION, SHE REPORTED THAT THE PINCHING DID NOT RECUR. (B)(6), 2025: THE USER CANCELLED HER SESSION DUE TO SWELLING IN HER LEFT LEG. THE USER BELIEVES THIS MAY BE RELATED TO THE STENTS IN HER GROIN AND POSSIBLY THE CAUSE OF THE EARLIER PINCHING SENSATION. (B)(6), 2025: THE USER VISITED THE ER AND WAS DIAGNOSED WITH BLOOD CLOTS IN HER LEG. THE USER IS AWAITING CONSULTATION WITH HER PHYSICIAN TO DETERMINE THE NEXT STEPS IN TREATMENT. STATUS: THE USER IS ON HOLD FROM TRAINING UNTIL THE MEDICAL ISSUE IS FULLY RESOLVED AND CLEARED BY HER HEALTHCARE PROVIDER. THE INCIDENT WAS RECORDED UNDER CUSTOMER COMPLAINT NUMBER: (B)(4).",Powered exoskeleton
22693792,378195367,D,0,,"INEFFECTIVE.HCP DID NOT CONSENT TO FOLLOW UP, NO FURTHER INFORMATION PROVIDED OR AVAILABLE REGARDING THIS REPORT. (B)(4).",TENS (over-the-counter)
22693792,378195368,N,0,,"THE CUSTOMER COMPLAINED THAT NO DETAILED CONTACT INFORMATION WAS PROVIDED. THEY SHOULD CONTACT THE (B)(6) DEALER TO OBTAIN MORE DETAILED PRODUCT INFORMATION. AFTER INQUIRING WITH THE DISTRIBUTORS, ONE PIECE WAS RETURNED BY THE USER IN THE ORDER NO.: (B)(4). THE PROBLEM WAS THAT IT LOST POWER AFTER BEING TURNED ON AND COULD NO LONGER BE TURNED ON. THE USER'S FEEDBACK WAS CONSISTENT WITH THE MDR REPORT. AFTER THE DISTRIBUTOR DISASSEMBLED THE PRODUCT FOR INSPECTION, IT WAS DETERMINED THAT THE CAUSE OF THE FAILURE WAS THE BATTERY FAILURE AFTER STARTUP. THE CORRECTIVE AND PREVENTIVE ACTION NO.: (B)(4) WERE IMPLEMENTED BY THE QUALITY DEPARTMENT. AFTER INVESTIGATION BY THE QUALITY DEPARTMENT, THE BATTERY DEFECT OF THE PRODUCT IS WITHIN THE ACCEPTABLE QUALITY RANGE, AND NO CORRECTION IS NEEDED FOR THE PRODUCT. NOTIFY THE SUPPLIER TO ADD A POWER-ON TEST OF THE PRODUCT HOST AFTER THE AGING TEST OF THE BATTERY PACK TO SELECT OUT THE DEFECTIVE BATTERIES. AFTER REQUESTING THE SUPPLIER TO INCREASE ONLINE INSPECTION, THE INCOMING BATTERIES OF THE SUBSEQUENT THREE BATCHES WERE INSPECTED DURING INSTALLATION, AND NO ABNORMALITIES WERE FOUND. THE CAPA VERIFICATION WAS PASSED.",TENS (over-the-counter)
22862348,378318454,D,0,,"USED THESE AND HAD AN ALLERGIC REACTION TO THE STICKY, GAVE ME BLISTERS, I AM ALLERGIC TO LATEX BUT THEY SAID THEY ARE LATEX FREE. THEY'RE CLEARLY LYING AND MAKES ME REALLY ANGRY. THEY SAY THE PRODUCT MEETS MEDICAL CLAIMS, SO I THINK THE FDA SHOULD REGULATE IT.",TENS (prescription)
22967844,379586495,D,0,,"I JUST RECEIVED THE NEUROMD DEVICE. I THOROUGHLY READ THE INSTRUCTIONS. ONCE THE DEVICE WAS FULLY CHARGED, I APPLIED IT TO MY LOWER BACK REGION. I TURNED ON BOTH PIECES, THE REMOTE AND THE DEVICE. ON THE LEFT SIDE I EXPERIENCED THE SENSATION SIMILAR TO A TRANSCUTANEOUS ELECTRICAL NERVE STIMULATION UNIT HOWEVER, ON THE LEFT SIDE I EXPERIENCED PAINFUL SHOCKING SENSATIONS! I HAD THE DEVICE ON THE ABSOLUTE LOWEST SETTING. IT WAS VERY ALARMING AND I'M CERTAIN THE DEVICE IS NOT MEANT TO DO THIS. I WILL CONTACT THE COMPANY TUESDAY AS THEY ARE CLOSED FOR THE HOLIDAY AND REQUEST A REPLACEMENT. I JUST READ COMPLAINTS FROM OTHER CUSTOMERS WHO HAVE ALSO EXPERIENCED THIS SO IT SEEMS THE COMPANY MAY HAVE A SERIOUS ISSUE WITH THEIR PRODUCT WHICH WOULD NECESSITATE AN INQUIRY AND PERHAPS TAKING THIS PRODUCT OFF THE MARKET UNTIL THE PROBLEM CAN BE RESOLVED.",TENS (prescription)
23026788,379916281,D,0,,"AFTER USING IT, MY SKIN BECAME RED, ITCHY, AND EVEN HAD SMALL BLISTERS. I BELIEVE THIS PRODUCT HAS SERIOUS QUALITY ISSUES. ELECTRODE PATCHES ARE SUPPOSED TO BE MEDICAL PRODUCTS, AND I'M NOT SURE IF THIS PRODUCT MEETS THOSE REQUIREMENTS. PATIENT:1840, 4537, 1943. DEVICE:2682. REFERENCE REPORTS: MW5175904, MW51795906.",TENS (over-the-counter)
23026768,379916288,D,0,,"AFTER USING IT, MY SKIN BECAME RED, ITCHY, AND EVEN HAD SMALL BLISTERS. I BELIEVE THIS PRODUCT HAS SERIOUS QUALITY ISSUES. ELECTRODE PATCHES ARE SUPPOSED TO BE MEDICAL PRODUCTS, AND I'M NOT SURE IF THIS PRODUCT MEETS THOSE REQUIREMENTS. PATIENT:1840, 4537, 1943. DEVICE:2682. REFERENCE REPORTS: MW5175905, MW51795906.",TENS (prescription)
23086519,380475213,N,0,,"THE KEEOGO DERMOSKELETON INVOLVED IN THIS EVENT WAS INSPECTED ON SITE BY THE CLINICAL TEAM AND CONFIRMED TO BE FUNCTIONING PROPERLY BEFORE, DURING, AND AFTER THE INCIDENT. NO DEVICE MALFUNCTION, DEFECT, OR ABNORMAL BEHAVIOR WAS IDENTIFIED. THE ADVERSE EVENT WAS REPORTED TO THE FRENCH COMPETENT AUTHORITY (ANSM) ON 2025-09-18 BY THE MANUFACTURER (B-TEMIA) IN ACCORDANCE WITH EU MDR REQUIREMENTS. AT THIS STAGE, NO REMEDIAL ACTION OR FIELD SAFETY CORRECTIVE ACTION WAS INITIATED. THE PATIENT REMAINS HOSPITALIZED IN STABLE CONDITION. B-TEMIA WILL SUBMIT A SUPPLEMENTAL MDR ONCE ADDITIONAL CLINICAL INFORMATION BECOMES AVAILABLE FROM THE INVESTIGATIONAL SITE (E.G., PATIENT CARDIOVASCULAR HISTORY, CONCOMITANT MEDICATIONS, BASELINE VITAL SIGNS)",Powered exoskeleton
23086519,380475214,D,0,,"ON (B)(6) 2025, DURING THE EXHOMESEP CLINICAL INVESTIGATION IN FRANCE (PROTOCOL ID-(B)(4)), A 74-YEAR-OLD MALE SUBJECT (PATIENT ID: (B)(6) WITH A PRE-EXISTING DIAGNOSIS OF PRIMARY PROGRESSIVE MULTIPLE SCLEROSIS EXPERIENCED ACUTE CARDIAC SYMPTOMS WHILE PERFORMING A SUPERVISED REHABILITATION EXERCISE SESSION WITH THE KEEOGO DERMOSKELETON SYSTEM. AT 15:00, THE SUBJECT DEVELOPED RETROSTERNAL CONSTRICTIVE CHEST PAIN RADIATING TO THE JAW AND LEFT ARM DURING THE SESSION. SYMPTOMS RESOLVED AFTER STOPPING THE EXERCISE. AT 20:00, CHEST PAIN RECURRED AT REST FOR ABOUT ONE HOUR, WITH BLOOD PRESSURE MEASURED AT 180 MMHG. ECG WAS INCONCLUSIVE. TROPONIN LATER TESTED POSITIVE (INCREASE FROM 10 NG/L TO 35 NG/L). ON (B)(6) 2025 AT 02:00, CHEST PAIN RECURRED AGAIN, REQUIRING ADMISSION TO THE CARDIOLOGY DEPARTMENT FOR SUSPECTED ANGINA/NSTEMI. THE EVENT WAS CLASSIFIED AS LIFE-THREATENING. THE PATIENT REMAINED HOSPITALIZED IN STABLE CONDITION AT THE TIME OF REPORTING. THE KEEOGO DEVICE WAS INSPECTED BY THE STUDY TEAM AND CONFIRMED TO BE FUNCTIONING PROPERLY BEFORE, DURING, AND AFTER THE INCIDENT, WITH NO DEFECT OR MALFUNCTION IDENTIFIED. THE INVESTIGATOR NOTED THE POSSIBILITY THAT THE PHYSICAL EFFORT REQUIRED WHILE USING THE DEVICE DURING EXERCISE MAY HAVE CONTRIBUTED TO THE EVENT. ECG: T WAVE INVERSION IN LEAD T AND AVL; SLIGHT ST DEPRESSION IN V4-V5. BIOLOGICAL RESULTS: POTASSIUM 3.5 MMOL/L; CREATININE 68 [?]MOL/L; EGFR 90 ML/MIN; TROPONIN 12 NG/L THEN 35 NG/L; WBC 6 G/L; HEMOGLOBIN 14.5 G/DL; PLATELETS 220 G/L. ECHOCARDIOGRAPHY: SEVERE HYPOKINESIA OF THE MID-TO-DISTAL INFEROLATERAL WALL, EXTENDING LATERALLY; FINDINGS COMPATIBLE WITH MYOCARDIAL ISCHEMIA. CLINICAL ASSESSMENT: CARDIOPULMONARY EXAM WITHOUT SIGNS OF HEART FAILURE. DATE OF CARDIOLOGY ADMISSION: (B)(6) 2025. PRE-EXISTING CONDITION: PRIMARY PROGRESSIVE MULTIPLE SCLEROSIS (PPMS). NO KNOWN CARDIOVASCULAR HISTORY PRIOR TO THE EVENT. RISK FACTORS: AGE, MALE SEX, SEDENTARY LIFESTYLE, HISTORY OF SMOKING CESSATION, FAMILY HISTORY (FATHER HAD MYOCARDIAL INFARCTION BEFORE AGE 50). NO CONCOMITANT MEDICATIONS REPORTED. CONCOMITANT THERAPY: SUPERVISED PHYSICAL REHABILITATION IN CENTER (STARTED (B)(6) 2025).",Powered exoskeleton
23085338,380479157,D,0,,"ON (B)(6) 2025, DURING THE EXHOMESEP CLINICAL INVESTIGATION IN FRANCE (PROTOCOL ID-RCB 2021-A03094-37), A 74-YEAR-OLD MALE SUBJECT (PATIENT ID: (B)(6) WITH A PRE-EXISTING DIAGNOSIS OF PRIMARY PROGRESSIVE MULTIPLE SCLEROSIS EXPERIENCED ACUTE CARDIAC SYMPTOMS WHILE PERFORMING A SUPERVISED REHABILITATION EXERCISE SESSION WITH THE KEEOGO DERMOSKELETON SYSTEM. AT 15:00, THE SUBJECT DEVELOPED RETROSTERNAL CONSTRICTIVE CHEST PAIN RADIATING TO THE JAW AND LEFT ARM DURING THE SESSION. SYMPTOMS RESOLVED AFTER STOPPING THE EXERCISE. AT 20:00, CHEST PAIN RECURRED AT REST FOR ABOUT ONE HOUR, WITH BLOOD PRESSURE MEASURED AT 180 MMHG. ECG WAS INCONCLUSIVE. TROPONIN LATER TESTED POSITIVE (INCREASE FROM 10 NG/L TO 35 NG/L). ON (B)(6) 2025 AT 02:00, CHEST PAIN RECURRED AGAIN, REQUIRING ADMISSION TO THE CARDIOLOGY DEPARTMENT FOR SUSPECTED ANGINA/NSTEMI. THE EVENT WAS CLASSIFIED AS LIFE-THREATENING. THE PATIENT REMAINED HOSPITALIZED IN STABLE CONDITION AT THE TIME OF REPORTING. THE KEEOGO DEVICE WAS INSPECTED BY THE STUDY TEAM AND CONFIRMED TO BE FUNCTIONING PROPERLY BEFORE, DURING, AND AFTER THE INCIDENT, WITH NO DEFECT OR MALFUNCTION IDENTIFIED. THE INVESTIGATOR NOTED THE POSSIBILITY THAT THE PHYSICAL EFFORT REQUIRED WHILE USING THE DEVICE DURING EXERCISE MAY HAVE CONTRIBUTED TO THE EVENT. ECG: T WAVE INVERSION IN LEAD T AND AVL; SLIGHT ST DEPRESSION IN V4-V5. BIOLOGICAL RESULTS: POTASSIUM 3.5 MMOL/L; CREATININE 68 [?]MOL/L; EGFR 90 ML/MIN; TROPONIN 12 NG/L THEN 35 NG/L; WBC 6 G/L; HEMOGLOBIN 14.5 G/DL; PLATELETS 220 G/L. ECHOCARDIOGRAPHY: SEVERE HYPOKINESIA OF THE MID-TO-DISTAL INFEROLATERAL WALL, EXTENDING LATERALLY; FINDINGS COMPATIBLE WITH MYOCARDIAL ISCHEMIA. CLINICAL ASSESSMENT: CARDIOPULMONARY EXAM WITHOUT SIGNS OF HEART FAILURE. DATE OF CARDIOLOGY ADMISSION: ON (B)(6) 2025. PRE-EXISTING CONDITION: PRIMARY PROGRESSIVE MULTIPLE SCLEROSIS (PPMS). NO KNOWN CARDIOVASCULAR HISTORY PRIOR TO THE EVENT. RISK FACTORS: AGE, MALE SEX, SEDENTARY LIFESTYLE, HISTORY OF SMOKING CESSATION, FAMILY HISTORY (FATHER HAD MYOCARDIAL INFARCTION BEFORE AGE 50). NO CONCOMITANT MEDICATIONS REPORTED. CONCOMITANT THERAPY: SUPERVISED PHYSICAL REHABILITATION IN CENTER (STARTED ON (B)(6) 2025).",Powered exoskeleton
23085338,380479158,N,0,,"THE KEEOGO DERMOSKELETON INVOLVED IN THIS EVENT WAS INSPECTED ON SITE BY THE CLINICAL TEAM AND CONFIRMED TO BE FUNCTIONING PROPERLY BEFORE, DURING, AND AFTER THE INCIDENT. NO DEVICE MALFUNCTION, DEFECT, OR ABNORMAL BEHAVIOR WAS IDENTIFIED. THE ADVERSE EVENT WAS REPORTED TO THE FRENCH COMPETENT AUTHORITY (ANSM) ON 2025-09-18 BY THE MANUFACTURER (B-TEMIA) IN ACCORDANCE WITH EU MDR REQUIREMENTS. AT THIS STAGE, NO REMEDIAL ACTION OR FIELD SAFETY CORRECTIVE ACTION WAS INITIATED. THE PATIENT REMAINS HOSPITALIZED IN STABLE CONDITION. B-TEMIA WILL SUBMIT A SUPPLEMENTAL MDR ONCE ADDITIONAL CLINICAL INFORMATION BECOMES AVAILABLE FROM THE INVESTIGATIONAL SITE (E.G., PATIENT CARDIOVASCULAR HISTORY, CONCOMITANT MEDICATIONS, BASELINE VITAL SIGNS).",Powered exoskeleton
23121529,380764157,D,0,,FURNISS PHOENIX 1850 CPM MACHINE THAT HAND CONTROL DISPLAY ISN'T WORKING.,Powered exercise equipment (incl. CPM)
23241275,381962222,N,0,,"THE KEEOGO DERMOSKELETON INVOLVED IN THIS EVENT WAS INSPECTED ON SITE BY THE CLINICAL TEAM AND CONFIRMED TO BE FUNCTIONING PROPERLY BEFORE, DURING, AND AFTER THE INCIDENT. NO DEVICE MALFUNCTION, DEFECT, OR ABNORMAL BEHAVIOR WAS IDENTIFIED. THE ADVERSE EVENT WAS REPORTED TO THE FRENCH COMPETENT AUTHORITY (ANSM) ON 2025-09-18 BY THE MANUFACTURER (B-TEMIA) IN ACCORDANCE WITH EU MDR REQUIREMENTS. AT THIS STAGE, NO REMEDIAL ACTION OR FIELD SAFETY CORRECTIVE ACTION WAS INITIATED. THE PATIENT REMAINS HOSPITALIZED IN STABLE CONDITION. B-TEMIA WILL SUBMIT A SUPPLEMENTAL MDR ONCE ADDITIONAL CLINICAL INFORMATION BECOMES AVAILABLE FROM THE INVESTIGATIONAL SITE (E.G., PATIENT CARDIOVASCULAR HISTORY, CONCOMITANT MEDICATIONS, BASELINE VITAL SIGNS).",Powered exoskeleton
23241275,381962223,D,0,,"ON (B)(6) 2025, DURING THE EXHOMESEP CLINICAL INVESTIGATION IN FRANCE (PROTOCOL ID-(B)(4), A 74-YEAR-OLD MALE. SUBJECT (PATIENT ID: (B)(6) WITH A PRE-EXISTING DIAGNOSIS OF PRIMARY PROGRESSIVE MULTIPLE SCLEROSIS EXPERIENCED ACUTE CARDIAC SYMPTOMS WHILE PERFORMING A SUPERVISED REHABILITATION EXERCISE SESSION WITH THE KEEOGO DERMOSKELETON SYSTEM. AT 15:00, THE SUBJECT DEVELOPED RETROSTERNAL CONSTRICTIVE CHEST PAIN RADIATING TO THE JAW AND LEFT ARM DURING THE SESSION. SYMPTOMS RESOLVED AFTER STOPPING THE EXERCISE. AT 20:00, CHEST PAIN RECURRED AT REST FOR ABOUT ONE HOUR, WITH BLOOD PRESSURE MEASURED AT 180 MMHG. ECG WAS INCONCLUSIVE. TROPONIN LATER TESTED POSITIVE (INCREASE FROM 10 NG/L TO 35 NG/L). ON (B)(6) 2025 AT 02:00, CHEST PAIN RECURRED AGAIN, REQUIRING ADMISSION TO THE CARDIOLOGY DEPARTMENT FOR SUSPECTED ANGINA/NSTEMI. THE EVENT WAS CLASSIFIED AS LIFE-THREATENING. THE PATIENT REMAINED HOSPITALIZED IN STABLE CONDITION AT THE TIME OF REPORTING. THE KEEOGO DEVICE WAS INSPECTED BY THE STUDY TEAM AND CONFIRMED TO BE FUNCTIONING PROPERLY BEFORE, DURING, AND AFTER THE INCIDENT, WITH NO DEFECT OR MALFUNCTION IDENTIFIED. THE INVESTIGATOR NOTED THE POSSIBILITY THAT THE PHYSICAL EFFORT REQUIRED WHILE USING THE DEVICE DURING EXERCISE MAY HAVE CONTRIBUTED TO THE EVENT. ECG: T WAVE INVERSION IN LEAD T AND AVL; SLIGHT ST DEPRESSION IN V4-V5. BIOLOGICAL RESULTS: POTASSIUM 3.5 MMOL/L; CREATININE 68 [?]MOL/L; EGFR 90 ML/MIN; TROPONIN 12 NG/L THEN 35 NG/L; WBC 6 G/L; HEMOGLOBIN 14.5 G/DL; PLATELETS 220 G/L. ECHOCARDIOGRAPHY: SEVERE HYPOKINESIA OF THE MID-TO-DISTAL INFEROLATERAL WALL, EXTENDING LATERALLY; FINDINGS COMPATIBLE WITH MYOCARDIAL ISCHEMIA. CLINICAL ASSESSMENT: CARDIOPULMONARY EXAM WITHOUT SIGNS OF HEART FAILURE. DATE OF CARDIOLOGY ADMISSION: (B)(6) 2025. PRE-EXISTING CONDITION: PRIMARY PROGRESSIVE MULTIPLE SCLEROSIS (PPMS). NO KNOWN CARDIOVASCULAR HISTORY PRIOR TO THE EVENT. RISK FACTORS: AGE, MALE SEX, SEDENTARY LIFESTYLE, HISTORY OF SMOKING CESSATION, FAMILY HISTORY (FATHER HAD MYOCARDIAL INFARCTION BEFORE AGE 50). NO CONCOMITANT MEDICATIONS REPORTED. CONCOMITANT THERAPY: SUPERVISED PHYSICAL REHABILITATION IN CENTER (STARTED (B)(6) 2025).",Powered exoskeleton
23361656,383232049,D,0,,"PATIENT INDICATED HIS DEVICE BURNED HIM ON (B)(6). THE LAST TREATMENT PATIENT TOOK WAS (B)(6). PATIENT STATED HE HAS TAKEN 10 TREATMENTS. THE FIRST 9 TREATMENTS HE KEPT THE INTENSITY LEVEL AT A COMFORTABLE LEVEL. PATIENT INDICATED THE INTENSITY LEVELS WERE AT "" SOMEWHERE IN THE LOWER OR A LITTLE BIT BETWEEN THE MIDDLE. IT WASN'T REALLY HIGH"". PATIENT STATED THE 10TH TREATMENT FELT MORE INTENSE AND HE TOOK THE TREATMENT LAYING DOWN ON HIS BACK. PATIENT STATED ON HIS 10TH TREATMENT HE TURNED UP THE INTENSITY MORE THAN THE 9 OTHER TREATMENTS AS HE FELT HE COULD TOLERATE IT. PATIENT STATED HE NOTICED IT WAS QUITE PAINFUL TAKING OFF THE PADS FROM HIS LAST TREATMENT. HE STATED THE PADS BURNED HIM AND HE STILL HAS A SCAR. PATIENT STATED HE DOES NOT USE ANY LOTIONS OR OILS AND TOOK TREATMENT WITH CLEAN DRY SKIN. PATIENT HAS NOT CHANGED PADS SINCE GETTING THE DEVICE. PATIENT HAS ONLY USED THE LOW BACK GARMENT. PATIENT STATED HE HAS MISSED ALMOST 3 WEEKS OF WORK DUE TO THE BURNS AND HE WENT TO THE ER. PATIENT INDICATED HIS DOCTOR ADVISED HE NOT CONTINUE USE AND HE DOES NOT WANT TO USE THE DEVICE. WE OFFERED TO MAIL RETURN MATERIALS BUT PATIENT STATED HE WANTED TO HOLD OFF ON RETURNING THE DEVICE. PATIENT STATED HE HAS PICTURES OF THE BURNS AND WILL EMAIL THEM TO CUSTOMER SERVICE. PATIENT STATED HE WOULD LIKE TO BE COMPENSATED FOR HIS PAIN AND SUFFERING AND SINCE HE HAD TO MISS 3 WEEKS OF WORK. PATIENT HAS BEEN VERY HARD TO REACH AND NON-COMMUNICATIVE. ALTHOUGH THE DATE OF OCCURRENCE WAS (B)(6) 2025, THE INCIDENT AWARE DATE WAS 9/22/25. PATIENT HAS 2 RS-4I PLUS DEVICES. SERIAL NUMBER (B)(6) FROM (B)(6) 2017 AND SERIAL NUMBER (B)(6) FROM (B)(6) 2025. THE DEVICE LISTED ON THE COMPLAINT IS THE DEVICE FROM 2017 AND WE SUSPECT IT IS ACTUALLY THE DEVICE FROM 2025 SINCE HE SAID HE HAD ONLY USED IT 10 TIMES. WE CAN'T CONFIRM THIS AS THE PATIENT WILL NOT RETURN CALLS. THE PATIENT ALSO DOES NOT WANT TO RETURN THE DEVICE FOR INVESTIGATION. WE WILL CONTINUE TO FOLLOW UP WITH THE PATIENT AND REQUEST THE RETURN OF THE DEVICE SO THAT WE CAN COMPLETE AN ENGINEERING INVESTIGATION OF THE RS 4I PLUS DEVICE AND GARMENT. UPON SUCCESS, WE WILL FILE AND ADDENDUM TO THIS MDR WITH THE FDA.",Powered muscle stimulator
23361656,383232050,N,0,,PATIENT DOES NOT WANT TO RETURN DEVICE SO WE ARE STILL WAITING ON THE RETURN OF THE STIMULATION SYSTEM AND LOW BACK GARMENT/ELECTRODES FOR TESTING AND EVALUATION.,Powered muscle stimulator
23436928,384385336,D,0,,"I PURCHASED A RELIEFBAND SPORT ON (B)(6) 2025 (ORDER #(B)(4)) PURCHASED FOR AN UPCOMING VACATION ON A CRUISE SHIP. ON THE COMPANY'S WEBSITE: THE RELIEFBAND® SPORT IS THE FIRST EVER WATERPROOF WEARABLE OF ITS KIND, PERFECT FOR TREATING MOTION OR SEA SICKNESS CAUSED BY BOATING, CRUISING, AND WATERSPORTS. IPX7 WATERPROOF, DEVICE CAN BE SUBMERGED IN WATER UP TO 1 METER FOR 30 MINUTES WITHOUT ANY DAMAGE. I WAS ON THE CRUISE, (B)(6) 2024. WENT INTO A POOL FOR FIVE MINUTES, APPROXIMATELY TWO FEET IN DEPTH. THEN IN THE SURF OF THE OCEAN FOR FIVE MINUTES AND DID NOT HAVE THE BAND SUBMERGED THE ENTIRE TIME. THE BAND DID NOT WORK IN WATER AND WAS DEFECTIVE. IT COULD NOT BE CHARGED. WHEN I RETURNED FROM THE CRUISE - I CALLED CUSTOMER SERVICE REQUESTING MY MONEY BACK. WAS NOT GIVEN MY MONEY BACK BECAUSE OF THEIR 14-DAY POLICY. (NOT VERY GOOD POLICY, ESPECIALLY FOR SENIORS) IT TOOK SOME EFFORT ON MY PART TO CONVINCE CUSTOMER SUPPORT THAT AT THE VERY LEAST, THE BAND SHOULD BE REPLACED. I SHOULD RECEIVE A REPLACEMENT BUT PREFERRED THE REFUND BECAUSE THE PRODUCT DOES NOT WORK AS ADVERTISED. THIS IS AN FDA APPROVED MEDICAL DEVICE WHICH DID NOT HELP ME WITH VERTIGO/NAUSEA BECAUSE IT IS DEFECTIVE AND I RETURNED IT TO RELIEFBAND.",TENS (prescription)
23497093,384680176,D,0,,"I USED THE PULSETTO MACHINE ON SUNDAY MORNING (B)(6) PULSETTO IS DESIGNED TO GIVE A STRONG STIMULUS TO THE VAGUS NERVE TO AID IN RELAXATION. UNFORTUNTATELY, THE VAGUS NERVE IS A NEUROMODULATOR OF THE HEART. AFTER I USED IT THAT MORNING, I FELT SOME PALPITATIONS WHICH I TRIED TO IGNORE. AFTER CHURCH I WENT TO A SPINNING CLASS, AND I HAD TO STOP SEVERAL TIMES DUE TO FATIGUE AND I NOTICED I HAD AN IRREGULAR HEARTBEAT. LATER THAT DAY I WENT TO WELL NOW URGENT CARE ON (B)(6) AND WAS DIAGNOSED WITH FREQUENT VENTRICULAR ARRHYTHMIAS. MY THYROID AND OTHER BLOOD TESTS ARE NORMAL. I DO NOT HAVE ANY HISTORY OF HEART DISEASE AND AM IN EXCELLENT SHAPE. LATER THAT WEEK I SAW MY PCP WHO ORDERED A 3-DAY HEART MONITOR AND THAT SHOWED THAT7.4% OF MY HEART BEATS WERE VENTRICULAR INSTEAD OF ATRIAL. I STILL SUFFER FROM VERY FREQUENT PALPITATIONS AND EXERCISE FATIGUE. I ASKED PULSETTO IS THIS IS A KNOWN SIDE EFFECT, AND THEY SAID PEOPLE WITH HEART DISEASE SHOULDN'T USE PULSETTO BUT I DON'T HAVE KNOWN HEART DISEASE. I FEEL THIS PRODUCT SHOULD BE TAKEN OFF THE MARKET FOR THE POSSIBLY PERMANENT HARM IT HAS DONE ME AND THE POTENTIAL HARM IT COULD DO OTHER PEOPLE. I AM SCHEDULED TO SEE A CARDIOLOGIST NEXT WEEK. I CONTINUE TO HAVE CONSTANT PALPITATIONS AND EXERCISE FATIGUE.",Powered muscle stimulator
23512044,384938961,D,0,,USING PULSETTO VAGUS NERVE STIMULATOR HEAVILY MARKETED ON FACEBOOK AND SOCIAL MEDIA AND GAME ADS. FIRST DEVICE FLIMSY AND HOUSING CRACKED OPEN AND EXPOSED WIRING AND RETURNED FOR REPLACEMENT. ON (B)(6) I WAS USING REPLACEMENT DEVICE AND STARTED CHARGING IT. THE INDICATOR LIGHT STOPPED FLASHING AND I PICKED UP DEVICE AND BURNED MY HAND AND NOTED THE HOUSING WAS MELTING. THIS DEVICE IS POORLY CONSTRUCTED AND A FIRE AND INJURY HAZARD AND THIS COMPANY NEEDS TO BE HELD ACCOUNTABLE FOR PLACING PEOPLE AT RISK AND MAKING ALL THE CLAIMS THEY MAKE AND PUSH IN THEIR ADS. THERE ARE NO SERIAL NUMBERS THAT I CAN SEE AND ON INSISTENCE OF MANUFACTURER I HAVE SENT THE SECOND DEFECTIVE DEVICE BACK TO THE COMPANY.,Powered muscle stimulator
23543403,385059374,D,0,,"USING PULSETTO VAGUS NERVE STIMULATOR HEAVILY MARKETED ON FACEBOOK AND SOCIAL MEDIA AND GAME ADS. FIRST DEVICE FLIMSY AND HOUSING CRACKED OPEN AND EXPOSED WIRING AND RETURNED FOR REPLACEMENT. ON (B)(6) 2025, I WAS USING REPLACEMENT DEVICE AND STARTED CHARGING IT. THE INDICATOR LIGHT STOPPED FLASHING AND I PICKED UP DEVICE AND BURNED MY HAND AND NOTED THE HOUSING WAS MELTING. THIS DEVICE IS POORLY CONSTRUCTED AND A FIRE AND INJURY HAZARD AND THIS COMPANY NEEDS TO BE HELD ACCOUNTABLE FOR PLACING PEOPLE AT RISK AND MAKING ALL THE CLAIMS THEY MAKE AND PUSH IN THEIR ADS. THERE ARE NO SERIAL NUMBERS THAT I CAN SEE AND ON INSISTENCE OF MANUFACTURER I HAVE SENT THE SECOND DEFECTIVE DEVICE BACK TO THE COMPANY. PT CODE: 2685. DEVICE CODES: 1135, 1437, 1385. REF REPORT: MW5178703.",Powered muscle stimulator
23512044,385096331,D,0,,ADDITIONAL INFORMATION RECEIVED ON 11/12/2025 FOR REPORT MW5178703 TO ADD AN ADDITIONAL DEVICE. REFERENCE REPORT MW5178818. PT CODE: 2685. DEVICE CODE: 1437.,Powered muscle stimulator
23582641,385484286,D,0,,"FROM THE CUSTOMER: OMNICYCLE ELITE (B)(4) - INVESTIGATION REPORT: DOR SAID, THE BAR THAT STICKS OUT, THE ADJUSTABLE BAR FROM THE UNIT GOT STUCK ON THE PATIENT'S LEG, RESULTING IN DEEP CUT. PATIENT HAD TO GET 36 STITCHES (3 INTERNALLY). ASKED DOR IF THEY CAN SEND A PICTURE OF THE ADJUSTABLE BAR THEY'RE REFERRING TO - DOR SENT A PICTURE OF THE CRANK ARM - THIS IS THE BAR WHERE PATIENT'S PANTS WERE CAUGHT AND INJURED THE MEDIAL SIDE OF HER RLE (PICTURE ATTACHED TO ISSUE NOTE). FROM OUR CLINICAL EVALUATOR: WELL TRAINED AND WELL EXPERIENCED THERAPIST TREATING PATIENT WHOSE PANTS WERE CAUGHT ON THE RADIUS CRANK BAR AND INJURED THE MEDIAL SIDE OF HER RLE REQUIRING HOSPITALIZATION. CPC TRAINING: PLEASE REVIEW OMNICYCLE(R) ELITE MOTORIZED THERAPEUTIC EXERCISE SYSTEM USER MANUAL (REVISED 12/08/2020 PART NO. 290A000533 REV 9) INCLUDING WARNINGS, PRECAUTIONS AND SET & OPERATIONS INCLUDING PG. 16 SECTION CALF SUPPORTS:""THE CALF SUPPORTS HELP TO SECURE THE LEGS IN CASES OF PARALYSIS. THEY ARE CONNECTED TO THE FOOTRESTS BY A PIVOTING JOINT SO AS NOT TO IMPAIR MOVEMENT OF THE ANKLES. ADJUST THE HEIGHT OF THE CALF SUPPORTS SO THAT THE CUPS FIT AROUND THE CALVES. SECURE THE LEGS WITH THE VELCRO(R) STRAPS. MAKE SURE ANY LOOSE-FITTING CLOTHING IS SECURED WITH THE CALF SUPPORT VELCRO(R) STRAP SO IT DOES NOT CATCH IN THE SPINNING ASSEMBLIES DURING LOWER EXTREMITY EXERCISE."" CUSTOMER DATA: (B)(6) PERSON REPORTING COMPLAINT: (B)(6) IN ADDITION, THE OMNICYCLE HAS WARNING STICKERS ON THE PEDALS THAT ALERT USERS TO THE IMPORTANCE OF SECURING LOOSE CLOTHING.",Powered exercise equipment (incl. CPM)
23690617,387473966,N,0,,"THIS DEVICE HAS NOT BEEN USED BY THE CUSTOMER YET AND NO ADVERSE INJURIES OR MALFUNCTIONS HAVE OCCURRED. THE CUSTOMER REPORTED THAT THE EQUIPMENT HAD OBVIOUS USAGE MARKS AND LACKED A USB CHARGING CABLE. SINCE THE EQUIPMENT WAS DIRECTLY RETURNED TO AMAZON, IT WAS NOT RETURNED TO THE DISTRIBUTOR OR MANUFACTURER FOR ANALYSIS, THE BATCH NUMBER INFORMATION OF THE DEVICE CANNOT BE OBTAINED. BASED ON THE CUSTOMER FEEDBACK REGARDING THE PURCHASE TIME AND DELIVERY TIME, WE HAVE CHECKED THE PRODUCT QUALITY INSPECTION AND ACCEPTANCE FORM FOR THE RELEVANT ORDERS DURING THIS PERIOD (AS SHOWN IN THE ATTACHMENT 1). THE SECOND ITEM: ""PACKAGING AND ACCESSORY INSPECTION"", ""THE TYPES AND QUANTITIES OF ACCESSORIES ARE CONSISTENT WITH THE SAMPLES, CHARGING CABLE * 1, SOLDERING PADS * 6, CONNECTING CABLE * 2, MAIN UNIT * 1, MANUAL * 2"", AND THE INSPECTION RESULTS FOR ALL ITEMS WERE ALL QUALIFIED. WE ALSO QUERIED THE PAST DATA OF SIMILAR ADVERSE EVENTS OF THE COMPANY'S SIMILAR PRODUCTS, BUT FOUND NO SIMILAR INCIDENTS. BASED ON THE PHOTOS AND DESCRIPTION PROVIDED BY THE CUSTOMER WHEN OPENING THE BOX, IT IS SPECULATED THAT AMAZON RE-SOLD A RETURNED PRODUCT FROM ANOTHER CUSTOMER AS A NEW ONE TO THIS CUSTOMER. WHEN THE INCIDENT OCCURRED, A NEW PRODUCT WAS PROMPTLY EXCHANGED FOR THE CUSTOMER. SINCE AMAZON'S RETURN ASSESSMENT IS EITHER SALEABLE OR NON-SALEABLE AND IS NOT CONTROLLED BY THE DISTRIBUTOR OR MANUFACTURER, WE WILL DEACTIVATE THE SECONDARY SALE MECHANISM FOR THIS PRODUCT (AS SHOWN IN ATTACHMENT 2) TO PREVENT SIMILAR INCIDENTS FROM OCCURRING AGAIN.",TENS (over-the-counter)
23690617,387473967,D,0,,"THE CUSTOMER REPORTED THAT THEY PURCHASED AN AUVON TENS & EMS MEDICAL DEVICE FROM AMAZON. THE DEVICE ARRIVED AND SHOWED CLEAR SIGNS OF USE. IN PARTICULAR, 4 OF THE 6 ADHESIVE GEL PAD SKIN CONTACT ELECTRODES HAD CLEARLY BEEN REMOVED AND REPLACED ONTO THEIR BACKING (AIR BUBBLES AND MISALIGNMENT TO THE OUTLINE FROM THE ORIGINAL CUT MARKS), AND WERE NOT IN THE ORIGINAL WRAPPERS. ONE OF THE ELECTRODES ALSO HAD A VISIBLE WHITE WIRE UNUSUALLY ROUTED BELOW THE EXPOSED GEL SURFACE. THE ELECTRICAL WIRES HAD BEEN UNBUNDLED, AND THE USB CHARGING CABLE WAS ENTIRELY MISSING FROM THE PACKAGE. THE PRINTED MANUAL SHOWED SIGNS OF WATER EXPOSURE (SLIGHTLY WRINKLED).THE DEVICE WAS SOLD AS NEW VIA AMAZON, BUT HAD CLEARLY BEEN USED PRIOR TO RECEIVING IT. THE CUSTOMER CALLED AMAZON TO COMPLAIN ABOUT THE CONDITION OF THE DEVICE, AND AMAZON PROCESSED A RETURN FOR THEM.",TENS (over-the-counter)
23847742,388073997,N,0,,"WE HEREBY PROVIDE THE RELEVANT MEDICAL, SCIENTIFIC, AND PROCEDURAL CONTEXT REGARDING THE REPORTED INCIDENT IN WHICH A CUSTOMER WAS HOSPITALIZED WITH SUSPECTED EXERTIONAL RHABDOMYOLYSIS AFTER RECEIVING A 20-MINUTE FIRST-TIME WHOLE-BODY ELECTROMYOSTIMULATION TRAINING SESSION CONDUCTED BY A TRAINER. THIS INFORMATION IS INTENDED TO SUPPORT YOUR ASSESSMENT. WHOLE-BODY ELECTROMYOSTIMULATION (WB-EMS) IS A SUPERVISED TRAINING METHOD THAT USES LOW-FREQUENCY ELECTRICAL IMPULSES TO SIMULTANEOUSLY ACTIVATE MULTIPLE LARGE MUSCLE GROUPS THROUGH A SPECIALIZED SUIT OR VEST EQUIPPED WITH ELECTRODES. WB-EMS IS THEREFORE A TRAINING MODALITY, NOT A PASSIVE MEDICAL TREATMENT, AND MUST BE APPLIED WITH PROGRESSIVE LOADING, ESPECIALLY FOR FIRST-TIME USERS. 1. EXERTIONAL RHABDOMYOLYSIS: TRAINING-LOAD CONDITION, NOT DEVICE MALFUNCTION. EXERTIONAL RHABDOMYOLYSIS (""E-RHABDO"") IS A WELL-CHARACTERIZED PHYSIOLOGICAL RESPONSE TO EXCESSIVE MUSCULAR OVERLOAD, ESPECIALLY IN UNACCUSTOMED INDIVIDUALS. IT IS WIDELY DOCUMENTED ACROSS TRADITIONAL TRAINING CONTEXTS SUCH AS: MILITARY BASIC TRAINING, HIIT AND CROSSFIT, MARATHON PREPARATION, ECCENTRIC STRENGTH PROGRAMS. THERE IS NO EVIDENCE IN SPORTS MEDICINE THAT A PROPERLY FUNCTIONING WB-EMS DEVICE CAN CAUSE RHABDOMYOLYSIS. E-RHABDO IS EXCLUSIVELY RELATED TO MISAPPLIED TRAINING LOAD, NOT DEVICE DEFECTS. 2. INTERNATIONALLY RECOGNIZED SAFETY STANDARD (FRONTIERS IN PHYSIOLOGY, 2023). THE CURRENT GLOBAL STANDARD OF CARE FOR WB-EMS SAFETY IS DEFINED IN THE PEER-REVIEWED PUBLICATION: ""POSITION STATEMENT AND UPDATED INTERNATIONAL GUIDELINE FOR SAFE AND EFFECTIVE WHOLE-BODY ELECTROMYOSTIMULATION TRAINING,"" FRONTIERS IN PHYSIOLOGY (2023). THIS GUIDELINE WAS CREATED BY AN INDEPENDENT PANEL OF INTERNATIONAL MEDICAL EXPERTS. ONE OF THE AUTHORS IS A PHYSICIAN FROM THE MAYO CLINIC (USA) - CONSISTENTLY RANKED AMONG THE BEST HOSPITALS IN THE UNITED STATES THIS CONFIRMS THAT THE GUIDELINE REPRESENTS: AN EVIDENCE-BASED, CLINICALLY VALIDATED, AND INTERNATIONALLY ACCEPTED STANDARD OF CARE FOR WB-EMS. FOR CLARITY, TRANSPARENCY, AND EASE OF REVIEW, WE HAVE ATTACHED THE ORIGINAL TEXT OF THE GUIDELINE, WITH ALL RELEVANT PASSAGES CONCERNING FIRST-SESSION LOAD LIMITS AND EXERTIONAL RHABDOMYOLYSIS CLEARLY HIGHLIGHTED. 3. MANDATORY REDUCED VOLUME AND REDUCED INTENSITY FOR FIRST-TIME WB-EMS SESSIONS. THE INTERNATIONAL GUIDELINE PROVIDES A CLEAR, SPECIFIC, AND CONSERVATIVE PROTOCOL FOR FIRST-TIME WB-EMS USERS TO MINIMIZE METABOLIC OVERLOAD AND REDUCE THE RISK OF EXERTIONAL RHABDOMYOLYSIS. THE REQUIRED PRECAUTIONS CONCERN BOTH TRAINING DURATION AND IMPULSE INTENSITY. (A) REDUCED TRAINING VOLUME. THE GUIDELINE STRICTLY LIMITS FIRST-SESSION EXPOSURE TO: 5 MINUTES OF IMPULSE FAMILIARIZATION (CONTINUOUS PROTOCOL; NON-TRAINING LOAD). 12 MINUTES OF INTERMITTENT WB-EMS (SHORT 4-SECOND PULSES WITH 4-SECOND BREAKS). GUIDELINE EXCERPT: ""THE FIRST WB-EMS SESSION SHOULD BE CONDUCTED WITH A REDUCED VOLUME. WE ADVISE (1) 5 MIN IMPULSE FAMILIARIZATION AND (2) 12 MIN OF INTERMITTENT WB-EMS WITH SHORT STIMULATION PHASES AND SHORT BREAKS."" THIS RESULTS IN A MAXIMUM OF 12 MINUTES TRAINING-RELEVANT EMS LOAD FOR FIRST-TIME USERS. (B) REDUCED IMPULSE INTENSITY (A SECOND MANDATORY SAFETY REQUIREMENT) IN ADDITION TO LIMITING DURATION, THE GUIDELINE MANDATES REDUCED STIMULATION INTENSITY DURING THE FIRST WB-EMS SESSION: LOW-TO-MODERATE INITIAL INTENSITY LEVELS, NO HIGH-INTENSITY CONTRACTIONS IN THE FIRST SESSION, STRICT SUPERVISION AND CONTINUOUS COMMUNICATION WITH THE USER. THIS INTENSITY REDUCTION IS EXPLICITLY INTENDED TO PROTECT UNACCUSTOMED USERS FROM METABOLIC OVERLOAD AND RHABDOMYOLYSIS RISK. SUMMARY OF DUAL SAFETY REQUIREMENTS. FOR FIRST-TIME WB-EMS USERS, THE GUIDELINE REQUIRES: 1. REDUCED VOLUME: MAXIMUM 12 MINUTES OF INTERMITTENT WB-EMS. 2. REDUCED INTENSITY: LOW-TO-MODERATE IMPULSE LEVELS WITH SLOW PROGRESSIVE RAMPING. BOTH REQUIREMENTS WERE ESTABLISHED TO MINIMIZE RISK IN UNACCUSTOMED USERS. A 20-MINUTE TRAINING SESSION AT FULL TRAINING INTENSITY THEREFORE CONTRADICTS BOTH CORE SAFETY PROVISIONS OF THE INTERNATIONALLY ACCEPTED GUIDELINE. 4. MIHA BODYTEC: FULL COMPLIANCE WITH DUTY OF CARE. MIHA BODYTEC: INTEGRATES ALL GUIDELINE REQUIREMENTS INTO ITS OPERATING MANUAL, PROVIDES MANDATORY AND STANDARDIZED TRAINER EDUCATION, REQUIRES TRAINERS TO FORMALLY CONFIRM UNDERSTANDING OF SAFETY PROTOCOLS, INSTRUCTS TRAINERS EXPLICITLY ON THE REDUCED INITIAL EXPOSURE REQUIRED FOR NEW USERS. IN THE PRESENT CASE, THE TRAINER: COMPLETED AND ACKNOWLEDGED THE REQUIRED TRAINING, HAD FULL KNOWLEDGE OF THE GUIDELINE-BASED PROTOCOL, BUT DID NOT FOLLOW THE REQUIRED REDUCED EXPOSURE PARAMETERS. THUS, THE DEVIATION OCCURRED AT THE APPLICATION LEVEL NOT AT THE MANUFACTURER OR DEVICE LEVEL. 5. LIABILITY ASSESSMENT: BASED ON: ESTABLISHED SPORTS MEDICINE PRINCIPLES, THE 2023 INTERNATIONAL GUIDELINE CO-AUTHORED BY THE MAYO CLINIC, THE MANUFACTURER'S DOCUMENTED SAFETY INSTRUCTIONS, THE STANDARDIZED TRAINING PROVIDED TO THE TRAINER, AND THE CLEAR OVERLOAD BEYOND THE RECOMMENDED 12-MINUTE FIRST-SESSION LIMIT, THE INCIDENT IS CONSISTENT WITH TRAINER-INDUCED OVEREXERTION OF AN UNACCUSTOMED FIRST-TIME USER. THERE IS NO INDICATION OF A DEVICE MALFUNCTION OR PRODUCT DEFECT.",Powered muscle stimulator
23847742,388073998,D,0,,"FIRST-TIME USER EXPERIENCED SEVERED RHABDOMYOLYSIS FOLLOWING AN INITIAL WHOLE-BODY EMS TRAINING SESSION AND WAS HOSPITALIZED FOR APPROXIMATELY FIVE DAYS. THE SESSION WAS CONDUCTED USING A MIHA BODYTEC M.OVE DEVICE IN COMBINATION WITH THE I-BODY CONNECT WIRELESS UNIT AT A CUSTOMER LOCATION. THE USER'S FIRST EMS SESSION LASTED APPROXIMATELY 20 MINUTES OF INTERMITTENT STIMULATION, EXCEEDING THE STANDARD INITIAL SESSION DURATION RECOMMENDED IN THE DEVICE'S INSTRUCTIONS FOR USE.",Powered muscle stimulator
23847806,388077336,N,0,,"WE HEREBY PROVIDE THE RELEVANT MEDICAL, SCIENTIFIC, AND PROCEDURAL CONTEXT REGARDING THE REPORTED INCIDENT IN WHICH A CUSTOMER WAS HOSPITALIZED WITH SUSPECTED EXERTIONAL RHABDOMYOLYSIS AFTER RECEIVING A 20-MINUTE FIRST-TIME WHOLE-BODY ELECTROMYOSTIMULATION TRAINING SESSION CONDUCTED BY A TRAINER. THIS INFORMATION IS INTENDED TO SUPPORT YOUR ASSESSMENT. WHOLE-BODY ELECTROMYOSTIMULATION (WB-EMS) IS A SUPERVISED TRAINING METHOD THAT USES LOW-FREQUENCY ELECTRICAL IMPULSES TO SIMULTANEOUSLY ACTIVATE MULTIPLE LARGE MUSCLE GROUPS THROUGH A SPECIALIZED SUIT OR VEST EQUIPPED WITH ELECTRODES. WB-EMS IS THEREFORE A TRAINING MODALITY, NOT A PASSIVE MEDICAL TREATMENT, AND MUST BE APPLIED WITH PROGRESSIVE LOADING, ESPECIALLY FOR FIRST-TIME USERS. 1. EXERTIONAL RHABDOMYOLYSIS: TRAINING-LOAD CONDITION, NOT DEVICE MALFUNCTION. EXERTIONAL RHABDOMYOLYSIS (""E-RHABDO"") IS A WELL-CHARACTERIZED PHYSIOLOGICAL RESPONSE TO EXCESSIVE MUSCULAR OVERLOAD, ESPECIALLY IN UNACCUSTOMED INDIVIDUALS. IT IS WIDELY DOCUMENTED ACROSS TRADITIONAL TRAINING CONTEXTS SUCH AS: MILITARY BASIC TRAINING. HIIT AND CROSSFIT. MARATHON PREPARATION. ECCENTRIC STRENGTH PROGRAMS. THERE IS NO EVIDENCE IN SPORTS MEDICINE THAT A PROPERLY FUNCTIONING WB-EMS DEVICE CAN CAUSE RHABDOMYOLYSIS. E-RHABDO IS EXCLUSIVELY RELATED TO MISAPPLIED TRAINING LOAD, NOT DEVICE DEFECTS. 2. INTERNATIONALLY RECOGNIZED SAFETY STANDARD (FRONTIERS IN PHYSIOLOGY, 2023). THE CURRENT GLOBAL STANDARD OF CARE FOR WB-EMS SAFETY IS DEFINED IN THE PEER-REVIEWED PUBLICATION: ""POSITION STATEMENT AND UPDATED INTERNATIONAL GUIDELINE FOR SAFE AND EFFECTIVE WHOLE-BODY ELECTROMYOSTIMULATION TRAINING,"" FRONTIERS IN PHYSIOLOGY (2023). THIS GUIDELINE WAS CREATED BY AN INDEPENDENT PANEL OF INTERNATIONAL MEDICAL EXPERTS. ONE OF THE AUTHORS IS A PHYSICIAN FROM THE MAYO CLINIC (USA) - CONSISTENTLY RANKED AMONG THE BEST HOSPITALS IN THE UNITED STATES. THIS CONFIRMS THAT THE GUIDELINE REPRESENTS: AN EVIDENCE-BASED, CLINICALLY VALIDATED, AND INTERNATIONALLY ACCEPTED STANDARD OF CARE FOR WB-EMS. FOR CLARITY, TRANSPARENCY, AND EASE OF REVIEW, WE HAVE ATTACHED THE ORIGINAL TEXT OF THE GUIDELINE, WITH ALL RELEVANT PASSAGES CONCERNING FIRST-SESSION LOAD LIMITS AND EXERTIONAL RHABDOMYOLYSIS CLEARLY HIGHLIGHTED. 3. MANDATORY REDUCED VOLUME AND REDUCED INTENSITY FOR FIRST-TIME WB-EMS SESSIONS. THE INTERNATIONAL GUIDELINE PROVIDES A CLEAR, SPECIFIC, AND CONSERVATIVE PROTOCOL FOR FIRST-TIME WB-EMS USERS TO MINIMIZE METABOLIC OVERLOAD AND REDUCE THE RISK OF EXERTIONAL RHABDOMYOLYSIS. THE REQUIRED PRECAUTIONS CONCERN BOTH TRAINING DURATION AND IMPULSE INTENSITY. (A) REDUCED TRAINING VOLUME THE GUIDELINE STRICTLY LIMITS FIRST-SESSION EXPOSURE TO: 5 MINUTES OF IMPULSE FAMILIARIZATION (CONTINUOUS PROTOCOL; NON-TRAINING LOAD). 12 MINUTES OF INTERMITTENT WB-EMS (SHORT 4-SECOND PULSES WITH 4-SECOND BREAKS). GUIDELINE EXCERPT: ""THE FIRST WB-EMS SESSION SHOULD BE CONDUCTED WITH A REDUCED VOLUME.. WE ADVISE (1) 5 MIN IMPULSE FAMILIARIZATION AND (2) 12 MIN OF INTERMITTENT WB-EMS WITH SHORT STIMULATION PHASES AND SHORT BREAKS."" THIS RESULTS IN A MAXIMUM OF 12 MINUTES TRAINING-RELEVANT EMS LOAD FOR FIRST-TIME USERS. (B) REDUCED IMPULSE INTENSITY (A SECOND MANDATORY SAFETY REQUIREMENT). IN ADDITION TO LIMITING DURATION, THE GUIDELINE MANDATES REDUCED STIMULATION INTENSITY DURING THE FIRST WB-EMS SESSION: LOW-TO-MODERATE INITIAL INTENSITY LEVELS. NO HIGH-INTENSITY CONTRACTIONS IN THE FIRST SESSION. STRICT SUPERVISION AND CONTINUOUS COMMUNICATION WITH THE USER. THIS INTENSITY REDUCTION IS EXPLICITLY INTENDED TO PROTECT UNACCUSTOMED USERS FROM METABOLIC OVERLOAD AND RHABDOMYOLYSIS RISK. SUMMARY OF DUAL SAFETY REQUIREMENTS. FOR FIRST-TIME WB-EMS USERS, THE GUIDELINE REQUIRES: 1. REDUCED VOLUME: MAXIMUM 12 MINUTES OF INTERMITTENT WB-EMS. 2. REDUCED INTENSITY: LOW-TO-MODERATE IMPULSE LEVELS WITH SLOW PROGRESSIVE RAMPING. BOTH REQUIREMENTS WERE ESTABLISHED TO MINIMIZE RISK IN UNACCUSTOMED USERS. A 20-MINUTE TRAINING SESSION AT FULL TRAINING INTENSITY THEREFORE CONTRADICTS BOTH CORE SAFETY PROVISIONS OF THE INTERNATIONALLY ACCEPTED GUIDELINE. 4. MIHA BODYTEC: FULL COMPLIANCE WITH DUTY OF CARE. MIHA BODYTEC: INTEGRATES ALL GUIDELINE REQUIREMENTS INTO ITS OPERATING MANUAL, PROVIDES MANDATORY AND STANDARDIZED TRAINER EDUCATION, REQUIRES TRAINERS TO FORMALLY CONFIRM UNDERSTANDING OF SAFETY PROTOCOLS, INSTRUCTS TRAINERS EXPLICITLY ON THE REDUCED INITIAL EXPOSURE REQUIRED FOR NEW USERS. IN THE PRESENT CASE, THE TRAINER: COMPLETED AND ACKNOWLEDGED THE REQUIRED TRAINING, HAD FULL KNOWLEDGE OF THE GUIDELINE-BASED PROTOCOL, BUT DID NOT FOLLOW THE REQUIRED REDUCED EXPOSURE PARAMETERS. THUS, THE DEVIATION OCCURRED AT THE APPLICATION LEVEL NOT AT THE MANUFACTURER OR DEVICE LEVEL. 5. LIABILITY ASSESSMENT - BASED ON: ESTABLISHED SPORTS MEDICINE PRINCIPLES, THE 2023 INTERNATIONAL GUIDELINE CO-AUTHORED BY THE MAYO CLINIC, THE MANUFACTURER'S DOCUMENTED SAFETY INSTRUCTIONS, THE STANDARDIZED TRAINING PROVIDED TO THE TRAINER, AND THE CLEAR OVERLOAD BEYOND THE RECOMMENDED 12-MINUTE FIRST-SESSION LIMIT. THE INCIDENT IS CONSISTENT WITH TRAINER-INDUCED OVEREXERTION OF AN UNACCUSTOMED FIRST-TIME USER. THERE IS NO INDICATION OF A DEVICE MALFUNCTION OR PRODUCT DEFECT. THE FULL TEXT OF THE CITED GUIDELINE (FRONTIERS IN PHYSIOLOGY, 2023) IS PROVIDED FOR REVIEW. THIS IMPORTER REPORT REFERENCES THE MANUFACTURER'S MDR (MFR REPORT #: 3010385841-2025-00002) REGARDING THIS EVENT. THE MANUFACTURER CONDUCTED THE INVESTIGATION AND PROVIDED ALL RELEVANT FINDINGS.",Powered muscle stimulator
23847806,388077337,D,0,,"FIRST-TIME USER EXPERIENCED SEVERED RHABDOMYOLYSIS FOLLOWING AN INITIAL WHOLE-BODY EMS TRAINING SESSION AND WAS HOSPITALIZED FOR APPROXIMATELY FIVE DAYS. THE SESSION WAS CONDUCTED USING A MIHA BODYTEC M.OVE DEVICE IN COMBINATION WITH THE I-BODY CONNECT WIRELESS UNIT AT A CUSTOMER LOCATION. THE USER'S FIRST EMS SESSION LASTED APPROXIMATELY 20 MINUTES OF INTERMITTENT STIMULATION, EXCEEDING THE STANDARD INITIAL SESSION DURATION RECOMMENDED IN THE DEVICE'S INSTRUCTIONS FOR USE.",Powered muscle stimulator
23851368,388118655,D,0,,"THE INCIDENT OCCURRED DURING A THERAPIST TRAINING SESSION IN FRANCE, SPECIFICALLY DURING THE PATIENT SESSION (FINAL SESSION OF THE TRAINING PROGRAM). AT THE TIME OF THE EVENT, THE TRAINEE OPERATOR DID NOT FOLLOW ESTABLISHED TRAINING INSTRUCTIONS AND SAFETY PROCEDURES FOR SECURING THE EXOSKELETON TO THE OVERHEAD SAFETY RAIL. SPECIFICALLY, THE OPERATOR ATTACHED THE DEVICE TO THE RAIL USING A THIN METAL CABLE INTENDED SOLELY TO PREVENT THE SWIVEL RETAINING SCREWS FROM LOOSENING, RATHER THAN USING THE DESIGNATED SWIVEL HOOK, WHICH IS THE CORRECT AND LOAD-BEARING ATTACHMENT POINT. A TEMPORARY IMBALANCE WAS NOTED DURING THE SESSION, WITHOUT INDICATION OF DEVICE MALFUNCTION. THE EVENT OCCURRED IN A CONTEXT OF INADEQUATE ADHERENCE TO ESTABLISHED OPERATING PROCEDURES AND REDUCED OPERATOR VIGILANCE DURING DEVICE SETUP AND USE. AS THE METAL CABLE IS NOT DESIGNED TO SUPPORT THE WEIGHT OF THE DEVICE, IT FAILED UNDER LOAD, RESULTING IN A LATERAL FALL OF THE EXOSKELETON. NO INJURIES WERE REPORTED (NO BRUISING, FRACTURES, OR OTHER HARM). THE PATIENT WAS REASSESSED SEVERAL DAYS LATER, AND THE ABSENCE OF INJURY WAS CONFIRMED. WHILE THE OUTCOME WAS BENIGN, THE INCIDENT HAD THE POTENTIAL TO RESULT IN SERIOUS INJURY. HUMAN FACTORS / ABNORMAL USE CONDITIONS: THE INCIDENT OCCURRED IN A CONTEXT OF OPERATOR NON-COMPLIANCE WITH TRAINING INSTRUCTIONS AND REDUCED SITUATIONAL AWARENESS DURING DEVICE SETUP. THE OPERATOR MISIDENTIFIED THE CORRECT ATTACHMENT POINT DESPITE PRIOR TRAINING AND CLEAR INSTRUCTIONS PROVIDED IN BOTH THE USER MANUAL AND THE TRAINING PROGRAM. THE METAL CABLE USED IS VISIBLY THINNER AND MECHANICALLY UNSUITABLE AS A LOAD-BEARING CONNECTION. HOWEVER, IT CURRENTLY LACKS EXPLICIT DESIGN CUES (E.G., COLOR CODING, LABELING, OR A PHYSICAL DETERRENT) TO PREVENT IT FROM BEING MISTAKENLY USED AS THE PRIMARY ATTACHMENT POINT, WHICH MAY INCREASE THE LIKELIHOOD OF MISUSE UNDER CONDITIONS OF INATTENTION OR DEVIATION FROM STANDARD OPERATING PROCEDURES. ALTHOUGH THE SAFETY SYSTEM AS DESCRIBED IN DETAIL IN THE USER MANUAL, IS SAFE WHEN USED AS INTENDED, AND SAFETY PROCEDURES ARE THOROUGHLY ADDRESSED DURING TRAINING PARTICULARLY REGARDING CORRECT ATTACHMENT POINTS, THIS EVENT HIGHLIGHTS OPPORTUNITIES TO FURTHER IMPROVE USABILITY AND ERROR-PROOFING TO MITIGATE THE RISK OF IMPROPER USE, ESPECIALLY IN SITUATIONS WHERE ESTABLISHED PROCEDURES ARE NOT STRICTLY FOLLOWED.",Powered exoskeleton
22836808,391071658,N,0,,"FINAL REPORT AND INVESTIGATION MAIN FINDINGS: DATE: OCTOBER 20, 2025 1. THE INVESTIGATION ACTIVITIES INCLUDED THE FOLLOWING: REVIEWING DEVICE RECORDS. INTERVIEWING THE CLINICAL TRAINER AND THE PATIENT. ANALYSING THE TIMELINE OF THE PATIENT'S DEVICE USAGE PRIOR TO THE REPORTED INCIDENT. REVIEWING AVAILABLE PATIENT DATA AND PARAMETERS. CONDUCTING A DEVICE INSPECTION BY A LIFEWARD FIELD SERVICE ENGINEER, WHO FOUND NO EVIDENCE OF MALFUNCTION. EVALUATING MEDICAL INFORMATION PROVIDED BY THE PATIENT BY AN EXTERNAL MEDICAL EXPERT (PHYSICIAN) TO IDENTIFY THE POTENTIAL ROOT CAUSE. MEDICAL ASSESSMENT CONCLUSION: THE PATIENT HAD A RECURRENCE OF PRE-EXISTING PROXIMAL LOWER LIMB VENOUS THROMBOTIC DISEASE WITH OCCLUSION OF PREVIOUSLY IMPLANTED VENOUS STENTS. THE REWALK DEVICE DOES NOT IN ANY WAY INTERFERE WITH THE FUNCTION OF THE VASCULAR SYSTEM OR IMPLANTED VASCULAR STENTS. REWALK DEVICE USE WAS NOT THE CAUSE OF THE PATIENT'S VASCULAR DISEASE OR VASCULAR DISEASE COMPLICATIONS. BASED ON THE COLLECTED INFORMATION, THE CAUSE IS LIKELY RELATED TO THE USER'S PRE-EXISTING VASCULAR CONDITION AND NOT TO THE REWALK DEVICE.",Powered exoskeleton
22836808,391071659,D,0,,"THE FOLLOWING DATA WAS REPORTED TO THE LIFEWARD CLINICAL TRAINING MANAGER BY A PHYSICAL THERAPIST AT THE USER'S TRAINING CLINIC: ON (B)(6) 2025: THE USER REPORTED A PINCHING SENSATION IN HER RIGHT HIP DURING USE OF THE DEVICE. LATER THAT SAME DAY, DURING A FOLLOW-UP SESSION, SHE REPORTED THAT THE PINCHING DID NOT RECUR. ON (B)(6) 2025: THE USER CANCELLED HER SESSION DUE TO SWELLING IN HER LEFT LEG. THE USER BELIEVES THIS MAY BE RELATED TO THE STENTS IN HER GROIN AND POSSIBLY THE CAUSE OF THE EARLIER PINCHING SENSATION. ON (B)(6) 2025: THE USER VISITED THE ER AND WAS DIAGNOSED WITH BLOOD CLOTS IN HER LEG. THE USER IS AWAITING CONSULTATION WITH HER PHYSICIAN TO DETERMINE THE NEXT STEPS IN TREATMENT. THE INCIDENT WAS RECORDED UNDER CUSTOMER COMPLAINT NUMBER: (B)(4).",Powered exoskeleton
21477580,394460536,N,0,,"THIS EVENT WAS ALSO REPORTED TO FDA BY THE IMPORTER UNDER IMPORTER REPORT NO. 3012316249-2025-00007. (1) INVESTIGATION METHODOLOGY: MANUFACTURER REVIEW OF SAME-BATCH DHR (NO RECORDED OUTPUT DEVIATIONS); THE DEVICE WAS RETURNED TO THE IMPORTER; THE IMPORTER PERFORMED EVALUATION/TESTING AND DOCUMENTED FINDINGS; WE REVIEWED THE IMPORTER'S RECORDS AND CONCLUSIONS (REFER TO ATTACHMENT). (2) FAILURE MODE/MECHANISM CONSIDERATIONS: THE DEVICE DID NOT SHOW SIGNS OF THE REPORTED MALFUNCTION AND THE COMPLAINT COULD NOT BE DUPLICATED. THE IMPORTER NOTED THAT BURNS CAN OCCUR UNDER VARIOUS CLINICAL ELECTROTHERAPY USE CONDITIONS AND IDENTIFIED PLAUSIBLE CONTRIBUTORS INCLUDING: USE OF AN ALTERNATIVE BRAND OF ELECTRODES THAT MAY BE INAPPROPRIATE AND CREATE HOT SPOTS; POSSIBLE INTERNAL DAMAGE TO ONE OR MORE LEAD WIRES CAUSING INTERMITTENT CONTACT WHEN MOVED; AND POSSIBLE LOSS OF ELECTRODE-SKIN CONTACT DUE TO HAIR, SKIN PRODUCTS, MOVEMENT, OR PRIOR ELECTRODE USAGE/CONDITION. (3) CONCLUSIONS: NO CONFIRMED DEVICE MALFUNCTION ACCORDING TO IMPORTER REPORT; THE SAME-BATCH DHR REVIEW DID NOT INDICATE MANUFACTURING/TEST ANOMALIES; DEFINITIVE ROOT CAUSE REMAINS INCONCLUSIVE BASED ON CURRENTLY AVAILABLE EVIDENCE; THE DEVICE WILL BE RETAINED AND INVESTIGATION DOCUMENTATION MAINTAINED FOR TRACEABILITY AND FDA INSPECTION.",TENS (prescription)
21561029,398692050,N,0,,"A DEFINITIVE ROOT CAUSE CANNOT BE DETERMINED WITH THE INFORMATION CURRENTLY AVAILABLE. AT THE TIME OF WRITING, NO WAVEFORM OR OUTPUT ABNORMALITIES CAN BE PRODUCED. HOWEVER, THE DEVICE WAS OBSERVED TO BE FUNCTIONING OUTSIDE OF NORMAL EXPECTED FUNCTION ON HIGH VOLT ONLY. THE EVENT THAT WAS REPORTED OCCURRED WHILE USING IF-4P, WHICH CONSISTENTLY TESTED WITHIN SPECIFICATION FOR ALL CHANNELS AND LEAD WIRES. IT IS UNCLEAR IF THE ABNORMAL FUNCTION NOTED ON HIGH VOLT WOULD HAVE AN IMPACT ON THE FUNCTION OF IF-4P, EVEN THOUGH NO FUNCTIONAL ISSUE WAS OBSERVED FOR IF-4P. THE TESTING FORM AND OBSERVATIONS WILL BE SHARED WITH THE DEVICE MANUFACTURER FOR FURTHER REVIEW. THE COMPLAINT COULD NOT BE DUPLICATED AT THIS TIME. THIS DEVICE WILL BE RETAINED. THE FACTORY DETERMINED THAT THE OSCILLOSCOPE SETTINGS WERE NOT CORRECTLY SET DURING TESTING OF THIS DEVICE. THIS IS VERY LIKELY WHY THE HIGH VOLT WAVEFORM APPEARED ABNORMAL. RE-TESTING IS NEEDED FOR CONFIRMATION.",TENS (prescription)
21696263,399704283,N,0,,"THIS EVENT WAS ALSO REPORTED TO FDA BY THE IMPORTER UNDER IMPORTER REPORT NO. (B)(4). (1) INVESTIGATION AND ANALYSIS METHODOLOGY: A COMPLAINT INVESTIGATION WAS INITIATED. INITIALLY, THE UNIT HAD NOT BEEN RETURNED FOR ANALYSIS AND A SAME-BATCH DHR REVIEW DID NOT IDENTIFY HIGH STRENGTH OR INSTANTANEOUS STRENGTH INCREASES DURING PRODUCTION OR TESTING. THE UNIT WAS SUBSEQUENTLY RETURNED TO THE DISTRIBUTOR/IMPORTER FOR EVALUATION. THE IMPORTER REPORTED THAT THE COMPLAINT COULD NOT BE DUPLICATED AND THAT IF-4P OUTPUT TESTED WITHIN SPECIFICATION FOR ALL CHANNELS AND LEAD WIRES, WHILE AN APPARENT ABNORMAL WAVEFORM/BEHAVIOR WAS OBSERVED ON HIGH VOLT ONLY. THE UNIT WAS THEN RETURNED TO THE MANUFACTURER FOR FURTHER REVIEW. THE MANUFACTURER'S EVALUATION CONFIRMED THE DEVICE OUTPUT MET SPECIFICATIONS AND CONCLUDED THAT THE IMPORTER'S APPARENT HIGH VOLT WAVEFORM ABNORMALITY WAS ATTRIBUTABLE TO INCORRECT OSCILLOSCOPE SETTINGS DURING THE IMPORTER'S TEST (I.E., A TEST ARTIFACT). (2) SPECIFIC FAILURE MODE(S)/MECHANISM(S) AND ASSOCIATED COMPONENT(S): A DEFINITIVE DEVICE FAILURE MODE COULD NOT BE CONFIRMED. THE REPORTED INJURY OCCURRED WHILE USING IF-4P, AND IF-4P OUTPUT TESTED WITHIN SPECIFICATION. THE IMPORTER'S HIGH VOLT CONCERN WAS NOT CONFIRMED AS A DEVICE CONDITION AND WAS DETERMINED BY THE MANUFACTURER TO BE A MEASUREMENT ARTIFACT RELATED TO OSCILLOSCOPE CONFIGURATION, NOT EVIDENCE OF DEVICE MALFUNCTION. GIVEN THE CLINICAL OUTCOME AND SUBSEQUENT REPLACEMENT OF PADS/LEADS, ELECTRODE-SKIN INTERFACE CONDITIONS AND ACCESSORY INTEGRITY (PADS/LEADS/CONNECTORS, CONTACT QUALITY, PLACEMENT) REMAIN CONSIDERATIONS; HOWEVER, CAUSALITY CANNOT BE ESTABLISHED WITH THE AVAILABLE INFORMATION. (3) CONCLUSIONS: THE COMPLAINT COULD NOT BE DUPLICATED DURING EVALUATION. THE MANUFACTURER CONFIRMED THE UNIT OUTPUT MET SPECIFICATIONS. THE ISSUE OBSERVED BY THE IMPORTER WAS ATTRIBUTABLE TO OSCILLOSCOPE SETTINGS RATHER THAN DEVICE MALFUNCTION. ROOT CAUSE CANNOT BE DEFINITIVELY DETERMINED WITH CURRENTLY AVAILABLE INFORMATION. THE DEVICE WILL BE RETAINED AND INVESTIGATION/TEST RECORDS ARE MAINTAINED IN THE COMPLAINT FILE FOR TRACEABILITY AND FDA INSPECTION.",TENS (prescription)
23086519,400435022,N,0,,"THE KEEOGO DERMOSKELETON INVOLVED IN THIS EVENT WAS INSPECTED ON SITE BY THE CLINICAL TEAM AND CONFIRMED TO BE FUNCTIONING PROPERLY BEFORE, DURING, AND AFTER THE INCIDENT. NO DEVICE MALFUNCTION, DEFECT, OR ABNORMAL BEHAVIOR WAS IDENTIFIED. THE ADVERSE EVENT WAS REPORTED TO THE FRENCH COMPETENT AUTHORITY (ANSM) ON 2025-09-18 BY THE MANUFACTURER (B-TEMIA) IN ACCORDANCE WITH EU MDR REQUIREMENTS. AT THIS STAGE, NO REMEDIAL ACTION OR FIELD SAFETY CORRECTIVE ACTION WAS INITIATED. THE PATIENT REMAINS HOSPITALIZED IN STABLE CONDITION. B-TEMIA WILL SUBMIT A SUPPLEMENTAL MDR ONCE ADDITIONAL CLINICAL INFORMATION BECOMES AVAILABLE FROM THE INVESTIGATIONAL SITE (E.G., PATIENT CARDIOVASCULAR HISTORY, CONCOMITANT MEDICATIONS, BASELINE VITAL SIGNS). FOLLOW-UP INFORMATION: THE ADVERSE EVENT WAS ALSO REPORTED TO THE ANSM ON 2025-09-05 BY THE SPONSOR. THE EVENT WAS DECLARED TO THE MANUFACTURER ON 2025-09-08 (FU1). THE PATIENT UNDERWENT TWO CORONARY ANGIOPLASTY PROCEDURES WITH STENT IMPLANTATION ON (B)(6) 2025 (SECOND MARGINAL ARTERY) AND (B)(6) 2025 (MID RIGHT CORONARY ARTERY). HE WAS DISCHARGED HOME ON (B)(6) 2025 WITH APPROPRIATE CARDIOVASCULAR PHARMACOTHERAPY. THE RESEARCH PROCEDURE WAS DEFINITIVELY DISCONTINUED. THE SUBJECT WAS WITHDRAWN FROM THE STUDY (FU1). THE INVESTIGATOR AND THE SPONSOR ASSESSED THE RELATIONSHIP WITH THE RESEARCH PROCEDURES AS PROBABLE. THE INVESTIGATOR ASSESSED THE RELATIONSHIP WITH THE INVESTIGATIONAL DEVICE AS PROBABLE. THE SPONSOR ASSESSED THE RELATIONSHIP WITH THE DEVICE AS WITHOUT RELATION. PEAK TROPONIN REACHED 342 NG/L. A MAJOR DYSLIPIDEMIA WAS IDENTIFIED (LDL CHOLESTEROL 2.43 G/L) (FU1). ON (B)(6) 2025, THE PATIENT WAS REASSESSED BY THE PRINCIPAL INVESTIGATOR. CLINICAL STATUS REMAINED UNCHANGED SINCE DISCHARGE. THE SUBJECT WAS NOT YET RECOVERED. CLINICAL EVOLUTION WAS ASSESSED AS IMPROVEMENT (FU2). ON (B)(6) 2025, CLINICAL STATUS REMAINED UNCHANGED. A CARDIOPULMONARY EXERCISE TEST ((B)(6) 2025) REVEALED A MILD ALTERATION OF AEROBIC CAPACITY, PREDOMINANTLY PERIPHERAL, WITH NO CARDIOLOGICAL RISK CRITERIA. PROGRESSIVE RESUMPTION OF ACTIVITIES WAS CONSIDERED POSSIBLE. A REHABILITATION AND EXERCISE RECONDITIONING PROGRAM WAS PLANNED FOR LATE (B)(6) 2025. THE SUBJECT WAS NOT YET RECOVERED AS OF (B)(6) 2025. CLINICAL EVOLUTION WAS ASSESSED AS IMPROVEMENT (FU3). THE PATIENT UNDERWENT AN INPATIENT REHABILITATION AND EXERCISE RECONDITIONING PROGRAM FROM (B)(6) 2025 TO (B)(6) 2025, INCLUDING GAIT RETRAINING. THE EVENT WAS ASSESSED AS RESOLVED ON (B)(6) 2025, WITH SEQUELAE CONSISTING OF A CORONARY STENT. HOSPITALIZATION PERIODS: (B)(6) 2025 TO (B)(6) 2025 (CARDIOLOGY DEPARTMENT), (B)(6) 2025 TO (B)(6) 2025 (REHABILITATION AND EXERCISE RECONDITIONING). WALKING TESTS WERE PERFORMED ON (B)(6) 2026. THE RELATIONSHIP ASSESSMENTS WITH THE RESEARCH PROCEDURES (PROBABLE PER INVESTIGATOR AND SPONSOR) AND WITH THE DEVICE (PROBABLE PER INVESTIGATOR, WITHOUT RELATION PER SPONSOR) REMAIN UNCHANGED (FU4). AT THIS STAGE, NO REMEDIAL ACTION OR FIELD SAFETY CORRECTIVE ACTION HAS BEEN INITIATED.",Powered exoskeleton
23086519,400435023,D,0,,"ON (B)(6) 2025, DURING THE EXHOMESEP CLINICAL INVESTIGATION IN FRANCE (PROTOCOL ID-(B)(4), A 74-YEAR-OLD MALE SUBJECT (PATIENT ID: (B)(6)) WITH A PRE-EXISTING DIAGNOSIS OF PRIMARY PROGRESSIVE MULTIPLE SCLEROSIS EXPERIENCED ACUTE CARDIAC SYMPTOMS WHILE PERFORMING A SUPERVISED REHABILITATION EXERCISE SESSION WITH THE KEEOGO DERMOSKELETON SYSTEM. AT 15:00, THE SUBJECT DEVELOPED RETROSTERNAL CONSTRICTIVE CHEST PAIN RADIATING TO THE JAW AND LEFT ARM DURING THE SESSION. SYMPTOMS RESOLVED AFTER STOPPING THE EXERCISE. AT 20:00, CHEST PAIN RECURRED AT REST FOR ABOUT ONE HOUR, WITH BLOOD PRESSURE MEASURED AT 180 MMHG. ECG WAS INCONCLUSIVE. TROPONIN LATER TESTED POSITIVE (INCREASE FROM 10 NG/L TO 35 NG/L). ON (B)(6) 2025 AT 02:00, CHEST PAIN RECURRED AGAIN, REQUIRING ADMISSION TO THE CARDIOLOGY DEPARTMENT FOR SUSPECTED ANGINA/NSTEMI. THE EVENT WAS CLASSIFIED AS LIFE-THREATENING. ON (B)(6) 2025, AN ACUTE SUB-OCCLUSIVE STENOSIS AT THE OSTIUM OF THE SECOND MARGINAL ARTERY WAS IDENTIFIED AND TREATED BY ANGIOPLASTY WITH STENT IMPLANTATION (FU1). ON (B)(6) 2025, A SECOND ANGIOPLASTY WAS PERFORMED WITH STENT IMPLANTATION IN THE MID RIGHT CORONARY ARTERY FOR A SIGNIFICANT ULCERATED STENOSIS; PROCEDURE WAS UNEVENTFUL (FU1). ON (B)(6) 2025, THE PATIENT WAS DISCHARGED HOME (FU1). ON (B)(6) 2025, THE PATIENT WAS REASSESSED BY THE PRINCIPAL INVESTIGATOR. CLINICAL STATUS REMAINED UNCHANGED SINCE DISCHARGE ON (B)(6) 2025 (FU2). ON (B)(6) 2025, CLINICAL STATUS REMAINED UNCHANGED. PROGRESSIVE RESUMPTION OF PREVIOUS ACTIVITIES WAS CONSIDERED POSSIBLE. A REHABILITATION AND EXERCISE RECONDITIONING PROGRAM WAS PLANNED FOR LATE (B)(6) 2025 (FU3). THE PATIENT UNDERWENT AN INPATIENT REHABILITATION AND EXERCISE RECONDITIONING PROGRAM FROM (B)(6) 2025 TO (B)(6) 2025, INCLUDING GAIT RETRAINING. WALKING TESTS WERE PERFORMED ON (B)(6) 2026 (FU4). THE KEEOGO DEVICE WAS INSPECTED BY THE STUDY TEAM AND CONFIRMED TO BE FUNCTIONING PROPERLY BEFORE, DURING, AND AFTER THE INCIDENT, WITH NO DEFECT OR MALFUNCTION IDENTIFIED. THE INVESTIGATOR NOTED THE POSSIBILITY THAT THE PHYSICAL EFFORT REQUIRED WHILE USING THE DEVICE DURING EXERCISE MAY HAVE CONTRIBUTED TO THE EVENT. THE SUBJECT WAS WITHDRAWN FROM THE STUDY FOLLOWING THIS EVENT. THE RESEARCH PROCEDURE WAS DEFINITIVELY DISCONTINUED AS OF (B)(6) 2025 (FU1).",Powered exoskeleton
