MDR_REPORT_KEY,out_death,out_life_threatening,out_hospitalised,out_disability,out_required_intervention,out_congenital_anomaly,out_other,outcome_reported,serious_outcome,severe_outcome,device_group,event_type,product_code,date_received,year,event_key,report_source,event_location,operator,reporter,home_or_lay_use,corrective_action,recall,device_returned,manufacturer_raw,brand,device_age_years,patient_age,manufacturer
23851368,False,False,False,False,False,False,False,False,False,False,Powered exoskeleton,Injury,PHL,2025-12-19,2025,,Manufacturer,Not reported,Health professional,Clinician,False,True,False,False,WANDERCRAFT SAS,ATALANTE X,,51.0,WANDERCRAFT SAS
23847806,False,False,True,False,False,False,False,True,True,True,Powered muscle stimulator,Injury,IPF,2025-12-19,2025,,Distributor,Other,Other,Facility staff / admin,False,False,False,False,MIHA BODYTEC GMBH,MIHA BODYTEC,2.0,38.0,MIHA BODYTEC
23847742,False,False,True,False,False,False,False,True,True,True,Powered muscle stimulator,Injury,IPF,2025-12-19,2025,,Manufacturer,Not reported,Other,Facility staff / admin,False,False,False,False,MIHA BODYTEC GMBH,MIHA BODYTEC,,38.0,MIHA BODYTEC
23690617,False,False,False,False,False,False,False,False,False,False,TENS (over-the-counter),Malfunction,NUH,2025-12-02,2025,,Manufacturer,Not reported,Not reported,Other / not reported,False,True,False,False,"SHENZHEN YUWEN E-COMMERCE CO., LTD.",AUVON,,45.0,SHENZHEN YUWEN E COMMERCE
23582641,False,False,True,False,False,False,False,True,True,True,Powered exercise equipment (incl. CPM),Injury,BXB,2025-11-18,2025,,Voluntary (patient or clinician),Not reported,Health professional,Facility staff / admin,False,False,False,False,MEDICA MEDIZINTECHNIK GMBH,OMNICYCLE ELITE,,,MEDICA MEDIZINTECHNIK
23543403,False,False,False,False,False,False,True,True,False,False,Powered muscle stimulator,Injury,IPF,2025-11-12,2025,,Voluntary (patient or clinician),Not reported,Not reported,Patient / family,False,False,False,False,PULSETTO,PULSETTO,,52.0,PULSETTO
23512044,False,False,False,False,False,False,True,True,False,False,Powered muscle stimulator,Injury,IPF,2025-11-10,2025,,Voluntary (patient or clinician),Not reported,Not reported,Patient / family,False,False,False,False,PULSETTO,PULSETTO,,52.0,PULSETTO
23497093,False,False,False,True,False,False,True,True,True,True,Powered muscle stimulator,Injury,IPF,2025-11-07,2025,,Voluntary (patient or clinician),Not reported,Patient / lay user,Patient / family,True,False,False,False,PULSETTO,PULSETTO VAGUS NERVE STIMULATION DEVICE SKU: PULSETTODEVICE,,72.0,PULSETTO
23436928,False,False,False,False,False,False,False,False,False,False,TENS (prescription),Malfunction,GZJ,2025-10-31,2025,,Voluntary (patient or clinician),Not reported,Patient / lay user,Patient / family,True,False,False,False,RELIEFBAND TECHNOLOGIES,RELIEFBAND SPORT,,70.0,RELIEFBAND TECHNOLOGIES
23361656,False,False,False,False,False,False,True,True,False,False,Powered muscle stimulator,Injury,IPF,2025-10-22,2025,,Manufacturer,Not reported,Patient / lay user,Facility staff / admin,True,False,False,False,RS MEDICAL,RS 4I PLUS,,43.0,RS MEDICAL
23241275,False,True,True,False,True,False,True,True,True,True,Powered exoskeleton,Injury,PHL,2025-10-07,2025,,Distributor,Hospital,Not reported,Clinician,False,False,False,False,B-TEMIA,KEEOGO-CLINICIAN KIT,,74.0,B-TEMIA
23121529,False,False,False,False,False,False,False,False,False,False,Powered exercise equipment (incl. CPM),Malfunction,BXB,2025-09-23,2025,,Hospital / user facility,Hospital,Not reported,Clinician,False,False,False,False,THE FURNISS CORPORATION LTD,PHOENIX 1850 CPM,,,FURNISS
23086519,False,True,True,False,True,False,True,True,True,True,Powered exoskeleton,Injury,PHL,2025-09-18,2025,,Manufacturer,Not reported,Health professional,Clinician,False,True,False,False,B-TEMIA INC,KEEOGO - CLINICIAN KIT,,74.0,B-TEMIA
23085338,False,True,True,False,True,False,True,True,True,True,Powered exoskeleton,Injury,PHL,2025-09-18,2025,,Manufacturer,Not reported,Health professional,Clinician,False,True,False,False,B-TEMIA INC.,KEEOGO - CLINICIAN KIT,,74.0,B-TEMIA
23026788,False,False,False,False,False,False,False,False,False,False,TENS (over-the-counter),Injury,NUH,2025-09-11,2025,,Voluntary (patient or clinician),Not reported,Not reported,Other / not reported,False,False,False,False,MOLUFEIBE,"STIMULATOR, NERVE, TRANSCUTANEOUS, OVER-THE-COUNTER",,,MOLUFEIBE
23026768,False,False,False,False,False,False,False,False,False,False,TENS (prescription),Injury,GZJ,2025-09-11,2025,,Voluntary (patient or clinician),Not reported,Not reported,Other / not reported,False,False,False,False,MOLUFEIBE,24PCS TENS UNIT REPLACEMENT PADS 2X2,,,MOLUFEIBE
22967844,False,False,False,False,False,False,True,True,False,False,TENS (prescription),Injury,GZJ,2025-09-04,2025,,Voluntary (patient or clinician),Not reported,Patient / lay user,Patient / family,True,False,False,False,NEUROMD MEDICAL TECHNOLOGIES,NEUROMD CORRECTIVE THERAPY DEVICE,,66.0,NEUROMD MEDICAL TECHNOLOGIES
22862348,False,False,False,False,False,False,False,False,False,False,TENS (prescription),Injury,GZJ,2025-08-21,2025,,Voluntary (patient or clinician),Not reported,Not reported,Other / not reported,False,False,False,False,UNKNOWN,TENS UNIT REPLACEMENT PADS,,,Not reported
22836808,False,False,False,False,True,False,False,True,True,False,Powered exoskeleton,Injury,PHL,2025-08-19,2025,,Manufacturer,Not reported,Patient / lay user,Clinician,True,False,False,False,LIFEWARD LTD.,REWALK 7,,55.0,REWALK ROBOTICS
22693792,False,False,False,False,False,False,False,False,False,False,TENS (over-the-counter),Malfunction,NUH,2025-08-02,2025,,Manufacturer,Not reported,Patient / lay user,Facility staff / admin,True,True,False,False,HONG QIANGXING (SHEN ZHEN) ELECTRONICS LIMITED,TENS,,,HONG QIANGXING SHEN ZHEN ELECTRONICS
22540369,False,False,True,False,False,False,False,True,True,True,Powered exercise equipment (incl. CPM),Injury,BXB,2025-07-18,2025,,Manufacturer,Not reported,Health professional,Clinician,False,False,False,False,HOCOMA AG,LOKOMATPRO,,14.0,HOCOMA
22297436,False,False,False,False,False,False,False,False,False,False,TENS (over-the-counter),Injury,NUH,2025-06-20,2025,,Voluntary (patient or clinician),Not reported,Not reported,Patient / family,False,False,False,False,MOLUFEIBE,MOLUFEIBE TENS ELECTRODE PADS,,,MOLUFEIBE
22126309,False,False,False,False,False,False,False,False,False,False,TENS (over-the-counter),Malfunction,NUH,2025-06-02,2025,,Voluntary (patient or clinician),Not reported,Not reported,Other / not reported,False,False,False,False,"SHENZHEN YUWEN E-COMMERCE CO., LTD.",AUVON PT1 PRO RECHARGEABLE TENS DEVICE,,45.0,SHENZHEN YUWEN E COMMERCE
22105548,False,False,False,False,False,False,False,False,False,False,TENS (prescription),Injury,GZJ,2025-05-29,2025,,Voluntary (patient or clinician),Not reported,Not reported,Other / not reported,False,False,False,False,UNK,TRANSCUTANEOUS ELECTRICAL NERVE STIMULATOR (TENS) PADS,,,Not reported
22091230,False,False,False,False,False,False,True,True,False,False,Powered muscle stimulator,Injury,IPF,2025-05-27,2025,,Voluntary (patient or clinician),Not reported,Patient / lay user,Clinician,True,False,False,False,UNKNOWN,SHARPER IMAGE ABDOMINAL STIMULATOR,,67.0,Not reported
22025722,False,False,False,False,False,False,True,True,False,False,Powered muscle stimulator,Injury,IPF,2025-05-15,2025,,Manufacturer,Not reported,Health professional,Clinician,False,True,False,True,INMODE LTD.,EVOLVE SYSTEM WITH TRANSFORM APPLICATOR,,47.0,INMODE
22024215,False,False,False,False,False,False,True,True,False,False,Powered muscle stimulator,Injury,IPF,2025-05-15,2025,,Manufacturer,Not reported,Health professional,Clinician,False,True,False,True,INMODE LTD.,EVOLVE SYSTEM WITH TRANSFORM APPLICATOR,,42.0,INMODE
21938639,False,False,False,False,False,False,False,False,False,False,TENS (prescription),Malfunction,GZJ,2025-04-30,2025,,Manufacturer,Not reported,Patient / lay user,Other / not reported,True,True,False,True,BIOWAVE CORP.,BIOWAVE,,88.0,BIOWAVE
21883326,False,False,False,False,False,False,True,True,False,False,TENS (prescription),Malfunction,GZJ,2025-04-22,2025,,Voluntary (patient or clinician),Not reported,Patient / lay user,Patient / family,True,False,False,False,RELIEFBAND TECHNOLOGIES,RELIEF BAND,,53.0,RELIEFBAND TECHNOLOGIES
21875730,False,False,False,False,False,False,True,True,False,False,TENS (prescription),Injury,GZJ,2025-04-21,2025,,Distributor,Clinic / outpatient / rehab,Health professional,Patient / family,False,False,False,False,"SHENZHEN DONGDIXIN TECHNOLOGY CO., LTD",ROSCOE,,65.0,SHENZHEN DONGDIXIN TECHNOLOGY
21785658,False,False,False,False,False,False,True,True,False,False,Powered exoskeleton,Injury,PHL,2025-04-07,2025,,Manufacturer,Not reported,Health professional,Clinician,False,True,True,False,WANDERCRAFT,ATALANTE X,,60.0,WANDERCRAFT
21696263,False,False,False,False,False,False,True,True,False,False,TENS (prescription),Injury,GZJ,2025-03-26,2025,,Manufacturer,Not reported,Health professional,Clinician,False,False,False,True,"SHENZHEN DONGDIXIN TECHNOLOGY CO., LTD.",ROSCOE,,75.0,SHENZHEN DONGDIXIN TECHNOLOGY
21561029,False,False,False,False,False,False,True,True,False,False,TENS (prescription),Injury,GZJ,2025-03-10,2025,,Distributor,Clinic / outpatient / rehab,Health professional,Clinician,False,False,False,False,"SHENZHEN DONGDIXIN TECHNOLOGY CO., LTD",ROSCOE,3.0,75.0,SHENZHEN DONGDIXIN TECHNOLOGY
21477580,False,False,False,False,False,False,True,True,False,False,TENS (prescription),Injury,GZJ,2025-02-27,2025,,Manufacturer,Not reported,Health professional,Other / not reported,False,False,False,False,"SHENZHEN DONGDIXIN TECHNOLOGY CO., LTD.",ROSCOE MEDICAL,,54.0,SHENZHEN DONGDIXIN TECHNOLOGY
21436584,False,False,False,False,False,False,False,False,False,False,Powered muscle stimulator,Malfunction,IPF,2025-02-21,2025,,Voluntary (patient or clinician),Not reported,Not reported,Other / not reported,False,False,False,False,"RS MEDICAL /INTERNATIONAL REHABILITATIVE SCIENCES, INC.",EXTERNAL TENS UNIT,,,RS MEDICAL INTERNATIONAL REHABILITATIVE SCIENCES
21415373,False,False,False,False,False,False,False,False,False,False,TENS (over-the-counter),Malfunction,NUH,2025-02-19,2025,,Voluntary (patient or clinician),Not reported,Not reported,Clinician,False,False,False,False,HONG QIANGXING (SHEN ZHEN) ELECTRONICS LIMITED,TENS,,,HONG QIANGXING SHEN ZHEN ELECTRONICS
21333931,False,False,False,False,False,False,True,True,False,False,TENS (prescription),Injury,GZJ,2025-02-06,2025,,Voluntary (patient or clinician),Not reported,Patient / lay user,Patient / family,True,False,False,False,NEUROMD MEDICAL TECHNOLOGIES,NEUROMD CORRECTIVE THERAPY DEVICE® FOR BACK PAIN,,64.0,NEUROMD MEDICAL TECHNOLOGIES
21274103,False,False,False,False,False,False,True,True,False,False,TENS (prescription),Injury,GZJ,2025-01-30,2025,,Distributor,Clinic / outpatient / rehab,Health professional,Other / not reported,False,False,False,False,"SHENZHEN DONGDIXIN TECHNOLOGY CO., LTD",ROSCOE MEDICAL,6.0,54.0,SHENZHEN DONGDIXIN TECHNOLOGY
21256457,False,True,False,True,False,False,True,True,True,True,TENS (over-the-counter),Injury,NUH,2025-01-28,2025,,Voluntary (patient or clinician),Not reported,Patient / lay user,Patient / family,True,False,False,False,SHEN ZHEN AS TEC TECHNOLOGY CO LTD,AUVON TENS & EMS DEVICE,,29.0,SHEN ZHEN AS TEC TECHNOLOGY
21111670,False,False,True,False,False,False,False,True,True,True,Powered exercise equipment (incl. CPM),Injury,BXB,2025-01-08,2025,,Voluntary (patient or clinician),Not reported,Patient / lay user,Patient / family,True,False,False,False,KINEX MEDICAL COMPANY,KINEX CONNECT,,72.0,KINEX MEDICAL
21000651,False,False,False,False,True,False,False,True,True,False,Powered exoskeleton,Injury,PHL,2024-12-23,2024,,Manufacturer,Not reported,Patient / lay user,Clinician,True,True,False,False,LIFEWARD LTD.,REWALK PERSONAL P6.0,,63.0,REWALK ROBOTICS
20993667,False,False,False,False,False,False,True,True,False,False,TENS (over-the-counter),Injury,NUH,2024-12-19,2024,,Voluntary (patient or clinician),Not reported,Patient / lay user,Patient / family,True,False,False,False,SHEN ZHEN AS TEC TECHNOLOGY CO LTD,AUVON TENS UNIT,,36.0,SHEN ZHEN AS TEC TECHNOLOGY
20682019,False,False,True,False,True,False,False,True,True,True,Powered exoskeleton,Injury,PHL,2024-11-14,2024,,Manufacturer,Not reported,Patient / lay user,Other / not reported,True,False,False,True,LIFEWARD LTD.,REWALK PERSONAL P6.0,,68.0,REWALK ROBOTICS
20676551,False,False,False,False,False,False,False,False,False,False,TENS (prescription),Injury,GZJ,2024-11-12,2024,,Voluntary (patient or clinician),Not reported,Not reported,Patient / family,False,False,False,False,NEUROMD MEDICAL TECHNOLOGIES 18201,NEUROMD,,55.0,NEUROMD MEDICAL TECHNOLOGIES 18201
20589685,False,True,False,True,False,False,True,True,True,True,Powered muscle stimulator,Injury,IPF,2024-10-31,2024,,Voluntary (patient or clinician),Not reported,Health professional,Other / not reported,False,False,False,False,UNK,NEURALINK,,40.0,Not reported
20586000,False,False,False,False,False,False,True,True,False,False,TENS (over-the-counter),Injury,NUH,2024-11-01,2024,,Manufacturer,Not reported,Patient / lay user,Other / not reported,True,False,False,False,"OMRON HEALTHCARE CO., LTD",MAX POWER RELIEF TENS THERAPY UNIT,,67.0,OMRON
20569820,False,False,False,False,False,False,True,True,False,False,TENS (over-the-counter),Injury,NUH,2024-10-30,2024,,Distributor,Home,Patient / lay user,Other / not reported,True,False,False,False,"OMRON HEALTHCARE MANUFACTURING VIETNAM CO., LTD.",MAX POWER RELIEF TENS THERAPY UNIT,0.8,67.0,OMRON HEALTHCARE MANUFACTURING VIETNAM
20503327,False,False,False,False,True,False,False,True,True,False,Powered exoskeleton,Injury,PHL,2024-10-22,2024,,Manufacturer,Not reported,Health professional,Clinician,False,True,False,False,WANDERCRAFT,ATALANTE X,,50.0,WANDERCRAFT
20434834,False,False,False,False,False,False,True,True,False,False,TENS (prescription),Injury,GZJ,2024-10-11,2024,,Manufacturer,Not reported,Not reported,Other / not reported,False,False,False,False,"SHENZHEN DONGDIXIN TECHNOLOGY CO., LTD.",COMPASS HEALTH BRANDS,,,SHENZHEN DONGDIXIN TECHNOLOGY
20429393,False,False,False,False,False,False,False,False,False,False,TENS (prescription),Malfunction,GZJ,2024-10-11,2024,,Manufacturer,Not reported,Other,Other / not reported,False,True,False,False,BIOWAVE CORPORATION,BIOWAVE,,34.0,BIOWAVE
20275819,False,False,False,False,True,False,False,True,True,False,Powered exoskeleton,Injury,PHL,2024-09-22,2024,,Manufacturer,Not reported,Patient / lay user,Clinician,True,True,False,False,LIFEWARD LTD.,REWALK PERSONAL P6.0,,38.0,REWALK ROBOTICS
20254367,False,False,False,False,True,False,False,True,True,False,TENS (prescription),Injury,GZJ,2024-09-19,2024,,Manufacturer,Not reported,Health professional,Other / not reported,False,False,False,False,"SHENZHEN DONGDIXIN TECHNOLOGY CO., LTD.",INTENSITY,,61.0,SHENZHEN DONGDIXIN TECHNOLOGY
20220329,False,False,False,False,True,False,False,True,True,False,Powered exoskeleton,Injury,PHL,2024-09-15,2024,,Manufacturer,Not reported,Patient / lay user,Clinician,True,True,False,False,LIFEWARD LTD.,REWALK PERSONAL P6.0,,63.0,REWALK ROBOTICS
20213493,False,False,False,False,False,False,False,False,False,False,Powered muscle stimulator,Malfunction,IPF,2024-09-13,2024,,Manufacturer,Not reported,Patient / lay user,Clinician,True,True,False,True,RS MEDICAL,RS 4I PLUS,,54.0,RS MEDICAL
20109256,False,False,True,False,False,False,False,True,True,True,Powered exercise equipment (incl. CPM),Injury,BXB,2024-08-29,2024,,Voluntary (patient or clinician),Not reported,Health professional,Facility staff / admin,False,False,False,False,MEDICA MEDIZINTECHNIK GMBH,OMNICYCLE ELITE POWERED THERAPY BICYCLE,,,MEDICA MEDIZINTECHNIK
20002717,False,False,False,False,False,False,True,True,False,False,TENS (prescription),Injury,GZJ,2024-08-19,2024,,Voluntary (patient or clinician),Not reported,Health professional,Clinician,False,False,False,False,BIOWAVE CORPORATION,BIOWAVEHOME,,47.0,BIOWAVE
20002683,False,False,False,False,False,False,True,True,False,False,TENS (prescription),Injury,GZJ,2024-08-19,2024,,Voluntary (patient or clinician),Not reported,Patient / lay user,Clinician,True,False,False,True,BIOWAVE CORPORATION,BIOWAVEHOME,,,BIOWAVE
20002273,False,False,False,False,False,False,True,True,False,False,TENS (prescription),Injury,GZJ,2024-08-19,2024,,Voluntary (patient or clinician),Not reported,Patient / lay user,Clinician,True,False,False,True,BIOWAVE CORPORATION,BIOWAVE HOME NEUROSTIMULATION PAIN DEVICE,,65.0,BIOWAVE
20002191,False,False,False,False,False,False,True,True,False,False,TENS (prescription),Injury,GZJ,2024-08-19,2024,,Voluntary (patient or clinician),Not reported,Health professional,Clinician,False,False,False,True,BIOWAVE CORPORATION,BIOWAVEHOME NEUROSTIMULATION PAIN DEVICE,,62.0,BIOWAVE
19996222,False,False,False,False,False,False,False,False,False,False,Powered muscle stimulator,Malfunction,IPF,2024-08-14,2024,,Voluntary (patient or clinician),Not reported,Patient / lay user,Clinician,True,False,False,False,RS MEDICAL,RS MEDICAL RS-41 PLUS SEQUENTIAL STIMULATOR,,,RS MEDICAL
19874032,False,False,False,False,True,False,False,True,True,False,Powered exoskeleton,Injury,PHL,2024-07-31,2024,,Manufacturer,Not reported,Health professional,Other / not reported,False,False,False,False,WANDERCRAFT,ATALANTE X,,69.0,WANDERCRAFT
19813297,False,False,False,False,False,False,True,True,False,False,TENS (prescription),Injury,GZJ,2024-07-23,2024,,Manufacturer,Not reported,Health professional,Patient / family,False,False,False,False,"SHENZHEN DONGDIXIN TECHNOLOGY CO., LTD.",THERATOUCH,,54.0,SHENZHEN DONGDIXIN TECHNOLOGY
19426441,False,False,False,False,False,False,False,False,False,False,Powered exercise equipment (incl. CPM),Malfunction,BXB,2024-05-30,2024,,Manufacturer,Not reported,Health professional,Facility staff / admin,False,True,False,False,DIH TECHNOLOGIES INC.,SAFE GAIT ACTIVE 360 DYNAMIC MOBILITY TRAINER,,,DIH TECHNOLOGIES
19283013,False,False,False,False,False,False,True,True,False,False,TENS (over-the-counter),Injury,NUH,2024-05-09,2024,,Manufacturer,Not reported,Patient / lay user,Other / not reported,True,False,False,False,"OMRON HEALTHCARE CO., LTD",POCKET PAIN PRO TENS UNIT,,55.0,OMRON
19255487,False,False,False,False,False,False,True,True,False,False,TENS (over-the-counter),Injury,NUH,2024-05-06,2024,,Distributor,Home,Patient / lay user,Other / not reported,True,False,False,False,"OMRON HEALTHCARE MANUFACTURING VIETNAM CO., LTD.",POCKET PAIN PRO TENS UNIT,0.7,55.0,OMRON HEALTHCARE MANUFACTURING VIETNAM
19218420,False,False,False,False,False,False,True,True,False,False,TENS (over-the-counter),Injury,NUH,2024-04-30,2024,,Manufacturer,Not reported,Health professional,Clinician,False,False,False,False,DJO LLC,STEAM PACK STANDARD PACKAGED SING,,,DJO
19177900,False,False,False,False,False,False,True,True,False,False,TENS (prescription),Injury,GZJ,2024-04-24,2024,,Manufacturer,Not reported,Health professional,Other / not reported,False,False,False,False,"SHENZHEN DONGDIXIN TECHNOLOGY CO., LTD.",ROSCOE MEDICAL,,51.0,SHENZHEN DONGDIXIN TECHNOLOGY
19075352,False,False,False,False,False,False,True,True,False,False,TENS (prescription),Injury,GZJ,2024-04-09,2024,,Manufacturer,Not reported,Patient / lay user,Other / not reported,True,False,False,False,BIOWAVE CORPORATION,BIOWAVE HOME,,43.0,BIOWAVE
18984545,False,False,False,False,False,False,True,True,False,False,TENS (over-the-counter),Malfunction,NUH,2024-03-27,2024,,Manufacturer,Not reported,Patient / lay user,Clinician,True,False,False,False,DJO LLC,STEAM PACK NCP PACKAGED SINGLE,,,DJO
18902515,False,False,False,False,True,False,False,True,True,False,Powered muscle stimulator,Injury,IPF,2024-03-14,2024,,Manufacturer,Not reported,Health professional,Clinician,False,False,False,False,ZIMMER MEDIZINSYSTEME GMBH,EMFIELD,,51.0,ZIMMER MEDIZINSYSTEME
18861530,False,False,False,False,False,False,True,True,False,False,Powered muscle stimulator,Malfunction,IPF,2024-03-07,2024,,Manufacturer,Not reported,Patient / lay user,Other / not reported,True,False,False,False,"MOTIVE HEALTH, INC.","MOTIVE KNEE SYSTEM, RIGHT & LEFT, STANDARD",,79.0,MOTIVE HEALTH
18607177,False,False,False,False,False,False,False,False,False,False,TENS (prescription),Malfunction,GZJ,2024-01-29,2024,,Voluntary (patient or clinician),Not reported,Not reported,Other / not reported,False,False,False,False,"DJO, LLC",EMPI EPIX XL 9112065,,,DJO
18333765,False,False,True,False,False,False,False,True,True,True,TENS (prescription),Injury,GZJ,2023-12-15,2023,,Manufacturer,Not reported,Health professional,Other / not reported,False,False,False,False,"SHENZHEN DONGDIXIN TECHNOLOGY CO., LTD.",ROSCOE,,52.0,SHENZHEN DONGDIXIN TECHNOLOGY
18333763,False,False,False,False,True,False,False,True,True,False,TENS (prescription),Injury,GZJ,2023-12-15,2023,,Manufacturer,Not reported,Health professional,Facility staff / admin,False,False,False,False,"SHENZHEN DONGDIXIN TECHNOLOGY CO., LTD.",ROSCOE MEDICAL,,76.0,SHENZHEN DONGDIXIN TECHNOLOGY
18239522,False,False,True,False,False,False,False,True,True,True,Powered exercise equipment (incl. CPM),Injury,BXB,2023-11-29,2023,,Voluntary (patient or clinician),Not reported,Health professional,Facility staff / admin,False,False,False,False,MEDICA MEDIZINTECHNIK GMBH,OMNICYCLE ELITE POWERED THERAPY BICYCLE,,,MEDICA MEDIZINTECHNIK
18169387,False,False,True,False,False,False,False,True,True,True,TENS (prescription),Injury,GZJ,2023-11-20,2023,,Distributor,Clinic / outpatient / rehab,Health professional,Other / not reported,False,False,False,False,"SHENZHEN DONGDIXIN TECHNOLOGY CO., LTD.",ROSCOE,1.8,52.0,SHENZHEN DONGDIXIN TECHNOLOGY
18123635,False,False,False,False,False,False,False,False,False,False,TENS (prescription),Injury,GZJ,2023-11-09,2023,,Voluntary (patient or clinician),Not reported,Not reported,Other / not reported,False,False,False,False,UNK,TENS UNITS,,,Not reported
18055346,False,False,False,False,True,False,False,True,True,False,TENS (prescription),Injury,GZJ,2023-11-02,2023,,Distributor,Clinic / outpatient / rehab,Health professional,Facility staff / admin,False,False,False,False,"SHENZHEN DONGDIXIN TECHNOLOGY CO., LTD.",ROSCOE MEDICAL,3.3,76.0,SHENZHEN DONGDIXIN TECHNOLOGY
17868745,False,False,False,False,False,False,True,True,False,False,TENS (prescription),Injury,GZJ,2023-10-03,2023,,Voluntary (patient or clinician),Not reported,Health professional,Clinician,False,False,False,False,"COVIDIEN, LLC/CARDINAL HEALTH",UNI-PATCH S SERIES STIMULATING ELECTRODE,,68.0,COVIDIEN CARDINAL HEALTH
17810348,False,False,False,False,True,False,False,True,True,False,Powered muscle stimulator,Injury,IPF,2023-09-22,2023,,Voluntary (patient or clinician),Not reported,Patient / lay user,Patient / family,True,False,False,False,"ELECTRONIC WAVEFORM LAB, INC.",H-WAVE,,40.0,ELECTRONIC WAVEFORM LAB
17809367,False,False,False,False,False,False,False,False,False,False,Powered muscle stimulator,Injury,IPF,2023-09-22,2023,,Voluntary (patient or clinician),Not reported,Patient / lay user,Patient / family,True,False,False,False,"BIOVENTUS/BIONESS, INC.","STIMULATOR, MUSCLE, POWERED",,41.0,BIOVENTUS BIONESS
17770325,False,False,False,False,False,False,True,True,False,False,TENS (over-the-counter),Injury,NUH,2023-09-18,2023,,Manufacturer,Not reported,Patient / lay user,Other / not reported,True,False,False,False,"OMRON HEALTHCARE CO., LTD",MAX POWER RELIEF TENS THERAPY,,37.0,OMRON
17738457,False,False,False,False,False,False,True,True,False,False,TENS (over-the-counter),Injury,NUH,2023-09-13,2023,,Distributor,Home,Patient / lay user,Other / not reported,True,False,False,False,"OMRON (DALIAN) CO., LTD. (PLANT 1)",MAX POWER RELIEF TENS THERAPY,4.0,37.0,OMRON DALIAN PLANT 1
17691940,False,False,True,False,False,False,False,True,True,True,Powered exercise equipment (incl. CPM),Injury,BXB,2023-09-05,2023,,Voluntary (patient or clinician),Not reported,Health professional,Facility staff / admin,False,False,False,False,MEDICA MEDIZINTECHNIK GMBH,OMNICYCLE POWERED THERAPY BICYCLE,,,MEDICA MEDIZINTECHNIK
17670121,False,True,False,False,True,False,False,True,True,True,TENS (prescription),Injury,GZJ,2023-08-31,2023,,Voluntary (patient or clinician),Not reported,Not reported,Patient / family,False,False,False,False,UNK,ELECTRICAL NERVE STIMULATOR,,79.0,Not reported
17667458,False,False,False,False,False,False,True,True,False,False,TENS (over-the-counter),Injury,NUH,2023-08-31,2023,,Manufacturer,Not reported,Patient / lay user,Clinician,True,False,False,False,"OMRON HEALTHCARE CO., LTD",POCKET PAIN PRO,,60.0,OMRON
17646228,False,False,False,False,False,False,True,True,False,False,TENS (over-the-counter),Injury,NUH,2023-08-29,2023,,Distributor,Home,Patient / lay user,Clinician,True,False,False,False,"OMRON HEALTHCARE MANUFACTURING VIETNAM CO., LTD.",POCKET PAIN PRO,0.4,60.0,OMRON HEALTHCARE MANUFACTURING VIETNAM
17622967,False,False,False,False,False,False,False,False,False,False,Powered exercise equipment (incl. CPM),Malfunction,BXB,2023-08-25,2023,,Hospital / user facility,Hospital,Health professional,Clinician,False,False,False,False,THE FURNISS CORPORATION LTD,DC2480 KNEE CPM,8.0,,FURNISS
17537296,False,False,False,False,False,False,False,False,False,False,TENS (prescription),Injury,GZJ,2023-08-12,2023,,Voluntary (patient or clinician),Not reported,Not reported,Other / not reported,False,False,False,False,TENS,"STIMULATOR, NERVE, TRANSCUTANEOUS, FOR PAIN RELIEF",,,Not reported
17536616,False,False,False,False,False,False,False,False,False,False,TENS (prescription),Injury,GZJ,2023-08-12,2023,,Voluntary (patient or clinician),Not reported,Not reported,Other / not reported,False,False,False,False,EMPI,DYNEX 3,,,EMPI
17535812,False,False,False,False,False,False,False,False,False,False,TENS (prescription),Injury,GZJ,2023-08-12,2023,,Voluntary (patient or clinician),Not reported,Not reported,Other / not reported,False,False,False,False,UNKNOWN,UNKNOWN TENS UNIT,,,Not reported
17534837,False,False,False,False,False,False,False,False,False,False,Powered exercise equipment (incl. CPM),Malfunction,BXB,2023-08-12,2023,,Voluntary (patient or clinician),Not reported,Not reported,Other / not reported,False,False,False,False,"KLC, 4038 WEAVER COURT E., HILLIARD, OH 43026",FLEXMATE K500,,,KLC
17534391,False,False,False,False,False,False,False,False,False,False,TENS (prescription),Injury,GZJ,2023-08-12,2023,,Voluntary (patient or clinician),Not reported,Not reported,Other / not reported,False,False,False,False,UNKNOWN,UNKNOWN TENS UNIT,,,Not reported
17533970,False,False,False,False,False,False,False,False,False,False,TENS (prescription),Injury,GZJ,2023-08-12,2023,,Voluntary (patient or clinician),Not reported,Not reported,Other / not reported,False,False,False,False,UNKNOWN,UNKNOWN TENS UNIT,,,Not reported
17533883,False,False,False,False,False,False,False,False,False,False,TENS (prescription),Injury,GZJ,2023-08-12,2023,,Voluntary (patient or clinician),Not reported,Not reported,Other / not reported,False,False,False,False,CALMAR,"STIMULATOR, NERVE, TRANSCUTANEOUS, FOR PAIN RELIEF",,,CALMAR
17533671,False,False,False,False,False,False,False,False,False,False,Powered exercise equipment (incl. CPM),Malfunction,BXB,2023-08-12,2023,,Voluntary (patient or clinician),Not reported,Not reported,Other / not reported,False,False,False,False,"KLC, 4038 WEAVER COURT E., HILLIARD, OH 43026",FLEXMATE K500,,,KLC
17533608,False,False,False,False,False,False,False,False,False,False,TENS (prescription),Malfunction,GZJ,2023-08-12,2023,,Voluntary (patient or clinician),Not reported,Not reported,Other / not reported,False,False,False,False,TENS,"STIMULATOR, NERVE, TRANSCUTANEOUS, FOR PAIN RELIEF",,,Not reported
17532801,False,False,False,False,False,False,False,False,False,False,TENS (prescription),Injury,GZJ,2023-08-12,2023,,Voluntary (patient or clinician),Not reported,Not reported,Other / not reported,False,False,False,False,BETTER BRACES,TENS UNIT,,,BETTER BRACES
17532796,False,False,False,False,False,False,False,False,False,False,Powered exercise equipment (incl. CPM),Malfunction,BXB,2023-08-12,2023,,Voluntary (patient or clinician),Not reported,Not reported,Other / not reported,False,False,False,False,"KLC, 4038 WEAVER COURT E., HILLIARD, OH 43026",FLEXMATE K500,,,KLC
17532539,False,False,False,False,False,False,False,False,False,False,Powered muscle stimulator,Malfunction,IPF,2023-08-12,2023,,Voluntary (patient or clinician),Not reported,Not reported,Other / not reported,False,False,False,False,BETTER BRACING,RESPOND QUADRIFLEX,,,BETTER BRACING
17532329,False,False,False,False,False,False,False,False,False,False,TENS (prescription),Malfunction,GZJ,2023-08-12,2023,,Voluntary (patient or clinician),Not reported,Not reported,Other / not reported,False,False,False,False,TENS,"STIMULATOR, NERVE, TRANSCUTANEOUS, FOR PAIN RELIEF",,,Not reported
17532231,False,False,False,False,False,False,False,False,False,False,Powered exercise equipment (incl. CPM),Malfunction,BXB,2023-08-12,2023,,Voluntary (patient or clinician),Not reported,Not reported,Other / not reported,False,False,False,False,"KLC, 4038 WEAVER COURT E., HILLIARD, OH 43026",FLEXMATE K500,,,KLC
17531675,False,False,False,False,False,False,False,False,False,False,Powered muscle stimulator,Malfunction,IPF,2023-08-12,2023,,Voluntary (patient or clinician),Not reported,Not reported,Other / not reported,False,False,False,False,"ZYNEX MEDICAL, INC.",NEXWAVE,,,ZYNEX MEDICAL
17531395,False,False,False,False,False,False,False,False,False,False,TENS (prescription),Malfunction,GZJ,2023-08-12,2023,,Voluntary (patient or clinician),Not reported,Not reported,Other / not reported,False,False,False,False,"EMPI, INC.","STIMULATOR, NERVE, TRANSCUTANEOUS, FOR PAIN RELIEF",,,EMPI
17531157,False,False,False,False,False,False,False,False,False,False,Powered exercise equipment (incl. CPM),Malfunction,BXB,2023-08-12,2023,,Voluntary (patient or clinician),Not reported,Not reported,Other / not reported,False,False,False,False,"KLC, 4038 WEAVER COURT E., HILLIARD, OH 43026",FLEXMATE K500,,,KLC
17530911,False,False,False,False,False,False,False,False,False,False,Powered exercise equipment (incl. CPM),Malfunction,BXB,2023-08-12,2023,,Voluntary (patient or clinician),Not reported,Not reported,Other / not reported,False,False,False,False,"KLC, 4038 WEAVER COURT E., HILLIARD, OH 43026",FLEXMATE K500,,,KLC
17530072,False,False,False,False,False,False,False,False,False,False,TENS (prescription),Malfunction,GZJ,2023-08-12,2023,,Voluntary (patient or clinician),Not reported,Not reported,Other / not reported,False,False,False,False,TENS,"STIMULATOR, NERVE, TRANSCUTANEOUS, FOR PAIN RELIEF",,,Not reported
17529481,False,False,False,False,False,False,False,False,False,False,TENS (prescription),Injury,GZJ,2023-08-12,2023,,Voluntary (patient or clinician),Not reported,Not reported,Other / not reported,False,False,False,False,UNKNOWN,UNKNOWN TENS UNIT,,,Not reported
17529349,False,False,False,False,False,False,False,False,False,False,Powered exercise equipment (incl. CPM),Malfunction,BXB,2023-08-12,2023,,Voluntary (patient or clinician),Not reported,Not reported,Other / not reported,False,False,False,False,"KLC, 4038 WEAVER COURT E., HILLIARD, OH 43026",FLEXMATE K500,,,KLC
17529245,False,False,False,False,False,False,False,False,False,False,Powered exercise equipment (incl. CPM),Malfunction,BXB,2023-08-12,2023,,Voluntary (patient or clinician),Not reported,Not reported,Other / not reported,False,False,False,False,"KLC, 4038 WEAVER COURT E., HILLIARD, OH 43026",FLEXMATE K500,,,KLC
17529186,False,False,False,False,False,False,False,False,False,False,TENS (prescription),Malfunction,GZJ,2023-08-12,2023,,Voluntary (patient or clinician),Not reported,Not reported,Other / not reported,False,False,False,False,TENS,TENS UNIT,,,Not reported
17528624,False,False,False,False,False,False,False,False,False,False,TENS (prescription),Injury,GZJ,2023-08-12,2023,,Voluntary (patient or clinician),Not reported,Not reported,Other / not reported,False,False,False,False,UNKNOWN,UNKNOWN TENS UNIT,,,Not reported
17528288,False,False,False,False,False,False,False,False,False,False,TENS (prescription),Malfunction,GZJ,2023-08-12,2023,,Voluntary (patient or clinician),Not reported,Not reported,Other / not reported,False,False,False,False,TENS,"STIMULATOR, NERVE, TRANSCUTANEOUS, FOR PAIN RELIEF",,,Not reported
17528028,False,False,False,False,False,False,False,False,False,False,TENS (prescription),Malfunction,GZJ,2023-08-12,2023,,Voluntary (patient or clinician),Not reported,Not reported,Other / not reported,False,False,False,False,"EMPI, INC.","STIMULATOR, NERVE, TRANSCUTANEOUS, FOR PAIN RELIEF",,,EMPI
17526929,False,False,False,False,False,False,False,False,False,False,TENS (prescription),Malfunction,GZJ,2023-08-12,2023,,Voluntary (patient or clinician),Not reported,Not reported,Other / not reported,False,False,False,False,TENS,"STIMULATOR, NERVE, TRANSCUTANEOUS, FOR PAIN RELIEF",,,Not reported
17526526,False,False,False,False,False,False,False,False,False,False,TENS (prescription),Malfunction,GZJ,2023-08-12,2023,,Voluntary (patient or clinician),Not reported,Not reported,Other / not reported,False,False,False,False,UNKNOWN,"STIMULATOR, NERVE, TRANSCUTANEOUS, FOR PAIN RELIEF",,,Not reported
17525934,False,False,False,False,False,False,False,False,False,False,Powered exercise equipment (incl. CPM),Injury,BXB,2023-08-12,2023,,Voluntary (patient or clinician),Not reported,Not reported,Other / not reported,False,False,False,False,KLC,FLEX-MATE K5OO ANATOMICAL KNEE CPM,,,KLC
17525569,False,False,False,False,False,False,False,False,False,False,TENS (prescription),Injury,GZJ,2023-08-12,2023,,Voluntary (patient or clinician),Not reported,Not reported,Other / not reported,False,False,False,False,UNKNOWN,UNKNOWN STIMULATORS,,,Not reported
17524981,False,False,False,False,False,False,False,False,False,False,TENS (prescription),Malfunction,GZJ,2023-08-12,2023,,Voluntary (patient or clinician),Not reported,Not reported,Other / not reported,False,False,False,False,"EMPI, INC.","STIMULATOR, NERVE, TRANSCUTANEOUS, FOR PAIN RELIEF",,,EMPI
17524833,False,False,False,False,False,False,False,False,False,False,Powered exercise equipment (incl. CPM),Malfunction,BXB,2023-08-12,2023,,Voluntary (patient or clinician),Not reported,Not reported,Other / not reported,False,False,False,False,"KLC, 4038 WEAVER COURT E., HILLIARD, OH 43026",FLEXMATE K500,,,KLC
17524115,False,False,False,False,False,False,False,False,False,False,TENS (prescription),Malfunction,GZJ,2023-08-12,2023,,Voluntary (patient or clinician),Not reported,Not reported,Other / not reported,False,False,False,False,BIOMED,UNKNOWN 2000 XL UNIT,,,BIOMED
17524056,False,False,False,False,False,False,False,False,False,False,TENS (prescription),Injury,GZJ,2023-08-12,2023,,Voluntary (patient or clinician),Not reported,Not reported,Other / not reported,False,False,False,False,UNKNOWN,UNKNOWN TENS UNIT,,,Not reported
17522749,False,False,False,False,False,False,False,False,False,False,Powered exercise equipment (incl. CPM),Malfunction,BXB,2023-08-12,2023,,Voluntary (patient or clinician),Not reported,Not reported,Other / not reported,False,False,False,False,"KLC, 4038 WEAVER COURT E., HILLIARD, OH 43026",FLEXMATE K500,,,KLC
17510584,False,False,False,False,False,False,False,False,False,False,TENS (prescription),Injury,GZJ,2023-08-10,2023,,Voluntary (patient or clinician),Not reported,Not reported,Other / not reported,False,False,False,False,UNK,TENS UNIT,,,Not reported
17510415,False,False,False,False,False,False,False,False,False,False,TENS (prescription),Malfunction,GZJ,2023-08-10,2023,,Voluntary (patient or clinician),Not reported,Not reported,Other / not reported,False,False,False,False,UNK,MICROSTIM DEVICE,,,Not reported
17433390,False,False,False,False,False,False,False,False,False,False,Powered exercise equipment (incl. CPM),Malfunction,BXB,2023-08-01,2023,,Manufacturer,Not reported,Health professional,Clinician,False,True,False,False,MOTEK MEDICAL B.V.,BODY WEIGHT SUPPORT LIGHT,,,MOTEK MEDICAL
17263382,False,False,False,False,True,False,False,True,True,False,TENS (prescription),Injury,GZJ,2023-07-05,2023,,Manufacturer,Not reported,Not reported,Other / not reported,False,False,False,False,"SHENZHEN DONGDIXIN TECHNOLOGY CO., LTD.",INTENSITY,,,SHENZHEN DONGDIXIN TECHNOLOGY
17188092,False,False,False,False,True,False,False,True,True,False,TENS (prescription),Injury,GZJ,2023-06-22,2023,,Manufacturer,Not reported,Health professional,Facility staff / admin,False,False,False,False,"SHENZHEN DONGDIXIN TECHNOLOGY CO., LTD.",COMPASS HEALTH BRANDS,,76.0,SHENZHEN DONGDIXIN TECHNOLOGY
17127607,False,False,False,False,True,False,False,True,True,False,TENS (prescription),Injury,GZJ,2023-06-13,2023,,Voluntary (patient or clinician),Not reported,Not reported,Patient / family,False,False,False,False,RICHMAR/COMPASS HEALTH BRANDS (CORPORATE OFFICE),"INTENSITY SELECT COMBO TENS, EMS, IF, & MICROCURRENT UNIT + FREE A/C POWER ADAPT",,33.0,RICHMAR COMPASS HEALTH BRANDS CORPORATE OFFICE
17069413,False,False,False,False,True,False,False,True,True,False,TENS (prescription),Injury,GZJ,2023-06-06,2023,,Manufacturer,Not reported,Health professional,Clinician,False,False,False,False,"SHENZHEN DONGDIXIN TECHNOLOGY CO., LTD.",ROSCOE,,,SHENZHEN DONGDIXIN TECHNOLOGY
16920113,False,False,False,False,False,False,True,True,False,False,TENS (prescription),Injury,GZJ,2023-05-12,2023,,Distributor,Clinic / outpatient / rehab,Health professional,Clinician,False,False,False,False,"SHENZHEN DONGDIXIN TECHNOLOGY CO., LTD.",ROSCOE,7.8,,SHENZHEN DONGDIXIN TECHNOLOGY
16919807,False,False,False,False,True,False,True,True,True,False,Powered muscle stimulator,Injury,IPF,2023-05-11,2023,,Voluntary (patient or clinician),Not reported,Patient / lay user,Patient / family,True,False,False,False,UNKNOWN,TENS 7000,,22.0,Not reported
16907000,False,False,False,False,False,False,False,False,False,False,TENS (prescription),Malfunction,GZJ,2023-05-10,2023,,Manufacturer,Not reported,Not reported,Other / not reported,False,False,False,False,CARDINAL HEALTH,BIOWAVE GOPADS 2IN ROUND 6/PK,,,CARDINAL HEALTH
16906790,False,False,False,False,False,False,False,False,False,False,TENS (prescription),Malfunction,GZJ,2023-05-10,2023,,Manufacturer,Not reported,Not reported,Other / not reported,False,False,False,False,CARDINAL HEALTH,BIOWAVE GOPADS 2IN ROUND 6/PK,,,CARDINAL HEALTH
16906337,False,False,True,False,True,False,False,True,True,True,Powered exoskeleton,Injury,PHL,2023-05-10,2023,,Manufacturer,Not reported,Patient / lay user,Clinician,True,False,False,False,EKSO BIONICS,EKSONR,,50.0,EKSO BIONICS
16855076,False,False,True,False,True,False,False,True,True,True,Powered muscle stimulator,Injury,IPF,2023-05-02,2023,,Manufacturer,Not reported,Health professional,Clinician,False,False,False,True,STORZ MEDICAL AG,MAGNETOLITH,,38.0,STORZ MEDICAL
16708355,False,False,False,False,False,False,False,False,False,False,TENS (prescription),Malfunction,GZJ,2023-04-10,2023,,Voluntary (patient or clinician),Not reported,Not reported,Patient / family,False,False,False,False,RELIEFBAND TECHNOLOGIES LLC.,RELIEFBAND 2.0,,43.0,RELIEFBAND TECHNOLOGIES
16665146,False,False,True,False,False,False,False,True,True,True,Powered muscle stimulator,Injury,IPF,2023-04-03,2023,,Manufacturer,Not reported,Patient / lay user,Facility staff / admin,True,False,False,False,RS MEDICAL,RS 4I PLUS,,78.0,RS MEDICAL
16630181,False,False,False,False,False,False,True,True,False,False,Powered muscle stimulator,Malfunction,IPF,2023-03-28,2023,,Voluntary (patient or clinician),Not reported,Not reported,Patient / family,False,False,False,False,INMODE LTD.,EVOLVE X INMODE,,38.0,INMODE
16053040,False,False,False,False,False,False,False,False,False,False,Powered muscle stimulator,Malfunction,IPF,2022-12-23,2022,,Voluntary (patient or clinician),Not reported,Health professional,Patient / family,False,False,False,False,UNK,NEXTGEN MUSCLE STIMULATOR,,77.0,Not reported
15891999,False,False,False,False,True,False,False,True,True,False,TENS (prescription),Injury,GZJ,2022-12-01,2022,,Manufacturer,Not reported,Health professional,Clinician,False,False,False,False,"SHENZHEN DONGDIXIN TECHNOLOGY CO., LTD.",INTENSITY,,28.0,SHENZHEN DONGDIXIN TECHNOLOGY
15885303,False,False,False,False,False,False,True,True,False,False,TENS (prescription),Malfunction,GZJ,2022-11-30,2022,,Hospital / user facility,Clinic / outpatient / rehab,Health professional,Clinician,False,False,False,False,TENS PLUS INDUSTRIAL COMPANY,TENS,,35.0,TENS PLUS INDUSTRIAL
15643064,False,False,False,False,False,False,False,False,False,False,Powered muscle stimulator,Malfunction,IPF,2022-10-20,2022,,Manufacturer,Not reported,Health professional,Clinician,False,False,False,True,DJO LLC,VECTRA NEO,,,DJO
15543780,False,False,False,False,False,False,False,False,False,False,TENS (prescription),Not reported,GZJ,2022-10-04,2022,,Voluntary (patient or clinician),Not reported,Not reported,Patient / family,False,False,False,False,UNK,HSKLOCK WRISTBAND,,,Not reported
15462835,False,False,False,False,False,False,True,True,False,False,Powered exoskeleton,Injury,PHL,2022-09-21,2022,,Voluntary (patient or clinician),Not reported,Health professional,Clinician,False,False,False,False,EKSO BIONICS,EKSO BIONICS NR EXOSKELETON,,61.0,EKSO BIONICS
15070955,False,False,False,False,False,False,True,True,False,False,TENS (over-the-counter),Injury,NUH,2022-07-20,2022,,Manufacturer,Not reported,Patient / lay user,Other / not reported,True,False,False,False,"OMRON HEALTHCARE CO., LTD.",MAX POWER RELIEF TENS THERAPY,,,OMRON
15032609,False,False,False,False,False,False,True,True,False,False,TENS (over-the-counter),Injury,NUH,2022-07-15,2022,,Distributor,Home,Patient / lay user,Other / not reported,True,False,False,False,"OMRON (DALIAN) CO., LTD. (PLANT 1)",MAX POWER RELIEF TENS THERAPY,,,OMRON DALIAN PLANT 1
14837167,False,False,False,False,False,False,False,False,False,False,Powered muscle stimulator,Malfunction,IPF,2022-06-27,2022,,Manufacturer,Not reported,Health professional,Clinician,False,False,False,False,DJO LLC,LEGEND XT 4CH STIM PKG US STD,,,DJO
14576024,False,False,False,False,False,False,True,True,False,False,TENS (prescription),Injury,GZJ,2022-06-01,2022,,Voluntary (patient or clinician),Not reported,Not reported,Patient / family,False,False,False,False,"REBUILDER MEDICAL, INC.",REBUILDER,,,REBUILDER MEDICAL
13977353,False,False,False,False,True,False,True,True,True,False,Powered exoskeleton,Injury,PHL,2022-04-01,2022,,Manufacturer,Not reported,Health professional,Clinician,False,False,False,False,EKSO BIONICS,EKSOGT,,77.0,EKSO BIONICS
13198893,False,False,False,False,False,False,True,True,False,False,Powered muscle stimulator,Injury,IPF,2022-01-07,2022,,Manufacturer,Not reported,Health professional,Clinician,False,False,False,False,DJO LLC,LEGEND XT 4CH STIM PKG US STD,,,DJO
12843964,False,False,False,False,True,False,True,True,True,False,Powered muscle stimulator,Injury,IPF,2021-11-18,2021,,Voluntary (patient or clinician),Not reported,Not reported,Patient / family,False,False,False,False,THERAGEN INC.,KNEEHAB XP,,57.0,THERAGEN
12665515,False,False,False,True,False,False,False,True,True,True,Powered muscle stimulator,Injury,IPF,2021-10-19,2021,,Voluntary (patient or clinician),Not reported,Not reported,Patient / family,False,False,False,False,UNK,NEURALINK,,46.0,Not reported
12607175,False,False,False,False,False,False,True,True,False,False,TENS (over-the-counter),Injury,NUH,2021-10-11,2021,,Manufacturer,Not reported,Patient / lay user,Other / not reported,True,False,False,False,EASYMED INSTRUMENTS CO. LTD,OVIRA,,36.0,EASYMED INSTRUMENTS
12575757,False,False,False,False,True,False,False,True,True,False,TENS (prescription),Injury,GZJ,2021-10-05,2021,,Manufacturer,Not reported,Health professional,Other / not reported,False,True,False,False,RST SANEXAS,NEOGEN SERIES,,51.0,RST SANEXAS
12568082,False,False,False,False,False,False,False,False,False,False,Powered exercise equipment (incl. CPM),Malfunction,BXB,2021-10-04,2021,,Voluntary (patient or clinician),Not reported,Patient / lay user,Facility staff / admin,True,False,False,False,THE FURNISS CORPORATION LTD,DC2480 KNEE CPM,,58.0,FURNISS
12496789,False,False,False,False,True,False,False,True,True,False,TENS (prescription),Injury,GZJ,2021-09-17,2021,,Voluntary (patient or clinician),Not reported,Not reported,Patient / family,False,False,False,False,BIOWAVE CORPORATION,BIOWAVE GO,,71.0,BIOWAVE
12106444,False,False,False,False,True,False,False,True,True,False,TENS (prescription),Injury,GZJ,2021-07-02,2021,,Manufacturer,Not reported,Health professional,Other / not reported,False,False,False,False,"SHENZHEN DONGDIXIN TECHNOLOGY CO., LTD.",COMPASS HEALTH BRANDS,,67.0,SHENZHEN DONGDIXIN TECHNOLOGY
11710211,False,False,False,False,False,False,True,True,False,False,TENS (over-the-counter),Injury,NUH,2021-04-22,2021,,Manufacturer,Not reported,Patient / lay user,Other / not reported,True,False,False,False,BAYER HEALTHCARE LLC,ALEVE TENS DEVICE DIRECT THERAPY UNIT,,53.0,BAYER HEALTHCARE
11655212,False,False,False,False,False,False,True,True,False,False,Powered exoskeleton,Malfunction,PHL,2021-04-13,2021,,Manufacturer,Not reported,Patient / lay user,Patient / family,True,True,False,False,REWALK ROBOTICS LTD,REWALK PERSONAL P6.0,,60.0,REWALK ROBOTICS
11655192,False,False,False,False,False,False,True,True,False,False,Powered exoskeleton,Malfunction,PHL,2021-04-13,2021,,Manufacturer,Not reported,Patient / lay user,Patient / family,True,True,False,False,REWALK ROBOTICS LTD,REWALK PERSONAL P6.0,,33.0,REWALK ROBOTICS
11639521,False,False,False,True,False,False,False,True,True,True,TENS (over-the-counter),Injury,NUH,2021-04-09,2021,,Manufacturer,Not reported,Patient / lay user,Other / not reported,True,False,False,False,"OMRON HEALTHCARE CO., LTD.",OMRON ELECTROTHERAPY PAIN RELIEF,,,OMRON
11614535,False,False,False,True,False,False,False,True,True,True,TENS (over-the-counter),Injury,NUH,2021-04-05,2021,,Distributor,Home,Patient / lay user,Other / not reported,True,False,False,False,"OMRON (DALIAN) CO., LTD. (PLANT 2)",OMRON ELECTROTHERAPY PAIN RELIEF,4.6,,OMRON
11552390,False,False,False,False,True,False,True,True,True,False,TENS (over-the-counter),Injury,NUH,2021-03-23,2021,,Manufacturer,Not reported,Patient / lay user,Other / not reported,True,False,False,False,BAYER HEALTHCARE LLC,ALEVE TENS DEVICE DIRECT THERAPY UNIT,,61.0,BAYER HEALTHCARE
11541707,False,False,False,False,False,False,False,False,False,False,TENS (prescription),Injury,GZJ,2021-03-19,2021,,Voluntary (patient or clinician),Not reported,Patient / lay user,Other / not reported,True,False,False,False,NEUROMD MEDICAL TECHNOLOGIES,NEUROMD,,71.0,NEUROMD MEDICAL TECHNOLOGIES
11424988,False,False,False,False,False,False,True,True,False,False,Powered exercise equipment (incl. CPM),Malfunction,BXB,2021-03-05,2021,,Manufacturer,Not reported,Patient / lay user,Patient / family,True,False,False,False,DJO LLC,CPM OPTIFLEX,,,DJO
11398150,False,False,False,False,False,False,False,False,False,False,TENS (prescription),Malfunction,GZJ,2021-03-02,2021,,Hospital / user facility,Other,Health professional,Clinician,False,False,False,False,SPR THERAPEUTICS,SPRINT ENDURA PNS SYSTEM,,,SPR THERAPEUTICS
11170158,False,False,False,False,False,False,False,False,False,False,TENS (over-the-counter),Injury,NUH,2021-01-13,2021,,Voluntary (patient or clinician),Not reported,Patient / lay user,Patient / family,True,False,False,False,SHENZHEN AS-TEC TECHNOLOGY CO LTD,AUVON DUAL CHANNEL TENS UNIT MUSCLE STIMULATOR MACHINE,,,SHENZHEN AS TEC TECHNOLOGY
11156049,False,False,False,False,False,False,False,False,False,False,Powered muscle stimulator,Malfunction,IPF,2021-01-12,2021,,Manufacturer,Not reported,Not reported,Other / not reported,False,True,False,True,COMPASS HEALTH BRANDS,RICHMAR,,,COMPASS HEALTH BRANDS
11154437,False,False,True,True,True,False,True,True,True,True,TENS (over-the-counter),Injury,NUH,2021-01-11,2021,,Voluntary (patient or clinician),Not reported,Patient / lay user,Patient / family,True,False,False,False,"SHENZHEN YUWEN E-COMMERCE CO.,/ SHEN ZHEN AS TEC TECHNOLOGY CO LTD",AUVON DUAL CHANNEL TENS UNIT MUSCLE STIMULATOR MACHINE WITH 20 MODES,,58.0,SHENZHEN YUWEN E COMMERCE SHEN ZHEN AS TEC TECHNOLOGY
11019252,False,False,False,True,False,False,False,True,True,True,TENS (over-the-counter),Injury,NUH,2020-12-15,2020,,Voluntary (patient or clinician),Not reported,Patient / lay user,Patient / family,True,False,False,False,SHENZHEN HUAYAN E-COMMERCE / HONG QIANGXING (SHEN ZHEN) ELECTRONICS LIMITED,BELIFU TENS UNIT,,69.0,SHENZHEN HUAYAN E COMMERCE HONG QIANGXING SHEN ZHEN ELECTRONICS
10991679,False,False,False,False,False,False,True,True,False,False,TENS (prescription),Injury,GZJ,2020-12-10,2020,,Voluntary (patient or clinician),Not reported,Patient / lay user,Patient / family,True,False,False,False,SHENZHEN HONGQIANGXING / SHENZHEN OSTO TECHNOLOGY COMPANY LIMITED,BELIFU DUAL CHANNEL TENS EMS UNIT 24 MODES MUSCLE STIMULATOR FOR PAIN RELIEF THE,,55.0,SHENZHEN HONGQIANGXING SHENZHEN OSTO TECHNOLOGY
10983479,False,False,False,False,False,False,True,True,False,False,TENS (prescription),Injury,GZJ,2020-12-09,2020,,Voluntary (patient or clinician),Not reported,Patient / lay user,Patient / family,True,False,False,False,UNKNOWN,BELIFU DUAL CHANNEL TENS EMS UNIT 24 MODES MUSCLE STIMULATOR FOR PAIN RELIEF THE,,49.0,Not reported
10976020,False,False,False,False,True,False,True,True,True,False,TENS (prescription),Injury,GZJ,2020-12-08,2020,,Voluntary (patient or clinician),Not reported,Patient / lay user,Patient / family,True,False,False,False,"SHENZHEN HUAYAN E-COMMERCE CO.,/SHENZHEN OSTO TECHNOLOGY COMPANY LIMITED",BELIFU DUAL CHANNEL TENS EMS UNIT 24 MODES MUSCLE STIMULATOR FOR PAIN RELIEF THE,,36.0,SHENZHEN HUAYAN E COMMERCE SHENZHEN OSTO TECHNOLOGY
10920525,False,False,False,False,False,False,True,True,False,False,Powered muscle stimulator,Injury,IPF,2020-11-30,2020,,Manufacturer,Not reported,Patient / lay user,Other / not reported,True,True,False,False,"CYMEDICA ORTHOPEDICS, INC.",CYMEDICA ORTHOPEDICS E-VIVE,,55.0,CYMEDICA ORTHOPEDICS
10853001,False,False,False,False,False,False,True,True,False,False,Powered muscle stimulator,Injury,IPF,2020-11-17,2020,,Manufacturer,Not reported,Patient / lay user,Other / not reported,True,True,False,False,"CYMEDICA ORTHOPEDICS, INC.",CYMEDICA ORTHOPEDICS QB1 NEUROMUSCULAR ELECTRICAL STIMULATION (NMES) SYSTEM,,55.0,CYMEDICA ORTHOPEDICS
10837737,False,False,False,False,False,False,True,True,False,False,TENS (over-the-counter),Injury,NUH,2020-11-12,2020,,Voluntary (patient or clinician),Not reported,Not reported,Other / not reported,False,False,False,False,"SHENZHEN DONGDIXIN TECHNOLOGY CO, LTD.",BELIFU TENS UNIT,,31.0,SHENZHEN DONGDIXIN TECHNOLOGY
10713187,False,False,False,False,False,False,True,True,False,False,Powered muscle stimulator,Injury,IPF,2020-10-21,2020,,Manufacturer,Not reported,Patient / lay user,Clinician,True,True,False,True,"CYMEDICA ORTHOPEDICS, INC.",CYMEDICA ORTHOPEDICS QB1 NEUROMUSCULAR ELECTRICAL STIMULATION (NMES) SYSTEM,,85.0,CYMEDICA ORTHOPEDICS
10575070,False,False,False,False,False,False,False,False,False,False,Powered muscle stimulator,Malfunction,IPF,2020-09-23,2020,,Manufacturer,Not reported,Health professional,Other / not reported,False,False,False,False,DJO LLC.,CHATTANOOGA VECTRA NEO,,,DJO
10575069,False,False,False,False,False,False,False,False,False,False,Powered muscle stimulator,Malfunction,IPF,2020-09-23,2020,,Manufacturer,Not reported,Health professional,Other / not reported,False,False,False,False,DJO LLC.,CHATTANOOGA LEGEND XT 4CH STIM PKG US STD,,,DJO
10513807,False,False,False,True,False,False,False,True,True,True,Powered muscle stimulator,Injury,IPF,2020-09-09,2020,,Voluntary (patient or clinician),Not reported,Health professional,Patient / family,False,False,False,False,BTL INDUSTRIES JSC,EMSCULPT,,43.0,BTL INDUSTRIES JSC
10454301,False,False,False,False,True,False,False,True,True,False,Powered exoskeleton,Injury,PHL,2020-08-26,2020,,Manufacturer,Not reported,Health professional,Clinician,False,False,False,False,PARKER HUMAN MOTION & CONTROL,INDEGO,,,PARKER HANNIFIN
10454299,False,False,False,False,True,False,False,True,True,False,Powered exoskeleton,Injury,PHL,2020-08-26,2020,,Manufacturer,Not reported,Health professional,Clinician,False,False,False,False,PARKER HUMAN MOTION & CONTROL,INDEGO,,,PARKER HANNIFIN
10361689,False,False,False,False,False,False,False,False,False,False,TENS (over-the-counter),Injury,NUH,2020-08-03,2020,,Voluntary (patient or clinician),Not reported,Patient / lay user,Patient / family,True,False,False,False,HEALY  GMBH,HEALY,,52.0,HEALY
10326535,False,False,False,False,False,False,False,False,False,False,Powered muscle stimulator,Malfunction,IPF,2020-07-27,2020,,Manufacturer,Not reported,Health professional,Other / not reported,False,False,False,False,DJO LLC.,CHATTANOOGA VECTRA NEO,,,DJO
10326152,False,False,False,False,True,False,True,True,True,False,TENS (over-the-counter),Injury,NUH,2020-07-27,2020,,Manufacturer,Not reported,Not reported,Other / not reported,False,False,False,False,SANOFI AVENTIS U.S. LLC,ICY HOT SMART RELIEF BACK REFILL PADS,,,SANOFI AVENTIS U S
10250481,False,False,False,False,False,False,False,False,False,False,TENS (over-the-counter),Malfunction,NUH,2020-07-08,2020,,Voluntary (patient or clinician),Not reported,Not reported,Patient / family,False,False,False,False,IPULSE MEDICAL,LIVIA TENS UNIT,,30.0,IPULSE MEDICAL
10178685,False,False,False,False,False,False,True,True,False,False,Powered muscle stimulator,Injury,IPF,2020-06-22,2020,,Manufacturer,Not reported,Not reported,Other / not reported,False,False,False,False,DJO LLC.,CHATTANOOGA LEGEND XT 2CH STIM PKG,,,DJO
10137796,False,False,False,False,False,False,False,False,False,False,TENS (over-the-counter),Malfunction,NUH,2020-06-09,2020,,Voluntary (patient or clinician),Not reported,Not reported,Patient / family,False,False,False,False,IPULSE MEDICAL,LIVIA,,16.0,IPULSE MEDICAL
10118258,False,False,False,False,False,False,True,True,False,False,Powered muscle stimulator,Malfunction,IPF,2020-06-04,2020,,Manufacturer,Not reported,Health professional,Other / not reported,False,False,False,False,DJO LLC.,CHATTANOOGA LEGEND XT 4CH STIM PKG US STD,,,DJO
10096340,False,False,False,False,False,False,True,True,False,False,TENS (over-the-counter),Injury,NUH,2020-05-27,2020,,Voluntary (patient or clinician),Not reported,Not reported,Patient / family,False,False,False,False,TIMEWAVER PRODUCTION GMBH,HEALY,,38.0,TIMEWAVER PRODUCTION
10050473,False,False,False,False,True,False,False,True,True,False,Powered exoskeleton,Injury,PHL,2020-05-13,2020,,Manufacturer,Clinic / outpatient / rehab,Patient / lay user,Patient / family,True,False,False,False,REWALK ROBOTICS LTD,REWALK PERSONAL,0.0,57.0,REWALK ROBOTICS
10000746,False,False,False,False,False,False,False,False,False,False,TENS (over-the-counter),Malfunction,NUH,2020-04-24,2020,,Voluntary (patient or clinician),Not reported,Patient / lay user,Patient / family,True,False,False,False,CHATTEM / SANOFI US SERVICES INC.,ICYHOT SMART RELIEF TENS THERAPY,,64.0,CHATTEM SANOFI US SERVICES
9864812,False,False,False,False,False,False,False,False,False,False,Powered muscle stimulator,Malfunction,IPF,2020-03-23,2020,,Manufacturer,Not reported,Health professional,Other / not reported,False,False,False,False,"DJO, LLC","CHATTANOOGA INTELECT MOBILE COMBO, INT'L STD, 5CM APPL",,,DJO
9836506,False,False,False,False,False,False,True,True,False,False,TENS (prescription),Injury,GZJ,2020-03-16,2020,,Manufacturer,Home,Patient / lay user,Facility staff / admin,True,True,False,False,BIOMEDICAL LIFE SYSTEMS INC.,BIOSTIM SD,2.0,60.0,BIOMEDICAL LIFE SYSTEMS
9835882,False,False,False,False,False,False,True,True,False,False,TENS (prescription),Injury,GZJ,2020-03-16,2020,,Manufacturer,Home,Patient / lay user,Facility staff / admin,True,True,False,False,"CYMEDICA ORTHOPEDICS, INC.",CYMEDICA ORTHOPEDICS E-VIVE,0.2,66.0,CYMEDICA ORTHOPEDICS
9829647,False,False,False,False,False,False,True,True,False,False,TENS (prescription),Injury,GZJ,2020-03-12,2020,,Hospital / user facility,Clinic / outpatient / rehab,Health professional,Patient / family,False,False,False,False,HILL IFC,HILL IFC,0.0,60.0,HILL IFC
9786070,False,False,False,False,False,False,True,True,False,False,Powered muscle stimulator,Injury,IPF,2020-03-03,2020,,Voluntary (patient or clinician),Not reported,Health professional,Patient / family,False,False,False,False,UNK,ACCELERATED PERFORMANCE RECOVERY (ARP) MACHINE,,66.0,Not reported
9774524,False,False,False,False,True,False,True,True,True,False,Powered muscle stimulator,Injury,IPF,2020-02-28,2020,,Voluntary (patient or clinician),Not reported,Health professional,Facility staff / admin,False,False,False,False,ACCELERATED CARE PLUS,OMNISTIM ELECTROTHERAPY ELECTRODE,,55.0,ACCELERATED CARE PLUS
9694283,False,False,False,False,False,False,True,True,False,False,TENS (prescription),Injury,GZJ,2020-02-10,2020,,Voluntary (patient or clinician),Not reported,Health professional,Clinician,False,False,False,False,HONG QIANGXING (SHEN ZHEN) ELECTRONICS LIMITED,BELIFU,,31.0,HONG QIANGXING SHEN ZHEN ELECTRONICS
9666584,False,False,False,False,False,False,False,False,False,False,TENS (prescription),Malfunction,GZJ,2020-02-04,2020,,Manufacturer,Not reported,Not reported,Other / not reported,False,False,False,False,COMPASS HEALTH BRANDS,RICHMAR,,,COMPASS HEALTH BRANDS
9659576,False,False,False,False,False,False,False,False,False,False,Powered muscle stimulator,Malfunction,IPF,2020-02-03,2020,,Manufacturer,Not reported,Health professional,Other / not reported,False,False,False,False,"DJO, LLC",CHATTANOOGA LEGEND XT 4CH STIM PKG US STD,,,DJO
9621402,False,False,False,False,False,False,False,False,False,False,TENS (prescription),Malfunction,GZJ,2020-01-23,2020,,Manufacturer,Not reported,Not reported,Other / not reported,False,False,False,True,COMPASS HEALTH BRANDS,RICHMAR,,,COMPASS HEALTH BRANDS
9574840,False,False,False,False,False,False,False,False,False,False,TENS (prescription),Malfunction,GZJ,2020-01-10,2020,,Manufacturer,Not reported,Not reported,Other / not reported,False,False,False,False,COMPASS HEALTH BRANDS,RICHMAR,,,COMPASS HEALTH BRANDS
9529951,False,False,False,False,False,False,False,False,False,False,Powered muscle stimulator,Malfunction,IPF,2019-12-30,2019,,Manufacturer,Not reported,Health professional,Other / not reported,False,False,False,False,"DJO, LLC",CHATTANOOGA VECTRA NEO,,,DJO
9519379,False,False,False,False,False,False,False,False,False,False,Powered muscle stimulator,Malfunction,IPF,2019-12-26,2019,,Manufacturer,Not reported,Health professional,Other / not reported,False,False,False,False,"DJO, LLC",CHATTANOOGA LEGEND XT 4CH STIM PKG US STD,,,DJO
9458764,False,False,False,False,True,False,False,True,True,False,Powered muscle stimulator,Injury,IPF,2019-12-11,2019,,Voluntary (patient or clinician),Not reported,Health professional,Facility staff / admin,False,False,False,False,DJO GLOBAL / LLC,CHATTANOOGA INTELECT LEGEND XT,,69.0,DJO GLOBAL
9354170,False,False,False,False,False,False,False,False,False,False,Powered muscle stimulator,Malfunction,IPF,2019-11-21,2019,,Manufacturer,Not reported,Health professional,Other / not reported,False,False,False,False,"DJO, LLC",CHATTANOOGA VECTRA NEO,,,DJO
9354148,False,False,False,False,False,False,False,False,False,False,Powered muscle stimulator,Malfunction,IPF,2019-11-21,2019,,Manufacturer,Not reported,Health professional,Other / not reported,False,False,False,False,"DJO, LLC",CHATTANOOGA VECTRA NEO,,,DJO
9304482,False,False,False,False,False,False,False,False,False,False,TENS (prescription),Malfunction,GZJ,2019-11-11,2019,,Manufacturer,Not reported,Not reported,Other / not reported,False,False,False,False,COMPASS HEALTH BRANDS,RICHMAR,,,COMPASS HEALTH BRANDS
9266356,False,False,False,False,False,False,False,False,False,False,TENS (prescription),Injury,GZJ,2019-10-31,2019,,Voluntary (patient or clinician),Not reported,Health professional,Patient / family,False,False,False,False,ELECTROMEDICAL PRODUCTS INT'L,ALPHA-STIM,,72.0,ELECTROMEDICAL PRODUCTS INT L
9225565,False,False,False,False,False,False,False,False,False,False,Powered muscle stimulator,Malfunction,IPF,2019-10-23,2019,,Manufacturer,Not reported,Health professional,Other / not reported,False,False,False,False,"DJO, LLC",CHATTANOOGA VECTRA NEO,,,DJO
9213525,False,False,False,False,False,False,False,False,False,False,TENS (prescription),Malfunction,GZJ,2019-10-21,2019,,Hospital / user facility,Hospital,Health professional,Clinician,False,False,False,True,"MEDTRONIC XOMED, INC.",VARISTEM III,0.0,16.0,MEDTRONIC XOMED
9191773,False,False,False,False,False,False,False,False,False,False,TENS (prescription),Malfunction,GZJ,2019-10-15,2019,,Manufacturer,Not reported,Other,Other / not reported,False,False,False,False,COMPASS HEALTH BRANDS,RICHMAR,,,COMPASS HEALTH BRANDS
8992816,False,False,False,True,False,False,False,True,True,True,TENS (prescription),Injury,GZJ,2019-09-10,2019,,Voluntary (patient or clinician),Not reported,Not reported,Patient / family,False,False,False,False,UNK,TRANSCUTANEOUS ELECTRIC NERVE STIMULATOR,,55.0,Not reported
8920084,False,False,False,False,False,False,True,True,False,False,TENS (prescription),Injury,GZJ,2019-08-22,2019,,Manufacturer,Not reported,Health professional,Other / not reported,False,False,False,False,"SHENZHEN DONGDIXIN TECHNOLOGY CO., LTD.",ROSCOE MEDICAL,,,SHENZHEN DONGDIXIN TECHNOLOGY
8843245,False,False,False,True,False,False,False,True,True,True,TENS (over-the-counter),Injury,NUH,2019-07-30,2019,,Manufacturer,Not reported,Patient / lay user,Other / not reported,True,False,False,False,"HOLLYWOG, LLC",WITOUCH PRO,,,HOLLYWOG
8816734,False,False,False,True,False,False,False,True,True,True,TENS (over-the-counter),Injury,NUH,2019-07-23,2019,,Manufacturer,Not reported,Patient / lay user,Other / not reported,True,False,False,False,"HOLLYWOG, LLC",WITOUCH PRO,,,HOLLYWOG
8816732,False,False,False,True,False,False,False,True,True,True,TENS (over-the-counter),Injury,NUH,2019-07-23,2019,,Manufacturer,Not reported,Patient / lay user,Other / not reported,True,False,False,False,"HOLLYWOG, LLC",WITOUCH PRO,,,HOLLYWOG
8796178,False,False,False,True,False,False,False,True,True,True,TENS (over-the-counter),Injury,NUH,2019-07-16,2019,,Manufacturer,Not reported,Patient / lay user,Other / not reported,True,False,False,False,"HOLLYWOG, LLC",WITOUCH PRO,,,HOLLYWOG
8795403,False,False,False,True,False,False,False,True,True,True,TENS (over-the-counter),Injury,NUH,2019-07-16,2019,,Manufacturer,Not reported,Patient / lay user,Other / not reported,True,False,False,False,"HOLLYWOG, LLC",WITOUCH PRO,,,HOLLYWOG
8707008,False,False,False,False,False,False,True,True,False,False,Powered muscle stimulator,Malfunction,IPF,2019-06-18,2019,,Hospital / user facility,Not reported,Not reported,Facility staff / admin,False,False,False,False,ACCELERATED CARE PLUS CORP,OMNISTIM 500 PRO,,,ACCELERATED CARE PLUS
8540056,False,False,False,False,True,False,False,True,True,False,Powered exercise equipment (incl. CPM),Malfunction,BXB,2019-04-23,2019,,Manufacturer,Not reported,Health professional,Clinician,False,True,False,False,MOTEK MEDICAL B.V.,BODY WEIGHT SUPPORT LIGHT,,,MOTEK MEDICAL
8394098,False,False,False,False,False,False,False,False,False,False,Powered muscle stimulator,Malfunction,IPF,2019-03-05,2019,,Voluntary (patient or clinician),Not reported,Patient / lay user,Patient / family,True,False,False,False,COMPASS HEALTH BRANDS,ACCURELIEF WIRELESS 3-IN-1 PAIN RELIEF DEVICE,,56.0,COMPASS HEALTH BRANDS
8366615,False,False,False,False,True,False,False,True,True,False,Powered muscle stimulator,Injury,IPF,2019-02-22,2019,,Voluntary (patient or clinician),Not reported,Not reported,Patient / family,False,False,False,False,ACTEGY HEALTH INC,REVITIVE MEDIC,,61.0,ACTEGY HEALTH
8366460,False,False,False,True,False,False,False,True,True,True,Powered exercise equipment (incl. CPM),Injury,BXB,2019-02-21,2019,,Voluntary (patient or clinician),Not reported,Not reported,Patient / family,False,False,False,False,"ZONA HEALTH, INC",ZONA PLUS 3.0,,67.0,ZONA HEALTH
8308514,False,False,False,False,False,False,True,True,False,False,TENS (prescription),Injury,GZJ,2019-02-05,2019,,Distributor,Not reported,Health professional,Other / not reported,False,False,False,False,"SHENZHEN DONGDIXIN TECHNOLOGY CO, LTD.",INTENSITY,,,SHENZHEN DONGDIXIN TECHNOLOGY
8297054,False,False,False,False,False,False,True,True,False,False,Powered muscle stimulator,Malfunction,IPF,2019-02-01,2019,,Manufacturer,Clinic / outpatient / rehab,Health professional,Patient / family,False,True,False,True,ZYNEX MEDICAL INC.,ZYNEX MEDICAL,5.0,50.0,ZYNEX MEDICAL
8197646,False,False,False,False,True,False,True,True,True,False,TENS (over-the-counter),Injury,NUH,2018-12-26,2018,,Manufacturer,Not reported,Not reported,Patient / family,False,False,False,False,SANOFI AVENTIS U.S. LLC,ICY HOT SMARTRELIEF TENS THERAPY BACK STARTER KIT,,,SANOFI AVENTIS U S
8188569,False,False,False,False,False,False,True,True,False,False,TENS (prescription),Malfunction,GZJ,2018-12-21,2018,,Manufacturer,Not reported,Patient / lay user,Other / not reported,True,False,False,False,"SHENZHEN DONGDIXIN TECHNOLOGY CO., LTD.",INTENSITY 10 DIGITAL TENS,,88.0,SHENZHEN DONGDIXIN TECHNOLOGY
8183930,False,False,False,False,True,False,False,True,True,False,Powered exoskeleton,Injury,PHL,2018-12-20,2018,,Manufacturer,Other,Patient / lay user,Patient / family,True,True,False,True,REWALK ROBOTICS LTD,REWALK PERSONAL,1.0,25.0,REWALK ROBOTICS
8155073,False,False,True,False,False,False,False,True,True,True,Powered exoskeleton,Injury,PHL,2018-12-12,2018,,Manufacturer,Other,Patient / lay user,Patient / family,True,True,False,True,REWALK ROBOTICS LTD,REWALK PERSONAL,0.2,28.0,REWALK ROBOTICS
8152426,False,False,False,False,False,False,True,True,False,False,Powered muscle stimulator,Injury,IPF,2018-12-11,2018,,Manufacturer,Not reported,Health professional,Clinician,False,False,False,True,COMPASS RICHMAR,RICHMAR,,82.0,COMPASS RICHMAR
8145105,False,False,False,False,True,False,False,True,True,False,Powered exoskeleton,Injury,PHL,2018-12-09,2018,,Manufacturer,Home,Other,Patient / family,True,True,False,False,REWALK ROBOTICS LTD,REWALK PERSONAL,3.0,,REWALK ROBOTICS
8145104,False,False,False,False,True,False,False,True,True,False,Powered exoskeleton,Injury,PHL,2018-12-09,2018,,Manufacturer,Home,Other,Patient / family,True,True,False,False,REWALK ROBOTICS LTD,REWALK PERSONAL,1.8,,REWALK ROBOTICS
8139663,False,False,False,False,False,False,False,False,False,False,Powered muscle stimulator,Malfunction,IPF,2018-12-06,2018,,Manufacturer,Not reported,Health professional,Clinician,False,False,False,True,"DJO, LLC",INTELECT MOBILE 2CH STIM INT'L STD,,,DJO
8094646,False,False,False,False,True,False,True,True,True,False,TENS (over-the-counter),Malfunction,NUH,2018-11-21,2018,,Manufacturer,Not reported,Patient / lay user,Other / not reported,True,False,False,False,"BAYER HEALTHCARE LLC, CONSUMER CARE",ALEVE DIRECT THERAPY TENS,,,BAYER HEALTHCARE
8008538,False,False,False,False,False,False,True,True,False,False,TENS (over-the-counter),Injury,NUH,2018-10-26,2018,,Manufacturer,Not reported,Patient / lay user,Other / not reported,True,False,False,True,"BAYER HEALTHCARE LLC, CONSUMER CARE",ALEVE TENS DEVICE DIRECT THERAPY UNIT,,47.0,BAYER HEALTHCARE
7999293,False,False,False,False,False,False,False,False,False,False,Powered exercise equipment (incl. CPM),Malfunction,BXB,2018-10-24,2018,,Hospital / user facility,Not reported,Not reported,Facility staff / admin,False,False,False,False,"NUSTEP, LLC",,,,NUSTEP
7969513,False,False,False,False,False,False,True,True,False,False,TENS (prescription),Injury,GZJ,2018-10-16,2018,,Distributor,Home,Patient / lay user,Other / not reported,True,False,False,False,"SHENZHEN DONGDIXIN TECHNOLOGY CO, LTD.",INTENSITY 10 DIGITAL TENS,,88.0,SHENZHEN DONGDIXIN TECHNOLOGY
7956337,False,False,False,False,False,False,True,True,False,False,TENS (prescription),Injury,GZJ,2018-10-10,2018,,Voluntary (patient or clinician),Not reported,Patient / lay user,Patient / family,True,False,False,False,"ELECTRONIC WAVEFORM LAB, INC.",H-WAVE,,43.0,ELECTRONIC WAVEFORM LAB
7937827,False,False,False,False,False,False,False,False,False,False,TENS (prescription),Malfunction,GZJ,2018-10-05,2018,,Hospital / user facility,Clinic / outpatient / rehab,Other,Clinician,False,False,False,False,TENS PLUS INDUSTRIAL COMPANY,,,55.0,TENS PLUS INDUSTRIAL
7928077,False,False,False,False,False,False,True,True,False,False,Powered exoskeleton,Injury,PHL,2018-10-02,2018,,Manufacturer,Not reported,Health professional,Clinician,False,False,False,True,EKSO BIONICS,EKSO,,,EKSO BIONICS
7837124,False,False,False,False,False,False,False,False,False,False,Powered muscle stimulator,Malfunction,IPF,2018-08-30,2018,,Voluntary (patient or clinician),Not reported,Health professional,Facility staff / admin,False,False,False,False,"CHATTANOOGA / DJO, LLC",VECTRA GENISYS,,37.0,CHATTANOOGA DJO
7812323,False,False,False,False,False,False,True,True,False,False,TENS (over-the-counter),Injury,NUH,2018-08-24,2018,,Manufacturer,Not reported,Patient / lay user,Other / not reported,True,False,False,True,"BAYER HEALTHCARE LLC, CONSUMER CARE",ALEVE TENS DEVICE DIRECT THERAPY UNIT,,75.0,BAYER HEALTHCARE
7780325,False,False,False,False,False,False,True,True,False,False,TENS (prescription),Injury,GZJ,2018-08-13,2018,,Voluntary (patient or clinician),Not reported,Health professional,Patient / family,False,False,False,False,UNK,ELECTRICAL STIMULATION,,51.0,Not reported
7752239,False,False,False,False,False,False,False,False,False,False,TENS (over-the-counter),Malfunction,NUH,2018-08-06,2018,,Manufacturer,Not reported,Patient / lay user,Other / not reported,True,False,False,True,"BAYER HEALTHCARE LLC, CONSUMER CARE",ALEVE DIRECT THERAPY TENS,,,BAYER HEALTHCARE
7722351,False,False,True,False,False,False,False,True,True,True,TENS (prescription),Injury,GZJ,2018-07-26,2018,,Manufacturer,Not reported,Health professional,Clinician,False,False,False,False,MEDTRONIC PUERTO RICO OPERATIONS CO.,INTELLIS,,85.0,MEDTRONIC PUERTO RICO OPERATIONS
7713118,False,False,False,False,False,False,True,True,False,False,TENS (prescription),Injury,GZJ,2018-07-23,2018,,Manufacturer,Not reported,Health professional,Other / not reported,False,False,False,False,"SHENZHEN DONGDIXIN TECHNOLOGY CO., LTD.",INTENSITY,,,SHENZHEN DONGDIXIN TECHNOLOGY
7675654,False,False,False,True,False,False,False,True,True,True,TENS (over-the-counter),Injury,NUH,2018-07-10,2018,,Manufacturer,Home,Patient / lay user,Other / not reported,True,False,False,False,"HOLLYWOG, LLC",WITOUCH PRO,0.7,78.0,HOLLYWOG
7635574,False,False,False,False,False,False,True,True,False,False,TENS (prescription),Injury,GZJ,2018-06-25,2018,,Distributor,Other,Health professional,Other / not reported,False,False,False,False,"SHENZHEN DONGDIXIN TECHNOLOGY CO, LTD",INTENSITY,2.0,,SHENZHEN DONGDIXIN TECHNOLOGY
7635320,False,False,False,False,False,False,True,True,False,False,TENS (prescription),Injury,GZJ,2018-06-25,2018,,Distributor,Other,Health professional,Other / not reported,False,False,False,False,"SHENZHEN DONGDIXIN TECHNOLOGY CO, LTD",INTENSITY,1.0,,SHENZHEN DONGDIXIN TECHNOLOGY
7626734,False,False,False,False,True,False,False,True,True,False,Powered exoskeleton,Injury,PHL,2018-06-21,2018,,Manufacturer,Clinic / outpatient / rehab,Other,Clinician,False,True,False,False,REWALK ROBOTICS LTD,REWALK PERSONAL,2.0,38.0,REWALK ROBOTICS
7573488,False,False,False,False,True,False,False,True,True,False,Powered exoskeleton,Injury,PHL,2018-06-06,2018,,Manufacturer,Clinic / outpatient / rehab,Other,Clinician,False,True,True,False,REWALK ROBOTICS LTD.,REWALK PERSONAL,2.0,19.0,REWALK ROBOTICS
7572849,False,False,False,False,False,False,True,True,False,False,Powered exoskeleton,Malfunction,PHL,2018-06-06,2018,,Hospital / user facility,Clinic / outpatient / rehab,Other,Clinician,False,False,False,False,"EKSO BIONICS, INC.",EKSO,,51.0,EKSO BIONICS
7556818,False,False,True,False,False,False,False,True,True,True,TENS (over-the-counter),Injury,NUH,2018-05-31,2018,,Manufacturer,Home,Patient / lay user,Patient / family,True,True,False,True,ACTEGY LTD,REVITIVE DX,1.0,0.0,ACTEGY
7556167,False,False,False,False,True,False,False,True,True,False,TENS (over-the-counter),Injury,NUH,2018-05-31,2018,,Manufacturer,Home,Patient / lay user,Patient / family,True,True,False,False,ACTEGY LTD,REVITIVE MEDIC,3.0,74.0,ACTEGY
7553406,False,False,False,False,False,False,False,False,False,False,TENS (over-the-counter),Injury,NUH,2018-05-30,2018,,Manufacturer,Home,Patient / lay user,Other / not reported,True,True,False,False,ACTEGY LTD,CBV3,3.0,82.0,ACTEGY
7553039,False,True,False,False,False,False,False,True,True,True,TENS (over-the-counter),Injury,NUH,2018-05-30,2018,,Manufacturer,Home,Patient / lay user,Other / not reported,True,True,False,True,ACTEGY LTD,REVITIVE MEDIC 2469MD,2.0,87.0,ACTEGY
7552345,False,False,False,False,False,False,False,False,False,False,TENS (over-the-counter),Injury,NUH,2018-05-30,2018,,Manufacturer,Home,Patient / lay user,Other / not reported,True,True,False,True,ACTEGY LTD,CBV3,,66.0,ACTEGY
7552167,False,False,False,False,True,False,False,True,True,False,TENS (over-the-counter),Injury,NUH,2018-05-30,2018,,Manufacturer,Home,Patient / lay user,Other / not reported,True,True,False,False,ACTEGY LTD,REVITIVE IX,,,ACTEGY
7549033,False,False,False,False,False,False,False,False,False,False,TENS (over-the-counter),Injury,NUH,2018-05-29,2018,,Manufacturer,Home,Patient / lay user,Other / not reported,True,True,False,False,ACTEGY LTD,REVITIVE IX,2.0,80.0,ACTEGY
7525729,False,False,False,False,False,False,True,True,False,False,TENS (over-the-counter),Malfunction,NUH,2018-05-18,2018,,Manufacturer,Not reported,Patient / lay user,Other / not reported,True,False,False,False,"BAYER HEALTHCARE LLC, CONSUMER CARE",ALEVE DIRECT THERAPY TENS,,,BAYER HEALTHCARE
7482524,False,False,True,False,False,False,True,True,True,True,TENS (prescription),Injury,GZJ,2018-05-03,2018,,Distributor,Not reported,Health professional,Other / not reported,False,False,False,False,"SHENZHEN DONGDIXIN TECHNOLOGY CO, LTD",COMPASS HEALTH BRANDS,,,SHENZHEN DONGDIXIN TECHNOLOGY
7478407,False,False,False,False,True,False,False,True,True,False,Powered exoskeleton,Injury,PHL,2018-05-01,2018,,Manufacturer,Clinic / outpatient / rehab,Other,Other / not reported,False,False,False,False,REWALK ROBOTICS LTD.,REWALK PERSONAL,3.0,,REWALK ROBOTICS
7477159,False,False,False,False,False,False,True,True,False,False,TENS (prescription),Injury,GZJ,2018-05-01,2018,,Manufacturer,Not reported,Not reported,Other / not reported,False,False,False,False,"SHENZHEN DONGDIXIN TECHNOLOGY CO., LTD",INTENSITY,,,SHENZHEN DONGDIXIN TECHNOLOGY
7477073,False,False,False,False,False,False,True,True,False,False,TENS (prescription),Injury,GZJ,2018-05-01,2018,,Manufacturer,Not reported,Not reported,Other / not reported,False,False,False,False,"SHENZHEN DONGDIXIN TECHNOLOGY CO., LTD",INTENSITY,,,SHENZHEN DONGDIXIN TECHNOLOGY
7471171,False,False,False,False,False,False,True,True,False,False,TENS (prescription),Injury,GZJ,2018-04-28,2018,,Manufacturer,Not reported,Not reported,Other / not reported,False,False,False,False,"SHENZHEN DONGDIXIN TECHNOLOGY CO., LTD",INTENSITY,,,SHENZHEN DONGDIXIN TECHNOLOGY
7471170,False,False,False,False,False,False,True,True,False,False,TENS (prescription),Injury,GZJ,2018-04-28,2018,,Manufacturer,Not reported,Not reported,Other / not reported,False,False,False,False,"SHENZHEN DONGDIXIN TECHNOLOGY CO., LTD",INTENSITY,,,SHENZHEN DONGDIXIN TECHNOLOGY
7445930,False,False,False,False,False,False,True,True,False,False,TENS (prescription),Injury,GZJ,2018-04-20,2018,,Manufacturer,Not reported,Patient / lay user,Patient / family,True,False,False,True,"SHENZHEN DONGDIXIN TECHNOLOGY CO., LTD.",COMPASS HEALTH BRANDS,,,SHENZHEN DONGDIXIN TECHNOLOGY
7445347,False,False,False,False,True,False,False,True,True,False,Powered exoskeleton,Injury,PHL,2018-04-19,2018,,Manufacturer,Not reported,Not reported,Other / not reported,False,False,False,False,REWALK ROBOTICS LTD.,REWALK PERSONAL,3.2,,REWALK ROBOTICS
7443790,False,False,False,False,True,True,False,True,True,False,Powered exoskeleton,Injury,PHL,2018-04-19,2018,,Manufacturer,Home,Other,Other / not reported,True,False,False,False,REWALK ROBOTICS LTD.,REWALK PERSONAL,3.0,58.0,REWALK ROBOTICS
7443774,False,False,False,False,True,False,False,True,True,False,Powered exoskeleton,Injury,PHL,2018-04-19,2018,,Manufacturer,Not reported,Other,Clinician,False,True,True,False,REWALK ROBOTICS LTD.,REWALK PERSONAL,2.0,25.0,REWALK ROBOTICS
7443771,False,False,False,False,True,False,False,True,True,False,Powered exoskeleton,Injury,PHL,2018-04-19,2018,,Manufacturer,Clinic / outpatient / rehab,Other,Other / not reported,False,True,True,False,REWALK ROBOTICS LTD.,REWALK PERSONAL,1.0,58.0,REWALK ROBOTICS
7401093,False,False,False,False,True,False,False,True,True,False,Powered exoskeleton,Injury,PHL,2018-04-05,2018,,Manufacturer,Home,Other,Other / not reported,True,True,True,False,REWALK ROBOTICS LTD.,REWALK PERSONAL,2.3,47.0,REWALK ROBOTICS
7394018,False,False,False,False,False,False,True,True,False,False,Powered exoskeleton,Injury,PHL,2018-04-03,2018,,Manufacturer,Clinic / outpatient / rehab,Other,Clinician,False,False,False,False,REWALK ROBOTICS LTD.,REWALK PERSONAL,0.5,37.0,REWALK ROBOTICS
7393486,False,False,True,False,False,False,False,True,True,True,Powered exoskeleton,Injury,PHL,2018-04-03,2018,,Manufacturer,Home,Not reported,Other / not reported,True,False,False,False,REWALK ROBOTICS LTD.,REWALK PERSONAL,2.0,54.0,REWALK ROBOTICS
7393485,False,False,False,False,True,False,False,True,True,False,Powered exoskeleton,Injury,PHL,2018-04-03,2018,,Manufacturer,Home,Patient / lay user,Other / not reported,True,False,False,False,REWALK ROBOTICS LTD.,REWALK PERSONAL,1.8,55.0,REWALK ROBOTICS
7392332,False,False,False,False,True,False,False,True,True,False,Powered exoskeleton,Injury,PHL,2018-04-03,2018,,Manufacturer,Clinic / outpatient / rehab,Health professional,Other / not reported,False,True,True,False,REWALK ROBOTICS LTD.,REWALK PERSONAL,1.0,56.0,REWALK ROBOTICS
7385479,False,False,False,False,True,False,False,True,True,False,Powered exoskeleton,Injury,PHL,2018-03-30,2018,,Manufacturer,Clinic / outpatient / rehab,Health professional,Other / not reported,False,True,True,True,REWALK ROBOTICS LTD.,REWALK PERSONAL,1.8,63.0,REWALK ROBOTICS
7385462,False,False,False,False,True,False,False,True,True,False,Powered exoskeleton,Injury,PHL,2018-03-30,2018,,Manufacturer,Other,Health professional,Other / not reported,False,True,True,False,REWALK ROBOTICS LTD.,REWALK PERSONAL,0.7,29.0,REWALK ROBOTICS
7380897,False,False,True,False,False,False,False,True,True,True,TENS (over-the-counter),Injury,NUH,2018-03-28,2018,,Voluntary (patient or clinician),Not reported,Not reported,Patient / family,False,False,False,False,UNK,TENS - SHOULDER THERAPY DEVICE,,94.0,Not reported
7379648,False,False,False,False,False,False,True,True,False,False,TENS (prescription),Injury,GZJ,2018-03-28,2018,,Distributor,Other,Health professional,Other / not reported,False,False,False,False,"SHENZHEN DONGDIXIN TECHNOLOGY CO., LTD",INTENSITY,2.0,,SHENZHEN DONGDIXIN TECHNOLOGY
7379636,False,False,False,False,False,False,True,True,False,False,TENS (prescription),Injury,GZJ,2018-03-28,2018,,Distributor,Other,Health professional,Other / not reported,False,False,False,False,"SHENZHEN DONGDIXIN TECHNOLOGY CO., LTD",INTENSITY,2.0,,SHENZHEN DONGDIXIN TECHNOLOGY
7379634,False,False,False,False,False,False,True,True,False,False,TENS (prescription),Injury,GZJ,2018-03-28,2018,,Distributor,Other,Health professional,Other / not reported,False,False,False,False,"SHENZHEN DONGDIXIN TECHNOLOGY CO., LTD",INTENSITY,2.0,,SHENZHEN DONGDIXIN TECHNOLOGY
7379632,False,False,False,False,False,False,True,True,False,False,TENS (prescription),Injury,GZJ,2018-03-28,2018,,Distributor,Other,Not reported,Other / not reported,False,False,False,False,"SHENZHEN DONGDIXIN TECHNOLOGY CO., LTD",INTENSITY,2.0,,SHENZHEN DONGDIXIN TECHNOLOGY
7346058,False,False,False,False,True,False,True,True,True,False,TENS (prescription),Injury,GZJ,2018-03-16,2018,,Distributor,Home,Patient / lay user,Patient / family,True,False,False,False,"SHENZHEN DONGDIXIN TECHNOLOGY CO., LTD",COMPASS HEALTH BRANDS,2.5,,SHENZHEN DONGDIXIN TECHNOLOGY
7300559,False,False,False,False,True,False,False,True,True,False,TENS (over-the-counter),Injury,NUH,2018-02-27,2018,,Manufacturer,Not reported,Patient / lay user,Patient / family,True,False,False,True,"OMRON (DALIAN) CO., LTD. (PLANT 2)",POCKET PAIN PRO,0.7,68.0,OMRON
7297528,False,False,False,False,True,False,False,True,True,False,TENS (over-the-counter),Injury,NUH,2018-02-26,2018,,Manufacturer,Not reported,Patient / lay user,Patient / family,True,False,False,True,"OMRON (DALIAN) CO., LTD. (PLANT 2)",OMORN MAX POWER RELIEF,0.6,57.0,OMRON
7295950,False,False,True,False,True,False,False,True,True,True,Powered exercise equipment (incl. CPM),Injury,BXB,2018-02-23,2018,,Voluntary (patient or clinician),Not reported,Health professional,Clinician,False,False,False,False,"FULL RANGE REHAB, LLC",EZ STRETCH,,68.0,FULL RANGE REHAB
7273682,False,False,False,False,False,False,True,True,False,False,TENS (over-the-counter),Injury,NUH,2018-02-15,2018,,Manufacturer,Not reported,Patient / lay user,Other / not reported,True,False,False,True,"BAYER HEALTHCARE LLC, CONSUMER CARE",ALEVE DIRECT THERAPY TENS,,30.0,BAYER HEALTHCARE
7244557,False,False,False,False,False,False,False,False,False,False,Powered exoskeleton,Malfunction,PHL,2018-02-05,2018,,Voluntary (patient or clinician),Not reported,Health professional,Other / not reported,False,False,False,False,REWALK ROBOTICS,REWALK P5,,33.0,REWALK ROBOTICS
7214782,False,False,False,False,True,False,True,True,True,False,TENS (prescription),Injury,GZJ,2018-01-23,2018,,Voluntary (patient or clinician),Not reported,Patient / lay user,Patient / family,True,False,False,False,SHENZHEN ASTEC TECHNOLOGY CO LTD.,HAWAII SPORTSFLY TENS UNIT,,48.0,SHENZHEN ASTEC TECHNOLOGY
7143901,False,False,False,False,False,False,False,False,False,False,Powered exercise equipment (incl. CPM),Malfunction,BXB,2017-12-22,2017,,Manufacturer,Not reported,Other,Other / not reported,False,True,True,False,HOCOMA AG,ANDAGO,,,HOCOMA
7083059,False,False,False,False,False,False,False,False,False,False,TENS (over-the-counter),Malfunction,NUH,2017-12-05,2017,,Manufacturer,Not reported,Patient / lay user,Other / not reported,True,False,False,True,"BAYER HEALTHCARE LLC, CONSUMER CARE",ALEVE DIRECT THERAPY TENS,,,BAYER HEALTHCARE
7016008,False,False,False,False,True,False,True,True,True,False,TENS (prescription),Injury,GZJ,2017-11-09,2017,,Manufacturer,Not reported,Other,Other / not reported,False,False,False,False,COMPASS RICHMAR LLC,RICHMAR AUTOSOUND 9.6,,15.0,COMPASS RICHMAR
6989914,False,False,False,False,True,False,True,True,True,False,TENS (over-the-counter),Injury,NUH,2017-10-31,2017,,Voluntary (patient or clinician),Not reported,Patient / lay user,Patient / family,True,False,False,False,NEUROMETRIX INC.,QUELL,,,NEUROMETRIX
6985651,False,False,False,False,True,False,True,True,True,False,TENS (prescription),Injury,GZJ,2017-10-27,2017,,Distributor,Other,Health professional,Other / not reported,False,False,False,False,"SHENZHEN DONGDIXIN TECHNOLOGY CO, LTD.",COMBOCARE,,29.0,SHENZHEN DONGDIXIN TECHNOLOGY
6982112,False,False,False,False,False,False,True,True,False,False,TENS (prescription),Injury,GZJ,2017-10-26,2017,,Distributor,Other,Other,Other / not reported,False,False,False,False,"SHENZHEN DONGDIXIN TECHNOLOGY CO, LTD.",QUATTRO 2.5,,53.0,SHENZHEN DONGDIXIN TECHNOLOGY
6978993,False,False,False,False,False,False,True,True,False,False,Powered exoskeleton,Malfunction,PHL,2017-10-26,2017,,Manufacturer,Not reported,Health professional,Clinician,False,False,False,False,EKSO BIONICS,EKSO,5.0,30.0,EKSO BIONICS
6957433,False,False,False,False,False,False,True,True,False,False,TENS (prescription),Injury,GZJ,2017-10-18,2017,,Manufacturer,Not reported,Health professional,Other / not reported,False,False,False,False,"SHENZHEN DONGDIXIN TECHNOLOGY CO., LTD.",QUATTRO 2.5,,46.0,SHENZHEN DONGDIXIN TECHNOLOGY
6957390,False,False,False,False,False,False,True,True,False,False,TENS (prescription),Injury,GZJ,2017-10-18,2017,,Manufacturer,Not reported,Health professional,Other / not reported,False,False,False,False,"SHENZHEN DONGDIXIN TECHNOLOGY CO., LTD.",INTENSITY,,69.0,SHENZHEN DONGDIXIN TECHNOLOGY
6957387,False,False,False,False,False,False,True,True,False,False,TENS (prescription),Injury,GZJ,2017-10-18,2017,,Manufacturer,Not reported,Not reported,Other / not reported,False,False,False,False,"SHENZHEN DONGDIXIN TECHNOLOGY CO., LTD.",INTENSITY,,70.0,SHENZHEN DONGDIXIN TECHNOLOGY
6957386,False,False,False,False,False,False,True,True,False,False,TENS (prescription),Injury,GZJ,2017-10-18,2017,,Manufacturer,Not reported,Not reported,Other / not reported,False,False,False,False,"SHENZHEN DONGDIXIN TECHNOLOGY CO., LTD.",INTENSITY,,71.0,SHENZHEN DONGDIXIN TECHNOLOGY
6957385,False,False,False,False,False,False,True,True,False,False,TENS (prescription),Injury,GZJ,2017-10-18,2017,,Manufacturer,Not reported,Health professional,Clinician,False,False,False,False,"SHENZHEN DONGDIXIN TECHNOLOGY CO., LTD.",COMBOCARE E-STIM AND ULTRASOUND COMBO,,66.0,SHENZHEN DONGDIXIN TECHNOLOGY
6957384,False,False,False,False,False,False,True,True,False,False,TENS (prescription),Injury,GZJ,2017-10-18,2017,,Manufacturer,Not reported,Patient / lay user,Patient / family,True,False,False,False,"SHENZHEN DONGDIXIN TECHNOLOGY CO., LTD.",ACCURELIEF,,,SHENZHEN DONGDIXIN TECHNOLOGY
6957381,False,False,False,False,False,False,True,True,False,False,TENS (prescription),Injury,GZJ,2017-10-18,2017,,Manufacturer,Not reported,Health professional,Clinician,False,False,False,False,"SHENZHEN DONGDIXIN TECHNOLOGY CO., LTD.",QUATTRO 2.5,,35.0,SHENZHEN DONGDIXIN TECHNOLOGY
6955911,False,False,False,False,False,False,False,False,False,False,TENS (over-the-counter),Malfunction,NUH,2017-10-17,2017,,Manufacturer,Not reported,Health professional,Other / not reported,False,False,False,False,COVIDIEN,ALEVE DIRECT THERAPY,,,COVIDIEN
6953919,False,False,False,False,False,False,True,True,False,False,TENS (prescription),Injury,GZJ,2017-10-17,2017,,Manufacturer,Not reported,Not reported,Other / not reported,False,False,False,False,"SHENZHEN DONGDIXIN TECHNOLOGY CO., LTD.",INTENSITY EX4 PROFESSIONAL SERIES,,36.0,SHENZHEN DONGDIXIN TECHNOLOGY
6953918,False,False,False,False,False,False,True,True,False,False,TENS (prescription),Injury,GZJ,2017-10-17,2017,,Manufacturer,Not reported,Health professional,Clinician,False,False,False,False,"SHENZHEN DONGDIXIN TECHNOLOGY CO., LTD.",INTENSITY CX4 W/ THERAPY CART,,59.0,SHENZHEN DONGDIXIN TECHNOLOGY
6953917,False,False,False,False,False,False,True,True,False,False,TENS (prescription),Injury,GZJ,2017-10-17,2017,,Manufacturer,Not reported,Not reported,Other / not reported,False,False,False,False,"SHENZHEN DONGDIXIN TECHNOLOGY CO., LTD.",INTENSITY SELECT COMBO - TENS/IF/MIC/EMS,,,SHENZHEN DONGDIXIN TECHNOLOGY
6953916,False,False,False,False,False,False,True,True,False,False,TENS (prescription),Injury,GZJ,2017-10-17,2017,,Manufacturer,Not reported,Other,Other / not reported,False,False,False,False,"SHENZHEN DONGDIXIN TECHNOLOGY CO., LTD.",QUATTRO 2.5,,18.0,SHENZHEN DONGDIXIN TECHNOLOGY
6953915,False,False,False,False,False,True,True,True,True,False,TENS (prescription),Injury,GZJ,2017-10-17,2017,,Manufacturer,Not reported,Health professional,Clinician,False,False,False,False,"SHENZHEN DONGDIXIN TECHNOLOGY CO., LTD.",QUATTRO 2.5,,61.0,SHENZHEN DONGDIXIN TECHNOLOGY
6953914,False,False,False,False,False,False,True,True,False,False,TENS (prescription),Injury,GZJ,2017-10-17,2017,,Manufacturer,Not reported,Health professional,Clinician,False,False,False,False,"SHENZHEN DONGDIXIN TECHNOLOGY CO., LTD.",QUATTRO 2.5,,40.0,SHENZHEN DONGDIXIN TECHNOLOGY
6939473,False,False,False,False,False,False,True,True,False,False,TENS (over-the-counter),Injury,NUH,2017-10-11,2017,,Manufacturer,Not reported,Patient / lay user,Patient / family,True,False,False,True,CHATTEM,SMART RELIEF TENS THERAPY,,61.0,CHATTEM
6899945,False,False,False,False,False,False,True,True,False,False,TENS (over-the-counter),Injury,NUH,2017-09-28,2017,,Manufacturer,Not reported,Patient / lay user,Patient / family,True,False,False,True,CHATTEM,SMART RELIEF TENS THERAPY BACK,,70.0,CHATTEM
6899928,False,False,False,False,False,False,True,True,False,False,TENS (over-the-counter),Injury,NUH,2017-09-28,2017,,Manufacturer,Not reported,Patient / lay user,Patient / family,True,False,False,True,CHATTEM,SMART RELIEF TENS THERAPY BACK,,83.0,CHATTEM
6879512,False,False,False,False,False,False,True,True,False,False,TENS (prescription),Injury,GZJ,2017-09-20,2017,,Distributor,Clinic / outpatient / rehab,Health professional,Other / not reported,False,False,False,False,"SHENZHEN DONGDIXIN TECHNOLOGY CO, LTD.",QUATTRO 2.0,,53.0,SHENZHEN DONGDIXIN TECHNOLOGY
6859873,False,False,False,False,True,False,False,True,True,False,Powered exoskeleton,Injury,PHL,2017-09-12,2017,,Manufacturer,Clinic / outpatient / rehab,Health professional,Clinician,False,False,False,True,REWALK ROBOTICS LTD.,REWALK PERSONAL,2.0,59.0,REWALK ROBOTICS
6848815,False,False,False,False,False,False,True,True,False,False,TENS (over-the-counter),Injury,NUH,2017-09-07,2017,,Manufacturer,Not reported,Patient / lay user,Patient / family,True,False,False,False,CHATTEM,ICY HOT SMART RELIEF TENS BACK PAIN THERAPY,,,CHATTEM
6809037,False,False,False,False,False,False,True,True,False,False,TENS (prescription),Injury,GZJ,2017-08-21,2017,,Distributor,Other,Other,Other / not reported,False,False,False,False,"JKH HEALTH CO., LTD.",VIVERITY,,,JKH HEALTH
6809011,False,False,False,False,False,False,True,True,False,False,TENS (prescription),Injury,GZJ,2017-08-21,2017,,Distributor,Other,Other,Other / not reported,False,False,False,False,"JKH HEALTH CO., LTD.",VIVERITY,,,JKH HEALTH
6805849,False,False,False,False,False,False,True,True,False,False,TENS (over-the-counter),Injury,NUH,2017-08-18,2017,,Manufacturer,Not reported,Patient / lay user,Patient / family,True,False,False,False,CHATTEM,ICY HOT SMART RELIEF TENS BACK PAIN THERAPY,,,CHATTEM
6804920,False,False,False,False,False,False,True,True,False,False,TENS (prescription),Injury,GZJ,2017-08-18,2017,,Distributor,Not reported,Other,Other / not reported,False,False,False,False,"SHENZHEN DONGDIXIN TECHNOLOGY CO, LTD.",QUATTRO 2.5,,,SHENZHEN DONGDIXIN TECHNOLOGY
6790254,False,False,False,False,True,False,True,True,True,False,TENS (prescription),Injury,GZJ,2017-08-11,2017,,Distributor,Other,Health professional,Other / not reported,False,False,False,False,"SHENZHEN DONGDIXIN TECHNOLOGY CO, LTD.",QUATTRO 2.5,,49.0,SHENZHEN DONGDIXIN TECHNOLOGY
6742510,False,False,False,False,True,False,True,True,True,False,TENS (prescription),Injury,GZJ,2017-07-25,2017,,Distributor,Other,Health professional,Other / not reported,False,False,False,False,"SHENZHEN DONGDIXIN TECHNOLOGY CO, LTD.",INTENSITY,,70.0,SHENZHEN DONGDIXIN TECHNOLOGY
6742478,False,False,False,False,False,False,True,True,False,False,TENS (prescription),Injury,GZJ,2017-07-25,2017,,Distributor,Other,Health professional,Other / not reported,False,False,False,False,"SHENZHEN DONGDIXIN TECHNOLOGY CO, LTD.",INTENSITY,,66.0,SHENZHEN DONGDIXIN TECHNOLOGY
6742396,False,False,False,False,True,False,True,True,True,False,TENS (prescription),Injury,GZJ,2017-07-25,2017,,Distributor,Other,Health professional,Other / not reported,False,False,False,False,"SHENZHEN DONGDIXIN TECHNOLOGY CO, LTD.",INTENSITY,,69.0,SHENZHEN DONGDIXIN TECHNOLOGY
6742235,False,False,False,False,False,False,True,True,False,False,TENS (prescription),Injury,GZJ,2017-07-25,2017,,Distributor,Other,Health professional,Other / not reported,False,False,False,False,"SHENZHEN DONGDIXIN TECHNOLOGY CO, LTD.",INTENSITY,,43.0,SHENZHEN DONGDIXIN TECHNOLOGY
6742042,False,False,False,False,True,False,True,True,True,False,TENS (prescription),Injury,GZJ,2017-07-25,2017,,Distributor,Other,Health professional,Other / not reported,False,False,False,False,"SHENZHEN DONGDIXIN TECHNOLOGY CO, LTD.",INTENSITY,,71.0,SHENZHEN DONGDIXIN TECHNOLOGY
6740206,False,False,False,False,False,False,True,True,False,False,Powered exoskeleton,Malfunction,PHL,2017-07-25,2017,,Hospital / user facility,Clinic / outpatient / rehab,Health professional,Clinician,False,False,False,False,EKSO BIONICS,EKSO,5.0,50.0,EKSO BIONICS
6726161,False,False,False,False,False,False,True,True,False,False,TENS (prescription),Injury,GZJ,2017-07-19,2017,,Distributor,Other,Patient / lay user,Other / not reported,True,False,False,False,"SHENZHEN DONGDIXIN TECHNOLOGY CO, LTD.",INTENSITY,,49.0,SHENZHEN DONGDIXIN TECHNOLOGY
6726003,False,False,False,False,False,False,True,True,False,False,TENS (prescription),Injury,GZJ,2017-07-19,2017,,Distributor,Home,Patient / lay user,Patient / family,True,False,False,False,"SHENZHEN DONGDIXIN TECHNOLOGY CO, LTD.",ACCURELIEF,,,SHENZHEN DONGDIXIN TECHNOLOGY
6717221,False,False,True,True,False,False,True,True,True,True,Powered muscle stimulator,Injury,IPF,2017-07-13,2017,,Voluntary (patient or clinician),Not reported,Other,Patient / family,False,False,False,False,X-BODY INTERNATIONAL,X BODY,,55.0,X BODY INTERNATIONAL
6714110,False,False,False,False,False,False,True,True,False,False,TENS (prescription),Injury,GZJ,2017-07-12,2017,,Voluntary (patient or clinician),Not reported,Patient / lay user,Patient / family,True,False,False,False,,TENS,,47.0,Not reported
6710824,False,False,False,False,False,False,True,True,False,False,TENS (prescription),Injury,GZJ,2017-07-13,2017,,Distributor,Home,Patient / lay user,Patient / family,True,False,False,False,"SHENZHEN DONGDIXIN TECHNOLOGY CO, LTD.",ACCURELIEF,,,SHENZHEN DONGDIXIN TECHNOLOGY
6710224,False,False,False,False,False,False,True,True,False,False,TENS (prescription),Injury,GZJ,2017-07-13,2017,,Distributor,Other,Health professional,Other / not reported,False,False,False,False,"SHENZHEN DONGDIXIN TECHNOLOGY CO, LTD.",ROSCOE MEDICAL,,45.0,SHENZHEN DONGDIXIN TECHNOLOGY
6710185,False,False,False,False,False,False,True,True,False,False,TENS (prescription),Injury,GZJ,2017-07-13,2017,,Distributor,Other,Health professional,Other / not reported,False,False,False,False,"SHENZHEN DONGDIXIN TECHNOLOGY CO, LTD.",ROSCOE MEDICAL,,22.0,SHENZHEN DONGDIXIN TECHNOLOGY
6705177,False,False,False,False,False,False,True,True,False,False,TENS (over-the-counter),Injury,NUH,2017-07-12,2017,,Manufacturer,Not reported,Other,Patient / family,False,False,False,False,CHATTEM,ICY HOT SMART RELIEF TENS THERAPY,,66.0,CHATTEM
6704027,False,False,False,True,False,False,False,True,True,True,TENS (over-the-counter),Injury,NUH,2017-07-11,2017,,Manufacturer,Not reported,Not reported,Other / not reported,False,False,False,True,"HOLLYWOG, LLC",WITOUCH,1.8,,HOLLYWOG
6691763,False,False,False,False,False,False,True,True,False,False,TENS (prescription),Injury,GZJ,2017-07-06,2017,,Distributor,Home,Patient / lay user,Other / not reported,True,False,False,False,"SHENZHEN DONGDIXIN TECHNOLOGY CO, LTD.",TENS 7000 DIGITAL,,19.0,SHENZHEN DONGDIXIN TECHNOLOGY
6681502,False,False,False,False,True,False,False,True,True,False,Powered exoskeleton,Injury,PHL,2017-06-30,2017,,Manufacturer,Other,Patient / lay user,Other / not reported,True,False,False,True,REWALK ROBOTICS LTD.,REWALK PERSONAL,0.7,36.0,REWALK ROBOTICS
6681151,False,False,False,False,False,False,True,True,False,False,TENS (prescription),Injury,GZJ,2017-06-30,2017,,Distributor,Home,Patient / lay user,Patient / family,True,False,False,False,"SHENZHEN DONGDIXIN TECHNOLOGY CO, LTD.",LG,,44.0,SHENZHEN DONGDIXIN TECHNOLOGY
6655681,False,False,False,False,False,False,True,True,False,False,TENS (prescription),Injury,GZJ,2017-06-20,2017,,Distributor,Clinic / outpatient / rehab,Health professional,Clinician,False,False,False,False,"SHENZHEN DONGDIXIN TECHNOLOGY CO, LTD.",INTENSITY EX4 W/ THERAPY CART,,55.0,SHENZHEN DONGDIXIN TECHNOLOGY
6635587,False,False,False,False,False,False,True,True,False,False,TENS (over-the-counter),Injury,NUH,2017-06-12,2017,,Manufacturer,Not reported,Patient / lay user,Patient / family,True,False,False,False,"OMRON (DALIAN) CO., LTD. (PLANT 2)",OMORN MAX POWER RELIEF,0.8,,OMRON
6630314,False,False,False,False,True,False,False,True,True,False,TENS (prescription),Injury,GZJ,2017-06-09,2017,,Distributor,Other,Patient / lay user,Clinician,True,False,False,False,"SHENZHEN DONGDIXIN TECHNOLOGY CO, LTD.",INTENSITY 10 DIGITAL TENS,,27.0,SHENZHEN DONGDIXIN TECHNOLOGY
6630243,False,False,False,False,True,False,False,True,True,False,TENS (prescription),Injury,GZJ,2017-06-09,2017,,Distributor,Other,Patient / lay user,Clinician,True,False,False,False,"SHENZHEN DONGDIXIN TECHNOLOGY CO, LTD.",INTENSITY 10 DIGITAL TENS,,27.0,SHENZHEN DONGDIXIN TECHNOLOGY
6629035,False,False,False,False,False,False,True,True,False,False,TENS (over-the-counter),Injury,NUH,2017-06-09,2017,,Manufacturer,Not reported,Patient / lay user,Patient / family,True,False,False,False,CHATTEM,ICY HOT SMART RELIEF TENS BACK PAIN THERAPY,,,CHATTEM
6621552,False,False,False,False,True,False,False,True,True,False,Powered exercise equipment (incl. CPM),Malfunction,BXB,2017-06-08,2017,,Manufacturer,Not reported,Health professional,Other / not reported,False,True,False,False,"ALTERG, INC.",ANTI-GRAVITY TREADMILL,,74.0,ALTERG
6609644,False,False,False,False,False,False,True,True,False,False,Powered exercise equipment (incl. CPM),Malfunction,BXB,2017-06-02,2017,,Manufacturer,Not reported,Health professional,Clinician,False,True,False,True,"BTE TECHNOLOGIES, INC.",SIMULATOR,,,BTE TECHNOLOGIES
6604533,False,False,False,False,False,False,True,True,False,False,TENS (over-the-counter),Injury,NUH,2017-05-29,2017,,Voluntary (patient or clinician),Not reported,Not reported,Patient / family,False,False,False,False,"NEUROMETRIX, INC.",QUELL,,59.0,NEUROMETRIX
6595500,False,False,False,False,False,False,True,True,False,False,TENS (prescription),Injury,GZJ,2017-05-26,2017,,Distributor,Other,Patient / lay user,Other / not reported,True,False,False,False,"SHENZHEN DONGDIXIN TECHNOLOGY CO, LTD.",INTENSITY 10 DIGITAL TENS,,42.0,SHENZHEN DONGDIXIN TECHNOLOGY
6585029,False,True,True,False,True,False,False,True,True,True,TENS (prescription),Injury,GZJ,2017-05-20,2017,,Voluntary (patient or clinician),Not reported,Other,Patient / family,False,False,False,False,NERVO CORP.,NERVO SENZA SYSTEM,,71.0,NERVO
6575409,False,False,False,False,False,False,True,True,False,False,TENS (prescription),Injury,GZJ,2017-05-18,2017,,Distributor,Home,Patient / lay user,Other / not reported,True,False,False,False,"SHENZHEN DONGDIXIN TECHNOLOGY CO, LTD.",INTENSITY 10 DIGITAL TENS,,55.0,SHENZHEN DONGDIXIN TECHNOLOGY
6563224,False,False,False,False,False,False,True,True,False,False,TENS (prescription),Injury,GZJ,2017-05-12,2017,,Distributor,Home,Patient / lay user,Other / not reported,True,False,False,False,"SHENZHEN DONGDIXIN TECHNOLOGY CO, LTD.",INTENSITY 10 DIGITAL TENS,,29.0,SHENZHEN DONGDIXIN TECHNOLOGY
6563171,False,False,False,False,False,False,True,True,False,False,TENS (prescription),Injury,GZJ,2017-05-12,2017,,Distributor,Clinic / outpatient / rehab,Health professional,Clinician,False,False,False,False,"SHENZHEN DONGDIXIN TECHNOLOGY CO, LTD.",QUATTRO 2.5,,70.0,SHENZHEN DONGDIXIN TECHNOLOGY
6563110,False,False,False,False,False,False,True,True,False,False,TENS (prescription),Injury,GZJ,2017-05-12,2017,,Distributor,Clinic / outpatient / rehab,Health professional,Clinician,False,False,False,False,"SHENZHEN DONGDIXIN TECHNOLOGY CO, LTD.",QUATTRO 2.5,,65.0,SHENZHEN DONGDIXIN TECHNOLOGY
6562292,False,False,False,False,False,False,True,True,False,False,TENS (prescription),Injury,GZJ,2017-05-11,2017,,Distributor,Clinic / outpatient / rehab,Health professional,Clinician,False,False,False,False,"SHENZHEN DONGDIXIN TECHNOLOGY CO, LTD.",QUATTRO 2.5,,50.0,SHENZHEN DONGDIXIN TECHNOLOGY
6550912,False,False,False,False,False,False,True,True,False,False,TENS (over-the-counter),Injury,NUH,2017-05-08,2017,,Manufacturer,Not reported,Patient / lay user,Patient / family,True,False,False,False,CHATTEM,ICY HOT SMART RELIEF TENS THERAPY BACK PAIN THERAPY,,,CHATTEM
6457545,False,False,False,False,False,False,True,True,False,False,TENS (over-the-counter),Injury,NUH,2017-04-04,2017,,Manufacturer,Not reported,Patient / lay user,Other / not reported,True,False,False,False,BAYER HEALTHCARE LLC,ALEVE DIRECT THERAPY TENS,,49.0,BAYER HEALTHCARE
6450615,False,False,False,False,True,False,False,True,True,False,Powered muscle stimulator,Injury,IPF,2017-03-30,2017,,Voluntary (patient or clinician),Not reported,Other,Patient / family,False,False,False,False,MIHA BODYTEC,ELECTRONIC MUSCLE STIMULATOR,,55.0,MIHA BODYTEC
6449267,False,False,False,False,False,False,True,True,False,False,Powered exercise equipment (incl. CPM),Injury,BXB,2017-03-31,2017,,Hospital / user facility,Hospital,Health professional,Other / not reported,False,False,False,False,"HILL-ROM, INC.",ARTROMOT K3,5.0,,HILL ROM
6442666,False,False,False,False,True,False,True,True,True,False,TENS (prescription),Injury,GZJ,2017-03-29,2017,,Distributor,Other,Health professional,Other / not reported,False,False,False,False,"SHENZHEN DONGDIXIN TECHNOLOGY CO, LTD.",INTENSITY CX4 W/THERAPY CART,1.2,,SHENZHEN DONGDIXIN TECHNOLOGY
6440647,False,False,False,False,False,False,True,True,False,False,TENS (prescription),Injury,GZJ,2017-03-28,2017,,Distributor,Clinic / outpatient / rehab,Health professional,Other / not reported,False,False,False,False,"SHENZHEN DONGDIXIN TECHNOLOGY CO, LTD.",QUATTRO 2.5,0.5,54.0,SHENZHEN DONGDIXIN TECHNOLOGY
6440604,False,False,False,False,False,False,True,True,False,False,TENS (prescription),Injury,GZJ,2017-03-28,2017,,Distributor,Clinic / outpatient / rehab,Health professional,Other / not reported,False,False,False,False,"SHENZHEN DONGDIXIN TECHNOLOGY CO, LTD.",QUATTRO 2.5,0.5,69.0,SHENZHEN DONGDIXIN TECHNOLOGY
6440473,False,False,False,False,False,False,True,True,False,False,TENS (prescription),Injury,GZJ,2017-03-28,2017,,Distributor,Home,Patient / lay user,Other / not reported,True,False,False,False,"SHENZHEN DONGDIXIN TECHNOLOGY CO, LTD.",INTENSITY 10 DIGITAL TENS,0.5,74.0,SHENZHEN DONGDIXIN TECHNOLOGY
6437680,False,False,False,False,True,False,True,True,True,False,TENS (prescription),Injury,GZJ,2017-03-27,2017,,Distributor,Home,Patient / lay user,Other / not reported,True,False,False,False,"SHENZHEN DONGDIXIN TECHNOLOGY CO, LTD.",INTENSITY 10 DIGITAL TENS,0.9,22.0,SHENZHEN DONGDIXIN TECHNOLOGY
6437223,False,False,False,False,True,False,False,True,True,False,TENS (prescription),Injury,GZJ,2017-03-27,2017,,Distributor,Home,Patient / lay user,Other / not reported,True,False,False,False,"SHENZHEN DONGDIXIN TECHNOLOGY CO, LTD.",INTENSITY 10 DIGITAL TENS,0.8,48.0,SHENZHEN DONGDIXIN TECHNOLOGY
6433902,False,False,False,False,True,False,False,True,True,False,TENS (prescription),Injury,GZJ,2017-03-24,2017,,Distributor,Home,Patient / lay user,Other / not reported,True,False,False,False,"SHENZHEN DONGDIXIN TECHNOLOGY CO, LTD.",INTENSITY 10 DIGITAL TENS,0.9,42.0,SHENZHEN DONGDIXIN TECHNOLOGY
6420804,False,False,False,False,False,False,True,True,False,False,TENS (prescription),Injury,GZJ,2017-03-21,2017,,Distributor,Home,Patient / lay user,Patient / family,True,False,False,False,"SHENZHEN DONGDIXIN TECHNOLOGY CO, LTD.",LG PRO SERIES 2ND EDITION ULTRASOUND,,44.0,SHENZHEN DONGDIXIN TECHNOLOGY
6391184,False,False,False,False,False,False,True,True,False,False,TENS (prescription),Injury,GZJ,2017-03-09,2017,,Distributor,Clinic / outpatient / rehab,Health professional,Other / not reported,False,False,False,False,"SHENZHEN DONGDIXIN TECHNOLOGY CO, LTD.",QUATTRO 2.5,2.9,46.0,SHENZHEN DONGDIXIN TECHNOLOGY
6373445,False,False,False,False,True,False,True,True,True,False,TENS (over-the-counter),Injury,NUH,2017-03-02,2017,,Manufacturer,Not reported,Patient / lay user,Other / not reported,True,False,False,True,BAYER HEALTHCARE LLC,ALEVE DIRECT THERAPY TENS,,44.0,BAYER HEALTHCARE
6373420,False,False,False,False,False,False,True,True,False,False,TENS (over-the-counter),Injury,NUH,2017-03-02,2017,,Manufacturer,Not reported,Patient / lay user,Other / not reported,True,False,False,False,BAYER HEALTHCARE LLC,ALEVE DIRECT THERAPY TENS,,58.0,BAYER HEALTHCARE
6373336,False,False,False,False,True,False,True,True,True,False,TENS (over-the-counter),Injury,NUH,2017-03-02,2017,,Manufacturer,Not reported,Patient / lay user,Other / not reported,True,False,False,True,BAYER HEALTHCARE LLC,ALEVE DIRECT THERAPY TENS,,76.0,BAYER HEALTHCARE
6373325,False,False,False,False,True,False,True,True,True,False,TENS (over-the-counter),Injury,NUH,2017-03-02,2017,,Manufacturer,Not reported,Patient / lay user,Other / not reported,True,False,False,False,"BAYER HEALTHCARE LLC, CONSUMER CARE",ALEVE DIRECT THERAPY TENS,,,BAYER HEALTHCARE
6314472,False,False,False,False,False,False,False,False,False,False,Powered exoskeleton,Malfunction,PHL,2017-02-09,2017,,Manufacturer,Not reported,Health professional,Clinician,False,True,False,True,PARKER HANNIFIN HUMAN MOTION AND CONTROL,INDEGO,,25.0,PARKER HANNIFIN
6289732,False,False,False,False,False,False,True,True,False,False,TENS (over-the-counter),Injury,NUH,2017-01-31,2017,,Manufacturer,Not reported,Patient / lay user,Patient / family,True,False,False,False,CHATTEM,ICY HOT SMART RELIEF TENS BACK PAIN THERAPY,,,CHATTEM
6263050,False,False,False,False,False,False,True,True,False,False,TENS (over-the-counter),Injury,NUH,2017-01-18,2017,,Voluntary (patient or clinician),Not reported,Not reported,Patient / family,False,False,False,False,"NEUROMETRIX, INC.",QUELL WEARABLE PAIN RELIEF,,61.0,NEUROMETRIX
6261109,False,False,False,False,False,False,True,True,False,False,TENS (prescription),Injury,GZJ,2017-01-18,2017,,Manufacturer,Not reported,Health professional,Clinician,False,False,False,True,"ITO CO., LTD. TSUKUBA FACTORY",EU-940,,,ITO TSUKUBA FACTORY
6249592,False,False,False,False,False,False,True,True,False,False,TENS (prescription),Injury,GZJ,2017-01-13,2017,,Distributor,Clinic / outpatient / rehab,Other,Other / not reported,False,False,False,False,,,0.8,50.0,Not reported
6227185,False,False,False,False,True,False,False,True,True,False,Powered exoskeleton,Injury,PHL,2017-01-05,2017,,Manufacturer,Clinic / outpatient / rehab,Patient / lay user,Clinician,True,False,False,False,REWALK ROBOTICS LTD.,REWALK PERSONAL,1.2,49.0,REWALK ROBOTICS
6226533,False,False,False,False,True,False,True,True,True,False,TENS (prescription),Injury,GZJ,2017-01-05,2017,,Distributor,Other,Health professional,Clinician,False,False,False,False,"SHENZHEN DONGDIXIN TECHNOLOGY CO, LTD.",INTENSITY EX4 PROFESSIONAL SERIES,0.4,35.0,SHENZHEN DONGDIXIN TECHNOLOGY
6224006,False,False,False,False,True,False,False,True,True,False,Powered exoskeleton,Injury,PHL,2017-01-04,2017,,Manufacturer,Clinic / outpatient / rehab,Patient / lay user,Other / not reported,True,False,False,False,REWALK ROBOTICS LTD.,REWALK (EITHER PERSONAL OR REHABILITATION),,,REWALK ROBOTICS
6224003,False,False,False,False,True,False,False,True,True,False,Powered exoskeleton,Injury,PHL,2017-01-04,2017,,Manufacturer,Clinic / outpatient / rehab,Patient / lay user,Other / not reported,True,False,False,False,REWALK ROBOTICS LTD.,REWALK PERSONAL 5.0,2.0,,REWALK ROBOTICS
6223899,False,False,False,False,True,False,True,True,True,False,TENS (prescription),Injury,GZJ,2017-01-04,2017,,Distributor,Other,Health professional,Clinician,False,False,False,False,"SHENZHEN DONGDIXIN TECHNOLOGY CO, LTD.",INTENSITY EX4 PROFESSIONAL SERIES,0.4,77.0,SHENZHEN DONGDIXIN TECHNOLOGY
6223771,False,False,False,False,True,False,True,True,True,False,TENS (prescription),Injury,GZJ,2017-01-04,2017,,Distributor,Other,Health professional,Clinician,False,False,False,False,"SHENZHEN DONGDIXIN TECHNOLOGY CO, LTD.",INTENSITY EX3 PROFESSIONAL SERIES,0.4,25.0,SHENZHEN DONGDIXIN TECHNOLOGY
6169929,False,False,False,False,False,False,True,True,False,False,TENS (prescription),Injury,GZJ,2016-12-13,2016,,Distributor,Clinic / outpatient / rehab,Health professional,Clinician,False,False,False,False,"SHENZHEN DONGDIXIN TECHNOTOLOGY CO., LTD",ROSCOE MEDICAL QUATTRO,1.8,29.0,SHENZHEN DONGDIXIN TECHNOLOGY
6169923,False,False,False,False,False,False,True,True,False,False,TENS (prescription),Injury,GZJ,2016-12-13,2016,,Distributor,Clinic / outpatient / rehab,Health professional,Clinician,False,False,False,False,"SHENZHEN DONGDIXIN TECHNOTOLOGY CO., LTD",ROSCOE MEDICAL QUATTRO,1.8,54.0,SHENZHEN DONGDIXIN TECHNOLOGY
6169918,False,False,False,False,False,False,True,True,False,False,TENS (prescription),Injury,GZJ,2016-12-13,2016,,Distributor,Clinic / outpatient / rehab,Health professional,Clinician,False,False,False,False,"SHENZHEN DONGDIXIN TECHNOTOLOGY CO., LTD",ROSCOE MEDICAL QUATTRO,1.8,35.0,SHENZHEN DONGDIXIN TECHNOLOGY
6169917,False,False,False,False,False,False,True,True,False,False,TENS (prescription),Injury,GZJ,2016-12-13,2016,,Distributor,Clinic / outpatient / rehab,Health professional,Clinician,False,False,False,False,"SHENZHEN DONGDIXIN TECHNOTOLOGY CO., LTD",ROSCOE MEDICAL QUATTRO,1.8,29.0,SHENZHEN DONGDIXIN TECHNOLOGY
6169912,False,False,False,False,False,False,True,True,False,False,TENS (prescription),Injury,GZJ,2016-12-13,2016,,Distributor,Clinic / outpatient / rehab,Health professional,Clinician,False,False,False,False,"SHENZHEN DONGDIXIN TECHNOTOLOGY CO., LTD",ROSCOE MEDICAL QUATTRO,1.8,28.0,SHENZHEN DONGDIXIN TECHNOLOGY
6158926,False,False,False,False,True,False,False,True,True,False,Powered exoskeleton,Injury,PHL,2016-12-09,2016,,Manufacturer,Clinic / outpatient / rehab,Patient / lay user,Clinician,True,False,False,False,REWALK ROBOTICS LTD.,REWALK PERSONAL,0.5,,REWALK ROBOTICS
6156331,False,False,False,False,True,False,False,True,True,False,Powered exoskeleton,Injury,PHL,2016-12-08,2016,,Manufacturer,Clinic / outpatient / rehab,Patient / lay user,Other / not reported,True,False,False,False,REWALK ROBOTICS LTD.,REWALK PERSONAL,,57.0,REWALK ROBOTICS
6147520,False,False,False,False,False,False,False,False,False,False,TENS (over-the-counter),Injury,NUH,2016-12-04,2016,,Voluntary (patient or clinician),Not reported,Patient / lay user,Patient / family,True,False,False,False,NEUROMETRIX,QUELL PAIN RELIEF,,65.0,NEUROMETRIX
6146349,False,False,False,False,True,False,False,True,True,False,Powered exoskeleton,Injury,PHL,2016-12-05,2016,,Manufacturer,Clinic / outpatient / rehab,Patient / lay user,Clinician,True,False,False,False,REWALK ROBOTICS LTD,REWALK REHABILITATION,3.9,44.0,REWALK ROBOTICS
6142528,False,False,False,False,True,False,False,True,True,False,Powered exoskeleton,Injury,PHL,2016-12-02,2016,,Manufacturer,Not reported,Patient / lay user,Clinician,True,False,False,False,"REWALK ROBOTICS MARLBOROUGH, MA",REWALK PERSONAL,,54.0,REWALK ROBOTICS
6140212,False,False,False,False,False,False,True,True,False,False,TENS (prescription),Injury,GZJ,2016-12-01,2016,,Distributor,Home,Patient / lay user,Other / not reported,True,False,False,False,"SHENZHEN DONGDIXIN TECHNOLOGY CO, LTD.",INTENSITY IF COMBO (TENS/IF),0.6,47.0,SHENZHEN DONGDIXIN TECHNOLOGY
6120699,False,False,False,False,False,False,True,True,False,False,Powered muscle stimulator,Malfunction,IPF,2016-11-22,2016,,Hospital / user facility,Clinic / outpatient / rehab,Not reported,Other / not reported,False,False,False,False,"DJO, LLC.",VECTRA GENYSIS,,54.0,DJO
6084069,False,False,False,False,True,False,True,True,True,False,TENS (prescription),Injury,GZJ,2016-11-07,2016,,Distributor,Other,Patient / lay user,Patient / family,True,False,False,False,"SHENZHEN DONGDIXIN TECHNOLOGY CO, LTD.",LG 8TM ELITE,,,SHENZHEN DONGDIXIN TECHNOLOGY
6077718,False,False,False,False,True,False,False,True,True,False,TENS (prescription),Injury,GZJ,2016-11-03,2016,,Distributor,Home,Patient / lay user,Patient / family,True,False,False,False,"SHENZHEN DONGDIXIN TECHNOLOGY CO, LTD.",ACCURELIEF WIRELESS REMOTE CONTROL TENS,,51.0,SHENZHEN DONGDIXIN TECHNOLOGY
6059933,False,False,False,False,False,False,True,True,False,False,TENS (over-the-counter),Injury,NUH,2016-10-27,2016,,Manufacturer,Not reported,Patient / lay user,Clinician,True,False,False,False,CHATTEM,SMART RELIEF TENS THERAPY KNEE AND SHOULDER,,49.0,CHATTEM
6042756,False,False,False,False,True,False,False,True,True,False,TENS (prescription),Injury,GZJ,2016-10-19,2016,,Distributor,Clinic / outpatient / rehab,Health professional,Clinician,False,False,False,False,"SHENZHEN DONGDIXIN TECHNOLOGY CO, LTD.",QUATTRO 2.5,0.8,35.0,SHENZHEN DONGDIXIN TECHNOLOGY
6034809,False,False,False,False,False,False,True,True,False,False,TENS (prescription),Injury,GZJ,2016-10-17,2016,,Distributor,Home,Other,Other / not reported,True,False,False,False,"SHENZHEN DONGDIXIN TECHNOLOGY CO, LTD.",INTENSITY 10 DIGITAL TENS,0.2,65.0,SHENZHEN DONGDIXIN TECHNOLOGY
6034680,False,False,False,False,False,False,False,False,False,False,Powered exercise equipment (incl. CPM),Malfunction,BXB,2016-10-17,2016,,Manufacturer,Not reported,Not reported,Clinician,False,True,False,True,GORBEL INC.,SAFEGAIT 360°,,79.0,GORBEL
6026815,False,False,False,True,False,False,False,True,True,True,TENS (over-the-counter),Malfunction,NUH,2016-10-13,2016,,Manufacturer,Not reported,Not reported,Other / not reported,False,False,False,True,"HOLLYWOG, LLC",WITOUCH,0.8,50.0,HOLLYWOG
6002826,False,False,False,True,True,False,False,True,True,True,TENS (prescription),Injury,GZJ,2016-10-04,2016,,Voluntary (patient or clinician),Not reported,Patient / lay user,Patient / family,True,False,False,False,FISCHER WALLACE LABORATORIES,FISCHER WALLACE STIMULATOR,,34.0,FISCHER WALLACE LABORATORIES
6002767,False,False,False,False,False,False,True,True,False,False,TENS (over-the-counter),Malfunction,NUH,2016-10-04,2016,,Voluntary (patient or clinician),Not reported,Not reported,Clinician,False,False,False,False,PAIN MANAGEMENT TECHNOLOGIES,TENS UNIT,,83.0,PAIN MANAGEMENT TECHNOLOGIES
5997905,False,False,False,False,False,False,True,True,False,False,TENS (prescription),Injury,GZJ,2016-10-04,2016,,Distributor,Home,Patient / lay user,Clinician,True,False,False,False,"SHENZHEN DONGDIXIN TECHNOLOGY CO, LTD.",INTENSITY 10 DIGITAL TENS,0.5,37.0,SHENZHEN DONGDIXIN TECHNOLOGY
5949508,False,False,False,False,False,False,True,True,False,False,TENS (prescription),Injury,GZJ,2016-09-14,2016,,Distributor,Home,Patient / lay user,Facility staff / admin,True,False,False,False,"EVERYWAY MEDICAL INSTRUMENTS CO., LTD",DRIVE MEDICAL,0.5,47.0,EVERYWAY MEDICAL INSTRUMENTS
5947823,False,False,False,False,True,False,True,True,True,False,TENS (prescription),Injury,GZJ,2016-09-13,2016,,Distributor,Other,Patient / lay user,Other / not reported,True,False,False,False,"SHENZHEN DONGDIXIN TECHNOLOGY CO, LTD.",TENS 3000 ANALOG,0.2,39.0,SHENZHEN DONGDIXIN TECHNOLOGY
5947554,False,False,False,False,True,False,True,True,True,False,TENS (prescription),Injury,GZJ,2016-09-13,2016,,Distributor,Other,Health professional,Clinician,False,False,False,False,"SHENZHEN DONGDIXIN TECHNOLOGY CO, LTD.",INTENSITY CX4 PROFESSIONAL SERIES,0.8,,SHENZHEN DONGDIXIN TECHNOLOGY
5940958,False,False,False,False,False,False,True,True,False,False,TENS (prescription),Injury,GZJ,2016-09-09,2016,,Distributor,Home,Patient / lay user,Patient / family,True,False,False,False,"SHENZHEN DONGDIXIN TECHNOLOGY CO, LTD.",LG 8TM ELITE,0.7,48.0,SHENZHEN DONGDIXIN TECHNOLOGY
5918547,False,False,True,False,False,False,False,True,True,True,TENS (prescription),Injury,GZJ,2016-08-31,2016,,Voluntary (patient or clinician),Not reported,Not reported,Patient / family,False,False,False,False,MEDTRONIC,NEUROSTIMULATOR,,47.0,MEDTRONIC
5913389,False,False,False,False,False,False,False,False,False,False,TENS (over-the-counter),Injury,NUH,2016-08-25,2016,,Voluntary (patient or clinician),Not reported,Patient / lay user,Patient / family,True,False,False,False,SANFONS COMPANY. DISTRIBUTED BY CHATTEN INC.,"ICY HOT SMART RELIEF TENS THERAPY, PAIN THERAPY KIT",,62.0,SANFONS DISTRIBUTED BY CHATTEN
5885336,False,False,False,False,False,False,True,True,False,False,Powered muscle stimulator,Malfunction,IPF,2016-08-18,2016,,Hospital / user facility,Other,Not reported,Other / not reported,False,False,False,False,CHATTANOOGA GROUP,VECTRA GENISYS 2 CH,2.0,81.0,CHATTANOOGA GROUP
5854562,False,False,False,True,False,False,False,True,True,True,TENS (over-the-counter),Injury,NUH,2016-08-08,2016,,Manufacturer,Home,Not reported,Other / not reported,True,False,False,True,"HOLLYWOG, LLC",WITOUCH,,,HOLLYWOG
5841376,False,False,False,False,True,False,True,True,True,False,TENS (prescription),Injury,GZJ,2016-08-02,2016,,Distributor,Home,Patient / lay user,Other / not reported,True,False,False,False,"SHENZHEN DONGDIXIN TECHNOLOGY CO, LTD.",INTENSITY 10 DIGITAL TENS,,55.0,SHENZHEN DONGDIXIN TECHNOLOGY
5808283,False,False,False,False,False,False,True,True,False,False,TENS (prescription),Injury,GZJ,2016-07-20,2016,,Distributor,Other,Health professional,Clinician,False,False,False,False,"SHENZHEN DONGDIXIN TECHNOLOGY CO, LTD.",COMBOCARE E-STIM AND ULTRASOUND COMBO,0.8,66.0,SHENZHEN DONGDIXIN TECHNOLOGY
5800266,False,False,False,False,False,False,True,True,False,False,TENS (prescription),Injury,GZJ,2016-07-16,2016,,Distributor,Home,Patient / lay user,Other / not reported,True,False,False,False,"SHENZHEN DONGDIXIN TECHNOLOGY CO, LTD.",INTENSITY 10 DIGITAL TENS,3.7,32.0,SHENZHEN DONGDIXIN TECHNOLOGY
5793129,False,False,True,False,False,False,False,True,True,True,Powered exercise equipment (incl. CPM),Injury,BXB,2016-07-13,2016,,Manufacturer,Not reported,Patient / lay user,Other / not reported,True,True,True,True,REX BIONICS LTD,REX REHAB,,50.0,REX BIONICS
5741230,False,False,False,True,False,False,True,True,True,True,Powered exercise equipment (incl. CPM),Injury,BXB,2016-06-17,2016,,Voluntary (patient or clinician),Not reported,Health professional,Patient / family,False,False,False,False,UNK,THE SHUTTLE,,53.0,Not reported
5700465,False,False,False,False,True,False,False,True,True,False,TENS (prescription),Injury,GZJ,2016-06-06,2016,,Distributor,Home,Patient / lay user,Other / not reported,True,False,False,False,"SHENZHEN DONGDIXIN TECHNOLOGY CO, LTD.",TENS 3000 ANALOG,0.5,79.0,SHENZHEN DONGDIXIN TECHNOLOGY
5695008,False,False,False,False,False,False,True,True,False,False,TENS (prescription),Injury,GZJ,2016-06-02,2016,,Distributor,Other,Health professional,Other / not reported,False,False,False,False,"SHENZHEN DONGDIXIN TECHNOLOGY CO, LTD.",INTENSITY EX4 PROFESSIONAL SERIES,0.9,36.0,SHENZHEN DONGDIXIN TECHNOLOGY
5674142,False,False,False,False,False,False,True,True,False,False,TENS (prescription),Injury,GZJ,2016-05-23,2016,,Distributor,Other,Health professional,Other / not reported,False,False,False,False,"SHENZHEN DONGDIXIN TECHNOLOGY CO, LTD.",INTENSITY EX4 PROFESSIONAL,0.9,41.0,SHENZHEN DONGDIXIN TECHNOLOGY
5674065,False,False,False,False,True,False,False,True,True,False,TENS (prescription),Injury,GZJ,2016-05-23,2016,,Distributor,Other,Health professional,Clinician,False,False,False,False,"SHENZHEN DONGDIXIN TECHNOLOGY CO, LTD.",QUATTRO 2.5,0.9,61.0,SHENZHEN DONGDIXIN TECHNOLOGY
5669214,False,False,False,False,False,False,True,True,False,False,TENS (over-the-counter),Injury,NUH,2016-05-20,2016,,Manufacturer,Not reported,Other,Patient / family,False,False,False,False,CHATTEM,SMART RELIEF TENS THERAPY KNEE AND SHOULDER,,,CHATTEM
5641908,False,False,False,False,False,False,True,True,False,False,TENS (prescription),Injury,GZJ,2016-05-09,2016,,Distributor,Other,Health professional,Clinician,False,False,False,False,"SHENZHEN DONGDIXIN TECHNOLOGY CO, LTD.",QUATTRO 2.5,1.8,40.0,SHENZHEN DONGDIXIN TECHNOLOGY
5636698,False,False,False,False,False,False,False,False,False,False,Powered muscle stimulator,Other,IPF,2016-05-04,2016,,Voluntary (patient or clinician),Not reported,Not reported,Other / not reported,False,False,False,False,HOMEDICS,HOMEDICS THERA-P MINI MASSAGER,,,HOMEDICS
5631082,False,False,False,False,False,False,True,True,False,False,TENS (prescription),Injury,GZJ,2016-05-04,2016,,Distributor,Clinic / outpatient / rehab,Health professional,Patient / family,False,False,False,True,"SHENZHEN DONGDIXIN TECHNOTOLOGY CO., LTD",INTENSITY 10,2.8,35.0,SHENZHEN DONGDIXIN TECHNOLOGY
5624499,False,False,False,False,False,False,True,True,False,False,TENS (prescription),Injury,GZJ,2016-05-03,2016,,Distributor,Home,Patient / lay user,Patient / family,True,False,False,False,"SHENZHEN DONGDIXIN TECHNOLOGY CO, LTD.",TENS 7000 DIGITAL,0.7,57.0,SHENZHEN DONGDIXIN TECHNOLOGY
5567858,False,False,False,False,True,False,True,True,True,False,TENS (prescription),Injury,GZJ,2016-04-11,2016,,Distributor,Home,Patient / lay user,Patient / family,True,False,False,False,"SHENZHEN DONGDIXIN TECHNOLOGY CO, LTD.",INTENSITY 10 DIGITAL TENS,0.8,44.0,SHENZHEN DONGDIXIN TECHNOLOGY
5549382,False,False,False,True,False,False,False,True,True,True,TENS (over-the-counter),Injury,NUH,2016-04-05,2016,,Manufacturer,Not reported,Patient / lay user,Other / not reported,True,False,False,False,"HOLLYWOG, LLC",WITOUCH,,61.0,HOLLYWOG
5540589,False,False,False,False,False,False,True,True,False,False,TENS (over-the-counter),Injury,NUH,2016-04-01,2016,,Manufacturer,Not reported,Patient / lay user,Patient / family,True,False,False,False,CHATTEM,SMART RELIEF TENS THERAPY BACK,,40.0,CHATTEM
5529887,False,False,False,False,False,False,True,True,False,False,Powered exercise equipment (incl. CPM),Injury,BXB,2016-03-28,2016,,Distributor,Clinic / outpatient / rehab,Health professional,Other / not reported,False,False,False,False,LPG SYSTEMS,CHATTANOOGA,,,LPG SYSTEMS
5520203,False,False,False,False,True,False,False,True,True,False,TENS (prescription),Injury,GZJ,2016-03-23,2016,,Distributor,Other,Other,Other / not reported,False,False,False,False,"SHENZHEN DONGDIXIN TECHNOLOGY CO, LTD.",QUATTRO 2.5,1.2,18.0,SHENZHEN DONGDIXIN TECHNOLOGY
5501616,False,False,False,False,False,False,True,True,False,False,Powered muscle stimulator,Injury,IPF,2016-03-15,2016,,Manufacturer,Not reported,Not reported,Other / not reported,False,False,False,False,"DJO, LLC",CHATTANOOGA,,,DJO
5498956,False,False,False,False,True,False,False,True,True,False,TENS (prescription),Injury,GZJ,2016-03-14,2016,,Distributor,Home,Patient / lay user,Other / not reported,True,False,False,False,"SHENZHEN DONGDIXIN TECHNOLOGY CO, LTD.",INTENSITY SELECT COMBO - TENS/IF/MIC/EMS,0.2,,SHENZHEN DONGDIXIN TECHNOLOGY
5487068,False,False,False,False,True,False,False,True,True,False,TENS (prescription),Injury,GZJ,2016-03-08,2016,,Distributor,Other,Health professional,Clinician,False,False,False,False,"SHENZHEN DONGDIXIN TECHNOTOLOGY CO., LTD",INTENSITY CX4 W/ THERAPY CART,0.5,59.0,SHENZHEN DONGDIXIN TECHNOLOGY
5470466,False,False,False,False,False,False,True,True,False,False,Powered exercise equipment (incl. CPM),Injury,BXB,2016-03-01,2016,,Manufacturer,Not reported,Other,Other / not reported,False,False,False,False,"DJO, LLC",,,,DJO
5416286,False,False,False,False,False,False,True,True,False,False,Powered exercise equipment (incl. CPM),Injury,BXB,2016-01-29,2016,,Distributor,Clinic / outpatient / rehab,Health professional,Clinician,False,False,False,False,MEDICA MEDIZINTECHNIK GMBH,OMNICYCLE,3.0,,MEDICA MEDIZINTECHNIK
5415676,False,False,False,False,False,False,True,True,False,False,TENS (over-the-counter),Injury,NUH,2016-02-08,2016,,Manufacturer,Not reported,Patient / lay user,Clinician,True,False,False,False,CHATTEM,ICY HOT SMART RELIEF TENS THERAPY,,,CHATTEM
5395593,False,False,False,False,False,False,True,True,False,False,TENS (over-the-counter),Injury,NUH,2016-01-28,2016,,Manufacturer,Not reported,Patient / lay user,Patient / family,True,False,False,False,CHATTEM,SMART RELIEF TENS THERAPY KNEE AND SHOULDER,,50.0,CHATTEM
5376486,False,False,False,False,False,False,True,True,False,False,Powered muscle stimulator,Injury,IPF,2016-01-12,2016,,Manufacturer,Not reported,Patient / lay user,Other / not reported,True,True,False,False,ZYNEX MEDICAL,ZYNEX,,,ZYNEX MEDICAL
5366369,False,False,False,False,False,False,True,True,False,False,Powered muscle stimulator,Injury,IPF,2016-01-08,2016,,Manufacturer,Not reported,Patient / lay user,Other / not reported,True,True,False,False,"ZYNEX MEDICAL, INC.",ZYNEX,,,ZYNEX MEDICAL
5366365,False,False,False,False,False,False,True,True,False,False,Powered muscle stimulator,Injury,IPF,2016-01-08,2016,,Manufacturer,Not reported,Patient / lay user,Other / not reported,True,True,False,False,"ZYNEX MEDICAL, INC.",ZYNEX,,,ZYNEX MEDICAL
5366363,False,False,False,False,False,False,True,True,False,False,Powered muscle stimulator,Injury,IPF,2016-01-08,2016,,Manufacturer,Not reported,Patient / lay user,Other / not reported,True,True,False,False,"ZYNEX MEDICAL, INC.",ZYNEX,,,ZYNEX MEDICAL
5365805,False,False,False,False,False,False,True,True,False,False,TENS (over-the-counter),Injury,NUH,2016-01-14,2016,,Manufacturer,Not reported,Patient / lay user,Patient / family,True,False,False,True,CHATTEM,ICY HOT SMART RELIEF TENS THERAPY,,,CHATTEM
5359627,False,False,False,False,False,False,True,True,False,False,TENS (over-the-counter),Injury,NUH,2016-01-12,2016,,Manufacturer,Not reported,Patient / lay user,Patient / family,True,False,False,False,CHATTEM,ICY HOT SMART RELIEF TENS THERAPY,,,CHATTEM
5344910,False,False,False,False,False,False,True,True,False,False,TENS (prescription),Injury,GZJ,2016-01-05,2016,,Distributor,Clinic / outpatient / rehab,Patient / lay user,Clinician,True,False,False,False,"SHENZHEN DONGDIXIN TECHNOLOGY CO, LTD.",INTENSITY 10 DIGITAL TENS,0.5,57.0,SHENZHEN DONGDIXIN TECHNOLOGY
50519866,False,False,False,False,True,False,False,True,True,False,TENS (prescription),Injury,GZJ,2026-08-31,2026,,Distributor,Clinic / outpatient / rehab,Health professional,Clinician,False,False,False,False,"Shenzhen Dongdixin Technology Co., Ltd.",Roscoe Medical Quattro 2.5,,,SHENZHEN DONGDIXIN TECHNOLOGY
50515584,False,False,False,True,False,False,True,True,True,True,TENS (prescription),Injury,GZJ,2026-08-31,2026,,Distributor,Clinic / outpatient / rehab,Health professional,Patient / family,False,False,False,False,"Shenzhen Dongdixin Technology Co., Ltd.",Richmar TheraTouch CX4 Combination E-stim/ Ultrasound Clinical Device (4-chan,,,SHENZHEN DONGDIXIN TECHNOLOGY
50476553,False,False,False,False,True,False,False,True,True,False,TENS (prescription),Injury,GZJ,2026-08-27,2026,,Distributor,Clinic / outpatient / rehab,Health professional,Patient / family,False,False,False,False,"Shenzhen Dongdixin Technology Co., Ltd.",Richmar TheraTouch EX4 E-stim Clinical Device (4-channel),,,SHENZHEN DONGDIXIN TECHNOLOGY
50156509,False,False,False,False,True,False,False,True,True,False,Powered exercise equipment (incl. CPM),Injury,BXB,2026-08-06,2026,,Manufacturer,Not reported,Health professional,Clinician,False,False,False,False,HOCOMA AG,Hocoma LokomatPro 6.3 FreeD AD,,23.0,HOCOMA
50080267,False,False,False,False,True,False,False,True,True,False,Powered exoskeleton,Injury,PHL,2026-07-30,2026,,Manufacturer,Not reported,Health professional,Clinician,False,False,False,False,Lifeward Ltd.,ReWalk Personal P6.0,,41.0,REWALK ROBOTICS
50060133,False,True,False,False,False,False,False,True,True,True,Powered muscle stimulator,Injury,IPF,2026-07-18,2026,,Voluntary (patient or clinician),Not reported,Not reported,Patient / family,False,False,False,False,UNKNOWN,Manduu,,69.0,Not reported
25871488,False,False,False,False,False,False,False,False,False,False,Powered muscle stimulator,Malfunction,IPF,2026-07-20,2026,,Voluntary (patient or clinician),Not reported,Not reported,Patient / family,False,False,False,False,NEURALINK CORP.,"STIMULATOR, MUSCLE, POWERED",,55.0,NEURALINK
25668009,False,False,False,False,False,False,True,True,False,False,TENS (prescription),Injury,GZJ,2026-06-30,2026,,Voluntary (patient or clinician),Not reported,Not reported,Patient / family,False,False,False,False,NEUROMD MEDICAL TECHNOLOGIES,NEUROMD FOR BACK PAIN,,53.0,NEUROMD MEDICAL TECHNOLOGIES
25667984,False,False,False,False,False,False,True,True,False,False,TENS (prescription),Injury,GZJ,2026-06-30,2026,,Voluntary (patient or clinician),Not reported,Not reported,Patient / family,False,False,False,False,NEUROMD MEDICAL TECHNOLOGIES,NEUROMD WHOLE BODY CORRECTIVE THERAPY DEVICE,,53.0,NEUROMD MEDICAL TECHNOLOGIES
25600033,False,False,False,False,False,False,True,True,False,False,TENS (prescription),Injury,GZJ,2026-06-23,2026,,Manufacturer,Not reported,Patient / lay user,Other / not reported,True,True,False,False,BIOWAVE CORP.,BIOWAVE CORPORATION,,44.0,BIOWAVE
25573080,False,False,False,False,False,False,True,True,False,False,TENS (prescription),Injury,GZJ,2026-06-22,2026,,Manufacturer,Not reported,Health professional,Patient / family,False,False,False,False,"SHENZHEN DONGDIXIN TECHNOLOGY CO., LTD.",ROSCOE,,,SHENZHEN DONGDIXIN TECHNOLOGY
25531873,False,False,False,False,False,False,False,False,False,False,Powered muscle stimulator,Malfunction,IPF,2026-06-17,2026,,Voluntary (patient or clinician),Not reported,Not reported,Patient / family,False,False,False,False,PULSETTO,PULSETTO,,38.0,PULSETTO
25351110,False,False,False,False,False,False,True,True,False,False,Powered muscle stimulator,Injury,IPF,2026-06-01,2026,,Voluntary (patient or clinician),Not reported,Not reported,Patient / family,False,False,False,False,PULSETTO,PULSETTO FIT VAGUS NERVE STIMULATOR,,,PULSETTO
25347121,False,False,False,False,False,False,False,False,False,False,TENS (over-the-counter),Injury,NUH,2026-06-01,2026,,Voluntary (patient or clinician),Not reported,Not reported,Other / not reported,False,False,False,False,TENSCARE LTD.,TENS UNIT,,,TENSCARE
25318969,False,False,False,False,False,False,True,True,False,False,TENS (prescription),Injury,GZJ,2026-05-28,2026,,Distributor,Clinic / outpatient / rehab,Health professional,Patient / family,False,False,False,False,"SHENZHEN DONGDIXIN TECHNOLOGY CO., LTD",ROSCOE,1.3,17.0,SHENZHEN DONGDIXIN TECHNOLOGY
25318307,False,False,True,False,False,False,False,True,True,True,Powered exercise equipment (incl. CPM),Injury,BXB,2026-05-28,2026,,Manufacturer,Not reported,Health professional,Clinician,False,False,False,False,HOCOMA AG,HOCOMA,,73.0,HOCOMA
25209516,False,False,False,False,False,False,False,False,False,False,TENS (prescription),Injury,GZJ,2026-05-18,2026,,Voluntary (patient or clinician),Not reported,Not reported,Patient / family,False,False,False,False,"REBUILDER MEDICAL, INC.",REBUILDER NANO PRP,,,REBUILDER MEDICAL
25103196,False,False,False,False,True,False,False,True,True,False,Powered exercise equipment (incl. CPM),Injury,BXB,2026-05-06,2026,,Voluntary (patient or clinician),Not reported,Patient / lay user,Patient / family,True,False,False,False,DJO GLOBAL / GERMANY,OPTIFLEX 3,,10.0,DJO GLOBAL GERMANY
24760721,False,False,False,False,False,False,False,False,False,False,TENS (over-the-counter),Injury,NUH,2026-04-01,2026,,Manufacturer,Not reported,Patient / lay user,Other / not reported,True,False,False,False,HINGE HEALTH,ENSO M3,,52.0,HINGE HEALTH
24673205,False,False,False,False,False,False,False,False,False,False,TENS (prescription),Injury,GZJ,2026-03-23,2026,,Voluntary (patient or clinician),Not reported,Not reported,Other / not reported,False,False,False,False,UNKNOWN,TENS UNIT,,,Not reported
24545375,False,False,False,False,False,False,False,False,False,False,Powered muscle stimulator,Malfunction,IPF,2026-03-09,2026,,Voluntary (patient or clinician),Not reported,Not reported,Other / not reported,False,False,False,False,UNKNOWN,"STIMULATOR, MUSCLE, POWERED",,,Not reported
24468313,False,False,False,False,False,False,True,True,False,False,TENS (over-the-counter),Injury,NUH,2026-02-27,2026,,Manufacturer,Not reported,Not reported,Other / not reported,False,False,False,False,"SHENZHEN DONGDIXIN TECHNOLOGY CO., LTD.",COMPASS HEALTH BRANDS,,,SHENZHEN DONGDIXIN TECHNOLOGY
24467905,False,False,False,False,False,False,True,True,False,False,TENS (prescription),Injury,GZJ,2026-02-27,2026,,Manufacturer,Not reported,Health professional,Patient / family,False,False,False,False,"SHENZHEN DONGDIXIN TECHNOLOGY CO., LTD.",ROSCOE,,65.0,SHENZHEN DONGDIXIN TECHNOLOGY
24413972,False,False,False,False,False,False,False,False,False,False,TENS (over-the-counter),Injury,NUH,2026-02-23,2026,,Voluntary (patient or clinician),Not reported,Patient / lay user,Patient / family,True,False,False,False,HINGE HEALTH INC.,ENSO,,52.0,HINGE HEALTH
24307725,False,False,False,False,False,False,True,True,False,False,TENS (prescription),Injury,GZJ,2026-02-10,2026,,Voluntary (patient or clinician),Not reported,Not reported,Patient / family,False,False,False,False,UNK,TRANSCUTANEOUS ELECTRICAL NERVE STIMULATION (TENS) UNIT,,31.0,Not reported
24176487,False,False,False,True,True,False,True,True,True,True,Powered muscle stimulator,Injury,IPF,2026-01-26,2026,,Voluntary (patient or clinician),Not reported,Patient / lay user,Patient / family,True,False,False,False,UAB PULSETTO/ PULSETTO,PULSETTO,,39.0,UAB PULSETTO PULSETTO
24009149,False,False,False,False,False,False,True,True,False,False,Powered muscle stimulator,Injury,IPF,2026-01-08,2026,,Voluntary (patient or clinician),Not reported,Patient / lay user,Patient / family,True,False,False,False,UAB PULSETTO,PULSETTO FIT,,58.0,UAB PULSETTO
23992925,False,False,False,False,False,False,True,True,False,False,TENS (over-the-counter),Injury,NUH,2026-01-07,2026,,Manufacturer,Not reported,Patient / lay user,Other / not reported,True,False,False,False,HINGE HEALTH,ENSO 3,,47.0,HINGE HEALTH
